ISO-10303-21;
HEADER;
/* Generated by software containing ST-Developer
 * from STEP Tools, Inc. (www.steptools.com) 
 */

FILE_DESCRIPTION(
/* description */ ('STEP AP242'),
/* implementation_level */ '2;1');

FILE_NAME(
/* name */ 'Distal_Shell.step',
/* time_stamp */ '2026-05-22T21:54:01+02:00',
/* author */ ('milamigh'),
/* organization */ (''),
/* preprocessor_version */ 'ST-DEVELOPER v19.2',
/* originating_system */ 'Autodesk Inventor 2024',
/* authorisation */ '  ');

FILE_SCHEMA (('AUTOMOTIVE_DESIGN { 1 0 10303 214 3 1 1 }'));
ENDSEC;

DATA;
#10=MECHANICAL_DESIGN_GEOMETRIC_PRESENTATION_REPRESENTATION('',(#13),#2921);
#11=SHAPE_REPRESENTATION_RELATIONSHIP('SRR','None',#2928,#12);
#12=ADVANCED_BREP_SHAPE_REPRESENTATION('',(#14),#2920);
#13=STYLED_ITEM('',(#2938),#14);
#14=MANIFOLD_SOLID_BREP('Solide1',#1348);
#15=TOROIDAL_SURFACE('',#1453,0.0045,0.0005);
#16=TOROIDAL_SURFACE('',#1455,0.0923261461120879,0.0005);
#17=TOROIDAL_SURFACE('',#1457,0.0095,0.0005);
#18=TOROIDAL_SURFACE('',#1459,0.0095,0.0005);
#19=TOROIDAL_SURFACE('',#1461,0.0923261461120307,0.0005);
#20=TOROIDAL_SURFACE('',#1463,0.0045,0.0005);
#21=(
BOUNDED_SURFACE()
B_SPLINE_SURFACE(3,2,((#2442,#2443,#2444),(#2445,#2446,#2447),(#2448,#2449,
#2450),(#2451,#2452,#2453)),.UNSPECIFIED.,.F.,.F.,.F.)
B_SPLINE_SURFACE_WITH_KNOTS((4,4),(3,3),(-1.38777878078145E-16,0.02049762314885),
(0.,1.),.UNSPECIFIED.)
GEOMETRIC_REPRESENTATION_ITEM()
RATIONAL_B_SPLINE_SURFACE(((1.,0.753816076478137,1.),(1.,0.737313491045139,
1.),(1.,0.723132813516021,1.),(1.,0.713474731783562,1.)))
REPRESENTATION_ITEM('')
SURFACE()
);
#22=(
BOUNDED_SURFACE()
B_SPLINE_SURFACE(3,2,((#2455,#2456,#2457),(#2458,#2459,#2460),(#2461,#2462,
#2463),(#2464,#2465,#2466)),.UNSPECIFIED.,.F.,.F.,.F.)
B_SPLINE_SURFACE_WITH_KNOTS((4,4),(3,3),(1.38777878078145E-17,0.0204976231488515),
(0.,1.),.UNSPECIFIED.)
GEOMETRIC_REPRESENTATION_ITEM()
RATIONAL_B_SPLINE_SURFACE(((1.,0.713474731783566,1.),(1.,0.723132813513718,
1.),(1.,0.737313491049751,1.),(1.,0.753816076478169,1.)))
REPRESENTATION_ITEM('')
SURFACE()
);
#23=(
BOUNDED_SURFACE()
B_SPLINE_SURFACE(3,2,((#2468,#2469,#2470),(#2471,#2472,#2473),(#2474,#2475,
#2476),(#2477,#2478,#2479),(#2480,#2481,#2482)),.UNSPECIFIED.,.F.,.F.,.F.)
B_SPLINE_SURFACE_WITH_KNOTS((4,1,4),(3,3),(0.0178801788245086,0.0198729099559458,
0.0218623044361284),(0.,1.00000333665125),.UNSPECIFIED.)
GEOMETRIC_REPRESENTATION_ITEM()
RATIONAL_B_SPLINE_SURFACE(((1.,0.753716329202175,1.00000164352544),(1.,
0.77341199380277,1.00000151209031),(1.,0.810377080604039,1.0000012654111),
(1.,0.840186366950587,1.00000106648472),(1.,0.852138820149029,1.00000098672238)))
REPRESENTATION_ITEM('')
SURFACE()
);
#24=(
BOUNDED_SURFACE()
B_SPLINE_SURFACE(3,2,((#2501,#2502,#2503),(#2504,#2505,#2506),(#2507,#2508,
#2509),(#2510,#2511,#2512),(#2513,#2514,#2515)),.UNSPECIFIED.,.F.,.F.,.F.)
B_SPLINE_SURFACE_WITH_KNOTS((4,1,4),(3,3),(0.0178835154757634,0.0198729099559452,
0.021862304436127),(0.,1.),.UNSPECIFIED.)
GEOMETRIC_REPRESENTATION_ITEM()
RATIONAL_B_SPLINE_SURFACE(((1.,0.753816076478166,1.),(1.,0.773474691230091,
1.),(1.,0.810402690636643,1.),(1.,0.840186900191237,1.),(1.,0.852139313508565,
1.)))
REPRESENTATION_ITEM('')
SURFACE()
);
#25=(
BOUNDED_SURFACE()
B_SPLINE_SURFACE(3,2,((#2775,#2776,#2777),(#2778,#2779,#2780),(#2781,#2782,
#2783),(#2784,#2785,#2786)),.UNSPECIFIED.,.F.,.F.,.F.)
B_SPLINE_SURFACE_WITH_KNOTS((4,4),(3,3),(-1.18210562866095E-15,0.000322769196740527),
(0.,1.),.UNSPECIFIED.)
GEOMETRIC_REPRESENTATION_ITEM()
RATIONAL_B_SPLINE_SURFACE(((1.,0.957217779486587,1.),(1.,0.95829430931667,
1.),(1.,0.959164004836027,1.),(1.,0.959790078340237,1.)))
REPRESENTATION_ITEM('')
SURFACE()
);
#26=(
BOUNDED_SURFACE()
B_SPLINE_SURFACE(3,2,((#2788,#2789,#2790),(#2791,#2792,#2793),(#2794,#2795,
#2796),(#2797,#2798,#2799),(#2800,#2801,#2802)),.UNSPECIFIED.,.F.,.F.,.F.)
B_SPLINE_SURFACE_WITH_KNOTS((4,1,4),(3,3),(-1.2857375658886E-5,0.00156835951069294,
0.00325680372768952),(-0.000107227330644764,1.),.UNSPECIFIED.)
GEOMETRIC_REPRESENTATION_ITEM()
RATIONAL_B_SPLINE_SURFACE(((1.,1.,1.),(1.00000000000024,0.999999998860993,
1.),(1.00000281475745,0.986874813399899,1.),(1.00000729000796,0.966006763778233,
1.),(1.00000894754994,0.958277661630441,1.)))
REPRESENTATION_ITEM('')
SURFACE()
);
#27=(
BOUNDED_SURFACE()
B_SPLINE_SURFACE(3,2,((#2805,#2806,#2807),(#2808,#2809,#2810),(#2811,#2812,
#2813),(#2814,#2815,#2816)),.UNSPECIFIED.,.F.,.F.,.F.)
B_SPLINE_SURFACE_WITH_KNOTS((4,4),(3,3),(-1.52872506320456E-17,0.000322769196738578),
(0.,1.),.UNSPECIFIED.)
GEOMETRIC_REPRESENTATION_ITEM()
RATIONAL_B_SPLINE_SURFACE(((1.,0.95979007834024,1.),(1.,0.959164004835556,
1.),(1.,0.958294309424002,1.),(1.,0.957217779486608,1.)))
REPRESENTATION_ITEM('')
SURFACE()
);
#28=(
BOUNDED_SURFACE()
B_SPLINE_SURFACE(3,2,((#2818,#2819,#2820),(#2821,#2822,#2823),(#2824,#2825,
#2826),(#2827,#2828,#2829),(#2830,#2831,#2832)),.UNSPECIFIED.,.F.,.F.,.F.)
B_SPLINE_SURFACE_WITH_KNOTS((4,1,4),(3,3),(-1.28573756588525E-5,0.00156835951069338,
0.00346581977431605),(-0.000928240761773599,1.00010722735338),
 .UNSPECIFIED.)
GEOMETRIC_REPRESENTATION_ITEM()
RATIONAL_B_SPLINE_SURFACE(((1.,1.,1.),(1.00000000000212,0.999999998859936,
1.00000000000024),(1.00002594560943,0.986022810480718,1.00000299469398),
(1.00006817560379,0.963273040969805,1.00000786896415),(1.00008257526724,
0.955515781475245,1.00000953100203)))
REPRESENTATION_ITEM('')
SURFACE()
);
#29=(
BOUNDED_SURFACE()
B_SPLINE_SURFACE(3,2,((#2833,#2834,#2835),(#2836,#2837,#2838),(#2839,#2840,
#2841),(#2842,#2843,#2844),(#2845,#2846,#2847)),.UNSPECIFIED.,.F.,.F.,.F.)
B_SPLINE_SURFACE_WITH_KNOTS((4,1,4),(3,3),(0.0234101526066574,0.0330023425459695,
0.0425945221779668),(-0.000163729908388872,1.0000853056045),
 .UNSPECIFIED.)
GEOMETRIC_REPRESENTATION_ITEM()
RATIONAL_B_SPLINE_SURFACE(((1.00008416570188,0.74295202480047,1.00004384808596),
(1.00008651807779,0.735767703282276,1.00004507361107),(1.00009090043715,
0.72238366944361,1.00004735670342),(1.0000940648467,0.712719340049016,1.0000490052764),
(1.00009528371017,0.708996845255453,1.00004964027176)))
REPRESENTATION_ITEM('')
SURFACE()
);
#30=(
BOUNDED_SURFACE()
B_SPLINE_SURFACE(3,2,((#2849,#2850,#2851),(#2852,#2853,#2854),(#2855,#2856,
#2857),(#2858,#2859,#2860),(#2861,#2862,#2863)),.UNSPECIFIED.,.F.,.F.,.F.)
B_SPLINE_SURFACE_WITH_KNOTS((4,1,4),(3,3),(0.0101343671503729,0.0197705894675771,
0.0294068221402406),(-0.00016372988157055,1.00008837475309),
 .UNSPECIFIED.)
GEOMETRIC_REPRESENTATION_ITEM()
RATIONAL_B_SPLINE_SURFACE(((1.00009528340434,0.708996838406073,1.00005142624435),
(1.00009406458014,0.712719225312064,1.00005076842202),(1.00009090037393,
0.7223829649403,1.00004906064045),(1.00008651841142,0.73576583002249,1.00004669561292),
(1.00008416624819,0.742949525255474,1.00004542610621)))
REPRESENTATION_ITEM('')
SURFACE()
);
#31=(
BOUNDED_SURFACE()
B_SPLINE_SURFACE(3,2,((#2865,#2866,#2867),(#2868,#2869,#2870),(#2871,#2872,
#2873),(#2874,#2875,#2876)),.UNSPECIFIED.,.F.,.F.,.F.)
B_SPLINE_SURFACE_WITH_KNOTS((4,4),(3,3),(0.010353113128423,0.0108031775264489),
(0.,1.),.UNSPECIFIED.)
GEOMETRIC_REPRESENTATION_ITEM()
RATIONAL_B_SPLINE_SURFACE(((1.,0.373851376521817,1.),(1.,0.373506704698955,
1.),(1.,0.373284746277938,1.),(1.,0.373179450800553,1.)))
REPRESENTATION_ITEM('')
SURFACE()
);
#32=(
BOUNDED_SURFACE()
B_SPLINE_SURFACE(3,2,((#2878,#2879,#2880),(#2881,#2882,#2883),(#2884,#2885,
#2886),(#2887,#2888,#2889)),.UNSPECIFIED.,.F.,.F.,.F.)
B_SPLINE_SURFACE_WITH_KNOTS((4,4),(3,3),(5.0415401020576E-18,0.00012224610510948),
(0.,1.),.UNSPECIFIED.)
GEOMETRIC_REPRESENTATION_ITEM()
RATIONAL_B_SPLINE_SURFACE(((1.,0.373840800935961,1.),(1.,0.373840800934792,
1.),(1.,0.373844328608261,1.),(1.,0.373851376521866,1.)))
REPRESENTATION_ITEM('')
SURFACE()
);
#33=(
BOUNDED_SURFACE()
B_SPLINE_SURFACE(3,2,((#2893,#2894,#2895),(#2896,#2897,#2898),(#2899,#2900,
#2901),(#2902,#2903,#2904)),.UNSPECIFIED.,.F.,.F.,.F.)
B_SPLINE_SURFACE_WITH_KNOTS((4,4),(3,3),(-2.65629532258949E-18,0.00012224610510959),
(0.,1.),.UNSPECIFIED.)
GEOMETRIC_REPRESENTATION_ITEM()
RATIONAL_B_SPLINE_SURFACE(((1.,0.373851376521867,1.),(1.,0.373844328605806,
1.),(1.,0.373840800934792,1.),(1.,0.373840800935961,1.)))
REPRESENTATION_ITEM('')
SURFACE()
);
#34=(
BOUNDED_SURFACE()
B_SPLINE_SURFACE(3,2,((#2906,#2907,#2908),(#2909,#2910,#2911),(#2912,#2913,
#2914),(#2915,#2916,#2917)),.UNSPECIFIED.,.F.,.F.,.F.)
B_SPLINE_SURFACE_WITH_KNOTS((4,4),(3,3),(0.010353113128423,0.0108031775264466),
(0.,1.),.UNSPECIFIED.)
GEOMETRIC_REPRESENTATION_ITEM()
RATIONAL_B_SPLINE_SURFACE(((1.,0.373851376521752,1.),(1.,0.373506704711712,
1.),(1.,0.373284746273833,1.),(1.,0.373179450800581,1.)))
REPRESENTATION_ITEM('')
SURFACE()
);
#35=SPHERICAL_SURFACE('',#1444,0.005);
#36=SPHERICAL_SURFACE('',#1447,0.005);
#37=FACE_BOUND('',#144,.T.);
#38=FACE_BOUND('',#155,.T.);
#39=FACE_BOUND('',#162,.T.);
#40=FACE_BOUND('',#164,.T.);
#41=FACE_BOUND('',#167,.T.);
#42=FACE_BOUND('',#171,.T.);
#43=FACE_BOUND('',#195,.T.);
#44=PLANE('',#1375);
#45=PLANE('',#1376);
#46=PLANE('',#1379);
#47=PLANE('',#1380);
#48=PLANE('',#1398);
#49=PLANE('',#1414);
#50=PLANE('',#1420);
#51=PLANE('',#1425);
#52=PLANE('',#1428);
#53=PLANE('',#1433);
#54=PLANE('',#1438);
#55=PLANE('',#1467);
#56=PLANE('',#1468);
#57=PLANE('',#1469);
#58=PLANE('',#1470);
#59=PLANE('',#1471);
#60=FACE_OUTER_BOUND('',#137,.T.);
#61=FACE_OUTER_BOUND('',#138,.T.);
#62=FACE_OUTER_BOUND('',#139,.T.);
#63=FACE_OUTER_BOUND('',#140,.T.);
#64=FACE_OUTER_BOUND('',#141,.T.);
#65=FACE_OUTER_BOUND('',#142,.T.);
#66=FACE_OUTER_BOUND('',#143,.T.);
#67=FACE_OUTER_BOUND('',#145,.T.);
#68=FACE_OUTER_BOUND('',#146,.T.);
#69=FACE_OUTER_BOUND('',#147,.T.);
#70=FACE_OUTER_BOUND('',#148,.T.);
#71=FACE_OUTER_BOUND('',#149,.T.);
#72=FACE_OUTER_BOUND('',#150,.T.);
#73=FACE_OUTER_BOUND('',#151,.T.);
#74=FACE_OUTER_BOUND('',#152,.T.);
#75=FACE_OUTER_BOUND('',#153,.T.);
#76=FACE_OUTER_BOUND('',#154,.T.);
#77=FACE_OUTER_BOUND('',#156,.T.);
#78=FACE_OUTER_BOUND('',#157,.T.);
#79=FACE_OUTER_BOUND('',#158,.T.);
#80=FACE_OUTER_BOUND('',#159,.T.);
#81=FACE_OUTER_BOUND('',#160,.T.);
#82=FACE_OUTER_BOUND('',#161,.T.);
#83=FACE_OUTER_BOUND('',#163,.T.);
#84=FACE_OUTER_BOUND('',#165,.T.);
#85=FACE_OUTER_BOUND('',#166,.T.);
#86=FACE_OUTER_BOUND('',#168,.T.);
#87=FACE_OUTER_BOUND('',#169,.T.);
#88=FACE_OUTER_BOUND('',#170,.T.);
#89=FACE_OUTER_BOUND('',#172,.T.);
#90=FACE_OUTER_BOUND('',#173,.T.);
#91=FACE_OUTER_BOUND('',#174,.T.);
#92=FACE_OUTER_BOUND('',#175,.T.);
#93=FACE_OUTER_BOUND('',#176,.T.);
#94=FACE_OUTER_BOUND('',#177,.T.);
#95=FACE_OUTER_BOUND('',#178,.T.);
#96=FACE_OUTER_BOUND('',#179,.T.);
#97=FACE_OUTER_BOUND('',#180,.T.);
#98=FACE_OUTER_BOUND('',#181,.T.);
#99=FACE_OUTER_BOUND('',#182,.T.);
#100=FACE_OUTER_BOUND('',#183,.T.);
#101=FACE_OUTER_BOUND('',#184,.T.);
#102=FACE_OUTER_BOUND('',#185,.T.);
#103=FACE_OUTER_BOUND('',#186,.T.);
#104=FACE_OUTER_BOUND('',#187,.T.);
#105=FACE_OUTER_BOUND('',#188,.T.);
#106=FACE_OUTER_BOUND('',#189,.T.);
#107=FACE_OUTER_BOUND('',#190,.T.);
#108=FACE_OUTER_BOUND('',#191,.T.);
#109=FACE_OUTER_BOUND('',#192,.T.);
#110=FACE_OUTER_BOUND('',#193,.T.);
#111=FACE_OUTER_BOUND('',#194,.T.);
#112=FACE_OUTER_BOUND('',#196,.T.);
#113=FACE_OUTER_BOUND('',#197,.T.);
#114=FACE_OUTER_BOUND('',#198,.T.);
#115=FACE_OUTER_BOUND('',#199,.T.);
#116=FACE_OUTER_BOUND('',#200,.T.);
#117=FACE_OUTER_BOUND('',#201,.T.);
#118=FACE_OUTER_BOUND('',#202,.T.);
#119=FACE_OUTER_BOUND('',#203,.T.);
#120=FACE_OUTER_BOUND('',#204,.T.);
#121=FACE_OUTER_BOUND('',#205,.T.);
#122=FACE_OUTER_BOUND('',#206,.T.);
#123=FACE_OUTER_BOUND('',#207,.T.);
#124=FACE_OUTER_BOUND('',#208,.T.);
#125=FACE_OUTER_BOUND('',#209,.T.);
#126=FACE_OUTER_BOUND('',#210,.T.);
#127=FACE_OUTER_BOUND('',#211,.T.);
#128=FACE_OUTER_BOUND('',#212,.T.);
#129=FACE_OUTER_BOUND('',#213,.T.);
#130=FACE_OUTER_BOUND('',#214,.T.);
#131=FACE_OUTER_BOUND('',#215,.T.);
#132=FACE_OUTER_BOUND('',#216,.T.);
#133=FACE_OUTER_BOUND('',#217,.T.);
#134=FACE_OUTER_BOUND('',#218,.T.);
#135=FACE_OUTER_BOUND('',#219,.T.);
#136=FACE_OUTER_BOUND('',#220,.T.);
#137=EDGE_LOOP('',(#826,#827,#828,#829));
#138=EDGE_LOOP('',(#830,#831,#832,#833));
#139=EDGE_LOOP('',(#834,#835,#836,#837));
#140=EDGE_LOOP('',(#838,#839,#840,#841));
#141=EDGE_LOOP('',(#842,#843,#844,#845));
#142=EDGE_LOOP('',(#846,#847,#848,#849));
#143=EDGE_LOOP('',(#850,#851,#852,#853,#854,#855,#856,#857,#858,#859));
#144=EDGE_LOOP('',(#860,#861,#862,#863));
#145=EDGE_LOOP('',(#864,#865,#866,#867,#868,#869));
#146=EDGE_LOOP('',(#870,#871,#872,#873,#874,#875,#876,#877,#878,#879));
#147=EDGE_LOOP('',(#880,#881,#882,#883,#884,#885,#886,#887));
#148=EDGE_LOOP('',(#888,#889,#890,#891,#892,#893));
#149=EDGE_LOOP('',(#894,#895,#896,#897,#898,#899,#900,#901));
#150=EDGE_LOOP('',(#902,#903,#904,#905,#906,#907));
#151=EDGE_LOOP('',(#908,#909,#910,#911,#912,#913,#914,#915,#916,#917,#918,
#919,#920,#921,#922,#923,#924,#925));
#152=EDGE_LOOP('',(#926,#927,#928,#929,#930,#931));
#153=EDGE_LOOP('',(#932,#933,#934,#935,#936,#937));
#154=EDGE_LOOP('',(#938,#939,#940,#941,#942,#943));
#155=EDGE_LOOP('',(#944,#945,#946,#947));
#156=EDGE_LOOP('',(#948,#949,#950,#951));
#157=EDGE_LOOP('',(#952,#953,#954,#955));
#158=EDGE_LOOP('',(#956,#957,#958,#959));
#159=EDGE_LOOP('',(#960,#961,#962,#963,#964,#965));
#160=EDGE_LOOP('',(#966,#967,#968,#969,#970,#971));
#161=EDGE_LOOP('',(#972,#973,#974,#975,#976,#977,#978));
#162=EDGE_LOOP('',(#979));
#163=EDGE_LOOP('',(#980,#981,#982,#983,#984,#985,#986));
#164=EDGE_LOOP('',(#987));
#165=EDGE_LOOP('',(#988,#989,#990,#991));
#166=EDGE_LOOP('',(#992,#993));
#167=EDGE_LOOP('',(#994));
#168=EDGE_LOOP('',(#995,#996,#997,#998));
#169=EDGE_LOOP('',(#999,#1000,#1001,#1002));
#170=EDGE_LOOP('',(#1003,#1004));
#171=EDGE_LOOP('',(#1005));
#172=EDGE_LOOP('',(#1006,#1007,#1008,#1009));
#173=EDGE_LOOP('',(#1010,#1011,#1012,#1013));
#174=EDGE_LOOP('',(#1014,#1015,#1016,#1017,#1018,#1019));
#175=EDGE_LOOP('',(#1020,#1021,#1022,#1023,#1024,#1025));
#176=EDGE_LOOP('',(#1026,#1027,#1028,#1029));
#177=EDGE_LOOP('',(#1030,#1031,#1032,#1033));
#178=EDGE_LOOP('',(#1034,#1035,#1036,#1037,#1038));
#179=EDGE_LOOP('',(#1039,#1040,#1041,#1042,#1043));
#180=EDGE_LOOP('',(#1044,#1045,#1046,#1047));
#181=EDGE_LOOP('',(#1048,#1049,#1050,#1051));
#182=EDGE_LOOP('',(#1052,#1053,#1054,#1055));
#183=EDGE_LOOP('',(#1056,#1057,#1058,#1059,#1060));
#184=EDGE_LOOP('',(#1061,#1062,#1063,#1064,#1065,#1066));
#185=EDGE_LOOP('',(#1067,#1068,#1069,#1070,#1071));
#186=EDGE_LOOP('',(#1072,#1073,#1074,#1075));
#187=EDGE_LOOP('',(#1076,#1077,#1078,#1079));
#188=EDGE_LOOP('',(#1080,#1081,#1082,#1083,#1084));
#189=EDGE_LOOP('',(#1085,#1086));
#190=EDGE_LOOP('',(#1087,#1088,#1089,#1090));
#191=EDGE_LOOP('',(#1091,#1092,#1093,#1094,#1095));
#192=EDGE_LOOP('',(#1096,#1097,#1098,#1099));
#193=EDGE_LOOP('',(#1100,#1101,#1102,#1103,#1104));
#194=EDGE_LOOP('',(#1105,#1106,#1107,#1108,#1109,#1110,#1111,#1112,#1113,
#1114,#1115,#1116,#1117,#1118,#1119,#1120,#1121,#1122));
#195=EDGE_LOOP('',(#1123));
#196=EDGE_LOOP('',(#1124,#1125,#1126,#1127));
#197=EDGE_LOOP('',(#1128,#1129,#1130,#1131));
#198=EDGE_LOOP('',(#1132,#1133,#1134,#1135));
#199=EDGE_LOOP('',(#1136,#1137,#1138,#1139));
#200=EDGE_LOOP('',(#1140,#1141,#1142,#1143));
#201=EDGE_LOOP('',(#1144,#1145,#1146,#1147));
#202=EDGE_LOOP('',(#1148,#1149,#1150,#1151));
#203=EDGE_LOOP('',(#1152,#1153,#1154,#1155));
#204=EDGE_LOOP('',(#1156,#1157,#1158,#1159));
#205=EDGE_LOOP('',(#1160,#1161,#1162,#1163));
#206=EDGE_LOOP('',(#1164,#1165,#1166,#1167));
#207=EDGE_LOOP('',(#1168,#1169,#1170,#1171));
#208=EDGE_LOOP('',(#1172,#1173,#1174,#1175,#1176));
#209=EDGE_LOOP('',(#1177,#1178,#1179,#1180));
#210=EDGE_LOOP('',(#1181,#1182,#1183));
#211=EDGE_LOOP('',(#1184,#1185,#1186,#1187,#1188));
#212=EDGE_LOOP('',(#1189,#1190,#1191,#1192));
#213=EDGE_LOOP('',(#1193,#1194,#1195));
#214=EDGE_LOOP('',(#1196,#1197,#1198,#1199,#1200,#1201,#1202,#1203));
#215=EDGE_LOOP('',(#1204,#1205,#1206,#1207,#1208,#1209,#1210,#1211));
#216=EDGE_LOOP('',(#1212,#1213,#1214,#1215));
#217=EDGE_LOOP('',(#1216,#1217,#1218,#1219));
#218=EDGE_LOOP('',(#1220,#1221,#1222,#1223));
#219=EDGE_LOOP('',(#1224,#1225,#1226,#1227));
#220=EDGE_LOOP('',(#1228,#1229,#1230,#1231));
#221=B_SPLINE_CURVE_WITH_KNOTS('',3,(#1853,#1854,#1855,#1856,#1857,#1858,
#1859,#1860,#1861,#1862,#1863,#1864,#1865,#1866),.UNSPECIFIED.,.F.,.F.,
(4,2,2,2,2,2,4),(-1.3781272861412,-1.29172052531686,-1.17016121426959,-1.04860190322231,
-0.927042592175034,-0.805483281127757,-0.719076520303417),.UNSPECIFIED.);
#222=B_SPLINE_CURVE_WITH_KNOTS('',3,(#1875,#1876,#1877,#1878,#1879,#1880,
#1881,#1882,#1883,#1884,#1885,#1886,#1887,#1888,#1889),.UNSPECIFIED.,.F.,
 .F.,(4,2,2,3,2,2,4),(-0.332858335495437,-0.243707128034148,-0.121853564017074,
0.,0.121853564017074,0.243707128034148,0.332858335495438),.UNSPECIFIED.);
#223=B_SPLINE_CURVE_WITH_KNOTS('',3,(#1918,#1919,#1920,#1921),
 .UNSPECIFIED.,.F.,.F.,(4,4),(0.,0.0196486273655521),.UNSPECIFIED.);
#224=B_SPLINE_CURVE_WITH_KNOTS('',3,(#1923,#1924,#1925,#1926),
 .UNSPECIFIED.,.F.,.F.,(4,4),(8.67361737988404E-18,0.000122246021416189),
 .UNSPECIFIED.);
#225=B_SPLINE_CURVE_WITH_KNOTS('',3,(#1930,#1931,#1932,#1933),
 .UNSPECIFIED.,.F.,.F.,(4,4),(1.73472347597681E-18,0.000122246021416069),
 .UNSPECIFIED.);
#226=B_SPLINE_CURVE_WITH_KNOTS('',3,(#1935,#1936,#1937,#1938),
 .UNSPECIFIED.,.F.,.F.,(4,4),(0.000463075052905398,0.0200528051292043),
 .UNSPECIFIED.);
#227=B_SPLINE_CURVE_WITH_KNOTS('',3,(#1941,#1942,#1943,#1944,#1945,#1946,
#1947,#1948),.UNSPECIFIED.,.F.,.F.,(4,2,2,4),(-0.9598341444863,-0.901731947301846,
-0.843629750117391,-0.807323024220121),.UNSPECIFIED.);
#228=B_SPLINE_CURVE_WITH_KNOTS('',3,(#1950,#1951,#1952,#1953,#1954,#1955,
#1956,#1957),.UNSPECIFIED.,.F.,.F.,(4,2,2,4),(-0.152357084307367,-0.112451695631375,
-0.0562258478156876,0.),.UNSPECIFIED.);
#229=B_SPLINE_CURVE_WITH_KNOTS('',3,(#1964,#1965,#1966,#1967),
 .UNSPECIFIED.,.F.,.F.,(4,4),(0.,0.00986510353561053),.UNSPECIFIED.);
#230=B_SPLINE_CURVE_WITH_KNOTS('',3,(#1978,#1979,#1980,#1981,#1982,#1983,
#1984,#1985),.UNSPECIFIED.,.F.,.F.,(4,2,2,4),(-2.1260634552368,-1.98562095444414,
-1.63165086674676,-1.57554329909291),.UNSPECIFIED.);
#231=B_SPLINE_CURVE_WITH_KNOTS('',3,(#1987,#1988,#1989,#1990,#1991,#1992,
#1993,#1994,#1995,#1996,#1997,#1998),.UNSPECIFIED.,.F.,.F.,(4,2,2,2,2,4),
(-0.29967123900011,-0.243571391129548,-0.180124544048954,-0.116677696968361,
-0.0583388484841805,0.),.UNSPECIFIED.);
#232=B_SPLINE_CURVE_WITH_KNOTS('',3,(#2001,#2002,#2003,#2004,#2005,#2006,
#2007,#2008),.UNSPECIFIED.,.F.,.F.,(4,2,2,4),(-0.488309835469702,-0.43221783491034,
-0.376125834350977,-0.335005332300048),.UNSPECIFIED.);
#233=B_SPLINE_CURVE_WITH_KNOTS('',3,(#2010,#2011,#2012,#2013,#2014,#2015,
#2016,#2017),.UNSPECIFIED.,.F.,.F.,(4,2,2,4),(-0.641797553520739,-0.604987532438064,
-0.546648683953883,-0.488309835469702),.UNSPECIFIED.);
#234=B_SPLINE_CURVE_WITH_KNOTS('',3,(#2021,#2022,#2023,#2024,#2025,#2026,
#2027,#2028,#2029,#2030,#2031,#2032),.UNSPECIFIED.,.F.,.F.,(4,2,2,2,2,4),
(-0.976678262428283,-0.920586261868921,-0.864494261309559,-0.798812940807859,
-0.733131620306158,-0.676915677652609),.UNSPECIFIED.);
#235=B_SPLINE_CURVE_WITH_KNOTS('',3,(#2034,#2035,#2036,#2037,#2038,#2039,
#2040,#2041),.UNSPECIFIED.,.F.,.F.,(4,2,2,4),(3.04871293154794,3.18915543234061,
3.54312552003798,3.59923308769183),.UNSPECIFIED.);
#236=B_SPLINE_CURVE_WITH_KNOTS('',3,(#2052,#2053,#2054,#2055,#2056,#2057,
#2058,#2059,#2060,#2061,#2062,#2063,#2064,#2065,#2066,#2067,#2068,#2069),
 .UNSPECIFIED.,.F.,.F.,(4,2,2,2,2,2,2,2,4),(-0.794089114405739,-0.741824596138041,
-0.635051762208923,-0.528278928279805,-0.401576693287709,-0.274874458295612,
-0.137437229147806,-0.0687186145739031,-0.0430636176850024),
 .UNSPECIFIED.);
#237=B_SPLINE_CURVE_WITH_KNOTS('',3,(#2073,#2074,#2075,#2076,#2077,#2078,
#2079,#2080,#2081,#2082,#2083,#2084,#2085,#2086,#2087,#2088,#2089,#2090),
 .UNSPECIFIED.,.F.,.F.,(4,2,2,2,2,2,2,2,4),(-1.85318413730737,-1.83294716561313,
-1.77001140589894,-1.64413988647054,-1.50715577054538,-1.37017165462022,
-1.26424449185909,-1.15831732909796,-1.10444004907355),.UNSPECIFIED.);
#238=B_SPLINE_CURVE_WITH_KNOTS('',3,(#2099,#2100,#2101,#2102),
 .UNSPECIFIED.,.F.,.F.,(4,4),(0.,0.0214704505815757),.UNSPECIFIED.);
#239=B_SPLINE_CURVE_WITH_KNOTS('',3,(#2103,#2104,#2105,#2106,#2107,#2108,
#2109,#2110,#2111,#2112),.UNSPECIFIED.,.F.,.F.,(4,2,2,2,4),(0.673984684388437,
0.725356015751684,0.828979580760026,0.932575961867783,0.983972393346318),
 .UNSPECIFIED.);
#240=B_SPLINE_CURVE_WITH_KNOTS('',3,(#2126,#2127,#2128,#2129,#2130,#2131,
#2132,#2133,#2134,#2135,#2136,#2137,#2138,#2139,#2140,#2141,#2142,#2143),
 .UNSPECIFIED.,.F.,.F.,(4,2,2,2,2,2,2,2,4),(-1.74067313041132,-1.68679585038695,
-1.58086868762582,-1.47494152486468,-1.33795740893952,-1.20097329301436,
-1.07510177358597,-1.01216601387177,-0.991929042178128),.UNSPECIFIED.);
#241=B_SPLINE_CURVE_WITH_KNOTS('',3,(#2146,#2147,#2148,#2149,#2150,#2151,
#2152,#2153,#2154,#2155,#2156,#2157,#2158,#2159,#2160,#2161,#2162,#2163),
 .UNSPECIFIED.,.F.,.F.,(4,2,2,2,2,2,2,2,4),(-0.906166636471963,-0.88051163958367,
-0.811793025009767,-0.674355795861961,-0.547653560869864,-0.420951325877768,
-0.31417849194865,-0.207405658019531,-0.155141139751869),.UNSPECIFIED.);
#242=B_SPLINE_CURVE_WITH_KNOTS('',3,(#2169,#2170,#2171,#2172,#2173,#2174,
#2175,#2176,#2177,#2178,#2179),.UNSPECIFIED.,.F.,.F.,(4,2,3,2,4),(-0.154994896371625,
-0.103623565008343,0.,0.103596381107757,0.154992812586326),
 .UNSPECIFIED.);
#243=B_SPLINE_CURVE_WITH_KNOTS('',3,(#2180,#2181,#2182,#2183),
 .UNSPECIFIED.,.F.,.F.,(4,4),(0.,0.0214704505815737),.UNSPECIFIED.);
#244=B_SPLINE_CURVE_WITH_KNOTS('',3,(#2223,#2224,#2225,#2226),
 .UNSPECIFIED.,.F.,.F.,(4,4),(0.,0.0100473545381496),.UNSPECIFIED.);
#245=B_SPLINE_CURVE_WITH_KNOTS('',3,(#2238,#2239,#2240,#2241),
 .UNSPECIFIED.,.F.,.F.,(4,4),(0.,0.000322769196741704),.UNSPECIFIED.);
#246=B_SPLINE_CURVE_WITH_KNOTS('',3,(#2245,#2246,#2247,#2248),
 .UNSPECIFIED.,.F.,.F.,(4,4),(2.0888836804026E-17,0.00032276919673858),
 .UNSPECIFIED.);
#247=B_SPLINE_CURVE_WITH_KNOTS('',3,(#2253,#2254,#2255,#2256,#2257,#2258,
#2259),.UNSPECIFIED.,.F.,.F.,(4,3,4),(3.87895961444886E-18,0.00208384553504591,
0.00321488594767445),.UNSPECIFIED.);
#248=B_SPLINE_CURVE_WITH_KNOTS('',3,(#2263,#2264,#2265,#2266,#2267,#2268,
#2269),.UNSPECIFIED.,.F.,.F.,(4,3,4),(8.48481143264319E-10,0.00114252749171295,
0.00324753542739744),.UNSPECIFIED.);
#249=B_SPLINE_CURVE_WITH_KNOTS('',3,(#2271,#2272,#2273,#2274),
 .UNSPECIFIED.,.F.,.F.,(4,4),(0.,0.0215533170735737),.UNSPECIFIED.);
#250=B_SPLINE_CURVE_WITH_KNOTS('',3,(#2277,#2278,#2279,#2280),
 .UNSPECIFIED.,.F.,.F.,(4,4),(0.,0.0215533170735751),.UNSPECIFIED.);
#251=B_SPLINE_CURVE_WITH_KNOTS('',3,(#2286,#2287,#2288,#2289,#2290,#2291,
#2292,#2293,#2294,#2295,#2296,#2297,#2298),.UNSPECIFIED.,.F.,.F.,(4,3,3,
3,4),(0.000646997647021982,0.00250944765148136,0.00437189765594074,0.00440505002323273,
0.0080967976648595),.UNSPECIFIED.);
#252=B_SPLINE_CURVE_WITH_KNOTS('',3,(#2301,#2302,#2303,#2304,#2305,#2306,
#2307),.UNSPECIFIED.,.F.,.F.,(4,3,4),(9.54728511929973E-17,0.00365277112304746,
0.00730554224609482),.UNSPECIFIED.);
#253=B_SPLINE_CURVE_WITH_KNOTS('',3,(#2326,#2327,#2328,#2329,#2330,#2331),
 .UNSPECIFIED.,.F.,.F.,(4,2,4),(6.2077630373384E-5,0.246905042454771,0.501260936939895),
 .UNSPECIFIED.);
#254=B_SPLINE_CURVE_WITH_KNOTS('',3,(#2333,#2334,#2335,#2336,#2337,#2338,
#2339,#2340,#2341,#2342,#2343,#2344,#2345,#2346,#2347,#2348,#2349,#2350),
 .UNSPECIFIED.,.F.,.F.,(4,2,2,2,2,2,2,2,4),(-0.04791195343979,-0.0438682543100932,
-0.0393369030386732,-0.0318079109961264,-0.02395079389966,-0.0160950248476151,
-0.00852996601086479,-0.00402411035882965,-1.39794037776197E-7),
 .UNSPECIFIED.);
#255=B_SPLINE_CURVE_WITH_KNOTS('',3,(#2352,#2353,#2354,#2355,#2356,#2357,
#2358,#2359,#2360,#2361),.UNSPECIFIED.,.F.,.F.,(4,2,2,2,4),(-0.29729183812641,
-0.278817205358686,-0.260286452696429,-0.241679695549933,-0.222995165757346),
 .UNSPECIFIED.);
#256=B_SPLINE_CURVE_WITH_KNOTS('',3,(#2368,#2369,#2370,#2371,#2372,#2373,
#2374,#2375,#2376,#2377,#2378,#2379,#2380,#2381,#2382,#2383,#2384,#2385),
 .UNSPECIFIED.,.F.,.F.,(4,2,2,2,2,2,2,2,4),(1.39794210191423E-7,0.00402647089272766,
0.00853520478154642,0.0161004871548723,0.0239564434407051,0.0318133432743429,
0.0393420912740782,0.043870590321547,0.0479119526780709),.UNSPECIFIED.);
#257=B_SPLINE_CURVE_WITH_KNOTS('',3,(#2387,#2388,#2389,#2390,#2391,#2392),
 .UNSPECIFIED.,.F.,.F.,(4,2,4),(-0.520248787322946,-0.256044532579153,-6.40394102764521E-5),
 .UNSPECIFIED.);
#258=B_SPLINE_CURVE_WITH_KNOTS('',3,(#2394,#2395,#2396,#2397,#2398,#2399,
#2400,#2401,#2402,#2403),.UNSPECIFIED.,.F.,.F.,(4,2,2,2,4),(0.222995165757334,
0.241679695549921,0.260286452696418,0.278817205358675,0.297291838126402),
 .UNSPECIFIED.);
#259=B_SPLINE_CURVE_WITH_KNOTS('',3,(#2429,#2430,#2431,#2432),
 .UNSPECIFIED.,.F.,.F.,(4,4),(0.,0.000127339692822371),.UNSPECIFIED.);
#260=B_SPLINE_CURVE_WITH_KNOTS('',3,(#2438,#2439,#2440,#2441),
 .UNSPECIFIED.,.F.,.F.,(4,4),(0.,0.000127339692822502),.UNSPECIFIED.);
#261=B_SPLINE_CURVE_WITH_KNOTS('',3,(#2484,#2485,#2486,#2487,#2488,#2489,
#2490,#2491,#2492,#2493,#2494,#2495,#2496),.UNSPECIFIED.,.F.,.F.,(4,3,3,
3,4),(1.93947980722443E-18,0.0025788064342188,0.0026140254869418,0.00386820965132819,
0.00515759479535863),.UNSPECIFIED.);
#262=B_SPLINE_CURVE_WITH_KNOTS('',3,(#2497,#2498,#2499,#2500),
 .UNSPECIFIED.,.F.,.F.,(4,4),(0.,0.000529258789983538),.UNSPECIFIED.);
#263=B_SPLINE_CURVE_WITH_KNOTS('',3,(#2517,#2518,#2519,#2520),
 .UNSPECIFIED.,.F.,.F.,(4,4),(0.,0.000529258789983534),.UNSPECIFIED.);
#264=B_SPLINE_CURVE_WITH_KNOTS('',3,(#2521,#2522,#2523,#2524,#2525,#2526,
#2527,#2528,#2529,#2530),.UNSPECIFIED.,.F.,.F.,(4,3,3,4),(0.,0.00257880643421886,
0.00261402680029673,0.0051575950241968),.UNSPECIFIED.);
#265=B_SPLINE_CURVE_WITH_KNOTS('',3,(#2532,#2533,#2534,#2535,#2536),
 .UNSPECIFIED.,.F.,.F.,(4,1,4),(1.74337551706054E-17,0.00257486168666824,
0.00514970736384071),.UNSPECIFIED.);
#266=B_SPLINE_CURVE_WITH_KNOTS('',3,(#2537,#2538,#2539,#2540,#2541),
 .UNSPECIFIED.,.F.,.F.,(4,1,4),(0.,0.00257486168666801,0.0051497073638413),
 .UNSPECIFIED.);
#267=B_SPLINE_CURVE_WITH_KNOTS('',3,(#2548,#2549,#2550,#2551,#2552,#2553),
 .UNSPECIFIED.,.F.,.F.,(4,2,4),(-0.0686743665666968,0.,0.00076979851723522),
 .UNSPECIFIED.);
#268=B_SPLINE_CURVE_WITH_KNOTS('',3,(#2554,#2555,#2556,#2557,#2558,#2559,
#2560,#2561,#2562,#2563,#2564,#2565),.UNSPECIFIED.,.F.,.F.,(4,2,2,2,2,4),
(0.108146818225676,0.118097309270747,0.138056200481353,0.148911108691696,
0.159802024162023,0.160131253817235),.UNSPECIFIED.);
#269=B_SPLINE_CURVE_WITH_KNOTS('',3,(#2567,#2568,#2569,#2570),
 .UNSPECIFIED.,.F.,.F.,(4,4),(0.411790654816141,0.471031158986159),
 .UNSPECIFIED.);
#270=B_SPLINE_CURVE_WITH_KNOTS('',3,(#2572,#2573,#2574,#2575),
 .UNSPECIFIED.,.F.,.F.,(4,4),(-0.0592405041700162,0.),.UNSPECIFIED.);
#271=B_SPLINE_CURVE_WITH_KNOTS('',3,(#2576,#2577,#2578,#2579,#2580,#2581,
#2582,#2583,#2584,#2585,#2586,#2587),.UNSPECIFIED.,.F.,.F.,(4,2,2,2,2,4),
(-0.0516552059370784,-0.0417047148918647,-0.0217458236809817,-0.0108909154704826,
-3.03229663600746E-15,0.000329229655211217),.UNSPECIFIED.);
#272=B_SPLINE_CURVE_WITH_KNOTS('',3,(#2589,#2590,#2591,#2592,#2593,#2594,
#2595,#2596),.UNSPECIFIED.,.F.,.F.,(4,2,2,4),(0.661174973316839,0.674947010770129,
0.737494211678055,0.738375850820493),.UNSPECIFIED.);
#273=B_SPLINE_CURVE_WITH_KNOTS('',3,(#2604,#2605,#2606,#2607),
 .UNSPECIFIED.,.F.,.F.,(4,4),(-0.0126930696831431,0.),.UNSPECIFIED.);
#274=B_SPLINE_CURVE_WITH_KNOTS('',3,(#2611,#2612,#2613,#2614,#2615,#2616,
#2617,#2618,#2619,#2620,#2621,#2622,#2623,#2624,#2625,#2626,#2627,#2628,
#2629,#2630,#2631,#2632,#2633,#2634,#2635,#2636,#2637,#2638,#2639,#2640,
#2641,#2642,#2643,#2644),.UNSPECIFIED.,.F.,.F.,(4,2,2,2,2,2,2,2,2,2,2,2,
2,2,2,2,4),(0.,0.0786934160595176,0.157386832119035,0.248596616523,0.339806400926963,
0.430067226880423,0.520328052833883,0.598899183322952,0.677470313812022,
0.756041444301092,0.834612574790162,0.924873400743621,1.01513422669708,
1.10634401110104,1.19755379550501,1.27624721156453,1.3422475579409),
 .UNSPECIFIED.);
#275=B_SPLINE_CURVE_WITH_KNOTS('',3,(#2654,#2655,#2656,#2657,#2658,#2659),
 .UNSPECIFIED.,.F.,.F.,(4,2,4),(1.28449555497864E-7,0.0836335212005283,
0.16723462581138),.UNSPECIFIED.);
#276=B_SPLINE_CURVE_WITH_KNOTS('',3,(#2675,#2676,#2677,#2678,#2679,#2680),
 .UNSPECIFIED.,.F.,.F.,(4,2,4),(-0.167234629302891,-0.0836372101096459,
-1.28449085978755E-7),.UNSPECIFIED.);
#277=B_SPLINE_CURVE_WITH_KNOTS('',3,(#2700,#2701,#2702,#2703,#2704,#2705,
#2706,#2707,#2708,#2709,#2710,#2711,#2712),.UNSPECIFIED.,.F.,.F.,(4,3,3,
3,4),(0.,0.00104735405362333,0.00184698897845654,0.00357448028991328,0.00369397794919885),
 .UNSPECIFIED.);
#278=B_SPLINE_CURVE_WITH_KNOTS('',3,(#2714,#2715,#2716,#2717,#2718,#2719,
#2720),.UNSPECIFIED.,.F.,.F.,(4,3,4),(1.09371233789077E-9,0.00129485584187403,
0.00278941033131776),.UNSPECIFIED.);
#279=B_SPLINE_CURVE_WITH_KNOTS('',3,(#2724,#2725,#2726,#2727,#2728,#2729,
#2730),.UNSPECIFIED.,.F.,.F.,(4,3,4),(1.09371273029753E-9,0.00129485584185072,
0.00278941033131801),.UNSPECIFIED.);
#280=B_SPLINE_CURVE_WITH_KNOTS('',3,(#2734,#2735,#2736,#2737,#2738,#2739,
#2740,#2741,#2742,#2743,#2744,#2745),.UNSPECIFIED.,.F.,.F.,(4,2,2,2,2,4),
(-0.214126161083976,-0.164561358615642,-0.107191382361768,-0.0413201385650098,
-0.0172635366371126,-2.91202673342169E-5),.UNSPECIFIED.);
#281=B_SPLINE_CURVE_WITH_KNOTS('',3,(#2747,#2748,#2749,#2750,#2751,#2752,
#2753,#2754,#2755,#2756,#2757,#2758),.UNSPECIFIED.,.F.,.F.,(4,2,2,2,2,4),
(-0.214643085067839,-0.199272142221822,-0.178826494029555,-0.107359312757167,
-0.0497816788188665,-6.70269435928935E-5),.UNSPECIFIED.);
#282=B_SPLINE_CURVE_WITH_KNOTS('',3,(#2760,#2761,#2762,#2763,#2764,#2765,
#2766,#2767,#2768,#2769,#2770,#2771,#2772),.UNSPECIFIED.,.F.,.F.,(4,3,3,
3,4),(0.,0.00104411893040366,0.0018501544309713,0.00357260462575705,0.00370030885194464),
 .UNSPECIFIED.);
#283=LINE('',#1851,#353);
#284=LINE('',#1867,#354);
#285=LINE('',#1873,#355);
#286=LINE('',#1890,#356);
#287=LINE('',#1894,#357);
#288=LINE('',#1896,#358);
#289=LINE('',#1898,#359);
#290=LINE('',#1899,#360);
#291=LINE('',#1905,#361);
#292=LINE('',#1908,#362);
#293=LINE('',#1910,#363);
#294=LINE('',#1911,#364);
#295=LINE('',#1928,#365);
#296=LINE('',#1940,#366);
#297=LINE('',#1958,#367);
#298=LINE('',#1962,#368);
#299=LINE('',#1969,#369);
#300=LINE('',#1973,#370);
#301=LINE('',#2000,#371);
#302=LINE('',#2019,#372);
#303=LINE('',#2042,#373);
#304=LINE('',#2046,#374);
#305=LINE('',#2050,#375);
#306=LINE('',#2071,#376);
#307=LINE('',#2092,#377);
#308=LINE('',#2098,#378);
#309=LINE('',#2116,#379);
#310=LINE('',#2120,#380);
#311=LINE('',#2124,#381);
#312=LINE('',#2145,#382);
#313=LINE('',#2167,#383);
#314=LINE('',#2187,#384);
#315=LINE('',#2194,#385);
#316=LINE('',#2204,#386);
#317=LINE('',#2212,#387);
#318=LINE('',#2221,#388);
#319=LINE('',#2227,#389);
#320=LINE('',#2229,#390);
#321=LINE('',#2234,#391);
#322=LINE('',#2236,#392);
#323=LINE('',#2243,#393);
#324=LINE('',#2249,#394);
#325=LINE('',#2261,#395);
#326=LINE('',#2276,#396);
#327=LINE('',#2285,#397);
#328=LINE('',#2309,#398);
#329=LINE('',#2312,#399);
#330=LINE('',#2313,#400);
#331=LINE('',#2317,#401);
#332=LINE('',#2320,#402);
#333=LINE('',#2324,#403);
#334=LINE('',#2393,#404);
#335=LINE('',#2409,#405);
#336=LINE('',#2416,#406);
#337=LINE('',#2424,#407);
#338=LINE('',#2609,#408);
#339=LINE('',#2649,#409);
#340=LINE('',#2650,#410);
#341=LINE('',#2651,#411);
#342=LINE('',#2661,#412);
#343=LINE('',#2663,#413);
#344=LINE('',#2664,#414);
#345=LINE('',#2667,#415);
#346=LINE('',#2669,#416);
#347=LINE('',#2670,#417);
#348=LINE('',#2674,#418);
#349=LINE('',#2682,#419);
#350=LINE('',#2683,#420);
#351=LINE('',#2699,#421);
#352=LINE('',#2733,#422);
#353=VECTOR('',#1511,1.);
#354=VECTOR('',#1512,1.);
#355=VECTOR('',#1517,1.);
#356=VECTOR('',#1518,1.);
#357=VECTOR('',#1521,0.01);
#358=VECTOR('',#1522,0.01);
#359=VECTOR('',#1523,0.01);
#360=VECTOR('',#1524,0.01);
#361=VECTOR('',#1531,0.01);
#362=VECTOR('',#1534,0.01);
#363=VECTOR('',#1535,0.01);
#364=VECTOR('',#1536,0.01);
#365=VECTOR('',#1545,1.);
#366=VECTOR('',#1546,1.);
#367=VECTOR('',#1547,1.);
#368=VECTOR('',#1550,1.);
#369=VECTOR('',#1551,1.);
#370=VECTOR('',#1554,1.);
#371=VECTOR('',#1559,1.);
#372=VECTOR('',#1560,1.);
#373=VECTOR('',#1561,1.);
#374=VECTOR('',#1564,1.);
#375=VECTOR('',#1567,1.);
#376=VECTOR('',#1568,1.);
#377=VECTOR('',#1569,1.);
#378=VECTOR('',#1576,1.);
#379=VECTOR('',#1579,1.);
#380=VECTOR('',#1582,1.);
#381=VECTOR('',#1585,1.);
#382=VECTOR('',#1586,1.);
#383=VECTOR('',#1589,1.);
#384=VECTOR('',#1594,1.);
#385=VECTOR('',#1601,1.);
#386=VECTOR('',#1610,1.);
#387=VECTOR('',#1617,1.);
#388=VECTOR('',#1626,1.);
#389=VECTOR('',#1627,1.);
#390=VECTOR('',#1628,1.);
#391=VECTOR('',#1633,1.);
#392=VECTOR('',#1634,1.);
#393=VECTOR('',#1635,1.);
#394=VECTOR('',#1636,1.);
#395=VECTOR('',#1639,1.);
#396=VECTOR('',#1640,1.);
#397=VECTOR('',#1645,1.);
#398=VECTOR('',#1648,1.);
#399=VECTOR('',#1653,1.);
#400=VECTOR('',#1654,1.);
#401=VECTOR('',#1659,1.);
#402=VECTOR('',#1662,1.);
#403=VECTOR('',#1667,1.);
#404=VECTOR('',#1676,1.);
#405=VECTOR('',#1683,0.00155);
#406=VECTOR('',#1694,0.00155);
#407=VECTOR('',#1705,1.);
#408=VECTOR('',#1750,0.0021);
#409=VECTOR('',#1757,1.);
#410=VECTOR('',#1758,1.);
#411=VECTOR('',#1759,1.);
#412=VECTOR('',#1762,1.);
#413=VECTOR('',#1763,1.);
#414=VECTOR('',#1764,1.);
#415=VECTOR('',#1767,1.);
#416=VECTOR('',#1768,1.);
#417=VECTOR('',#1769,1.);
#418=VECTOR('',#1772,1.);
#419=VECTOR('',#1773,1.);
#420=VECTOR('',#1774,1.);
#421=VECTOR('',#1803,1.);
#422=VECTOR('',#1814,1.);
#423=CIRCLE('',#1372,0.00325);
#424=CIRCLE('',#1374,0.00325);
#425=CIRCLE('',#1377,0.0982);
#426=CIRCLE('',#1378,0.1);
#427=CIRCLE('',#1381,0.0982);
#428=CIRCLE('',#1382,0.1);
#429=CIRCLE('',#1385,0.0908261461120307);
#430=CIRCLE('',#1386,0.0908261461120307);
#431=CIRCLE('',#1389,0.005);
#432=CIRCLE('',#1390,0.005);
#433=CIRCLE('',#1392,0.0928261461120307);
#434=CIRCLE('',#1394,0.005);
#435=CIRCLE('',#1395,0.005);
#436=CIRCLE('',#1397,0.0928261461120879);
#437=CIRCLE('',#1399,0.0015);
#438=CIRCLE('',#1400,0.0015);
#439=CIRCLE('',#1401,0.008);
#440=CIRCLE('',#1402,0.008);
#441=CIRCLE('',#1403,0.0908261461120879);
#442=CIRCLE('',#1404,0.0015);
#443=CIRCLE('',#1405,0.0015);
#444=CIRCLE('',#1406,0.0045);
#445=CIRCLE('',#1407,0.0923261461120879);
#446=CIRCLE('',#1408,0.0095);
#447=CIRCLE('',#1409,0.0095);
#448=CIRCLE('',#1410,0.0923261461120307);
#449=CIRCLE('',#1411,0.0045);
#450=CIRCLE('',#1413,0.0908261461120879);
#451=CIRCLE('',#1417,0.01);
#452=CIRCLE('',#1419,0.01);
#453=CIRCLE('',#1422,0.008);
#454=CIRCLE('',#1424,0.008);
#455=CIRCLE('',#1426,0.00497048855911777);
#456=CIRCLE('',#1427,0.00155);
#457=CIRCLE('',#1429,0.00497048855911799);
#458=CIRCLE('',#1430,0.00155);
#459=CIRCLE('',#1432,0.00155);
#460=CIRCLE('',#1434,0.00275);
#461=CIRCLE('',#1437,0.00155);
#462=CIRCLE('',#1439,0.00275);
#463=CIRCLE('',#1442,0.005);
#464=CIRCLE('',#1443,0.005);
#465=CIRCLE('',#1445,0.00332033755867296);
#466=CIRCLE('',#1446,0.005);
#467=CIRCLE('',#1448,0.00332033755867813);
#468=CIRCLE('',#1449,0.005);
#469=CIRCLE('',#1450,0.005);
#470=CIRCLE('',#1451,0.005);
#471=CIRCLE('',#1454,0.0005);
#472=CIRCLE('',#1456,0.0005);
#473=CIRCLE('',#1460,0.0005);
#474=CIRCLE('',#1462,0.0005);
#475=CIRCLE('',#1465,0.0021);
#476=CIRCLE('',#1472,0.0015);
#477=CIRCLE('',#1473,0.0015);
#478=CIRCLE('',#1474,0.0015);
#479=CIRCLE('',#1475,0.0015);
#480=CIRCLE('',#1476,0.0015);
#481=CIRCLE('',#1477,0.0015);
#482=CIRCLE('',#1478,0.0015);
#483=CIRCLE('',#1479,0.0015);
#484=CIRCLE('',#1493,0.002);
#485=CIRCLE('',#1494,0.002);
#486=CIRCLE('',#1496,0.002);
#487=CIRCLE('',#1497,0.002);
#488=CIRCLE('',#1498,0.00298629395782728);
#489=CIRCLE('',#1499,0.00298629395781666);
#490=CIRCLE('',#1500,0.0002);
#491=CIRCLE('',#1501,0.0002);
#492=CIRCLE('',#1503,0.0002);
#493=CIRCLE('',#1504,0.0002);
#494=VERTEX_POINT('',#1847);
#495=VERTEX_POINT('',#1848);
#496=VERTEX_POINT('',#1850);
#497=VERTEX_POINT('',#1852);
#498=VERTEX_POINT('',#1869);
#499=VERTEX_POINT('',#1870);
#500=VERTEX_POINT('',#1872);
#501=VERTEX_POINT('',#1874);
#502=VERTEX_POINT('',#1892);
#503=VERTEX_POINT('',#1893);
#504=VERTEX_POINT('',#1895);
#505=VERTEX_POINT('',#1897);
#506=VERTEX_POINT('',#1901);
#507=VERTEX_POINT('',#1903);
#508=VERTEX_POINT('',#1907);
#509=VERTEX_POINT('',#1909);
#510=VERTEX_POINT('',#1916);
#511=VERTEX_POINT('',#1917);
#512=VERTEX_POINT('',#1922);
#513=VERTEX_POINT('',#1927);
#514=VERTEX_POINT('',#1929);
#515=VERTEX_POINT('',#1934);
#516=VERTEX_POINT('',#1939);
#517=VERTEX_POINT('',#1949);
#518=VERTEX_POINT('',#1960);
#519=VERTEX_POINT('',#1961);
#520=VERTEX_POINT('',#1963);
#521=VERTEX_POINT('',#1968);
#522=VERTEX_POINT('',#1970);
#523=VERTEX_POINT('',#1972);
#524=VERTEX_POINT('',#1976);
#525=VERTEX_POINT('',#1977);
#526=VERTEX_POINT('',#1986);
#527=VERTEX_POINT('',#1999);
#528=VERTEX_POINT('',#2009);
#529=VERTEX_POINT('',#2018);
#530=VERTEX_POINT('',#2020);
#531=VERTEX_POINT('',#2033);
#532=VERTEX_POINT('',#2044);
#533=VERTEX_POINT('',#2045);
#534=VERTEX_POINT('',#2047);
#535=VERTEX_POINT('',#2049);
#536=VERTEX_POINT('',#2051);
#537=VERTEX_POINT('',#2070);
#538=VERTEX_POINT('',#2072);
#539=VERTEX_POINT('',#2091);
#540=VERTEX_POINT('',#2095);
#541=VERTEX_POINT('',#2097);
#542=VERTEX_POINT('',#2114);
#543=VERTEX_POINT('',#2115);
#544=VERTEX_POINT('',#2117);
#545=VERTEX_POINT('',#2119);
#546=VERTEX_POINT('',#2121);
#547=VERTEX_POINT('',#2123);
#548=VERTEX_POINT('',#2125);
#549=VERTEX_POINT('',#2144);
#550=VERTEX_POINT('',#2165);
#551=VERTEX_POINT('',#2166);
#552=VERTEX_POINT('',#2185);
#553=VERTEX_POINT('',#2186);
#554=VERTEX_POINT('',#2188);
#555=VERTEX_POINT('',#2191);
#556=VERTEX_POINT('',#2193);
#557=VERTEX_POINT('',#2195);
#558=VERTEX_POINT('',#2197);
#559=VERTEX_POINT('',#2199);
#560=VERTEX_POINT('',#2201);
#561=VERTEX_POINT('',#2203);
#562=VERTEX_POINT('',#2205);
#563=VERTEX_POINT('',#2207);
#564=VERTEX_POINT('',#2209);
#565=VERTEX_POINT('',#2211);
#566=VERTEX_POINT('',#2213);
#567=VERTEX_POINT('',#2215);
#568=VERTEX_POINT('',#2219);
#569=VERTEX_POINT('',#2220);
#570=VERTEX_POINT('',#2222);
#571=VERTEX_POINT('',#2228);
#572=VERTEX_POINT('',#2232);
#573=VERTEX_POINT('',#2233);
#574=VERTEX_POINT('',#2235);
#575=VERTEX_POINT('',#2237);
#576=VERTEX_POINT('',#2242);
#577=VERTEX_POINT('',#2244);
#578=VERTEX_POINT('',#2251);
#579=VERTEX_POINT('',#2252);
#580=VERTEX_POINT('',#2260);
#581=VERTEX_POINT('',#2262);
#582=VERTEX_POINT('',#2270);
#583=VERTEX_POINT('',#2275);
#584=VERTEX_POINT('',#2282);
#585=VERTEX_POINT('',#2284);
#586=VERTEX_POINT('',#2300);
#587=VERTEX_POINT('',#2308);
#588=VERTEX_POINT('',#2315);
#589=VERTEX_POINT('',#2319);
#590=VERTEX_POINT('',#2323);
#591=VERTEX_POINT('',#2325);
#592=VERTEX_POINT('',#2332);
#593=VERTEX_POINT('',#2362);
#594=VERTEX_POINT('',#2365);
#595=VERTEX_POINT('',#2367);
#596=VERTEX_POINT('',#2386);
#597=VERTEX_POINT('',#2404);
#598=VERTEX_POINT('',#2407);
#599=VERTEX_POINT('',#2414);
#600=VERTEX_POINT('',#2421);
#601=VERTEX_POINT('',#2423);
#602=VERTEX_POINT('',#2427);
#603=VERTEX_POINT('',#2435);
#604=VERTEX_POINT('',#2483);
#605=VERTEX_POINT('',#2516);
#606=VERTEX_POINT('',#2547);
#607=VERTEX_POINT('',#2571);
#608=VERTEX_POINT('',#2602);
#609=VERTEX_POINT('',#2603);
#610=VERTEX_POINT('',#2608);
#611=VERTEX_POINT('',#2647);
#612=VERTEX_POINT('',#2648);
#613=VERTEX_POINT('',#2653);
#614=VERTEX_POINT('',#2660);
#615=VERTEX_POINT('',#2662);
#616=VERTEX_POINT('',#2666);
#617=VERTEX_POINT('',#2668);
#618=VERTEX_POINT('',#2672);
#619=VERTEX_POINT('',#2673);
#620=VERTEX_POINT('',#2681);
#621=VERTEX_POINT('',#2698);
#622=VERTEX_POINT('',#2732);
#623=EDGE_CURVE('',#494,#495,#423,.T.);
#624=EDGE_CURVE('',#495,#496,#283,.F.);
#625=EDGE_CURVE('',#496,#497,#221,.T.);
#626=EDGE_CURVE('',#497,#494,#284,.T.);
#627=EDGE_CURVE('',#498,#499,#424,.T.);
#628=EDGE_CURVE('',#499,#500,#285,.F.);
#629=EDGE_CURVE('',#500,#501,#222,.T.);
#630=EDGE_CURVE('',#501,#498,#286,.T.);
#631=EDGE_CURVE('',#502,#503,#287,.T.);
#632=EDGE_CURVE('',#502,#504,#288,.T.);
#633=EDGE_CURVE('',#505,#504,#289,.T.);
#634=EDGE_CURVE('',#503,#505,#290,.T.);
#635=EDGE_CURVE('',#503,#506,#425,.T.);
#636=EDGE_CURVE('',#507,#505,#426,.T.);
#637=EDGE_CURVE('',#506,#507,#291,.T.);
#638=EDGE_CURVE('',#506,#508,#292,.T.);
#639=EDGE_CURVE('',#509,#507,#293,.T.);
#640=EDGE_CURVE('',#508,#509,#294,.T.);
#641=EDGE_CURVE('',#508,#502,#427,.T.);
#642=EDGE_CURVE('',#504,#509,#428,.T.);
#643=EDGE_CURVE('',#510,#511,#223,.T.);
#644=EDGE_CURVE('',#511,#512,#224,.T.);
#645=EDGE_CURVE('',#512,#513,#295,.F.);
#646=EDGE_CURVE('',#513,#514,#225,.T.);
#647=EDGE_CURVE('',#514,#515,#226,.T.);
#648=EDGE_CURVE('',#516,#515,#296,.F.);
#649=EDGE_CURVE('',#516,#497,#227,.T.);
#650=EDGE_CURVE('',#496,#517,#228,.T.);
#651=EDGE_CURVE('',#517,#510,#297,.T.);
#652=EDGE_CURVE('',#518,#519,#298,.T.);
#653=EDGE_CURVE('',#519,#520,#229,.T.);
#654=EDGE_CURVE('',#520,#521,#299,.F.);
#655=EDGE_CURVE('',#521,#522,#429,.F.);
#656=EDGE_CURVE('',#523,#522,#300,.T.);
#657=EDGE_CURVE('',#518,#523,#430,.F.);
#658=EDGE_CURVE('',#524,#525,#230,.T.);
#659=EDGE_CURVE('',#525,#526,#231,.T.);
#660=EDGE_CURVE('',#527,#526,#301,.T.);
#661=EDGE_CURVE('',#527,#501,#232,.T.);
#662=EDGE_CURVE('',#500,#528,#233,.T.);
#663=EDGE_CURVE('',#528,#529,#302,.F.);
#664=EDGE_CURVE('',#529,#530,#234,.T.);
#665=EDGE_CURVE('',#530,#531,#235,.F.);
#666=EDGE_CURVE('',#531,#524,#303,.T.);
#667=EDGE_CURVE('',#532,#533,#304,.F.);
#668=EDGE_CURVE('',#533,#534,#431,.F.);
#669=EDGE_CURVE('',#534,#535,#305,.T.);
#670=EDGE_CURVE('',#535,#536,#236,.T.);
#671=EDGE_CURVE('',#536,#537,#306,.T.);
#672=EDGE_CURVE('',#537,#538,#237,.T.);
#673=EDGE_CURVE('',#538,#539,#307,.T.);
#674=EDGE_CURVE('',#539,#532,#432,.F.);
#675=EDGE_CURVE('',#534,#540,#433,.F.);
#676=EDGE_CURVE('',#540,#541,#308,.T.);
#677=EDGE_CURVE('',#541,#539,#238,.T.);
#678=EDGE_CURVE('',#535,#538,#239,.T.);
#679=EDGE_CURVE('',#542,#543,#309,.T.);
#680=EDGE_CURVE('',#542,#544,#434,.F.);
#681=EDGE_CURVE('',#545,#544,#310,.F.);
#682=EDGE_CURVE('',#545,#546,#435,.F.);
#683=EDGE_CURVE('',#547,#546,#311,.T.);
#684=EDGE_CURVE('',#547,#548,#240,.T.);
#685=EDGE_CURVE('',#548,#549,#312,.F.);
#686=EDGE_CURVE('',#549,#543,#241,.T.);
#687=EDGE_CURVE('',#550,#551,#313,.T.);
#688=EDGE_CURVE('',#550,#542,#436,.F.);
#689=EDGE_CURVE('',#543,#547,#242,.T.);
#690=EDGE_CURVE('',#546,#551,#243,.T.);
#691=EDGE_CURVE('',#552,#553,#314,.T.);
#692=EDGE_CURVE('',#553,#554,#437,.T.);
#693=EDGE_CURVE('',#554,#518,#438,.F.);
#694=EDGE_CURVE('',#555,#523,#439,.T.);
#695=EDGE_CURVE('',#556,#555,#315,.T.);
#696=EDGE_CURVE('',#557,#556,#440,.T.);
#697=EDGE_CURVE('',#558,#557,#441,.T.);
#698=EDGE_CURVE('',#558,#559,#442,.F.);
#699=EDGE_CURVE('',#559,#560,#443,.T.);
#700=EDGE_CURVE('',#561,#560,#316,.T.);
#701=EDGE_CURVE('',#561,#562,#444,.T.);
#702=EDGE_CURVE('',#562,#563,#445,.T.);
#703=EDGE_CURVE('',#563,#564,#446,.T.);
#704=EDGE_CURVE('',#564,#565,#317,.T.);
#705=EDGE_CURVE('',#565,#566,#447,.T.);
#706=EDGE_CURVE('',#566,#567,#448,.T.);
#707=EDGE_CURVE('',#567,#552,#449,.T.);
#708=EDGE_CURVE('',#568,#569,#318,.T.);
#709=EDGE_CURVE('',#569,#570,#244,.T.);
#710=EDGE_CURVE('',#570,#558,#319,.F.);
#711=EDGE_CURVE('',#557,#571,#320,.T.);
#712=EDGE_CURVE('',#568,#571,#450,.T.);
#713=EDGE_CURVE('',#572,#573,#321,.F.);
#714=EDGE_CURVE('',#573,#574,#322,.T.);
#715=EDGE_CURVE('',#574,#575,#245,.T.);
#716=EDGE_CURVE('',#575,#576,#323,.F.);
#717=EDGE_CURVE('',#576,#577,#246,.T.);
#718=EDGE_CURVE('',#577,#572,#324,.F.);
#719=EDGE_CURVE('',#578,#579,#247,.T.);
#720=EDGE_CURVE('',#579,#580,#325,.F.);
#721=EDGE_CURVE('',#580,#581,#248,.T.);
#722=EDGE_CURVE('',#581,#582,#249,.T.);
#723=EDGE_CURVE('',#582,#583,#326,.T.);
#724=EDGE_CURVE('',#583,#578,#250,.T.);
#725=EDGE_CURVE('',#540,#584,#451,.F.);
#726=EDGE_CURVE('',#584,#585,#327,.T.);
#727=EDGE_CURVE('',#585,#541,#251,.T.);
#728=EDGE_CURVE('',#551,#586,#252,.T.);
#729=EDGE_CURVE('',#586,#587,#328,.F.);
#730=EDGE_CURVE('',#587,#550,#452,.F.);
#731=EDGE_CURVE('',#555,#524,#329,.T.);
#732=EDGE_CURVE('',#556,#531,#330,.T.);
#733=EDGE_CURVE('',#522,#588,#453,.F.);
#734=EDGE_CURVE('',#588,#525,#331,.T.);
#735=EDGE_CURVE('',#530,#589,#332,.F.);
#736=EDGE_CURVE('',#589,#571,#454,.F.);
#737=EDGE_CURVE('',#560,#590,#333,.F.);
#738=EDGE_CURVE('',#590,#591,#253,.T.);
#739=EDGE_CURVE('',#591,#592,#254,.T.);
#740=EDGE_CURVE('',#592,#545,#455,.F.);
#741=EDGE_CURVE('',#544,#561,#255,.T.);
#742=EDGE_CURVE('',#593,#593,#456,.F.);
#743=EDGE_CURVE('',#532,#594,#457,.T.);
#744=EDGE_CURVE('',#594,#595,#256,.T.);
#745=EDGE_CURVE('',#595,#596,#257,.T.);
#746=EDGE_CURVE('',#596,#553,#334,.T.);
#747=EDGE_CURVE('',#552,#533,#258,.T.);
#748=EDGE_CURVE('',#597,#597,#458,.F.);
#749=EDGE_CURVE('',#598,#598,#459,.T.);
#750=EDGE_CURVE('',#598,#593,#335,.T.);
#751=EDGE_CURVE('',#549,#548,#460,.T.);
#752=EDGE_CURVE('',#599,#599,#461,.T.);
#753=EDGE_CURVE('',#599,#597,#336,.T.);
#754=EDGE_CURVE('',#537,#536,#462,.T.);
#755=EDGE_CURVE('',#600,#582,#463,.T.);
#756=EDGE_CURVE('',#600,#601,#337,.T.);
#757=EDGE_CURVE('',#583,#601,#464,.T.);
#758=EDGE_CURVE('',#592,#602,#465,.T.);
#759=EDGE_CURVE('',#602,#600,#259,.T.);
#760=EDGE_CURVE('',#546,#582,#466,.T.);
#761=EDGE_CURVE('',#603,#594,#467,.T.);
#762=EDGE_CURVE('',#583,#539,#468,.T.);
#763=EDGE_CURVE('',#601,#603,#260,.T.);
#764=EDGE_CURVE('',#551,#581,#469,.T.);
#765=EDGE_CURVE('',#578,#541,#470,.T.);
#766=EDGE_CURVE('',#580,#604,#261,.F.);
#767=EDGE_CURVE('',#604,#586,#262,.T.);
#768=EDGE_CURVE('',#585,#605,#263,.T.);
#769=EDGE_CURVE('',#605,#579,#264,.T.);
#770=EDGE_CURVE('',#575,#580,#265,.T.);
#771=EDGE_CURVE('',#579,#576,#266,.F.);
#772=EDGE_CURVE('',#562,#542,#471,.T.);
#773=EDGE_CURVE('',#563,#550,#472,.T.);
#774=EDGE_CURVE('',#587,#606,#267,.F.);
#775=EDGE_CURVE('',#564,#606,#268,.F.);
#776=EDGE_CURVE('',#606,#573,#269,.T.);
#777=EDGE_CURVE('',#572,#607,#270,.F.);
#778=EDGE_CURVE('',#565,#607,#271,.F.);
#779=EDGE_CURVE('',#607,#584,#272,.T.);
#780=EDGE_CURVE('',#566,#540,#473,.T.);
#781=EDGE_CURVE('',#567,#534,#474,.T.);
#782=EDGE_CURVE('',#608,#609,#273,.T.);
#783=EDGE_CURVE('',#609,#610,#338,.T.);
#784=EDGE_CURVE('',#610,#610,#475,.T.);
#785=EDGE_CURVE('',#609,#608,#274,.T.);
#786=EDGE_CURVE('',#611,#612,#339,.T.);
#787=EDGE_CURVE('',#612,#529,#340,.T.);
#788=EDGE_CURVE('',#528,#611,#341,.T.);
#789=EDGE_CURVE('',#515,#613,#275,.T.);
#790=EDGE_CURVE('',#613,#614,#342,.T.);
#791=EDGE_CURVE('',#615,#614,#343,.T.);
#792=EDGE_CURVE('',#615,#516,#344,.T.);
#793=EDGE_CURVE('',#526,#616,#345,.T.);
#794=EDGE_CURVE('',#617,#616,#346,.T.);
#795=EDGE_CURVE('',#617,#527,#347,.T.);
#796=EDGE_CURVE('',#618,#619,#348,.F.);
#797=EDGE_CURVE('',#619,#510,#276,.T.);
#798=EDGE_CURVE('',#517,#620,#349,.T.);
#799=EDGE_CURVE('',#620,#618,#350,.T.);
#800=EDGE_CURVE('',#498,#617,#476,.F.);
#801=EDGE_CURVE('',#616,#588,#477,.F.);
#802=EDGE_CURVE('',#521,#618,#478,.F.);
#803=EDGE_CURVE('',#620,#495,#479,.F.);
#804=EDGE_CURVE('',#494,#615,#480,.F.);
#805=EDGE_CURVE('',#614,#568,#481,.F.);
#806=EDGE_CURVE('',#589,#612,#482,.F.);
#807=EDGE_CURVE('',#611,#499,#483,.F.);
#808=EDGE_CURVE('',#554,#621,#351,.T.);
#809=EDGE_CURVE('',#621,#519,#277,.T.);
#810=EDGE_CURVE('',#520,#619,#278,.F.);
#811=EDGE_CURVE('',#613,#569,#279,.T.);
#812=EDGE_CURVE('',#559,#622,#352,.F.);
#813=EDGE_CURVE('',#622,#590,#280,.T.);
#814=EDGE_CURVE('',#596,#621,#281,.T.);
#815=EDGE_CURVE('',#570,#622,#282,.F.);
#816=EDGE_CURVE('',#574,#586,#484,.T.);
#817=EDGE_CURVE('',#575,#604,#485,.T.);
#818=EDGE_CURVE('',#585,#577,#486,.T.);
#819=EDGE_CURVE('',#605,#576,#487,.T.);
#820=EDGE_CURVE('',#595,#511,#488,.T.);
#821=EDGE_CURVE('',#514,#591,#489,.T.);
#822=EDGE_CURVE('',#602,#514,#490,.T.);
#823=EDGE_CURVE('',#600,#513,#491,.T.);
#824=EDGE_CURVE('',#601,#512,#492,.T.);
#825=EDGE_CURVE('',#603,#511,#493,.T.);
#826=ORIENTED_EDGE('',*,*,#623,.T.);
#827=ORIENTED_EDGE('',*,*,#624,.T.);
#828=ORIENTED_EDGE('',*,*,#625,.T.);
#829=ORIENTED_EDGE('',*,*,#626,.T.);
#830=ORIENTED_EDGE('',*,*,#627,.T.);
#831=ORIENTED_EDGE('',*,*,#628,.T.);
#832=ORIENTED_EDGE('',*,*,#629,.T.);
#833=ORIENTED_EDGE('',*,*,#630,.T.);
#834=ORIENTED_EDGE('',*,*,#631,.F.);
#835=ORIENTED_EDGE('',*,*,#632,.T.);
#836=ORIENTED_EDGE('',*,*,#633,.F.);
#837=ORIENTED_EDGE('',*,*,#634,.F.);
#838=ORIENTED_EDGE('',*,*,#635,.F.);
#839=ORIENTED_EDGE('',*,*,#634,.T.);
#840=ORIENTED_EDGE('',*,*,#636,.F.);
#841=ORIENTED_EDGE('',*,*,#637,.F.);
#842=ORIENTED_EDGE('',*,*,#638,.F.);
#843=ORIENTED_EDGE('',*,*,#637,.T.);
#844=ORIENTED_EDGE('',*,*,#639,.F.);
#845=ORIENTED_EDGE('',*,*,#640,.F.);
#846=ORIENTED_EDGE('',*,*,#641,.F.);
#847=ORIENTED_EDGE('',*,*,#640,.T.);
#848=ORIENTED_EDGE('',*,*,#642,.F.);
#849=ORIENTED_EDGE('',*,*,#632,.F.);
#850=ORIENTED_EDGE('',*,*,#643,.T.);
#851=ORIENTED_EDGE('',*,*,#644,.T.);
#852=ORIENTED_EDGE('',*,*,#645,.T.);
#853=ORIENTED_EDGE('',*,*,#646,.T.);
#854=ORIENTED_EDGE('',*,*,#647,.T.);
#855=ORIENTED_EDGE('',*,*,#648,.F.);
#856=ORIENTED_EDGE('',*,*,#649,.T.);
#857=ORIENTED_EDGE('',*,*,#625,.F.);
#858=ORIENTED_EDGE('',*,*,#650,.T.);
#859=ORIENTED_EDGE('',*,*,#651,.T.);
#860=ORIENTED_EDGE('',*,*,#638,.T.);
#861=ORIENTED_EDGE('',*,*,#641,.T.);
#862=ORIENTED_EDGE('',*,*,#631,.T.);
#863=ORIENTED_EDGE('',*,*,#635,.T.);
#864=ORIENTED_EDGE('',*,*,#652,.T.);
#865=ORIENTED_EDGE('',*,*,#653,.T.);
#866=ORIENTED_EDGE('',*,*,#654,.T.);
#867=ORIENTED_EDGE('',*,*,#655,.T.);
#868=ORIENTED_EDGE('',*,*,#656,.F.);
#869=ORIENTED_EDGE('',*,*,#657,.F.);
#870=ORIENTED_EDGE('',*,*,#658,.T.);
#871=ORIENTED_EDGE('',*,*,#659,.T.);
#872=ORIENTED_EDGE('',*,*,#660,.F.);
#873=ORIENTED_EDGE('',*,*,#661,.T.);
#874=ORIENTED_EDGE('',*,*,#629,.F.);
#875=ORIENTED_EDGE('',*,*,#662,.T.);
#876=ORIENTED_EDGE('',*,*,#663,.T.);
#877=ORIENTED_EDGE('',*,*,#664,.T.);
#878=ORIENTED_EDGE('',*,*,#665,.T.);
#879=ORIENTED_EDGE('',*,*,#666,.T.);
#880=ORIENTED_EDGE('',*,*,#667,.T.);
#881=ORIENTED_EDGE('',*,*,#668,.T.);
#882=ORIENTED_EDGE('',*,*,#669,.T.);
#883=ORIENTED_EDGE('',*,*,#670,.T.);
#884=ORIENTED_EDGE('',*,*,#671,.T.);
#885=ORIENTED_EDGE('',*,*,#672,.T.);
#886=ORIENTED_EDGE('',*,*,#673,.T.);
#887=ORIENTED_EDGE('',*,*,#674,.T.);
#888=ORIENTED_EDGE('',*,*,#669,.F.);
#889=ORIENTED_EDGE('',*,*,#675,.T.);
#890=ORIENTED_EDGE('',*,*,#676,.T.);
#891=ORIENTED_EDGE('',*,*,#677,.T.);
#892=ORIENTED_EDGE('',*,*,#673,.F.);
#893=ORIENTED_EDGE('',*,*,#678,.F.);
#894=ORIENTED_EDGE('',*,*,#679,.F.);
#895=ORIENTED_EDGE('',*,*,#680,.T.);
#896=ORIENTED_EDGE('',*,*,#681,.F.);
#897=ORIENTED_EDGE('',*,*,#682,.T.);
#898=ORIENTED_EDGE('',*,*,#683,.F.);
#899=ORIENTED_EDGE('',*,*,#684,.T.);
#900=ORIENTED_EDGE('',*,*,#685,.T.);
#901=ORIENTED_EDGE('',*,*,#686,.T.);
#902=ORIENTED_EDGE('',*,*,#687,.F.);
#903=ORIENTED_EDGE('',*,*,#688,.T.);
#904=ORIENTED_EDGE('',*,*,#679,.T.);
#905=ORIENTED_EDGE('',*,*,#689,.T.);
#906=ORIENTED_EDGE('',*,*,#683,.T.);
#907=ORIENTED_EDGE('',*,*,#690,.T.);
#908=ORIENTED_EDGE('',*,*,#691,.T.);
#909=ORIENTED_EDGE('',*,*,#692,.T.);
#910=ORIENTED_EDGE('',*,*,#693,.T.);
#911=ORIENTED_EDGE('',*,*,#657,.T.);
#912=ORIENTED_EDGE('',*,*,#694,.F.);
#913=ORIENTED_EDGE('',*,*,#695,.F.);
#914=ORIENTED_EDGE('',*,*,#696,.F.);
#915=ORIENTED_EDGE('',*,*,#697,.F.);
#916=ORIENTED_EDGE('',*,*,#698,.T.);
#917=ORIENTED_EDGE('',*,*,#699,.T.);
#918=ORIENTED_EDGE('',*,*,#700,.F.);
#919=ORIENTED_EDGE('',*,*,#701,.T.);
#920=ORIENTED_EDGE('',*,*,#702,.T.);
#921=ORIENTED_EDGE('',*,*,#703,.T.);
#922=ORIENTED_EDGE('',*,*,#704,.T.);
#923=ORIENTED_EDGE('',*,*,#705,.T.);
#924=ORIENTED_EDGE('',*,*,#706,.T.);
#925=ORIENTED_EDGE('',*,*,#707,.T.);
#926=ORIENTED_EDGE('',*,*,#708,.T.);
#927=ORIENTED_EDGE('',*,*,#709,.T.);
#928=ORIENTED_EDGE('',*,*,#710,.T.);
#929=ORIENTED_EDGE('',*,*,#697,.T.);
#930=ORIENTED_EDGE('',*,*,#711,.T.);
#931=ORIENTED_EDGE('',*,*,#712,.F.);
#932=ORIENTED_EDGE('',*,*,#713,.T.);
#933=ORIENTED_EDGE('',*,*,#714,.T.);
#934=ORIENTED_EDGE('',*,*,#715,.T.);
#935=ORIENTED_EDGE('',*,*,#716,.T.);
#936=ORIENTED_EDGE('',*,*,#717,.T.);
#937=ORIENTED_EDGE('',*,*,#718,.T.);
#938=ORIENTED_EDGE('',*,*,#719,.T.);
#939=ORIENTED_EDGE('',*,*,#720,.T.);
#940=ORIENTED_EDGE('',*,*,#721,.T.);
#941=ORIENTED_EDGE('',*,*,#722,.T.);
#942=ORIENTED_EDGE('',*,*,#723,.T.);
#943=ORIENTED_EDGE('',*,*,#724,.T.);
#944=ORIENTED_EDGE('',*,*,#639,.T.);
#945=ORIENTED_EDGE('',*,*,#636,.T.);
#946=ORIENTED_EDGE('',*,*,#633,.T.);
#947=ORIENTED_EDGE('',*,*,#642,.T.);
#948=ORIENTED_EDGE('',*,*,#725,.T.);
#949=ORIENTED_EDGE('',*,*,#726,.T.);
#950=ORIENTED_EDGE('',*,*,#727,.T.);
#951=ORIENTED_EDGE('',*,*,#676,.F.);
#952=ORIENTED_EDGE('',*,*,#728,.T.);
#953=ORIENTED_EDGE('',*,*,#729,.T.);
#954=ORIENTED_EDGE('',*,*,#730,.T.);
#955=ORIENTED_EDGE('',*,*,#687,.T.);
#956=ORIENTED_EDGE('',*,*,#731,.T.);
#957=ORIENTED_EDGE('',*,*,#666,.F.);
#958=ORIENTED_EDGE('',*,*,#732,.F.);
#959=ORIENTED_EDGE('',*,*,#695,.T.);
#960=ORIENTED_EDGE('',*,*,#656,.T.);
#961=ORIENTED_EDGE('',*,*,#733,.T.);
#962=ORIENTED_EDGE('',*,*,#734,.T.);
#963=ORIENTED_EDGE('',*,*,#658,.F.);
#964=ORIENTED_EDGE('',*,*,#731,.F.);
#965=ORIENTED_EDGE('',*,*,#694,.T.);
#966=ORIENTED_EDGE('',*,*,#665,.F.);
#967=ORIENTED_EDGE('',*,*,#735,.T.);
#968=ORIENTED_EDGE('',*,*,#736,.T.);
#969=ORIENTED_EDGE('',*,*,#711,.F.);
#970=ORIENTED_EDGE('',*,*,#696,.T.);
#971=ORIENTED_EDGE('',*,*,#732,.T.);
#972=ORIENTED_EDGE('',*,*,#737,.T.);
#973=ORIENTED_EDGE('',*,*,#738,.T.);
#974=ORIENTED_EDGE('',*,*,#739,.T.);
#975=ORIENTED_EDGE('',*,*,#740,.T.);
#976=ORIENTED_EDGE('',*,*,#681,.T.);
#977=ORIENTED_EDGE('',*,*,#741,.T.);
#978=ORIENTED_EDGE('',*,*,#700,.T.);
#979=ORIENTED_EDGE('',*,*,#742,.F.);
#980=ORIENTED_EDGE('',*,*,#743,.T.);
#981=ORIENTED_EDGE('',*,*,#744,.T.);
#982=ORIENTED_EDGE('',*,*,#745,.T.);
#983=ORIENTED_EDGE('',*,*,#746,.T.);
#984=ORIENTED_EDGE('',*,*,#691,.F.);
#985=ORIENTED_EDGE('',*,*,#747,.T.);
#986=ORIENTED_EDGE('',*,*,#667,.F.);
#987=ORIENTED_EDGE('',*,*,#748,.T.);
#988=ORIENTED_EDGE('',*,*,#749,.F.);
#989=ORIENTED_EDGE('',*,*,#750,.T.);
#990=ORIENTED_EDGE('',*,*,#742,.T.);
#991=ORIENTED_EDGE('',*,*,#750,.F.);
#992=ORIENTED_EDGE('',*,*,#751,.F.);
#993=ORIENTED_EDGE('',*,*,#685,.F.);
#994=ORIENTED_EDGE('',*,*,#749,.T.);
#995=ORIENTED_EDGE('',*,*,#684,.F.);
#996=ORIENTED_EDGE('',*,*,#689,.F.);
#997=ORIENTED_EDGE('',*,*,#686,.F.);
#998=ORIENTED_EDGE('',*,*,#751,.T.);
#999=ORIENTED_EDGE('',*,*,#752,.F.);
#1000=ORIENTED_EDGE('',*,*,#753,.T.);
#1001=ORIENTED_EDGE('',*,*,#748,.F.);
#1002=ORIENTED_EDGE('',*,*,#753,.F.);
#1003=ORIENTED_EDGE('',*,*,#754,.F.);
#1004=ORIENTED_EDGE('',*,*,#671,.F.);
#1005=ORIENTED_EDGE('',*,*,#752,.T.);
#1006=ORIENTED_EDGE('',*,*,#670,.F.);
#1007=ORIENTED_EDGE('',*,*,#678,.T.);
#1008=ORIENTED_EDGE('',*,*,#672,.F.);
#1009=ORIENTED_EDGE('',*,*,#754,.T.);
#1010=ORIENTED_EDGE('',*,*,#755,.F.);
#1011=ORIENTED_EDGE('',*,*,#756,.T.);
#1012=ORIENTED_EDGE('',*,*,#757,.F.);
#1013=ORIENTED_EDGE('',*,*,#723,.F.);
#1014=ORIENTED_EDGE('',*,*,#740,.F.);
#1015=ORIENTED_EDGE('',*,*,#758,.T.);
#1016=ORIENTED_EDGE('',*,*,#759,.T.);
#1017=ORIENTED_EDGE('',*,*,#755,.T.);
#1018=ORIENTED_EDGE('',*,*,#760,.F.);
#1019=ORIENTED_EDGE('',*,*,#682,.F.);
#1020=ORIENTED_EDGE('',*,*,#761,.T.);
#1021=ORIENTED_EDGE('',*,*,#743,.F.);
#1022=ORIENTED_EDGE('',*,*,#674,.F.);
#1023=ORIENTED_EDGE('',*,*,#762,.F.);
#1024=ORIENTED_EDGE('',*,*,#757,.T.);
#1025=ORIENTED_EDGE('',*,*,#763,.T.);
#1026=ORIENTED_EDGE('',*,*,#760,.T.);
#1027=ORIENTED_EDGE('',*,*,#722,.F.);
#1028=ORIENTED_EDGE('',*,*,#764,.F.);
#1029=ORIENTED_EDGE('',*,*,#690,.F.);
#1030=ORIENTED_EDGE('',*,*,#762,.T.);
#1031=ORIENTED_EDGE('',*,*,#677,.F.);
#1032=ORIENTED_EDGE('',*,*,#765,.F.);
#1033=ORIENTED_EDGE('',*,*,#724,.F.);
#1034=ORIENTED_EDGE('',*,*,#721,.F.);
#1035=ORIENTED_EDGE('',*,*,#766,.T.);
#1036=ORIENTED_EDGE('',*,*,#767,.T.);
#1037=ORIENTED_EDGE('',*,*,#728,.F.);
#1038=ORIENTED_EDGE('',*,*,#764,.T.);
#1039=ORIENTED_EDGE('',*,*,#727,.F.);
#1040=ORIENTED_EDGE('',*,*,#768,.T.);
#1041=ORIENTED_EDGE('',*,*,#769,.T.);
#1042=ORIENTED_EDGE('',*,*,#719,.F.);
#1043=ORIENTED_EDGE('',*,*,#765,.T.);
#1044=ORIENTED_EDGE('',*,*,#716,.F.);
#1045=ORIENTED_EDGE('',*,*,#770,.T.);
#1046=ORIENTED_EDGE('',*,*,#720,.F.);
#1047=ORIENTED_EDGE('',*,*,#771,.T.);
#1048=ORIENTED_EDGE('',*,*,#741,.F.);
#1049=ORIENTED_EDGE('',*,*,#680,.F.);
#1050=ORIENTED_EDGE('',*,*,#772,.F.);
#1051=ORIENTED_EDGE('',*,*,#701,.F.);
#1052=ORIENTED_EDGE('',*,*,#772,.T.);
#1053=ORIENTED_EDGE('',*,*,#688,.F.);
#1054=ORIENTED_EDGE('',*,*,#773,.F.);
#1055=ORIENTED_EDGE('',*,*,#702,.F.);
#1056=ORIENTED_EDGE('',*,*,#730,.F.);
#1057=ORIENTED_EDGE('',*,*,#774,.T.);
#1058=ORIENTED_EDGE('',*,*,#775,.F.);
#1059=ORIENTED_EDGE('',*,*,#703,.F.);
#1060=ORIENTED_EDGE('',*,*,#773,.T.);
#1061=ORIENTED_EDGE('',*,*,#775,.T.);
#1062=ORIENTED_EDGE('',*,*,#776,.T.);
#1063=ORIENTED_EDGE('',*,*,#713,.F.);
#1064=ORIENTED_EDGE('',*,*,#777,.T.);
#1065=ORIENTED_EDGE('',*,*,#778,.F.);
#1066=ORIENTED_EDGE('',*,*,#704,.F.);
#1067=ORIENTED_EDGE('',*,*,#778,.T.);
#1068=ORIENTED_EDGE('',*,*,#779,.T.);
#1069=ORIENTED_EDGE('',*,*,#725,.F.);
#1070=ORIENTED_EDGE('',*,*,#780,.F.);
#1071=ORIENTED_EDGE('',*,*,#705,.F.);
#1072=ORIENTED_EDGE('',*,*,#780,.T.);
#1073=ORIENTED_EDGE('',*,*,#675,.F.);
#1074=ORIENTED_EDGE('',*,*,#781,.F.);
#1075=ORIENTED_EDGE('',*,*,#706,.F.);
#1076=ORIENTED_EDGE('',*,*,#781,.T.);
#1077=ORIENTED_EDGE('',*,*,#668,.F.);
#1078=ORIENTED_EDGE('',*,*,#747,.F.);
#1079=ORIENTED_EDGE('',*,*,#707,.F.);
#1080=ORIENTED_EDGE('',*,*,#782,.T.);
#1081=ORIENTED_EDGE('',*,*,#783,.T.);
#1082=ORIENTED_EDGE('',*,*,#784,.T.);
#1083=ORIENTED_EDGE('',*,*,#783,.F.);
#1084=ORIENTED_EDGE('',*,*,#785,.T.);
#1085=ORIENTED_EDGE('',*,*,#782,.F.);
#1086=ORIENTED_EDGE('',*,*,#785,.F.);
#1087=ORIENTED_EDGE('',*,*,#786,.T.);
#1088=ORIENTED_EDGE('',*,*,#787,.T.);
#1089=ORIENTED_EDGE('',*,*,#663,.F.);
#1090=ORIENTED_EDGE('',*,*,#788,.T.);
#1091=ORIENTED_EDGE('',*,*,#648,.T.);
#1092=ORIENTED_EDGE('',*,*,#789,.T.);
#1093=ORIENTED_EDGE('',*,*,#790,.T.);
#1094=ORIENTED_EDGE('',*,*,#791,.F.);
#1095=ORIENTED_EDGE('',*,*,#792,.T.);
#1096=ORIENTED_EDGE('',*,*,#660,.T.);
#1097=ORIENTED_EDGE('',*,*,#793,.T.);
#1098=ORIENTED_EDGE('',*,*,#794,.F.);
#1099=ORIENTED_EDGE('',*,*,#795,.T.);
#1100=ORIENTED_EDGE('',*,*,#796,.T.);
#1101=ORIENTED_EDGE('',*,*,#797,.T.);
#1102=ORIENTED_EDGE('',*,*,#651,.F.);
#1103=ORIENTED_EDGE('',*,*,#798,.T.);
#1104=ORIENTED_EDGE('',*,*,#799,.T.);
#1105=ORIENTED_EDGE('',*,*,#800,.T.);
#1106=ORIENTED_EDGE('',*,*,#794,.T.);
#1107=ORIENTED_EDGE('',*,*,#801,.T.);
#1108=ORIENTED_EDGE('',*,*,#733,.F.);
#1109=ORIENTED_EDGE('',*,*,#655,.F.);
#1110=ORIENTED_EDGE('',*,*,#802,.T.);
#1111=ORIENTED_EDGE('',*,*,#799,.F.);
#1112=ORIENTED_EDGE('',*,*,#803,.T.);
#1113=ORIENTED_EDGE('',*,*,#623,.F.);
#1114=ORIENTED_EDGE('',*,*,#804,.T.);
#1115=ORIENTED_EDGE('',*,*,#791,.T.);
#1116=ORIENTED_EDGE('',*,*,#805,.T.);
#1117=ORIENTED_EDGE('',*,*,#712,.T.);
#1118=ORIENTED_EDGE('',*,*,#736,.F.);
#1119=ORIENTED_EDGE('',*,*,#806,.T.);
#1120=ORIENTED_EDGE('',*,*,#786,.F.);
#1121=ORIENTED_EDGE('',*,*,#807,.T.);
#1122=ORIENTED_EDGE('',*,*,#627,.F.);
#1123=ORIENTED_EDGE('',*,*,#784,.F.);
#1124=ORIENTED_EDGE('',*,*,#659,.F.);
#1125=ORIENTED_EDGE('',*,*,#734,.F.);
#1126=ORIENTED_EDGE('',*,*,#801,.F.);
#1127=ORIENTED_EDGE('',*,*,#793,.F.);
#1128=ORIENTED_EDGE('',*,*,#661,.F.);
#1129=ORIENTED_EDGE('',*,*,#795,.F.);
#1130=ORIENTED_EDGE('',*,*,#800,.F.);
#1131=ORIENTED_EDGE('',*,*,#630,.F.);
#1132=ORIENTED_EDGE('',*,*,#806,.F.);
#1133=ORIENTED_EDGE('',*,*,#735,.F.);
#1134=ORIENTED_EDGE('',*,*,#664,.F.);
#1135=ORIENTED_EDGE('',*,*,#787,.F.);
#1136=ORIENTED_EDGE('',*,*,#662,.F.);
#1137=ORIENTED_EDGE('',*,*,#628,.F.);
#1138=ORIENTED_EDGE('',*,*,#807,.F.);
#1139=ORIENTED_EDGE('',*,*,#788,.F.);
#1140=ORIENTED_EDGE('',*,*,#808,.T.);
#1141=ORIENTED_EDGE('',*,*,#809,.T.);
#1142=ORIENTED_EDGE('',*,*,#652,.F.);
#1143=ORIENTED_EDGE('',*,*,#693,.F.);
#1144=ORIENTED_EDGE('',*,*,#654,.F.);
#1145=ORIENTED_EDGE('',*,*,#810,.T.);
#1146=ORIENTED_EDGE('',*,*,#796,.F.);
#1147=ORIENTED_EDGE('',*,*,#802,.F.);
#1148=ORIENTED_EDGE('',*,*,#650,.F.);
#1149=ORIENTED_EDGE('',*,*,#624,.F.);
#1150=ORIENTED_EDGE('',*,*,#803,.F.);
#1151=ORIENTED_EDGE('',*,*,#798,.F.);
#1152=ORIENTED_EDGE('',*,*,#649,.F.);
#1153=ORIENTED_EDGE('',*,*,#792,.F.);
#1154=ORIENTED_EDGE('',*,*,#804,.F.);
#1155=ORIENTED_EDGE('',*,*,#626,.F.);
#1156=ORIENTED_EDGE('',*,*,#790,.F.);
#1157=ORIENTED_EDGE('',*,*,#811,.T.);
#1158=ORIENTED_EDGE('',*,*,#708,.F.);
#1159=ORIENTED_EDGE('',*,*,#805,.F.);
#1160=ORIENTED_EDGE('',*,*,#812,.T.);
#1161=ORIENTED_EDGE('',*,*,#813,.T.);
#1162=ORIENTED_EDGE('',*,*,#737,.F.);
#1163=ORIENTED_EDGE('',*,*,#699,.F.);
#1164=ORIENTED_EDGE('',*,*,#746,.F.);
#1165=ORIENTED_EDGE('',*,*,#814,.T.);
#1166=ORIENTED_EDGE('',*,*,#808,.F.);
#1167=ORIENTED_EDGE('',*,*,#692,.F.);
#1168=ORIENTED_EDGE('',*,*,#710,.F.);
#1169=ORIENTED_EDGE('',*,*,#815,.T.);
#1170=ORIENTED_EDGE('',*,*,#812,.F.);
#1171=ORIENTED_EDGE('',*,*,#698,.F.);
#1172=ORIENTED_EDGE('',*,*,#774,.F.);
#1173=ORIENTED_EDGE('',*,*,#729,.F.);
#1174=ORIENTED_EDGE('',*,*,#816,.F.);
#1175=ORIENTED_EDGE('',*,*,#714,.F.);
#1176=ORIENTED_EDGE('',*,*,#776,.F.);
#1177=ORIENTED_EDGE('',*,*,#816,.T.);
#1178=ORIENTED_EDGE('',*,*,#767,.F.);
#1179=ORIENTED_EDGE('',*,*,#817,.F.);
#1180=ORIENTED_EDGE('',*,*,#715,.F.);
#1181=ORIENTED_EDGE('',*,*,#817,.T.);
#1182=ORIENTED_EDGE('',*,*,#766,.F.);
#1183=ORIENTED_EDGE('',*,*,#770,.F.);
#1184=ORIENTED_EDGE('',*,*,#777,.F.);
#1185=ORIENTED_EDGE('',*,*,#718,.F.);
#1186=ORIENTED_EDGE('',*,*,#818,.F.);
#1187=ORIENTED_EDGE('',*,*,#726,.F.);
#1188=ORIENTED_EDGE('',*,*,#779,.F.);
#1189=ORIENTED_EDGE('',*,*,#818,.T.);
#1190=ORIENTED_EDGE('',*,*,#717,.F.);
#1191=ORIENTED_EDGE('',*,*,#819,.F.);
#1192=ORIENTED_EDGE('',*,*,#768,.F.);
#1193=ORIENTED_EDGE('',*,*,#771,.F.);
#1194=ORIENTED_EDGE('',*,*,#769,.F.);
#1195=ORIENTED_EDGE('',*,*,#819,.T.);
#1196=ORIENTED_EDGE('',*,*,#745,.F.);
#1197=ORIENTED_EDGE('',*,*,#820,.T.);
#1198=ORIENTED_EDGE('',*,*,#643,.F.);
#1199=ORIENTED_EDGE('',*,*,#797,.F.);
#1200=ORIENTED_EDGE('',*,*,#810,.F.);
#1201=ORIENTED_EDGE('',*,*,#653,.F.);
#1202=ORIENTED_EDGE('',*,*,#809,.F.);
#1203=ORIENTED_EDGE('',*,*,#814,.F.);
#1204=ORIENTED_EDGE('',*,*,#647,.F.);
#1205=ORIENTED_EDGE('',*,*,#821,.T.);
#1206=ORIENTED_EDGE('',*,*,#738,.F.);
#1207=ORIENTED_EDGE('',*,*,#813,.F.);
#1208=ORIENTED_EDGE('',*,*,#815,.F.);
#1209=ORIENTED_EDGE('',*,*,#709,.F.);
#1210=ORIENTED_EDGE('',*,*,#811,.F.);
#1211=ORIENTED_EDGE('',*,*,#789,.F.);
#1212=ORIENTED_EDGE('',*,*,#739,.F.);
#1213=ORIENTED_EDGE('',*,*,#821,.F.);
#1214=ORIENTED_EDGE('',*,*,#822,.F.);
#1215=ORIENTED_EDGE('',*,*,#758,.F.);
#1216=ORIENTED_EDGE('',*,*,#822,.T.);
#1217=ORIENTED_EDGE('',*,*,#646,.F.);
#1218=ORIENTED_EDGE('',*,*,#823,.F.);
#1219=ORIENTED_EDGE('',*,*,#759,.F.);
#1220=ORIENTED_EDGE('',*,*,#823,.T.);
#1221=ORIENTED_EDGE('',*,*,#645,.F.);
#1222=ORIENTED_EDGE('',*,*,#824,.F.);
#1223=ORIENTED_EDGE('',*,*,#756,.F.);
#1224=ORIENTED_EDGE('',*,*,#824,.T.);
#1225=ORIENTED_EDGE('',*,*,#644,.F.);
#1226=ORIENTED_EDGE('',*,*,#825,.F.);
#1227=ORIENTED_EDGE('',*,*,#763,.F.);
#1228=ORIENTED_EDGE('',*,*,#825,.T.);
#1229=ORIENTED_EDGE('',*,*,#820,.F.);
#1230=ORIENTED_EDGE('',*,*,#744,.F.);
#1231=ORIENTED_EDGE('',*,*,#761,.F.);
#1232=CYLINDRICAL_SURFACE('',#1371,0.00325);
#1233=CYLINDRICAL_SURFACE('',#1373,0.00325);
#1234=CYLINDRICAL_SURFACE('',#1383,0.0982);
#1235=CYLINDRICAL_SURFACE('',#1384,0.0908261461120307);
#1236=CYLINDRICAL_SURFACE('',#1387,0.0982);
#1237=CYLINDRICAL_SURFACE('',#1388,0.005);
#1238=CYLINDRICAL_SURFACE('',#1391,0.0928261461120307);
#1239=CYLINDRICAL_SURFACE('',#1393,0.005);
#1240=CYLINDRICAL_SURFACE('',#1396,0.0928261461120879);
#1241=CYLINDRICAL_SURFACE('',#1412,0.0908261461120879);
#1242=CYLINDRICAL_SURFACE('',#1415,0.1);
#1243=CYLINDRICAL_SURFACE('',#1416,0.01);
#1244=CYLINDRICAL_SURFACE('',#1418,0.01);
#1245=CYLINDRICAL_SURFACE('',#1421,0.008);
#1246=CYLINDRICAL_SURFACE('',#1423,0.008);
#1247=CYLINDRICAL_SURFACE('',#1431,0.00155);
#1248=CYLINDRICAL_SURFACE('',#1435,0.00275);
#1249=CYLINDRICAL_SURFACE('',#1436,0.00155);
#1250=CYLINDRICAL_SURFACE('',#1440,0.00275);
#1251=CYLINDRICAL_SURFACE('',#1441,0.005);
#1252=CYLINDRICAL_SURFACE('',#1452,0.005);
#1253=CYLINDRICAL_SURFACE('',#1458,0.0005);
#1254=CYLINDRICAL_SURFACE('',#1464,0.0021);
#1255=CYLINDRICAL_SURFACE('',#1466,0.0982);
#1256=CYLINDRICAL_SURFACE('',#1480,0.0015);
#1257=CYLINDRICAL_SURFACE('',#1481,0.0015);
#1258=CYLINDRICAL_SURFACE('',#1482,0.0015);
#1259=CYLINDRICAL_SURFACE('',#1483,0.0015);
#1260=CYLINDRICAL_SURFACE('',#1484,0.0015);
#1261=CYLINDRICAL_SURFACE('',#1485,0.0015);
#1262=CYLINDRICAL_SURFACE('',#1486,0.0015);
#1263=CYLINDRICAL_SURFACE('',#1487,0.0015);
#1264=CYLINDRICAL_SURFACE('',#1488,0.0015);
#1265=CYLINDRICAL_SURFACE('',#1489,0.0015);
#1266=CYLINDRICAL_SURFACE('',#1490,0.0015);
#1267=CYLINDRICAL_SURFACE('',#1491,0.0015);
#1268=CYLINDRICAL_SURFACE('',#1492,0.002);
#1269=CYLINDRICAL_SURFACE('',#1495,0.002);
#1270=CYLINDRICAL_SURFACE('',#1502,0.0002);
#1271=ADVANCED_FACE('',(#60),#1232,.T.);
#1272=ADVANCED_FACE('',(#61),#1233,.T.);
#1273=ADVANCED_FACE('',(#62),#44,.F.);
#1274=ADVANCED_FACE('',(#63),#45,.F.);
#1275=ADVANCED_FACE('',(#64),#46,.F.);
#1276=ADVANCED_FACE('',(#65),#47,.F.);
#1277=ADVANCED_FACE('',(#66,#37),#1234,.F.);
#1278=ADVANCED_FACE('',(#67),#1235,.F.);
#1279=ADVANCED_FACE('',(#68),#1236,.F.);
#1280=ADVANCED_FACE('',(#69),#1237,.T.);
#1281=ADVANCED_FACE('',(#70),#1238,.T.);
#1282=ADVANCED_FACE('',(#71),#1239,.T.);
#1283=ADVANCED_FACE('',(#72),#1240,.T.);
#1284=ADVANCED_FACE('',(#73),#48,.T.);
#1285=ADVANCED_FACE('',(#74),#1241,.F.);
#1286=ADVANCED_FACE('',(#75),#49,.T.);
#1287=ADVANCED_FACE('',(#76,#38),#1242,.T.);
#1288=ADVANCED_FACE('',(#77),#1243,.T.);
#1289=ADVANCED_FACE('',(#78),#1244,.T.);
#1290=ADVANCED_FACE('',(#79),#50,.F.);
#1291=ADVANCED_FACE('',(#80),#1245,.F.);
#1292=ADVANCED_FACE('',(#81),#1246,.F.);
#1293=ADVANCED_FACE('',(#82,#39),#51,.F.);
#1294=ADVANCED_FACE('',(#83,#40),#52,.T.);
#1295=ADVANCED_FACE('',(#84),#1247,.F.);
#1296=ADVANCED_FACE('',(#85,#41),#53,.T.);
#1297=ADVANCED_FACE('',(#86),#1248,.F.);
#1298=ADVANCED_FACE('',(#87),#1249,.F.);
#1299=ADVANCED_FACE('',(#88,#42),#54,.T.);
#1300=ADVANCED_FACE('',(#89),#1250,.F.);
#1301=ADVANCED_FACE('',(#90),#1251,.T.);
#1302=ADVANCED_FACE('',(#91),#35,.T.);
#1303=ADVANCED_FACE('',(#92),#36,.T.);
#1304=ADVANCED_FACE('',(#93),#21,.T.);
#1305=ADVANCED_FACE('',(#94),#22,.T.);
#1306=ADVANCED_FACE('',(#95),#23,.T.);
#1307=ADVANCED_FACE('',(#96),#24,.T.);
#1308=ADVANCED_FACE('',(#97),#1252,.T.);
#1309=ADVANCED_FACE('',(#98),#15,.T.);
#1310=ADVANCED_FACE('',(#99),#16,.T.);
#1311=ADVANCED_FACE('',(#100),#17,.T.);
#1312=ADVANCED_FACE('',(#101),#1253,.T.);
#1313=ADVANCED_FACE('',(#102),#18,.T.);
#1314=ADVANCED_FACE('',(#103),#19,.T.);
#1315=ADVANCED_FACE('',(#104),#20,.T.);
#1316=ADVANCED_FACE('',(#105),#1254,.F.);
#1317=ADVANCED_FACE('',(#106),#1255,.F.);
#1318=ADVANCED_FACE('',(#107),#55,.T.);
#1319=ADVANCED_FACE('',(#108),#56,.F.);
#1320=ADVANCED_FACE('',(#109),#57,.F.);
#1321=ADVANCED_FACE('',(#110),#58,.T.);
#1322=ADVANCED_FACE('',(#111,#43),#59,.T.);
#1323=ADVANCED_FACE('',(#112),#1256,.F.);
#1324=ADVANCED_FACE('',(#113),#1257,.F.);
#1325=ADVANCED_FACE('',(#114),#1258,.F.);
#1326=ADVANCED_FACE('',(#115),#1259,.F.);
#1327=ADVANCED_FACE('',(#116),#1260,.F.);
#1328=ADVANCED_FACE('',(#117),#1261,.F.);
#1329=ADVANCED_FACE('',(#118),#1262,.F.);
#1330=ADVANCED_FACE('',(#119),#1263,.F.);
#1331=ADVANCED_FACE('',(#120),#1264,.F.);
#1332=ADVANCED_FACE('',(#121),#1265,.T.);
#1333=ADVANCED_FACE('',(#122),#1266,.T.);
#1334=ADVANCED_FACE('',(#123),#1267,.F.);
#1335=ADVANCED_FACE('',(#124),#1268,.T.);
#1336=ADVANCED_FACE('',(#125),#25,.T.);
#1337=ADVANCED_FACE('',(#126),#26,.T.);
#1338=ADVANCED_FACE('',(#127),#1269,.T.);
#1339=ADVANCED_FACE('',(#128),#27,.T.);
#1340=ADVANCED_FACE('',(#129),#28,.T.);
#1341=ADVANCED_FACE('',(#130),#29,.F.);
#1342=ADVANCED_FACE('',(#131),#30,.F.);
#1343=ADVANCED_FACE('',(#132),#31,.T.);
#1344=ADVANCED_FACE('',(#133),#32,.T.);
#1345=ADVANCED_FACE('',(#134),#1270,.T.);
#1346=ADVANCED_FACE('',(#135),#33,.T.);
#1347=ADVANCED_FACE('',(#136),#34,.T.);
#1348=CLOSED_SHELL('',(#1271,#1272,#1273,#1274,#1275,#1276,#1277,#1278,
#1279,#1280,#1281,#1282,#1283,#1284,#1285,#1286,#1287,#1288,#1289,#1290,
#1291,#1292,#1293,#1294,#1295,#1296,#1297,#1298,#1299,#1300,#1301,#1302,
#1303,#1304,#1305,#1306,#1307,#1308,#1309,#1310,#1311,#1312,#1313,#1314,
#1315,#1316,#1317,#1318,#1319,#1320,#1321,#1322,#1323,#1324,#1325,#1326,
#1327,#1328,#1329,#1330,#1331,#1332,#1333,#1334,#1335,#1336,#1337,#1338,
#1339,#1340,#1341,#1342,#1343,#1344,#1345,#1346,#1347));
#1349=DERIVED_UNIT_ELEMENT(#1352,1.);
#1350=DERIVED_UNIT_ELEMENT(#2923,-3.);
#1351=DIMENSIONAL_EXPONENTS(0.,1.,0.,0.,0.,0.,0.);
#1352=(
CONVERSION_BASED_UNIT('gram',#1354)
MASS_UNIT()
NAMED_UNIT(#1351)
);
#1353=(
MASS_UNIT()
NAMED_UNIT(*)
SI_UNIT(.KILO.,.GRAM.)
);
#1354=MASS_MEASURE_WITH_UNIT(MASS_MEASURE(0.001),#1353);
#1355=DERIVED_UNIT((#1349,#1350));
#1356=MEASURE_REPRESENTATION_ITEM('density measure',
POSITIVE_RATIO_MEASURE(1.),#1355);
#1357=PROPERTY_DEFINITION_REPRESENTATION(#1362,#1359);
#1358=PROPERTY_DEFINITION_REPRESENTATION(#1363,#1360);
#1359=REPRESENTATION('material name',(#1361),#2920);
#1360=REPRESENTATION('density',(#1356),#2920);
#1361=DESCRIPTIVE_REPRESENTATION_ITEM('G\X\E9n\X\E9rique','G\X\E9n\X\E9
rique');
#1362=PROPERTY_DEFINITION('material property','material name',#2930);
#1363=PROPERTY_DEFINITION('material property','density of part',#2930);
#1364=DATE_TIME_ROLE('creation_date');
#1365=APPLIED_DATE_AND_TIME_ASSIGNMENT(#1366,#1364,(#2930));
#1366=DATE_AND_TIME(#1367,#1368);
#1367=CALENDAR_DATE(2026,14,1);
#1368=LOCAL_TIME(0,0,0.,#1369);
#1369=COORDINATED_UNIVERSAL_TIME_OFFSET(0,0,.BEHIND.);
#1370=AXIS2_PLACEMENT_3D('',#1845,#1505,#1506);
#1371=AXIS2_PLACEMENT_3D('',#1846,#1507,#1508);
#1372=AXIS2_PLACEMENT_3D('',#1849,#1509,#1510);
#1373=AXIS2_PLACEMENT_3D('',#1868,#1513,#1514);
#1374=AXIS2_PLACEMENT_3D('',#1871,#1515,#1516);
#1375=AXIS2_PLACEMENT_3D('',#1891,#1519,#1520);
#1376=AXIS2_PLACEMENT_3D('',#1900,#1525,#1526);
#1377=AXIS2_PLACEMENT_3D('',#1902,#1527,#1528);
#1378=AXIS2_PLACEMENT_3D('',#1904,#1529,#1530);
#1379=AXIS2_PLACEMENT_3D('',#1906,#1532,#1533);
#1380=AXIS2_PLACEMENT_3D('',#1912,#1537,#1538);
#1381=AXIS2_PLACEMENT_3D('',#1913,#1539,#1540);
#1382=AXIS2_PLACEMENT_3D('',#1914,#1541,#1542);
#1383=AXIS2_PLACEMENT_3D('',#1915,#1543,#1544);
#1384=AXIS2_PLACEMENT_3D('',#1959,#1548,#1549);
#1385=AXIS2_PLACEMENT_3D('',#1971,#1552,#1553);
#1386=AXIS2_PLACEMENT_3D('',#1974,#1555,#1556);
#1387=AXIS2_PLACEMENT_3D('',#1975,#1557,#1558);
#1388=AXIS2_PLACEMENT_3D('',#2043,#1562,#1563);
#1389=AXIS2_PLACEMENT_3D('',#2048,#1565,#1566);
#1390=AXIS2_PLACEMENT_3D('',#2093,#1570,#1571);
#1391=AXIS2_PLACEMENT_3D('',#2094,#1572,#1573);
#1392=AXIS2_PLACEMENT_3D('',#2096,#1574,#1575);
#1393=AXIS2_PLACEMENT_3D('',#2113,#1577,#1578);
#1394=AXIS2_PLACEMENT_3D('',#2118,#1580,#1581);
#1395=AXIS2_PLACEMENT_3D('',#2122,#1583,#1584);
#1396=AXIS2_PLACEMENT_3D('',#2164,#1587,#1588);
#1397=AXIS2_PLACEMENT_3D('',#2168,#1590,#1591);
#1398=AXIS2_PLACEMENT_3D('',#2184,#1592,#1593);
#1399=AXIS2_PLACEMENT_3D('',#2189,#1595,#1596);
#1400=AXIS2_PLACEMENT_3D('',#2190,#1597,#1598);
#1401=AXIS2_PLACEMENT_3D('',#2192,#1599,#1600);
#1402=AXIS2_PLACEMENT_3D('',#2196,#1602,#1603);
#1403=AXIS2_PLACEMENT_3D('',#2198,#1604,#1605);
#1404=AXIS2_PLACEMENT_3D('',#2200,#1606,#1607);
#1405=AXIS2_PLACEMENT_3D('',#2202,#1608,#1609);
#1406=AXIS2_PLACEMENT_3D('',#2206,#1611,#1612);
#1407=AXIS2_PLACEMENT_3D('',#2208,#1613,#1614);
#1408=AXIS2_PLACEMENT_3D('',#2210,#1615,#1616);
#1409=AXIS2_PLACEMENT_3D('',#2214,#1618,#1619);
#1410=AXIS2_PLACEMENT_3D('',#2216,#1620,#1621);
#1411=AXIS2_PLACEMENT_3D('',#2217,#1622,#1623);
#1412=AXIS2_PLACEMENT_3D('',#2218,#1624,#1625);
#1413=AXIS2_PLACEMENT_3D('',#2230,#1629,#1630);
#1414=AXIS2_PLACEMENT_3D('',#2231,#1631,#1632);
#1415=AXIS2_PLACEMENT_3D('',#2250,#1637,#1638);
#1416=AXIS2_PLACEMENT_3D('',#2281,#1641,#1642);
#1417=AXIS2_PLACEMENT_3D('',#2283,#1643,#1644);
#1418=AXIS2_PLACEMENT_3D('',#2299,#1646,#1647);
#1419=AXIS2_PLACEMENT_3D('',#2310,#1649,#1650);
#1420=AXIS2_PLACEMENT_3D('',#2311,#1651,#1652);
#1421=AXIS2_PLACEMENT_3D('',#2314,#1655,#1656);
#1422=AXIS2_PLACEMENT_3D('',#2316,#1657,#1658);
#1423=AXIS2_PLACEMENT_3D('',#2318,#1660,#1661);
#1424=AXIS2_PLACEMENT_3D('',#2321,#1663,#1664);
#1425=AXIS2_PLACEMENT_3D('',#2322,#1665,#1666);
#1426=AXIS2_PLACEMENT_3D('',#2351,#1668,#1669);
#1427=AXIS2_PLACEMENT_3D('',#2363,#1670,#1671);
#1428=AXIS2_PLACEMENT_3D('',#2364,#1672,#1673);
#1429=AXIS2_PLACEMENT_3D('',#2366,#1674,#1675);
#1430=AXIS2_PLACEMENT_3D('',#2405,#1677,#1678);
#1431=AXIS2_PLACEMENT_3D('',#2406,#1679,#1680);
#1432=AXIS2_PLACEMENT_3D('',#2408,#1681,#1682);
#1433=AXIS2_PLACEMENT_3D('',#2410,#1684,#1685);
#1434=AXIS2_PLACEMENT_3D('',#2411,#1686,#1687);
#1435=AXIS2_PLACEMENT_3D('',#2412,#1688,#1689);
#1436=AXIS2_PLACEMENT_3D('',#2413,#1690,#1691);
#1437=AXIS2_PLACEMENT_3D('',#2415,#1692,#1693);
#1438=AXIS2_PLACEMENT_3D('',#2417,#1695,#1696);
#1439=AXIS2_PLACEMENT_3D('',#2418,#1697,#1698);
#1440=AXIS2_PLACEMENT_3D('',#2419,#1699,#1700);
#1441=AXIS2_PLACEMENT_3D('',#2420,#1701,#1702);
#1442=AXIS2_PLACEMENT_3D('',#2422,#1703,#1704);
#1443=AXIS2_PLACEMENT_3D('',#2425,#1706,#1707);
#1444=AXIS2_PLACEMENT_3D('',#2426,#1708,#1709);
#1445=AXIS2_PLACEMENT_3D('',#2428,#1710,#1711);
#1446=AXIS2_PLACEMENT_3D('',#2433,#1712,#1713);
#1447=AXIS2_PLACEMENT_3D('',#2434,#1714,#1715);
#1448=AXIS2_PLACEMENT_3D('',#2436,#1716,#1717);
#1449=AXIS2_PLACEMENT_3D('',#2437,#1718,#1719);
#1450=AXIS2_PLACEMENT_3D('',#2454,#1720,#1721);
#1451=AXIS2_PLACEMENT_3D('',#2467,#1722,#1723);
#1452=AXIS2_PLACEMENT_3D('',#2531,#1724,#1725);
#1453=AXIS2_PLACEMENT_3D('',#2542,#1726,#1727);
#1454=AXIS2_PLACEMENT_3D('',#2543,#1728,#1729);
#1455=AXIS2_PLACEMENT_3D('',#2544,#1730,#1731);
#1456=AXIS2_PLACEMENT_3D('',#2545,#1732,#1733);
#1457=AXIS2_PLACEMENT_3D('',#2546,#1734,#1735);
#1458=AXIS2_PLACEMENT_3D('',#2566,#1736,#1737);
#1459=AXIS2_PLACEMENT_3D('',#2588,#1738,#1739);
#1460=AXIS2_PLACEMENT_3D('',#2597,#1740,#1741);
#1461=AXIS2_PLACEMENT_3D('',#2598,#1742,#1743);
#1462=AXIS2_PLACEMENT_3D('',#2599,#1744,#1745);
#1463=AXIS2_PLACEMENT_3D('',#2600,#1746,#1747);
#1464=AXIS2_PLACEMENT_3D('',#2601,#1748,#1749);
#1465=AXIS2_PLACEMENT_3D('',#2610,#1751,#1752);
#1466=AXIS2_PLACEMENT_3D('',#2645,#1753,#1754);
#1467=AXIS2_PLACEMENT_3D('',#2646,#1755,#1756);
#1468=AXIS2_PLACEMENT_3D('',#2652,#1760,#1761);
#1469=AXIS2_PLACEMENT_3D('',#2665,#1765,#1766);
#1470=AXIS2_PLACEMENT_3D('',#2671,#1770,#1771);
#1471=AXIS2_PLACEMENT_3D('',#2684,#1775,#1776);
#1472=AXIS2_PLACEMENT_3D('',#2685,#1777,#1778);
#1473=AXIS2_PLACEMENT_3D('',#2686,#1779,#1780);
#1474=AXIS2_PLACEMENT_3D('',#2687,#1781,#1782);
#1475=AXIS2_PLACEMENT_3D('',#2688,#1783,#1784);
#1476=AXIS2_PLACEMENT_3D('',#2689,#1785,#1786);
#1477=AXIS2_PLACEMENT_3D('',#2690,#1787,#1788);
#1478=AXIS2_PLACEMENT_3D('',#2691,#1789,#1790);
#1479=AXIS2_PLACEMENT_3D('',#2692,#1791,#1792);
#1480=AXIS2_PLACEMENT_3D('',#2693,#1793,#1794);
#1481=AXIS2_PLACEMENT_3D('',#2694,#1795,#1796);
#1482=AXIS2_PLACEMENT_3D('',#2695,#1797,#1798);
#1483=AXIS2_PLACEMENT_3D('',#2696,#1799,#1800);
#1484=AXIS2_PLACEMENT_3D('',#2697,#1801,#1802);
#1485=AXIS2_PLACEMENT_3D('',#2713,#1804,#1805);
#1486=AXIS2_PLACEMENT_3D('',#2721,#1806,#1807);
#1487=AXIS2_PLACEMENT_3D('',#2722,#1808,#1809);
#1488=AXIS2_PLACEMENT_3D('',#2723,#1810,#1811);
#1489=AXIS2_PLACEMENT_3D('',#2731,#1812,#1813);
#1490=AXIS2_PLACEMENT_3D('',#2746,#1815,#1816);
#1491=AXIS2_PLACEMENT_3D('',#2759,#1817,#1818);
#1492=AXIS2_PLACEMENT_3D('',#2773,#1819,#1820);
#1493=AXIS2_PLACEMENT_3D('',#2774,#1821,#1822);
#1494=AXIS2_PLACEMENT_3D('',#2787,#1823,#1824);
#1495=AXIS2_PLACEMENT_3D('',#2803,#1825,#1826);
#1496=AXIS2_PLACEMENT_3D('',#2804,#1827,#1828);
#1497=AXIS2_PLACEMENT_3D('',#2817,#1829,#1830);
#1498=AXIS2_PLACEMENT_3D('',#2848,#1831,#1832);
#1499=AXIS2_PLACEMENT_3D('',#2864,#1833,#1834);
#1500=AXIS2_PLACEMENT_3D('',#2877,#1835,#1836);
#1501=AXIS2_PLACEMENT_3D('',#2890,#1837,#1838);
#1502=AXIS2_PLACEMENT_3D('',#2891,#1839,#1840);
#1503=AXIS2_PLACEMENT_3D('',#2892,#1841,#1842);
#1504=AXIS2_PLACEMENT_3D('',#2905,#1843,#1844);
#1505=DIRECTION('axis',(0.,0.,1.));
#1506=DIRECTION('refdir',(1.,0.,0.));
#1507=DIRECTION('center_axis',(-3.01691039300288E-16,1.,0.));
#1508=DIRECTION('ref_axis',(-1.,-3.01691039300288E-16,0.));
#1509=DIRECTION('center_axis',(0.,-1.,0.));
#1510=DIRECTION('ref_axis',(-1.,-3.01691039300288E-16,0.));
#1511=DIRECTION('',(-3.01691039300288E-16,1.,0.));
#1512=DIRECTION('',(-3.01691039300288E-16,1.,0.));
#1513=DIRECTION('center_axis',(-3.01691039300288E-16,1.,0.));
#1514=DIRECTION('ref_axis',(1.,3.01691039300288E-16,-7.6571373978539E-16));
#1515=DIRECTION('center_axis',(0.,-1.,0.));
#1516=DIRECTION('ref_axis',(-1.,-3.01691039300288E-16,0.));
#1517=DIRECTION('',(-3.01691039300288E-16,1.,0.));
#1518=DIRECTION('',(-3.01691039300288E-16,1.,0.));
#1519=DIRECTION('center_axis',(-1.,-2.96059473233375E-16,0.));
#1520=DIRECTION('ref_axis',(0.,0.,-1.));
#1521=DIRECTION('',(0.,0.,-1.));
#1522=DIRECTION('',(2.96059473233375E-16,-1.,0.));
#1523=DIRECTION('',(0.,0.,1.));
#1524=DIRECTION('',(2.96059473233375E-16,-1.,0.));
#1525=DIRECTION('center_axis',(0.,0.,-1.));
#1526=DIRECTION('ref_axis',(1.,3.01691039300288E-16,0.));
#1527=DIRECTION('center_axis',(0.,0.,1.));
#1528=DIRECTION('ref_axis',(-1.,0.,0.));
#1529=DIRECTION('center_axis',(0.,0.,-1.));
#1530=DIRECTION('ref_axis',(-1.,0.,0.));
#1531=DIRECTION('',(2.96059473233375E-16,-1.,0.));
#1532=DIRECTION('center_axis',(1.,2.96059473233375E-16,0.));
#1533=DIRECTION('ref_axis',(0.,0.,1.));
#1534=DIRECTION('',(0.,0.,1.));
#1535=DIRECTION('',(0.,0.,-1.));
#1536=DIRECTION('',(2.96059473233375E-16,-1.,0.));
#1537=DIRECTION('center_axis',(1.38777878078145E-16,4.1086505480261E-32,
1.));
#1538=DIRECTION('ref_axis',(-1.,-3.01691039300288E-16,1.38777878078145E-16));
#1539=DIRECTION('center_axis',(-1.38777878078145E-16,-4.1086505480261E-32,
-1.));
#1540=DIRECTION('ref_axis',(-1.,0.,0.));
#1541=DIRECTION('center_axis',(1.38777878078145E-16,4.1086505480261E-32,
1.));
#1542=DIRECTION('ref_axis',(-1.,0.,0.));
#1543=DIRECTION('center_axis',(0.,0.,-1.));
#1544=DIRECTION('ref_axis',(-1.,0.,0.));
#1545=DIRECTION('',(0.,0.,-1.));
#1546=DIRECTION('',(0.,0.,-1.));
#1547=DIRECTION('',(0.,0.,-1.));
#1548=DIRECTION('center_axis',(0.,-1.,0.));
#1549=DIRECTION('ref_axis',(0.,0.,-1.));
#1550=DIRECTION('',(0.,-1.,0.));
#1551=DIRECTION('',(0.,-1.,0.));
#1552=DIRECTION('center_axis',(-3.01691039300288E-16,1.,-5.47382212626882E-48));
#1553=DIRECTION('ref_axis',(-1.,-3.01691039300288E-16,0.));
#1554=DIRECTION('',(0.,-1.,0.));
#1555=DIRECTION('center_axis',(-5.64137715764815E-17,1.,0.));
#1556=DIRECTION('ref_axis',(-1.,-5.64137715764815E-17,0.));
#1557=DIRECTION('center_axis',(0.,0.,-1.));
#1558=DIRECTION('ref_axis',(-1.,0.,0.));
#1559=DIRECTION('',(0.,0.,-1.));
#1560=DIRECTION('',(0.,0.,-1.));
#1561=DIRECTION('',(0.,0.,-1.));
#1562=DIRECTION('center_axis',(0.,-1.,0.));
#1563=DIRECTION('ref_axis',(0.,0.,-1.));
#1564=DIRECTION('',(0.,-1.,0.));
#1565=DIRECTION('center_axis',(-5.64137715764815E-17,1.,0.));
#1566=DIRECTION('ref_axis',(-1.,-5.64137715764815E-17,0.));
#1567=DIRECTION('',(0.,-1.,0.));
#1568=DIRECTION('',(0.,-1.,0.));
#1569=DIRECTION('',(0.,-1.,0.));
#1570=DIRECTION('center_axis',(0.,-1.,0.));
#1571=DIRECTION('ref_axis',(0.,0.,-1.));
#1572=DIRECTION('center_axis',(0.,-1.,0.));
#1573=DIRECTION('ref_axis',(0.,0.,-1.));
#1574=DIRECTION('center_axis',(-5.64137715764815E-17,1.,0.));
#1575=DIRECTION('ref_axis',(-1.,-5.64137715764815E-17,0.));
#1576=DIRECTION('',(0.,-1.,0.));
#1577=DIRECTION('center_axis',(0.,-1.,0.));
#1578=DIRECTION('ref_axis',(-0.646178338554227,0.,0.763186448244005));
#1579=DIRECTION('',(0.,-1.,0.));
#1580=DIRECTION('center_axis',(-5.64137715764815E-17,1.,0.));
#1581=DIRECTION('ref_axis',(-1.,-5.64137715764815E-17,0.));
#1582=DIRECTION('',(0.,-1.,0.));
#1583=DIRECTION('center_axis',(0.,-1.,0.));
#1584=DIRECTION('ref_axis',(0.,0.,-1.));
#1585=DIRECTION('',(0.,-1.,0.));
#1586=DIRECTION('',(0.,-1.,0.));
#1587=DIRECTION('center_axis',(0.,-1.,0.));
#1588=DIRECTION('ref_axis',(0.,0.,-1.));
#1589=DIRECTION('',(0.,-1.,0.));
#1590=DIRECTION('center_axis',(-5.64137715764815E-17,1.,0.));
#1591=DIRECTION('ref_axis',(-1.,-5.64137715764815E-17,0.));
#1592=DIRECTION('center_axis',(-5.64137715764815E-17,1.,0.));
#1593=DIRECTION('ref_axis',(-1.,-5.64137715764815E-17,0.));
#1594=DIRECTION('',(1.,5.64137715764815E-17,0.));
#1595=DIRECTION('center_axis',(-5.64137715764815E-17,1.,0.));
#1596=DIRECTION('ref_axis',(-1.,-5.64137715764815E-17,0.));
#1597=DIRECTION('center_axis',(-5.64137715764815E-17,1.,0.));
#1598=DIRECTION('ref_axis',(-1.,-5.64137715764815E-17,0.));
#1599=DIRECTION('center_axis',(-5.64137715764815E-17,1.,0.));
#1600=DIRECTION('ref_axis',(-1.,-5.64137715764815E-17,0.));
#1601=DIRECTION('',(0.,0.,-1.));
#1602=DIRECTION('center_axis',(-5.64137715764815E-17,1.,0.));
#1603=DIRECTION('ref_axis',(-1.,-5.64137715764815E-17,0.));
#1604=DIRECTION('center_axis',(-5.64137715764815E-17,1.,0.));
#1605=DIRECTION('ref_axis',(-1.,-5.64137715764815E-17,0.));
#1606=DIRECTION('center_axis',(-5.64137715764815E-17,1.,0.));
#1607=DIRECTION('ref_axis',(-1.,-5.64137715764815E-17,0.));
#1608=DIRECTION('center_axis',(-5.64137715764815E-17,1.,0.));
#1609=DIRECTION('ref_axis',(-1.,-5.64137715764815E-17,0.));
#1610=DIRECTION('',(1.,5.64137715764815E-17,0.));
#1611=DIRECTION('center_axis',(-5.64137715764815E-17,1.,0.));
#1612=DIRECTION('ref_axis',(-1.,-5.64137715764815E-17,0.));
#1613=DIRECTION('center_axis',(-5.64137715764815E-17,1.,0.));
#1614=DIRECTION('ref_axis',(-1.,-5.64137715764815E-17,0.));
#1615=DIRECTION('center_axis',(-5.64137715764815E-17,1.,0.));
#1616=DIRECTION('ref_axis',(-1.,-5.64137715764815E-17,0.));
#1617=DIRECTION('',(0.,0.,-1.));
#1618=DIRECTION('center_axis',(-5.64137715764815E-17,1.,0.));
#1619=DIRECTION('ref_axis',(-1.,-5.64137715764815E-17,0.));
#1620=DIRECTION('center_axis',(-5.64137715764815E-17,1.,0.));
#1621=DIRECTION('ref_axis',(-1.,-5.64137715764815E-17,0.));
#1622=DIRECTION('center_axis',(-5.64137715764815E-17,1.,0.));
#1623=DIRECTION('ref_axis',(-1.,-5.64137715764815E-17,0.));
#1624=DIRECTION('center_axis',(0.,-1.,0.));
#1625=DIRECTION('ref_axis',(0.,0.,-1.));
#1626=DIRECTION('',(0.,-1.,0.));
#1627=DIRECTION('',(0.,-1.,0.));
#1628=DIRECTION('',(0.,-1.,0.));
#1629=DIRECTION('center_axis',(-3.01691039300288E-16,1.,0.));
#1630=DIRECTION('ref_axis',(-1.,-3.01691039300288E-16,0.));
#1631=DIRECTION('center_axis',(1.,0.,0.));
#1632=DIRECTION('ref_axis',(0.,0.,-1.));
#1633=DIRECTION('',(0.,0.,-1.));
#1634=DIRECTION('',(0.,-1.,0.));
#1635=DIRECTION('',(0.,0.,1.));
#1636=DIRECTION('',(0.,-1.,0.));
#1637=DIRECTION('center_axis',(0.,0.,-1.));
#1638=DIRECTION('ref_axis',(-1.,0.,0.));
#1639=DIRECTION('',(0.,0.,-1.));
#1640=DIRECTION('',(0.,0.,-1.));
#1641=DIRECTION('center_axis',(0.,-1.,0.));
#1642=DIRECTION('ref_axis',(0.,0.,-1.));
#1643=DIRECTION('center_axis',(-5.64137715764815E-17,1.,0.));
#1644=DIRECTION('ref_axis',(-1.,-5.64137715764815E-17,0.));
#1645=DIRECTION('',(0.,-1.,0.));
#1646=DIRECTION('center_axis',(0.,-1.,0.));
#1647=DIRECTION('ref_axis',(0.,0.,-1.));
#1648=DIRECTION('',(0.,-1.,0.));
#1649=DIRECTION('center_axis',(-5.64137715764815E-17,1.,0.));
#1650=DIRECTION('ref_axis',(-1.,-5.64137715764815E-17,0.));
#1651=DIRECTION('center_axis',(1.,0.,0.));
#1652=DIRECTION('ref_axis',(0.,0.,-1.));
#1653=DIRECTION('',(0.,-1.,0.));
#1654=DIRECTION('',(0.,-1.,0.));
#1655=DIRECTION('center_axis',(0.,-1.,0.));
#1656=DIRECTION('ref_axis',(0.,0.,-1.));
#1657=DIRECTION('center_axis',(-3.01691039300288E-16,1.,-5.47382212626882E-48));
#1658=DIRECTION('ref_axis',(-1.,-3.01691039300288E-16,0.));
#1659=DIRECTION('',(0.,-1.,0.));
#1660=DIRECTION('center_axis',(0.,-1.,0.));
#1661=DIRECTION('ref_axis',(0.,0.,-1.));
#1662=DIRECTION('',(0.,-1.,0.));
#1663=DIRECTION('center_axis',(-3.01691039300288E-16,1.,0.));
#1664=DIRECTION('ref_axis',(-1.,-3.01691039300288E-16,0.));
#1665=DIRECTION('center_axis',(0.,0.,1.));
#1666=DIRECTION('ref_axis',(1.,0.,0.));
#1667=DIRECTION('',(-5.64137715764815E-17,1.,0.));
#1668=DIRECTION('center_axis',(0.,0.,1.));
#1669=DIRECTION('ref_axis',(1.,0.,0.));
#1670=DIRECTION('center_axis',(0.,0.,1.));
#1671=DIRECTION('ref_axis',(1.,0.,0.));
#1672=DIRECTION('center_axis',(0.,0.,1.));
#1673=DIRECTION('ref_axis',(1.,0.,0.));
#1674=DIRECTION('center_axis',(0.,0.,1.));
#1675=DIRECTION('ref_axis',(1.,0.,0.));
#1676=DIRECTION('',(0.,1.,0.));
#1677=DIRECTION('center_axis',(0.,0.,1.));
#1678=DIRECTION('ref_axis',(1.,0.,0.));
#1679=DIRECTION('center_axis',(0.,0.,-1.));
#1680=DIRECTION('ref_axis',(-1.,0.,0.));
#1681=DIRECTION('center_axis',(0.,0.,-1.));
#1682=DIRECTION('ref_axis',(-1.,0.,0.));
#1683=DIRECTION('',(0.,0.,-1.));
#1684=DIRECTION('center_axis',(0.,0.,1.));
#1685=DIRECTION('ref_axis',(1.,0.,0.));
#1686=DIRECTION('center_axis',(0.,0.,-1.));
#1687=DIRECTION('ref_axis',(-1.,0.,0.));
#1688=DIRECTION('center_axis',(0.,0.,-1.));
#1689=DIRECTION('ref_axis',(1.,-1.52214978148169E-14,0.));
#1690=DIRECTION('center_axis',(0.,0.,1.));
#1691=DIRECTION('ref_axis',(1.,0.,0.));
#1692=DIRECTION('center_axis',(0.,0.,1.));
#1693=DIRECTION('ref_axis',(1.,0.,0.));
#1694=DIRECTION('',(0.,0.,1.));
#1695=DIRECTION('center_axis',(0.,0.,-1.));
#1696=DIRECTION('ref_axis',(-1.,0.,0.));
#1697=DIRECTION('center_axis',(0.,0.,1.));
#1698=DIRECTION('ref_axis',(1.,0.,0.));
#1699=DIRECTION('center_axis',(0.,0.,1.));
#1700=DIRECTION('ref_axis',(1.,0.,0.));
#1701=DIRECTION('center_axis',(0.,0.,-1.));
#1702=DIRECTION('ref_axis',(-1.,0.,0.));
#1703=DIRECTION('center_axis',(0.,0.,1.));
#1704=DIRECTION('ref_axis',(1.,0.,0.));
#1705=DIRECTION('',(0.,0.,-1.));
#1706=DIRECTION('center_axis',(0.,0.,-1.));
#1707=DIRECTION('ref_axis',(-1.,0.,0.));
#1708=DIRECTION('center_axis',(1.,0.,0.));
#1709=DIRECTION('ref_axis',(0.,-1.,0.));
#1710=DIRECTION('center_axis',(0.933212877799862,0.357453923617836,-0.0366117084921586));
#1711=DIRECTION('ref_axis',(0.357592909950668,-0.933873055640968,-0.00290287802257616));
#1712=DIRECTION('center_axis',(0.946775992870627,0.317333421202639,-0.0539881386201437));
#1713=DIRECTION('ref_axis',(-0.317796903533476,0.948158809538009,-3.81639164714897E-17));
#1714=DIRECTION('center_axis',(1.,0.,0.));
#1715=DIRECTION('ref_axis',(0.,-1.,0.));
#1716=DIRECTION('center_axis',(0.933212877800059,0.357453923614241,0.0366117085222259));
#1717=DIRECTION('ref_axis',(0.359190909778278,-0.925239521256086,-0.122121736961372));
#1718=DIRECTION('center_axis',(0.946775992870625,0.317333421202638,0.0539881386201795));
#1719=DIRECTION('ref_axis',(-0.317796903533476,0.948158809538009,-4.5102810375397E-17));
#1720=DIRECTION('center_axis',(0.835850960423199,0.497849158446578,-0.231299345856512));
#1721=DIRECTION('ref_axis',(-0.511725816528214,0.859148816386622,-1.38777878078145E-17));
#1722=DIRECTION('center_axis',(0.835850960423162,0.497849158446567,0.231299345856668));
#1723=DIRECTION('ref_axis',(-0.511725816528222,0.859148816386617,-5.55111512312578E-17));
#1724=DIRECTION('center_axis',(0.,0.,-1.));
#1725=DIRECTION('ref_axis',(-1.,0.,0.));
#1726=DIRECTION('center_axis',(-5.64137715764815E-17,1.,0.));
#1727=DIRECTION('ref_axis',(-1.,0.,0.));
#1728=DIRECTION('center_axis',(0.998378135053426,0.,-0.0569306547234665));
#1729=DIRECTION('ref_axis',(-0.0569306547234665,0.,-0.998378135053426));
#1730=DIRECTION('center_axis',(-5.64137715764815E-17,1.,0.));
#1731=DIRECTION('ref_axis',(-1.,-5.60636269618084E-17,0.));
#1732=DIRECTION('center_axis',(0.963779553428213,0.,-0.266700154468863));
#1733=DIRECTION('ref_axis',(-0.266700154468863,0.,-0.963779553428212));
#1734=DIRECTION('center_axis',(-5.64137715764815E-17,1.,0.));
#1735=DIRECTION('ref_axis',(-1.,0.,0.));
#1736=DIRECTION('center_axis',(0.,0.,-1.));
#1737=DIRECTION('ref_axis',(-1.,0.,0.));
#1738=DIRECTION('center_axis',(-5.64137715764815E-17,1.,0.));
#1739=DIRECTION('ref_axis',(-1.,0.,0.));
#1740=DIRECTION('center_axis',(-0.963779553428159,0.,-0.266700154469057));
#1741=DIRECTION('ref_axis',(-0.266700154469057,0.,0.963779553428159));
#1742=DIRECTION('center_axis',(-5.64137715764815E-17,1.,0.));
#1743=DIRECTION('ref_axis',(-1.,-5.6063626961843E-17,0.));
#1744=DIRECTION('center_axis',(-0.998378135053424,0.,-0.0569306547235082));
#1745=DIRECTION('ref_axis',(-0.0569306547235082,0.,0.998378135053424));
#1746=DIRECTION('center_axis',(-5.64137715764815E-17,1.,0.));
#1747=DIRECTION('ref_axis',(-1.,0.,0.));
#1748=DIRECTION('center_axis',(-3.01691039300288E-16,1.,0.));
#1749=DIRECTION('ref_axis',(-1.,-3.01691039300288E-16,0.));
#1750=DIRECTION('',(-3.01691039300288E-16,1.,0.));
#1751=DIRECTION('center_axis',(0.,1.,0.));
#1752=DIRECTION('ref_axis',(-1.,-3.01691039300288E-16,0.));
#1753=DIRECTION('center_axis',(0.,0.,-1.));
#1754=DIRECTION('ref_axis',(-1.,0.,0.));
#1755=DIRECTION('center_axis',(1.,3.01691039300288E-16,0.));
#1756=DIRECTION('ref_axis',(-3.01691039300288E-16,1.,0.));
#1757=DIRECTION('',(0.,0.,1.));
#1758=DIRECTION('',(3.01691039300288E-16,-1.,0.));
#1759=DIRECTION('',(-3.01691039300288E-16,1.,0.));
#1760=DIRECTION('center_axis',(1.,3.01691039300288E-16,0.));
#1761=DIRECTION('ref_axis',(-3.01691039300288E-16,1.,0.));
#1762=DIRECTION('',(-3.01691039300288E-16,1.,0.));
#1763=DIRECTION('',(0.,0.,1.));
#1764=DIRECTION('',(3.01691039300288E-16,-1.,0.));
#1765=DIRECTION('center_axis',(-1.,-3.01691039300288E-16,-1.22464679914735E-16));
#1766=DIRECTION('ref_axis',(3.01691039300288E-16,-1.,0.));
#1767=DIRECTION('',(-3.01691039300288E-16,1.,-3.69464965610536E-32));
#1768=DIRECTION('',(1.22464679914735E-16,3.69464965610536E-32,-1.));
#1769=DIRECTION('',(3.01691039300288E-16,-1.,5.47382212626882E-48));
#1770=DIRECTION('center_axis',(-1.,-3.01691039300288E-16,-1.22464679914735E-16));
#1771=DIRECTION('ref_axis',(3.01691039300288E-16,-1.,0.));
#1772=DIRECTION('',(-3.01691039300288E-16,1.,-3.69464965610536E-32));
#1773=DIRECTION('',(-3.01691039300288E-16,1.,-5.47382212626882E-48));
#1774=DIRECTION('',(1.22464679914735E-16,3.69464965610536E-32,-1.));
#1775=DIRECTION('center_axis',(-3.01691039300288E-16,1.,-5.47382212626882E-48));
#1776=DIRECTION('ref_axis',(1.22464679914735E-16,3.69464965610535E-32,-1.));
#1777=DIRECTION('center_axis',(-3.01691039300288E-16,1.,-5.47382212626882E-48));
#1778=DIRECTION('ref_axis',(-1.,-3.01691039300288E-16,0.));
#1779=DIRECTION('center_axis',(-3.01691039300288E-16,1.,-5.47382212626882E-48));
#1780=DIRECTION('ref_axis',(-1.,-3.01691039300288E-16,0.));
#1781=DIRECTION('center_axis',(-3.01691039300288E-16,1.,-5.47382212626882E-48));
#1782=DIRECTION('ref_axis',(-1.,-3.01691039300288E-16,0.));
#1783=DIRECTION('center_axis',(-3.01691039300288E-16,1.,-5.47382212626882E-48));
#1784=DIRECTION('ref_axis',(-1.,-3.01691039300288E-16,0.));
#1785=DIRECTION('center_axis',(-3.01691039300288E-16,1.,0.));
#1786=DIRECTION('ref_axis',(-1.,-3.01691039300288E-16,0.));
#1787=DIRECTION('center_axis',(-3.01691039300288E-16,1.,0.));
#1788=DIRECTION('ref_axis',(-1.,-3.01691039300288E-16,0.));
#1789=DIRECTION('center_axis',(-3.01691039300288E-16,1.,0.));
#1790=DIRECTION('ref_axis',(-1.,-3.01691039300288E-16,0.));
#1791=DIRECTION('center_axis',(-3.01691039300288E-16,1.,0.));
#1792=DIRECTION('ref_axis',(-1.,-3.01691039300288E-16,0.));
#1793=DIRECTION('center_axis',(0.,-1.,0.));
#1794=DIRECTION('ref_axis',(0.,0.,-1.));
#1795=DIRECTION('center_axis',(-3.01691039300288E-16,1.,0.));
#1796=DIRECTION('ref_axis',(-1.,-3.01691039300288E-16,0.));
#1797=DIRECTION('center_axis',(0.,-1.,0.));
#1798=DIRECTION('ref_axis',(-0.577777303529233,0.,0.816194454481583));
#1799=DIRECTION('center_axis',(-3.01691039300288E-16,1.,0.));
#1800=DIRECTION('ref_axis',(-1.,-3.01691039300288E-16,0.));
#1801=DIRECTION('center_axis',(0.,-1.,0.));
#1802=DIRECTION('ref_axis',(0.,0.,-1.));
#1803=DIRECTION('',(0.,-1.,0.));
#1804=DIRECTION('center_axis',(0.,-1.,0.));
#1805=DIRECTION('ref_axis',(0.,0.,-1.));
#1806=DIRECTION('center_axis',(-3.01691039300288E-16,1.,0.));
#1807=DIRECTION('ref_axis',(-1.,-3.01691039300288E-16,0.));
#1808=DIRECTION('center_axis',(-3.01691039300288E-16,1.,0.));
#1809=DIRECTION('ref_axis',(-1.,-3.01691039300288E-16,0.));
#1810=DIRECTION('center_axis',(0.,-1.,0.));
#1811=DIRECTION('ref_axis',(0.,0.,-1.));
#1812=DIRECTION('center_axis',(-5.64137715764815E-17,1.,0.));
#1813=DIRECTION('ref_axis',(-1.,-5.64137715764815E-17,0.));
#1814=DIRECTION('',(-5.64137715764815E-17,1.,0.));
#1815=DIRECTION('center_axis',(0.,-1.,0.));
#1816=DIRECTION('ref_axis',(0.,0.,-1.));
#1817=DIRECTION('center_axis',(5.64137715764815E-17,-1.,0.));
#1818=DIRECTION('ref_axis',(1.,5.64137715764815E-17,0.));
#1819=DIRECTION('center_axis',(0.,-1.,0.));
#1820=DIRECTION('ref_axis',(0.,0.,-1.));
#1821=DIRECTION('center_axis',(0.,-1.,0.));
#1822=DIRECTION('ref_axis',(0.,0.,-1.));
#1823=DIRECTION('center_axis',(0.,-0.982356485597965,-0.187018007698764));
#1824=DIRECTION('ref_axis',(0.,0.187018007698764,-0.982356485597965));
#1825=DIRECTION('center_axis',(0.,-1.,0.));
#1826=DIRECTION('ref_axis',(0.,0.,-1.));
#1827=DIRECTION('center_axis',(0.,-1.,0.));
#1828=DIRECTION('ref_axis',(0.,0.,-1.));
#1829=DIRECTION('center_axis',(4.01697374707305E-15,-0.982356485597964,
0.187018007698769));
#1830=DIRECTION('ref_axis',(0.,-0.187018007698769,-0.982356485597964));
#1831=DIRECTION('center_axis',(-0.931371903509576,-0.362118782991158,-0.0376346164847134));
#1832=DIRECTION('ref_axis',(0.362261336530527,-0.932071074099071,0.0031995129193056));
#1833=DIRECTION('center_axis',(-0.931371903509544,-0.362118782991214,0.0376346164849619));
#1834=DIRECTION('ref_axis',(0.363754893131934,-0.921288142189749,0.137515587418798));
#1835=DIRECTION('center_axis',(-0.0352020608118355,-0.0104427541891985,
-0.999325654528865));
#1836=DIRECTION('ref_axis',(-0.999380147774282,-3.79470760369927E-19,0.0352039803808272));
#1837=DIRECTION('center_axis',(0.,0.,-1.));
#1838=DIRECTION('ref_axis',(-1.,0.,0.));
#1839=DIRECTION('center_axis',(0.,0.,-1.));
#1840=DIRECTION('ref_axis',(-1.,0.,0.));
#1841=DIRECTION('center_axis',(0.,0.,-1.));
#1842=DIRECTION('ref_axis',(-1.,0.,0.));
#1843=DIRECTION('center_axis',(0.0352020608118632,0.0104427541892134,-0.999325654528864));
#1844=DIRECTION('ref_axis',(-0.999380147774281,-3.25260651745651E-19,-0.0352039803808549));
#1845=CARTESIAN_POINT('',(0.,0.,0.));
#1846=CARTESIAN_POINT('Origin',(0.0616410161513775,-0.0259377786051853,
-2.34675764132757E-19));
#1847=CARTESIAN_POINT('',(0.0599304898355881,-0.01295,0.00276343983524007));
#1848=CARTESIAN_POINT('',(0.0599304898355881,-0.01295,-0.00276343983524008));
#1849=CARTESIAN_POINT('Origin',(0.0616410161513775,-0.01295,-2.34675764132757E-19));
#1850=CARTESIAN_POINT('',(0.0599304898355881,-0.0180241637535907,-0.00276343983524007));
#1851=CARTESIAN_POINT('',(0.0599304898355881,-0.0259377786051853,-0.00276343983524008));
#1852=CARTESIAN_POINT('',(0.0599304898355881,-0.0180241637535907,0.00276343983524007));
#1853=CARTESIAN_POINT('Ctrl Pts',(0.0599304898355881,-0.0180241637535909,
-0.00276343983524014));
#1854=CARTESIAN_POINT('Ctrl Pts',(0.059694276014553,-0.0181467379613257,
-0.00261722715064279));
#1855=CARTESIAN_POINT('Ctrl Pts',(0.0594772181292135,-0.0182581335546707,
-0.0024401430554859));
#1856=CARTESIAN_POINT('Ctrl Pts',(0.0590257904391329,-0.0184881960614753,
-0.00196702723019192));
#1857=CARTESIAN_POINT('Ctrl Pts',(0.0587892316818961,-0.0186071362492885,
-0.00161476538604396));
#1858=CARTESIAN_POINT('Ctrl Pts',(0.0584716745213376,-0.0187659770556135,
-0.00083391599250743));
#1859=CARTESIAN_POINT('Ctrl Pts',(0.0583910161513775,-0.0188059145572836,
-0.000405197703490922));
#1860=CARTESIAN_POINT('Ctrl Pts',(0.0583910161513775,-0.0188059145572836,
0.000405197703490922));
#1861=CARTESIAN_POINT('Ctrl Pts',(0.0584716745213376,-0.0187659770556135,
0.00083391599250743));
#1862=CARTESIAN_POINT('Ctrl Pts',(0.0587892316818961,-0.0186071362492885,
0.00161476538604396));
#1863=CARTESIAN_POINT('Ctrl Pts',(0.0590257904391329,-0.0184881960614753,
0.00196702723019192));
#1864=CARTESIAN_POINT('Ctrl Pts',(0.0594772181292135,-0.0182581335546707,
0.0024401430554859));
#1865=CARTESIAN_POINT('Ctrl Pts',(0.059694276014553,-0.0181467379613257,
0.0026172271506428));
#1866=CARTESIAN_POINT('Ctrl Pts',(0.0599304898355882,-0.0180241637535909,
0.00276343983524015));
#1867=CARTESIAN_POINT('',(0.0599304898355881,-0.0259377786051853,0.00276343983524007));
#1868=CARTESIAN_POINT('Origin',(0.0616410161513775,-0.0259377786051853,
-2.34675764132757E-19));
#1869=CARTESIAN_POINT('',(0.063351542467167,-0.01295,-0.00276343983524008));
#1870=CARTESIAN_POINT('',(0.063351542467167,-0.01295,0.00276343983524007));
#1871=CARTESIAN_POINT('Origin',(0.0616410161513775,-0.01295,-2.34675764132757E-19));
#1872=CARTESIAN_POINT('',(0.063351542467167,-0.0161619086314477,0.00276343983524007));
#1873=CARTESIAN_POINT('',(0.063351542467167,-0.0259377786051853,0.00276343983524007));
#1874=CARTESIAN_POINT('',(0.063351542467167,-0.0161619086314477,-0.00276343983524008));
#1875=CARTESIAN_POINT('Ctrl Pts',(0.063351542467167,-0.0161619086314478,
0.00276343983524004));
#1876=CARTESIAN_POINT('Ctrl Pts',(0.0635915993215937,-0.0160249930964265,
0.00261484837269178));
#1877=CARTESIAN_POINT('Ctrl Pts',(0.0638116243792112,-0.0158981361601828,
0.00243457167131352));
#1878=CARTESIAN_POINT('Ctrl Pts',(0.0642606867474567,-0.0156374515052459,
0.0019601386928342));
#1879=CARTESIAN_POINT('Ctrl Pts',(0.0644945980155791,-0.0154999406403919,
0.00161099471325152));
#1880=CARTESIAN_POINT('Ctrl Pts',(0.0648099904143279,-0.0153135987500262,
0.000834167386754238));
#1881=CARTESIAN_POINT('Ctrl Pts',(0.0648910161513775,-0.0152652712413969,
0.00040617854672358));
#1882=CARTESIAN_POINT('Ctrl Pts',(0.0648910161513775,-0.0152652712413969,
0.));
#1883=CARTESIAN_POINT('Ctrl Pts',(0.0648910161513775,-0.0152652712413969,
-0.00040617854672358));
#1884=CARTESIAN_POINT('Ctrl Pts',(0.0648099904143279,-0.0153135987500262,
-0.000834167386754238));
#1885=CARTESIAN_POINT('Ctrl Pts',(0.0644945980155791,-0.0154999406403919,
-0.00161099471325152));
#1886=CARTESIAN_POINT('Ctrl Pts',(0.0642606867474567,-0.0156374515052459,
-0.0019601386928342));
#1887=CARTESIAN_POINT('Ctrl Pts',(0.0638116243792112,-0.0158981361601828,
-0.00243457167131352));
#1888=CARTESIAN_POINT('Ctrl Pts',(0.0635915993215937,-0.0160249930964265,
-0.00261484837269178));
#1889=CARTESIAN_POINT('Ctrl Pts',(0.063351542467167,-0.0161619086314478,
-0.00276343983524004));
#1890=CARTESIAN_POINT('',(0.063351542467167,-0.0259377786051853,-0.00276343983524008));
#1891=CARTESIAN_POINT('Origin',(0.0498037340594301,-0.01045,0.00309634777438755));
#1892=CARTESIAN_POINT('',(0.0498037340594301,-0.0225721394112764,0.00309634777438755));
#1893=CARTESIAN_POINT('',(0.0498037340594301,-0.0225721394112764,-0.00290365222561245));
#1894=CARTESIAN_POINT('',(0.0498037340594301,-0.0225721394112764,0.013002));
#1895=CARTESIAN_POINT('',(0.0498037340594301,-0.0244969541269819,0.00309634777438755));
#1896=CARTESIAN_POINT('',(0.0498037340594301,-0.01045,0.00309634777438755));
#1897=CARTESIAN_POINT('',(0.0498037340594301,-0.0244969541269819,-0.00290365222561245));
#1898=CARTESIAN_POINT('',(0.0498037340594301,-0.0244969541269819,0.013002));
#1899=CARTESIAN_POINT('',(0.0498037340594301,-0.01045,-0.00290365222561245));
#1900=CARTESIAN_POINT('Origin',(0.0498037340594301,-0.01045,-0.00290365222561245));
#1901=CARTESIAN_POINT('',(0.0538037340594301,-0.0209393365130263,-0.00290365222561245));
#1902=CARTESIAN_POINT('Origin',(0.0147003103156974,0.0691393083009255,-0.00290365222561245));
#1903=CARTESIAN_POINT('',(0.0538037340594301,-0.0228983049423463,-0.00290365222561245));
#1904=CARTESIAN_POINT('Origin',(0.0147003103156974,0.0691393083009255,-0.00290365222561245));
#1905=CARTESIAN_POINT('',(0.0538037340594301,-0.01045,-0.00290365222561245));
#1906=CARTESIAN_POINT('Origin',(0.0538037340594301,-0.01045,-0.00290365222561245));
#1907=CARTESIAN_POINT('',(0.0538037340594301,-0.0209393365130263,0.00309634777438755));
#1908=CARTESIAN_POINT('',(0.0538037340594301,-0.0209393365130263,0.013002));
#1909=CARTESIAN_POINT('',(0.0538037340594301,-0.0228983049423463,0.00309634777438755));
#1910=CARTESIAN_POINT('',(0.0538037340594301,-0.0228983049423463,0.013002));
#1911=CARTESIAN_POINT('',(0.0538037340594301,-0.01045,0.00309634777438755));
#1912=CARTESIAN_POINT('Origin',(0.0538037340594301,-0.01045,0.00309634777438755));
#1913=CARTESIAN_POINT('Origin',(0.0147003103156974,0.0691393083009255,0.00309634777438755));
#1914=CARTESIAN_POINT('Origin',(0.0147003103156974,0.0691393083009255,0.00309634777438755));
#1915=CARTESIAN_POINT('Origin',(0.0147003103156974,0.0691393083009255,0.013002));
#1916=CARTESIAN_POINT('',(0.0606410161370559,-0.0176517707740721,-0.00584265950063598));
#1917=CARTESIAN_POINT('',(0.0426285492390892,-0.0250055453589424,-0.0079797833467982));
#1918=CARTESIAN_POINT('Ctrl Pts',(0.0606410161513775,-0.0176517715824329,
-0.00584265950065541));
#1919=CARTESIAN_POINT('Ctrl Pts',(0.0549525063756716,-0.0206628431649079,
-0.00708804563675598));
#1920=CARTESIAN_POINT('Ctrl Pts',(0.0489101829573042,-0.0231420875012748,
-0.0078490968300103));
#1921=CARTESIAN_POINT('Ctrl Pts',(0.042628549239075,-0.0250055453589466,
-0.00797978334608712));
#1922=CARTESIAN_POINT('',(0.0426264015601465,-0.0250061824450825,-0.00785755785223019));
#1923=CARTESIAN_POINT('Ctrl Pts',(0.042628549239075,-0.0250055453589465,
-0.00797978334608709));
#1924=CARTESIAN_POINT('Ctrl Pts',(0.0426271174729736,-0.0250059700949167,
-0.00793905520070329));
#1925=CARTESIAN_POINT('Ctrl Pts',(0.0426264015601465,-0.0250061824450825,
-0.00789831336970454));
#1926=CARTESIAN_POINT('Ctrl Pts',(0.0426264015601465,-0.0250061824450825,
-0.00785755785223019));
#1927=CARTESIAN_POINT('',(0.0426264015601465,-0.0250061824450825,0.00785755785222814));
#1928=CARTESIAN_POINT('',(0.0426264015601465,-0.0250061824450825,0.013002));
#1929=CARTESIAN_POINT('',(0.042628549239106,-0.0250055453589374,0.00797978334679562));
#1930=CARTESIAN_POINT('Ctrl Pts',(0.0426264015601465,-0.0250061824450825,
0.00785755785222814));
#1931=CARTESIAN_POINT('Ctrl Pts',(0.0426264015601465,-0.0250061824450825,
0.00789831336970245));
#1932=CARTESIAN_POINT('Ctrl Pts',(0.0426271174729736,-0.0250059700949167,
0.00793905520070115));
#1933=CARTESIAN_POINT('Ctrl Pts',(0.0426285492390749,-0.0250055453589465,
0.00797978334608492));
#1934=CARTESIAN_POINT('',(0.0606410161370559,-0.0176517707740721,0.00584265950063524));
#1935=CARTESIAN_POINT('Ctrl Pts',(0.042628549239075,-0.0250055453589466,
0.00797978334608485));
#1936=CARTESIAN_POINT('Ctrl Pts',(0.0489101829573041,-0.0231420875012749,
0.00784909683000811));
#1937=CARTESIAN_POINT('Ctrl Pts',(0.0549525063756716,-0.0206628431649079,
0.0070880456367544));
#1938=CARTESIAN_POINT('Ctrl Pts',(0.0606410161513775,-0.0176517715824329,
0.00584265950065467));
#1939=CARTESIAN_POINT('',(0.0606410161513775,-0.0176517715824328,0.00403887360535088));
#1940=CARTESIAN_POINT('',(0.0606410161513775,-0.0176517715824328,0.013002));
#1941=CARTESIAN_POINT('Ctrl Pts',(0.0606410161513775,-0.017651771582433,
0.00403887360535088));
#1942=CARTESIAN_POINT('Ctrl Pts',(0.0606410161513775,-0.017651771582433,
0.00384519961473603));
#1943=CARTESIAN_POINT('Ctrl Pts',(0.0606011387067682,-0.0176729125197604,
0.00364116806029022));
#1944=CARTESIAN_POINT('Ctrl Pts',(0.0604456076404731,-0.0177549694363736,
0.00327195206322001));
#1945=CARTESIAN_POINT('Ctrl Pts',(0.0603301262816739,-0.0178157427607231,
0.0031066633920876));
#1946=CARTESIAN_POINT('Ctrl Pts',(0.0601214109001378,-0.01792487391878,
0.00289794801055151));
#1947=CARTESIAN_POINT('Ctrl Pts',(0.0600298187035341,-0.0179726208030543,
0.0028249228609867));
#1948=CARTESIAN_POINT('Ctrl Pts',(0.0599304898355881,-0.0180241637535909,
0.00276343983524015));
#1949=CARTESIAN_POINT('',(0.0606410161513775,-0.0176517715824328,-0.00403887360535088));
#1950=CARTESIAN_POINT('Ctrl Pts',(0.0599304898355882,-0.0180241637535909,
-0.00276343983524016));
#1951=CARTESIAN_POINT('Ctrl Pts',(0.0600396755186281,-0.0179675059825258,
-0.00283102407636084));
#1952=CARTESIAN_POINT('Ctrl Pts',(0.0601397551688103,-0.0179153087769069,
-0.00291274232205569));
#1953=CARTESIAN_POINT('Ctrl Pts',(0.0603478307204677,-0.0178064376945334,
-0.0031307602451134));
#1954=CARTESIAN_POINT('Ctrl Pts',(0.0604569633492676,-0.0177489853842829,
-0.00329314229704102));
#1955=CARTESIAN_POINT('Ctrl Pts',(0.0606036415271147,-0.0176715842186628,
-0.00365343982708572));
#1956=CARTESIAN_POINT('Ctrl Pts',(0.0606410161513775,-0.017651771582433,
-0.00385145411263192));
#1957=CARTESIAN_POINT('Ctrl Pts',(0.0606410161513775,-0.017651771582433,
-0.00403887360535088));
#1958=CARTESIAN_POINT('',(0.0606410161513775,-0.0176517715824328,0.013002));
#1959=CARTESIAN_POINT('Origin',(0.0398910161513776,0.146875477577441,0.0798261461120285));
#1960=CARTESIAN_POINT('',(0.0505673363071833,-0.00775,-0.010370333894093));
#1961=CARTESIAN_POINT('',(0.050567336305284,-0.0191883114515838,-0.0103703338943178));
#1962=CARTESIAN_POINT('',(0.0505673363071833,0.146875477577441,-0.010370333894093));
#1963=CARTESIAN_POINT('',(0.0594642697704246,-0.0152211706561331,-0.00886588600094321));
#1964=CARTESIAN_POINT('Ctrl Pts',(0.0505673363071833,-0.0191883114438696,
-0.010370333894093));
#1965=CARTESIAN_POINT('Ctrl Pts',(0.0536145667252055,-0.0180035633639163,
-0.0100096412425715));
#1966=CARTESIAN_POINT('Ctrl Pts',(0.056584370755396,-0.0166775066576887,
-0.0095014447143391));
#1967=CARTESIAN_POINT('Ctrl Pts',(0.0594642697703547,-0.0152211706563855,
-0.00886588600095863));
#1968=CARTESIAN_POINT('',(0.0594642697703547,-0.01295,-0.00886588600095863));
#1969=CARTESIAN_POINT('',(0.0594642697703547,0.146875477577441,-0.00886588600095865));
#1970=CARTESIAN_POINT('',(0.0641143633492856,-0.01295,-0.00771023642742502));
#1971=CARTESIAN_POINT('Origin',(0.0398910161513776,-0.01295,0.0798261461120285));
#1972=CARTESIAN_POINT('',(0.0641143633492857,-0.00775,-0.00771023642742526));
#1973=CARTESIAN_POINT('',(0.0641143633492856,0.146875477577441,-0.00771023642742502));
#1974=CARTESIAN_POINT('Origin',(0.0398910161513776,-0.00775,0.0798261461120285));
#1975=CARTESIAN_POINT('Origin',(0.0147003103156974,0.0691393083009255,0.013002));
#1976=CARTESIAN_POINT('',(0.0686410161513776,-0.0129194526813645,-0.00443181860542346));
#1977=CARTESIAN_POINT('',(0.0646395363139569,-0.0154143060907416,-0.00754525809705413));
#1978=CARTESIAN_POINT('Ctrl Pts',(0.0686410161513776,-0.0129194526813646,
-0.00443181860542342));
#1979=CARTESIAN_POINT('Ctrl Pts',(0.0683857994988738,-0.0130872174174181,
-0.00481536493069114));
#1980=CARTESIAN_POINT('Ctrl Pts',(0.0681038293174663,-0.0132707993288717,
-0.00516639259016651));
#1981=CARTESIAN_POINT('Ctrl Pts',(0.0670709133058524,-0.0139349531021893,
-0.00626549521760589));
#1982=CARTESIAN_POINT('Ctrl Pts',(0.0661411081315687,-0.0145176122379668,
-0.00692152706904485));
#1983=CARTESIAN_POINT('Ctrl Pts',(0.064966545080002,-0.0152205205174063,
-0.00742399170446935));
#1984=CARTESIAN_POINT('Ctrl Pts',(0.0648037984930074,-0.015317289231775,
-0.00748737590957334));
#1985=CARTESIAN_POINT('Ctrl Pts',(0.064639536313957,-0.0154143060907417,
-0.00754525809705412));
#1986=CARTESIAN_POINT('',(0.0626410161513775,-0.0165632513106564,-0.00613052220385648));
#1987=CARTESIAN_POINT('Ctrl Pts',(0.064639536313957,-0.0154143060907417,
-0.00754525809705412));
#1988=CARTESIAN_POINT('Ctrl Pts',(0.0644748849096858,-0.0155115528346921,
-0.007603277438488));
#1989=CARTESIAN_POINT('Ctrl Pts',(0.0643025861430268,-0.0156126191199885,
-0.00763052220385648));
#1990=CARTESIAN_POINT('Ctrl Pts',(0.063958286483792,-0.0158132461728978,
-0.00763052220385648));
#1991=CARTESIAN_POINT('Ctrl Pts',(0.0637610505354303,-0.015927307709046,
-0.00759524467761718));
#1992=CARTESIAN_POINT('Ctrl Pts',(0.0633914776278793,-0.0161393854979497,
-0.0074450479016299));
#1993=CARTESIAN_POINT('Ctrl Pts',(0.0632191900911154,-0.0162374084210972,
-0.00733001648715399));
#1994=CARTESIAN_POINT('Ctrl Pts',(0.0629526991681256,-0.0163882807540931,
-0.00706352556416421));
#1995=CARTESIAN_POINT('Ctrl Pts',(0.062837177299037,-0.0164532733355702,
-0.0068987440056846));
#1996=CARTESIAN_POINT('Ctrl Pts',(0.0626812356715072,-0.0165407873810821,
-0.00652952282583221));
#1997=CARTESIAN_POINT('Ctrl Pts',(0.0626410161513775,-0.0165632513106566,
-0.00632498503213708));
#1998=CARTESIAN_POINT('Ctrl Pts',(0.0626410161513775,-0.0165632513106566,
-0.00613052220385648));
#1999=CARTESIAN_POINT('',(0.0626410161513775,-0.0165632513106564,-0.00403887360535088));
#2000=CARTESIAN_POINT('',(0.0626410161513775,-0.0165632513106564,0.013002));
#2001=CARTESIAN_POINT('Ctrl Pts',(0.0626410161513775,-0.0165632513106566,
-0.00403887360535088));
#2002=CARTESIAN_POINT('Ctrl Pts',(0.0626410161513775,-0.0165632513106566,
-0.003851900270153));
#2003=CARTESIAN_POINT('Ctrl Pts',(0.062678235054572,-0.0165424615753406,
-0.00365453753133558));
#2004=CARTESIAN_POINT('Ctrl Pts',(0.0628236592840958,-0.0164608683082445,
-0.0032958974330738));
#2005=CARTESIAN_POINT('Ctrl Pts',(0.0629316676685442,-0.0164001276538335,
-0.0031345259469784));
#2006=CARTESIAN_POINT('Ctrl Pts',(0.0631392407304819,-0.0162827040650033,
-0.00291514469864779));
#2007=CARTESIAN_POINT('Ctrl Pts',(0.0632409209529936,-0.0162250012010563,
-0.00283191283352035));
#2008=CARTESIAN_POINT('Ctrl Pts',(0.063351542467167,-0.0161619086314478,
-0.00276343983524004));
#2009=CARTESIAN_POINT('',(0.0626410161513775,-0.0165632513106564,0.00403887360535088));
#2010=CARTESIAN_POINT('Ctrl Pts',(0.063351542467167,-0.0161619086314478,
0.00276343983524004));
#2011=CARTESIAN_POINT('Ctrl Pts',(0.0632525272728735,-0.0162183815796346,
0.00282472870187003));
#2012=CARTESIAN_POINT('Ctrl Pts',(0.0631609035057099,-0.0162704070426781,
0.00289766590745886));
#2013=CARTESIAN_POINT('Ctrl Pts',(0.0629526991681256,-0.0163882807540931,
0.00310587024504316));
#2014=CARTESIAN_POINT('Ctrl Pts',(0.062837177299037,-0.0164532733355702,
0.00327065180352276));
#2015=CARTESIAN_POINT('Ctrl Pts',(0.0626812356715072,-0.0165407873810821,
0.00363987298337515));
#2016=CARTESIAN_POINT('Ctrl Pts',(0.0626410161513775,-0.0165632513106566,
0.00384441077707028));
#2017=CARTESIAN_POINT('Ctrl Pts',(0.0626410161513775,-0.0165632513106566,
0.00403887360535088));
#2018=CARTESIAN_POINT('',(0.0626410161513775,-0.0165632513106564,0.00613052220385648));
#2019=CARTESIAN_POINT('',(0.0626410161513775,-0.0165632513106564,0.013002));
#2020=CARTESIAN_POINT('',(0.0646395363139569,-0.0154143060907416,0.00754525809705413));
#2021=CARTESIAN_POINT('Ctrl Pts',(0.0626410161513775,-0.0165632513106566,
0.00613052220385648));
#2022=CARTESIAN_POINT('Ctrl Pts',(0.0626410161513775,-0.0165632513106566,
0.00631749553905435));
#2023=CARTESIAN_POINT('Ctrl Pts',(0.062678235054572,-0.0165424615753406,
0.00651485827787178));
#2024=CARTESIAN_POINT('Ctrl Pts',(0.0628236592840958,-0.0164608683082445,
0.00687349837613356));
#2025=CARTESIAN_POINT('Ctrl Pts',(0.0629316676685442,-0.0164001276538335,
0.00703486986222896));
#2026=CARTESIAN_POINT('Ctrl Pts',(0.063191684234688,-0.0162530368990559,
0.00730967796273467));
#2027=CARTESIAN_POINT('Ctrl Pts',(0.0633678589978827,-0.0161528818932493,
0.00743235875082912));
#2028=CARTESIAN_POINT('Ctrl Pts',(0.0637479660966596,-0.0159348679529909,
0.00759273354856601));
#2029=CARTESIAN_POINT('Ctrl Pts',(0.0639518511035603,-0.0158169961370224,
0.00763052220385648));
#2030=CARTESIAN_POINT('Ctrl Pts',(0.0643029205010301,-0.0156124242860437,
0.00763052220385648));
#2031=CARTESIAN_POINT('Ctrl Pts',(0.0644749690926552,-0.0155115031143773,
0.00760324777435933));
#2032=CARTESIAN_POINT('Ctrl Pts',(0.064639536313957,-0.0154143060907417,
0.00754525809705413));
#2033=CARTESIAN_POINT('',(0.0686410161513776,-0.0129194526813645,0.00443181860542347));
#2034=CARTESIAN_POINT('Ctrl Pts',(0.0686410161513776,-0.0129194526813646,
0.00443181860542343));
#2035=CARTESIAN_POINT('Ctrl Pts',(0.0683857994988739,-0.0130872174174181,
0.00481536493069116));
#2036=CARTESIAN_POINT('Ctrl Pts',(0.0681038293174663,-0.0132707993288717,
0.00516639259016652));
#2037=CARTESIAN_POINT('Ctrl Pts',(0.0670709133058524,-0.0139349531021893,
0.0062654952176059));
#2038=CARTESIAN_POINT('Ctrl Pts',(0.0661411081315687,-0.0145176122379668,
0.00692152706904486));
#2039=CARTESIAN_POINT('Ctrl Pts',(0.064966545080002,-0.0152205205174063,
0.00742399170446936));
#2040=CARTESIAN_POINT('Ctrl Pts',(0.0648037984930074,-0.015317289231775,
0.00748737590957335));
#2041=CARTESIAN_POINT('Ctrl Pts',(0.064639536313957,-0.0154143060907417,
0.00754525809705413));
#2042=CARTESIAN_POINT('',(0.0686410161513776,-0.0129194526813645,0.013002));
#2043=CARTESIAN_POINT('Origin',(0.0448910161513775,0.146875477577441,-0.00785755785223018));
#2044=CARTESIAN_POINT('',(0.0399205275922595,-0.0209357786051853,-0.0084));
#2045=CARTESIAN_POINT('',(0.0399205275922595,-0.00825,-0.0084));
#2046=CARTESIAN_POINT('',(0.0399205275922595,0.146875477577441,-0.0084));
#2047=CARTESIAN_POINT('',(0.0451756694249951,-0.00825,-0.0128494485274973));
#2048=CARTESIAN_POINT('Origin',(0.0448910161513775,-0.00825,-0.00785755785223018));
#2049=CARTESIAN_POINT('',(0.0451756694249951,-0.013219359800819,-0.0128494485274973));
#2050=CARTESIAN_POINT('',(0.0451756694249951,0.146875477577441,-0.0128494485274973));
#2051=CARTESIAN_POINT('',(0.0401684761789444,-0.0143623453876148,-0.0095));
#2052=CARTESIAN_POINT('Ctrl Pts',(0.045175669424995,-0.013219359800819,
-0.0128494485274973));
#2053=CARTESIAN_POINT('Ctrl Pts',(0.0450741516577453,-0.0130678330740275,
-0.0128552373892048));
#2054=CARTESIAN_POINT('Ctrl Pts',(0.0449587446617387,-0.0129286412138352,
-0.0128586166627298));
#2055=CARTESIAN_POINT('Ctrl Pts',(0.0445839015569295,-0.012553798109026,
-0.0128544589207737));
#2056=CARTESIAN_POINT('Ctrl Pts',(0.0442644569977297,-0.012339162403971,
-0.0128303657942568));
#2057=CARTESIAN_POINT('Ctrl Pts',(0.0435808143850399,-0.0120625001710736,
-0.0126954051961066));
#2058=CARTESIAN_POINT('Ctrl Pts',(0.0432172125471409,-0.012,-0.0125824973257582));
#2059=CARTESIAN_POINT('Ctrl Pts',(0.0425039344296633,-0.012,-0.0122711972338632));
#2060=CARTESIAN_POINT('Ctrl Pts',(0.0421209219735332,-0.0120849749343676,
-0.012041810511548));
#2061=CARTESIAN_POINT('Ctrl Pts',(0.0414531351416944,-0.0123776799740922,
-0.0115130146308347));
#2062=CARTESIAN_POINT('Ctrl Pts',(0.041167592008623,-0.0125843368462285,
-0.0112139831165078));
#2063=CARTESIAN_POINT('Ctrl Pts',(0.0407066183904422,-0.0130453104644093,
-0.0106221849647558));
#2064=CARTESIAN_POINT('Ctrl Pts',(0.0405054515013599,-0.0133383295731347,
-0.0102808617162448));
#2065=CARTESIAN_POINT('Ctrl Pts',(0.0402979964177194,-0.0138177485907901,
-0.00984010229558163));
#2066=CARTESIAN_POINT('Ctrl Pts',(0.0402442246256383,-0.0139821159508223,
-0.00970680791487949));
#2067=CARTESIAN_POINT('Ctrl Pts',(0.0401908577948551,-0.0142244578265306,
-0.0095635004672468));
#2068=CARTESIAN_POINT('Ctrl Pts',(0.0401784986472933,-0.0142919565161019,
-0.00952881776229672));
#2069=CARTESIAN_POINT('Ctrl Pts',(0.0401684761789443,-0.0143623453876148,
-0.00950000000000002));
#2070=CARTESIAN_POINT('',(0.0401684761789444,-0.0151376546123851,-0.0095));
#2071=CARTESIAN_POINT('',(0.0401684761789444,0.146875477577441,-0.0095));
#2072=CARTESIAN_POINT('',(0.0451756694249951,-0.016280640199181,-0.0128494485274973));
#2073=CARTESIAN_POINT('Ctrl Pts',(0.0401684761789443,-0.0151376546123851,
-0.00949999999999998));
#2074=CARTESIAN_POINT('Ctrl Pts',(0.0401765054146983,-0.0151940447973333,
-0.00952308658898454));
#2075=CARTESIAN_POINT('Ctrl Pts',(0.040186063267704,-0.0152487159359357,
-0.00955002180646763));
#2076=CARTESIAN_POINT('Ctrl Pts',(0.0402311807925991,-0.0154688025959651,
-0.00967297941861281));
#2077=CARTESIAN_POINT('Ctrl Pts',(0.0402786502129476,-0.0156243456833805,
-0.00979340342809623));
#2078=CARTESIAN_POINT('Ctrl Pts',(0.0404604552280786,-0.0160768560895181,
-0.0101933604483381));
#2079=CARTESIAN_POINT('Ctrl Pts',(0.0406356667915465,-0.0163534906048486,
-0.0105061644923207));
#2080=CARTESIAN_POINT('Ctrl Pts',(0.0410654566179989,-0.0168339102774541,
-0.0110996108573011));
#2081=CARTESIAN_POINT('Ctrl Pts',(0.0413607510157154,-0.0170678027257612,
-0.0114275257524821));
#2082=CARTESIAN_POINT('Ctrl Pts',(0.042063894705488,-0.017401375124258,
-0.0120066336655945));
#2083=CARTESIAN_POINT('Ctrl Pts',(0.0424725227645551,-0.0175,-0.0122574880592858));
#2084=CARTESIAN_POINT('Ctrl Pts',(0.0432146289790474,-0.0175,-0.0125813697642009));
#2085=CARTESIAN_POINT('Ctrl Pts',(0.04357541775556,-0.0174384966505448,
-0.0126937878184598));
#2086=CARTESIAN_POINT('Ctrl Pts',(0.0442546828639481,-0.0171659539731671,
-0.0128289760599481));
#2087=CARTESIAN_POINT('Ctrl Pts',(0.0445725712280803,-0.0169544350823112,
-0.0128537254237496));
#2088=CARTESIAN_POINT('Ctrl Pts',(0.0449514920904551,-0.0165800789197968,
-0.0128588242929193));
#2089=CARTESIAN_POINT('Ctrl Pts',(0.0450710012434288,-0.0164368692749538,
-0.0128554170357168));
#2090=CARTESIAN_POINT('Ctrl Pts',(0.045175669424995,-0.016280640199181,
-0.0128494485274973));
#2091=CARTESIAN_POINT('',(0.0451756694249951,-0.0209357786051853,-0.0128494485274973));
#2092=CARTESIAN_POINT('',(0.0451756694249951,0.146875477577441,-0.0128494485274973));
#2093=CARTESIAN_POINT('Origin',(0.0448910161513775,-0.0209357786051853,
-0.00785755785223018));
#2094=CARTESIAN_POINT('Origin',(0.0398910161513776,0.146875477577441,0.0798261461120285));
#2095=CARTESIAN_POINT('',(0.0646477636582237,-0.00825,-0.00963779553428133));
#2096=CARTESIAN_POINT('Origin',(0.0398910161513776,-0.00825,0.0798261461120285));
#2097=CARTESIAN_POINT('',(0.0646477636582237,-0.012479829255803,-0.00963779553428133));
#2098=CARTESIAN_POINT('',(0.0646477636582237,0.146875477577441,-0.00963779553428133));
#2099=CARTESIAN_POINT('Ctrl Pts',(0.0646477636582237,-0.012479829255803,
-0.00963779553428134));
#2100=CARTESIAN_POINT('Ctrl Pts',(0.058532200753378,-0.0159261752419354,
-0.0113301136225683));
#2101=CARTESIAN_POINT('Ctrl Pts',(0.05205491186779,-0.0187542410284554,
-0.0124571725325417));
#2102=CARTESIAN_POINT('Ctrl Pts',(0.0451756694249951,-0.0209357786051853,
-0.0128494485274973));
#2103=CARTESIAN_POINT('Ctrl Pts',(0.045175669424995,-0.013219359800819,
-0.0128494485274974));
#2104=CARTESIAN_POINT('Ctrl Pts',(0.0452755433843274,-0.0133684329587434,
-0.0128437534008765));
#2105=CARTESIAN_POINT('Ctrl Pts',(0.0453620359007768,-0.0135295054179179,
-0.0128386595221886));
#2106=CARTESIAN_POINT('Ctrl Pts',(0.0455719610762186,-0.0140362121207579,
-0.0128261071510008));
#2107=CARTESIAN_POINT('Ctrl Pts',(0.0456410161513775,-0.0144045881166389,
-0.0128217405449918));
#2108=CARTESIAN_POINT('Ctrl Pts',(0.0456410161513775,-0.0150953212703592,
-0.0128217405449918));
#2109=CARTESIAN_POINT('Ctrl Pts',(0.0455719970063738,-0.0154636068541993,
-0.0128261048451509));
#2110=CARTESIAN_POINT('Ctrl Pts',(0.0453621207758566,-0.0159703364465111,
-0.0128386545251401));
#2111=CARTESIAN_POINT('Ctrl Pts',(0.045275591394784,-0.0161314953802308,
-0.0128437506631696));
#2112=CARTESIAN_POINT('Ctrl Pts',(0.045175669424995,-0.016280640199181,
-0.0128494485274974));
#2113=CARTESIAN_POINT('Origin',(0.0448910161513775,0.146875477577441,0.00785755785222814));
#2114=CARTESIAN_POINT('',(0.0451756694249949,-0.00825,0.0128494485274953));
#2115=CARTESIAN_POINT('',(0.0451756694249949,-0.0132193598008187,0.0128494485274953));
#2116=CARTESIAN_POINT('',(0.0451756694249949,0.146875477577441,0.0128494485274953));
#2117=CARTESIAN_POINT('',(0.0399205275922598,-0.00825,0.0084));
#2118=CARTESIAN_POINT('Origin',(0.0448910161513775,-0.00825,0.00785755785222814));
#2119=CARTESIAN_POINT('',(0.0399205275922598,-0.0209357786051853,0.0084));
#2120=CARTESIAN_POINT('',(0.0399205275922598,0.146875477577441,0.0084));
#2121=CARTESIAN_POINT('',(0.0451756694249949,-0.0209357786051853,0.0128494485274953));
#2122=CARTESIAN_POINT('Origin',(0.0448910161513775,-0.0209357786051853,
0.00785755785222814));
#2123=CARTESIAN_POINT('',(0.0451756694249949,-0.0162806401991813,0.0128494485274953));
#2124=CARTESIAN_POINT('',(0.0451756694249949,0.146875477577441,0.0128494485274953));
#2125=CARTESIAN_POINT('',(0.0401684761789451,-0.0151376546123901,0.0095));
#2126=CARTESIAN_POINT('Ctrl Pts',(0.0451756694249948,-0.0162806401991813,
0.0128494485274953));
#2127=CARTESIAN_POINT('Ctrl Pts',(0.0450710012434287,-0.016436869274954,
0.0128554170357148));
#2128=CARTESIAN_POINT('Ctrl Pts',(0.044951492090455,-0.0165800789197969,
0.0128588242929172));
#2129=CARTESIAN_POINT('Ctrl Pts',(0.0445725712280803,-0.0169544350823112,
0.0128537254237476));
#2130=CARTESIAN_POINT('Ctrl Pts',(0.0442546828639481,-0.0171659539731671,
0.0128289760599461));
#2131=CARTESIAN_POINT('Ctrl Pts',(0.04357541775556,-0.0174384966505448,
0.0126937878184578));
#2132=CARTESIAN_POINT('Ctrl Pts',(0.0432146289790474,-0.0175,0.0125813697641988));
#2133=CARTESIAN_POINT('Ctrl Pts',(0.0424725227645551,-0.0175,0.0122574880592838));
#2134=CARTESIAN_POINT('Ctrl Pts',(0.042063894705488,-0.017401375124258,
0.0120066336655925));
#2135=CARTESIAN_POINT('Ctrl Pts',(0.0413607510157154,-0.0170678027257612,
0.0114275257524801));
#2136=CARTESIAN_POINT('Ctrl Pts',(0.0410654566179989,-0.0168339102774541,
0.0110996108572991));
#2137=CARTESIAN_POINT('Ctrl Pts',(0.0406356667915465,-0.0163534906048486,
0.0105061644923186));
#2138=CARTESIAN_POINT('Ctrl Pts',(0.0404604552280786,-0.0160768560895181,
0.010193360448336));
#2139=CARTESIAN_POINT('Ctrl Pts',(0.0402786502129476,-0.0156243456833805,
0.00979340342809419));
#2140=CARTESIAN_POINT('Ctrl Pts',(0.0402311807925991,-0.0154688025959651,
0.00967297941861077));
#2141=CARTESIAN_POINT('Ctrl Pts',(0.0401860632677043,-0.0152487159359373,
0.00955002180646648));
#2142=CARTESIAN_POINT('Ctrl Pts',(0.0401765054146989,-0.0151940447973366,
0.00952308658898409));
#2143=CARTESIAN_POINT('Ctrl Pts',(0.040168476178945,-0.0151376546123901,
0.00949999999999999));
#2144=CARTESIAN_POINT('',(0.0401684761789451,-0.0143623453876098,0.0095));
#2145=CARTESIAN_POINT('',(0.0401684761789451,0.146875477577441,0.0095));
#2146=CARTESIAN_POINT('Ctrl Pts',(0.040168476178945,-0.0143623453876098,
0.00950000000000002));
#2147=CARTESIAN_POINT('Ctrl Pts',(0.0401784986472939,-0.0142919565160987,
0.00952881776229632));
#2148=CARTESIAN_POINT('Ctrl Pts',(0.0401908577948554,-0.014224457826529,
0.00956350046724569));
#2149=CARTESIAN_POINT('Ctrl Pts',(0.0402442246256383,-0.0139821159508223,
0.00970680791487745));
#2150=CARTESIAN_POINT('Ctrl Pts',(0.0402979964177194,-0.0138177485907901,
0.00984010229557959));
#2151=CARTESIAN_POINT('Ctrl Pts',(0.0405054515013599,-0.0133383295731347,
0.0102808617162428));
#2152=CARTESIAN_POINT('Ctrl Pts',(0.0407066183904422,-0.0130453104644093,
0.0106221849647538));
#2153=CARTESIAN_POINT('Ctrl Pts',(0.041167592008623,-0.0125843368462285,
0.0112139831165058));
#2154=CARTESIAN_POINT('Ctrl Pts',(0.0414531351416944,-0.0123776799740922,
0.0115130146308326));
#2155=CARTESIAN_POINT('Ctrl Pts',(0.0421209219735332,-0.0120849749343676,
0.012041810511546));
#2156=CARTESIAN_POINT('Ctrl Pts',(0.0425039344296633,-0.012,0.0122711972338612));
#2157=CARTESIAN_POINT('Ctrl Pts',(0.0432172125471409,-0.012,0.0125824973257561));
#2158=CARTESIAN_POINT('Ctrl Pts',(0.0435808143850399,-0.0120625001710736,
0.0126954051961045));
#2159=CARTESIAN_POINT('Ctrl Pts',(0.0442644569977297,-0.012339162403971,
0.0128303657942548));
#2160=CARTESIAN_POINT('Ctrl Pts',(0.0445839015569295,-0.012553798109026,
0.0128544589207716));
#2161=CARTESIAN_POINT('Ctrl Pts',(0.0449587446617386,-0.0129286412138351,
0.0128586166627278));
#2162=CARTESIAN_POINT('Ctrl Pts',(0.0450741516577451,-0.0130678330740273,
0.0128552373892027));
#2163=CARTESIAN_POINT('Ctrl Pts',(0.0451756694249948,-0.0132193598008187,
0.0128494485274953));
#2164=CARTESIAN_POINT('Origin',(0.0398910161513776,0.146875477577441,-0.079826146112088));
#2165=CARTESIAN_POINT('',(0.0646477636582219,-0.00825,0.00963779553428185));
#2166=CARTESIAN_POINT('',(0.0646477636582219,-0.0124798292558035,0.00963779553428185));
#2167=CARTESIAN_POINT('',(0.0646477636582219,0.146875477577441,0.00963779553428185));
#2168=CARTESIAN_POINT('Origin',(0.0398910161513776,-0.00825,-0.079826146112088));
#2169=CARTESIAN_POINT('Ctrl Pts',(0.0451756694249948,-0.0132193598008187,
0.0128494485274952));
#2170=CARTESIAN_POINT('Ctrl Pts',(0.0452755433843273,-0.0133684329587432,
0.0128437534008743));
#2171=CARTESIAN_POINT('Ctrl Pts',(0.0453620359007767,-0.0135295054179178,
0.0128386595221864));
#2172=CARTESIAN_POINT('Ctrl Pts',(0.0455719610762186,-0.0140362121207579,
0.0128261071509986));
#2173=CARTESIAN_POINT('Ctrl Pts',(0.0456410161513775,-0.0144045881166389,
0.0128217405449896));
#2174=CARTESIAN_POINT('Ctrl Pts',(0.0456410161513775,-0.01475,0.0128217405449896));
#2175=CARTESIAN_POINT('Ctrl Pts',(0.0456410161513775,-0.0150953212703592,
0.0128217405449896));
#2176=CARTESIAN_POINT('Ctrl Pts',(0.0455719970063738,-0.0154636068541993,
0.0128261048451487));
#2177=CARTESIAN_POINT('Ctrl Pts',(0.0453621207758565,-0.0159703364465112,
0.0128386545251379));
#2178=CARTESIAN_POINT('Ctrl Pts',(0.0452755913947839,-0.016131495380231,
0.0128437506631674));
#2179=CARTESIAN_POINT('Ctrl Pts',(0.0451756694249948,-0.0162806401991813,
0.0128494485274952));
#2180=CARTESIAN_POINT('Ctrl Pts',(0.0451756694249949,-0.0209357786051853,
0.0128494485274953));
#2181=CARTESIAN_POINT('Ctrl Pts',(0.0520549118677891,-0.0187542410284555,
0.0124571725325399));
#2182=CARTESIAN_POINT('Ctrl Pts',(0.0585322007533766,-0.0159261752419357,
0.0113301136225674));
#2183=CARTESIAN_POINT('Ctrl Pts',(0.0646477636582219,-0.0124798292558035,
0.00963779553428183));
#2184=CARTESIAN_POINT('Origin',(0.0552660161513776,-0.00775,0.013002));
#2185=CARTESIAN_POINT('',(0.0404238295069309,-0.00775,-0.0084));
#2186=CARTESIAN_POINT('',(0.0475694749903458,-0.00775,-0.0084));
#2187=CARTESIAN_POINT('',(0.0552660161513776,-0.00775,-0.0084));
#2188=CARTESIAN_POINT('',(0.0489802455708617,-0.00775,-0.00939036643639673));
#2189=CARTESIAN_POINT('Origin',(0.0475694749903458,-0.00775,-0.0099));
#2190=CARTESIAN_POINT('Origin',(0.0503910161513775,-0.00775,-0.00888073287279347));
#2191=CARTESIAN_POINT('',(0.0686410161513776,-0.00775,-0.00443181860542346));
#2192=CARTESIAN_POINT('Origin',(0.0619807621135332,-0.00775,1.34441069388203E-17));
#2193=CARTESIAN_POINT('',(0.0686410161513776,-0.00775,0.00443181860542347));
#2194=CARTESIAN_POINT('',(0.0686410161513776,-0.00775,0.013002));
#2195=CARTESIAN_POINT('',(0.0641143633492842,-0.00775,0.00771023642742567));
#2196=CARTESIAN_POINT('Origin',(0.0619807621135332,-0.00775,-2.60208521396521E-18));
#2197=CARTESIAN_POINT('',(0.0503931837058655,-0.00775,0.0103907774346159));
#2198=CARTESIAN_POINT('Origin',(0.0398910161513776,-0.00775,-0.079826146112088));
#2199=CARTESIAN_POINT('',(0.0488053779217652,-0.00775,0.00940041939342487));
#2200=CARTESIAN_POINT('Origin',(0.0502197396921528,-0.00775,0.00890083878684975));
#2201=CARTESIAN_POINT('',(0.0473910161513775,-0.00775,0.0084));
#2202=CARTESIAN_POINT('Origin',(0.0473910161513775,-0.00775,0.0099));
#2203=CARTESIAN_POINT('',(0.0404238295069311,-0.00775,0.0084));
#2204=CARTESIAN_POINT('',(0.0552660161513776,-0.00775,0.0084));
#2205=CARTESIAN_POINT('',(0.0451472040976331,-0.00775,0.0123502594599685));
#2206=CARTESIAN_POINT('Origin',(0.0448910161513775,-0.00775,0.00785755785222814));
#2207=CARTESIAN_POINT('',(0.0645144135809874,-0.00775,0.00915590575756773));
#2208=CARTESIAN_POINT('Origin',(0.0398910161513776,-0.00775,-0.079826146112088));
#2209=CARTESIAN_POINT('',(0.0701410161513776,-0.00775,0.00486418071599365));
#2210=CARTESIAN_POINT('Origin',(0.0619807621135332,-0.00775,-2.60208521396521E-18));
#2211=CARTESIAN_POINT('',(0.0701410161513776,-0.00775,-0.00486418071599365));
#2212=CARTESIAN_POINT('',(0.0701410161513776,-0.00775,0.013002));
#2213=CARTESIAN_POINT('',(0.0645144135809892,-0.00775,-0.0091559057575675));
#2214=CARTESIAN_POINT('Origin',(0.0619807621135332,-0.00775,1.34441069388203E-17));
#2215=CARTESIAN_POINT('',(0.0451472040976333,-0.00775,-0.0123502594599706));
#2216=CARTESIAN_POINT('Origin',(0.0398910161513776,-0.00775,0.0798261461120285));
#2217=CARTESIAN_POINT('Origin',(0.0448910161513775,-0.00775,-0.00785755785223018));
#2218=CARTESIAN_POINT('Origin',(0.0398910161513776,0.146875477577441,-0.079826146112088));
#2219=CARTESIAN_POINT('',(0.0594642697703545,-0.01295,0.00886588600095789));
#2220=CARTESIAN_POINT('',(0.0594642697704244,-0.015221170656133,0.00886588600094246));
#2221=CARTESIAN_POINT('',(0.0594642697703545,0.146875477577441,0.00886588600095789));
#2222=CARTESIAN_POINT('',(0.0503931837033997,-0.0192558347811709,0.0103907774349029));
#2223=CARTESIAN_POINT('Ctrl Pts',(0.0594642697703545,-0.0152211706563854,
0.00886588600095789));
#2224=CARTESIAN_POINT('Ctrl Pts',(0.0565295008947613,-0.0167052537950061,
0.00951355382575019));
#2225=CARTESIAN_POINT('Ctrl Pts',(0.0535013009958633,-0.0180540629167595,
0.0100289609674244));
#2226=CARTESIAN_POINT('Ctrl Pts',(0.0503931837058654,-0.019255834771173,
0.0103907774346159));
#2227=CARTESIAN_POINT('',(0.0503931837058654,0.146875477577441,0.0103907774346159));
#2228=CARTESIAN_POINT('',(0.0641143633492842,-0.01295,0.00771023642742567));
#2229=CARTESIAN_POINT('',(0.0641143633492842,0.146875477577441,0.00771023642742567));
#2230=CARTESIAN_POINT('Origin',(0.0398910161513776,-0.01295,-0.079826146112088));
#2231=CARTESIAN_POINT('Origin',(0.0706410161513776,-0.01075,0.013002));
#2232=CARTESIAN_POINT('',(0.0706410161513776,-0.00825,-0.00443181860542347));
#2233=CARTESIAN_POINT('',(0.0706410161513776,-0.00825,0.00443181860542346));
#2234=CARTESIAN_POINT('',(0.0706410161513776,-0.00825,0.013002));
#2235=CARTESIAN_POINT('',(0.0706410161513776,-0.0107268696139408,0.00443181860542346));
#2236=CARTESIAN_POINT('',(0.0706410161513776,-0.01075,0.00443181860542346));
#2237=CARTESIAN_POINT('',(0.0706410161513776,-0.0110482498921176,0.00440190755120765));
#2238=CARTESIAN_POINT('Ctrl Pts',(0.0706410161513776,-0.010726869613942,
0.00443181860542346));
#2239=CARTESIAN_POINT('Ctrl Pts',(0.0706410161513776,-0.0108349243198864,
0.00443181860829756));
#2240=CARTESIAN_POINT('Ctrl Pts',(0.0706410161513776,-0.0109420764202025,
0.00442212053038488));
#2241=CARTESIAN_POINT('Ctrl Pts',(0.0706410161513776,-0.0110482498921176,
0.00440190755120766));
#2242=CARTESIAN_POINT('',(0.0706410161513776,-0.0110482498921176,-0.00440190755120764));
#2243=CARTESIAN_POINT('',(0.0706410161513776,-0.0110482498921176,-0.005));
#2244=CARTESIAN_POINT('',(0.0706410161513776,-0.010726869613944,-0.00443181860542346));
#2245=CARTESIAN_POINT('Ctrl Pts',(0.0706410161513776,-0.0110482498921176,
-0.00440190755120764));
#2246=CARTESIAN_POINT('Ctrl Pts',(0.0706410161513776,-0.0109420764202036,
-0.00442212053038467));
#2247=CARTESIAN_POINT('Ctrl Pts',(0.0706410161513776,-0.0108349243198885,
-0.00443181860828873));
#2248=CARTESIAN_POINT('Ctrl Pts',(0.0706410161513776,-0.010726869613944,
-0.00443181860542349));
#2249=CARTESIAN_POINT('',(0.0706410161513776,-0.01075,-0.00443181860542347));
#2250=CARTESIAN_POINT('Origin',(0.0147003103156974,0.0691393083009255,0.013002));
#2251=CARTESIAN_POINT('',(0.0658728919685195,-0.0167755733377361,-0.00481889776714054));
#2252=CARTESIAN_POINT('',(0.0683221187770046,-0.0152686395318044,-0.00340625994345426));
#2253=CARTESIAN_POINT('Ctrl Pts',(0.0658728919685196,-0.0167755733377361,
-0.00481889776714079));
#2254=CARTESIAN_POINT('Ctrl Pts',(0.0664622542171056,-0.0164245376706475,
-0.00466396207456653));
#2255=CARTESIAN_POINT('Ctrl Pts',(0.0670217085846214,-0.0160829786284045,
-0.00441383741723795));
#2256=CARTESIAN_POINT('Ctrl Pts',(0.0675346349214847,-0.0157637784711581,
-0.00406443845387187));
#2257=CARTESIAN_POINT('Ctrl Pts',(0.0678130338747359,-0.0155905274928628,
-0.00387479659172259));
#2258=CARTESIAN_POINT('Ctrl Pts',(0.0680776721132844,-0.0154238869984327,
-0.00365578851009014));
#2259=CARTESIAN_POINT('Ctrl Pts',(0.0683221089239636,-0.0152686118130437,
-0.00340627545184201));
#2260=CARTESIAN_POINT('',(0.0683221187770054,-0.0152686395318039,0.00340625994345498));
#2261=CARTESIAN_POINT('',(0.0683221059322028,-0.0152686476917515,0.013002));
#2262=CARTESIAN_POINT('',(0.0658728919685186,-0.0167755733377367,0.00481889776714079));
#2263=CARTESIAN_POINT('Ctrl Pts',(0.0683221089239647,-0.0152686118130429,
0.00340627545184364));
#2264=CARTESIAN_POINT('Ctrl Pts',(0.0680776721132845,-0.0154238869984326,
0.00365578851009186));
#2265=CARTESIAN_POINT('Ctrl Pts',(0.0678130338747363,-0.0155905274928626,
0.00387479659172333));
#2266=CARTESIAN_POINT('Ctrl Pts',(0.0675346349214847,-0.0157637784711581,
0.00406443845387229));
#2267=CARTESIAN_POINT('Ctrl Pts',(0.0670217085846219,-0.0160829786284041,
0.00441383741723682));
#2268=CARTESIAN_POINT('Ctrl Pts',(0.0664622542171042,-0.0164245376706483,
0.00466396207456699));
#2269=CARTESIAN_POINT('Ctrl Pts',(0.0658728919685186,-0.0167755733377366,
0.00481889776714105));
#2270=CARTESIAN_POINT('',(0.0464800006690449,-0.0256765726528753,0.00785755785222813));
#2271=CARTESIAN_POINT('Ctrl Pts',(0.0658728919685186,-0.0167755733377367,
0.00481889776714079));
#2272=CARTESIAN_POINT('Ctrl Pts',(0.059798812019828,-0.0203934139983034,
0.00641569461977096));
#2273=CARTESIAN_POINT('Ctrl Pts',(0.0533496765535333,-0.0233740451623247,
0.00748541389644134));
#2274=CARTESIAN_POINT('Ctrl Pts',(0.0464800006690449,-0.0256765726528753,
0.00785755785222814));
#2275=CARTESIAN_POINT('',(0.0464800006690449,-0.0256765726528753,-0.00785755785223019));
#2276=CARTESIAN_POINT('',(0.0464800006690449,-0.0256765726528753,0.013002));
#2277=CARTESIAN_POINT('Ctrl Pts',(0.0464800006690449,-0.0256765726528753,
-0.00785755785223021));
#2278=CARTESIAN_POINT('Ctrl Pts',(0.0533496765535338,-0.0233740451623245,
-0.00748541389644313));
#2279=CARTESIAN_POINT('Ctrl Pts',(0.0597988120198288,-0.020393413998303,
-0.00641569461977194));
#2280=CARTESIAN_POINT('Ctrl Pts',(0.0658728919685195,-0.0167755733377361,
-0.00481889776714054));
#2281=CARTESIAN_POINT('Origin',(0.0619807621135332,0.146875477577441,1.34441069388203E-17));
#2282=CARTESIAN_POINT('',(0.0703060796608386,-0.00825,-0.00553977325677934));
#2283=CARTESIAN_POINT('Origin',(0.0619807621135332,-0.00825,1.34441069388203E-17));
#2284=CARTESIAN_POINT('',(0.070306079738786,-0.0107268696139432,-0.00553977330864394));
#2285=CARTESIAN_POINT('',(0.0703060796608386,0.146875477577441,-0.00553977325677934));
#2286=CARTESIAN_POINT('Ctrl Pts',(0.0703060799726264,-0.0107268696139421,
-0.00553977346424001));
#2287=CARTESIAN_POINT('Ctrl Pts',(0.069970580457231,-0.0108349226066089,
-0.0060439887429063));
#2288=CARTESIAN_POINT('Ctrl Pts',(0.0695969525027395,-0.0109544825846152,
-0.00650781744633104));
#2289=CARTESIAN_POINT('Ctrl Pts',(0.069182857659768,-0.0110858665028022,
-0.00693759366751024));
#2290=CARTESIAN_POINT('Ctrl Pts',(0.0687687628167965,-0.0112172504209893,
-0.00736736988868944));
#2291=CARTESIAN_POINT('Ctrl Pts',(0.0683131399723884,-0.011360569076246,
-0.00776212398911388));
#2292=CARTESIAN_POINT('Ctrl Pts',(0.0678308482811162,-0.0115106631049631,
-0.00811025716543413));
#2293=CARTESIAN_POINT('Ctrl Pts',(0.0678222632929271,-0.0115133348396977,
-0.00811645407751245));
#2294=CARTESIAN_POINT('Ctrl Pts',(0.0678136699597129,-0.0115160086889176,
-0.00812263641335543));
#2295=CARTESIAN_POINT('Ctrl Pts',(0.0678050683232861,-0.011518684636155,
-0.0081288041659889));
#2296=CARTESIAN_POINT('Ctrl Pts',(0.0668472160313795,-0.0118166700504626,
-0.00881562649871123));
#2297=CARTESIAN_POINT('Ctrl Pts',(0.0657865592956894,-0.012140684793094,
-0.00932266437037541));
#2298=CARTESIAN_POINT('Ctrl Pts',(0.0646477636582237,-0.012479829255803,
-0.00963779553428158));
#2299=CARTESIAN_POINT('Origin',(0.0619807621135332,0.146875477577441,-2.60208521396521E-18));
#2300=CARTESIAN_POINT('',(0.0703060796608388,-0.0107268696139423,0.00553977325677915));
#2301=CARTESIAN_POINT('Ctrl Pts',(0.0646477636582219,-0.0124798292558035,
0.0096377955342821));
#2302=CARTESIAN_POINT('Ctrl Pts',(0.0657941720254549,-0.0121384176478213,
0.00932055775149465));
#2303=CARTESIAN_POINT('Ctrl Pts',(0.0668646649328304,-0.0118111871899776,
0.00880599617993332));
#2304=CARTESIAN_POINT('Ctrl Pts',(0.0678241924806455,-0.0115126751239875,
0.00811506756254743));
#2305=CARTESIAN_POINT('Ctrl Pts',(0.0687837200284607,-0.0112141630579974,
0.00742413894516154));
#2306=CARTESIAN_POINT('Ctrl Pts',(0.0696307365438438,-0.0109443693838611,
0.00655469672778749));
#2307=CARTESIAN_POINT('Ctrl Pts',(0.0703060796608383,-0.0107268696139442,
0.00553977325677985));
#2308=CARTESIAN_POINT('',(0.0703060796608386,-0.00825,0.00553977325677934));
#2309=CARTESIAN_POINT('',(0.0703060796608386,0.146875477577441,0.00553977325677934));
#2310=CARTESIAN_POINT('Origin',(0.0619807621135332,-0.00825,-2.60208521396521E-18));
#2311=CARTESIAN_POINT('Origin',(0.0686410161513776,-0.01075,0.013002));
#2312=CARTESIAN_POINT('',(0.0686410161513776,-0.00775,-0.00443181860542346));
#2313=CARTESIAN_POINT('',(0.0686410161513776,-0.00775,0.00443181860542347));
#2314=CARTESIAN_POINT('Origin',(0.0619807621135332,0.146875477577441,1.34441069388203E-17));
#2315=CARTESIAN_POINT('',(0.0646395363139569,-0.01295,-0.00754525809705413));
#2316=CARTESIAN_POINT('Origin',(0.0619807621135332,-0.01295,1.34441069388203E-17));
#2317=CARTESIAN_POINT('',(0.0646395363139569,0.146875477577441,-0.00754525809705413));
#2318=CARTESIAN_POINT('Origin',(0.0619807621135332,0.146875477577441,-2.60208521396521E-18));
#2319=CARTESIAN_POINT('',(0.0646395363139569,-0.01295,0.00754525809705413));
#2320=CARTESIAN_POINT('',(0.0646395363139569,0.146875477577441,0.00754525809705413));
#2321=CARTESIAN_POINT('Origin',(0.0619807621135332,-0.01295,-2.60208521396521E-18));
#2322=CARTESIAN_POINT('Origin',(0.0453910161513775,-0.0288626916990743,
0.0084));
#2323=CARTESIAN_POINT('',(0.0473910164212659,-0.0233865780263304,0.00840000000000002));
#2324=CARTESIAN_POINT('',(0.0473910161513775,-0.0288626916990743,0.0084));
#2325=CARTESIAN_POINT('',(0.0426330095188312,-0.0249733446236633,0.00840000001872572));
#2326=CARTESIAN_POINT('Ctrl Pts',(0.047391016448328,-0.0233865780994833,
0.0084));
#2327=CARTESIAN_POINT('Ctrl Pts',(0.0466193166043605,-0.0236720601390372,
0.0084));
#2328=CARTESIAN_POINT('Ctrl Pts',(0.045840644291213,-0.0239450961638605,
0.00840000000038725));
#2329=CARTESIAN_POINT('Ctrl Pts',(0.0442559193558737,-0.0244735935354791,
0.00840000000038725));
#2330=CARTESIAN_POINT('Ctrl Pts',(0.0434449896196533,-0.0247298545860647,
0.0084));
#2331=CARTESIAN_POINT('Ctrl Pts',(0.0426330096004876,-0.024973344895967,
0.0084));
#2332=CARTESIAN_POINT('',(0.0425988357321858,-0.0253461835361575,0.00840000001002737));
#2333=CARTESIAN_POINT('Ctrl Pts',(0.0426330094397108,-0.024973344359825,
0.0084));
#2334=CARTESIAN_POINT('Ctrl Pts',(0.0426200999767008,-0.0249772156805721,
0.0084));
#2335=CARTESIAN_POINT('Ctrl Pts',(0.0426076209430763,-0.0249823932877544,
0.0084));
#2336=CARTESIAN_POINT('Ctrl Pts',(0.0425824692200103,-0.0249959667307735,
0.0084));
#2337=CARTESIAN_POINT('Ctrl Pts',(0.0425700399220683,-0.0250046292935992,
0.00839999999999988));
#2338=CARTESIAN_POINT('Ctrl Pts',(0.0425398665311464,-0.0250311895552926,
0.00839999999999988));
#2339=CARTESIAN_POINT('Ctrl Pts',(0.0425243159040691,-0.0250511669122189,
0.00839999999999875));
#2340=CARTESIAN_POINT('Ctrl Pts',(0.0425008194027502,-0.0250967580932877,
0.00839999999999875));
#2341=CARTESIAN_POINT('Ctrl Pts',(0.0424934502661975,-0.0251221595411098,
0.00840000000555301));
#2342=CARTESIAN_POINT('Ctrl Pts',(0.0424887370065801,-0.0251743312963624,
0.00840000000555301));
#2343=CARTESIAN_POINT('Ctrl Pts',(0.0424914328458542,-0.0252006399828384,
0.00839999999999948));
#2344=CARTESIAN_POINT('Ctrl Pts',(0.0425063604308872,-0.0252498352035712,
0.00839999999999948));
#2345=CARTESIAN_POINT('Ctrl Pts',(0.042518111525244,-0.0252724032860429,
0.0083999999999999));
#2346=CARTESIAN_POINT('Ctrl Pts',(0.0425430016146412,-0.0253040199032392,
0.0083999999999999));
#2347=CARTESIAN_POINT('Ctrl Pts',(0.042553581311165,-0.0253147476401998,
0.0084));
#2348=CARTESIAN_POINT('Ctrl Pts',(0.0425756871477261,-0.025332630289925,
0.0084));
#2349=CARTESIAN_POINT('Ctrl Pts',(0.0425869336593608,-0.0253399983448086,
0.0084));
#2350=CARTESIAN_POINT('Ctrl Pts',(0.0425988354418323,-0.0253461840948164,
0.0084));
#2351=CARTESIAN_POINT('Origin',(0.0448910161513775,-0.0209357786051853,
0.0084));
#2352=CARTESIAN_POINT('Ctrl Pts',(0.0399205275922597,-0.00825,0.0084));
#2353=CARTESIAN_POINT('Ctrl Pts',(0.0399205275922597,-0.00818841789077426,
0.0084));
#2354=CARTESIAN_POINT('Ctrl Pts',(0.0399350031519161,-0.00811595099442102,
0.0084));
#2355=CARTESIAN_POINT('Ctrl Pts',(0.0399823446401008,-0.00800204610888037,
0.0084));
#2356=CARTESIAN_POINT('Ctrl Pts',(0.0400236525674319,-0.00794050038728017,
0.0084));
#2357=CARTESIAN_POINT('Ctrl Pts',(0.0401113482488429,-0.00785312846791871,
0.0084));
#2358=CARTESIAN_POINT('Ctrl Pts',(0.0401733242928432,-0.00781191739471968,
0.0084));
#2359=CARTESIAN_POINT('Ctrl Pts',(0.0402882301049928,-0.00776450209343257,
0.0084));
#2360=CARTESIAN_POINT('Ctrl Pts',(0.0403615477409558,-0.00775,0.0084));
#2361=CARTESIAN_POINT('Ctrl Pts',(0.0404238295069311,-0.00775,0.0084));
#2362=CARTESIAN_POINT('',(0.0444410161513775,-0.01475,0.0084));
#2363=CARTESIAN_POINT('Origin',(0.0428910161513775,-0.01475,0.0084));
#2364=CARTESIAN_POINT('Origin',(0.0453910161513775,-0.0288626916990743,
-0.0084));
#2365=CARTESIAN_POINT('',(0.0425988357321863,-0.025346183536158,-0.00840000001002733));
#2366=CARTESIAN_POINT('Origin',(0.0448910161513775,-0.0209357786051853,
-0.0084));
#2367=CARTESIAN_POINT('',(0.0426330095188313,-0.0249733446236638,-0.00840000001872574));
#2368=CARTESIAN_POINT('Ctrl Pts',(0.0425988354418328,-0.0253461840948169,
-0.0084));
#2369=CARTESIAN_POINT('Ctrl Pts',(0.0425869266775609,-0.0253399947161365,
-0.0084));
#2370=CARTESIAN_POINT('Ctrl Pts',(0.0425756739697978,-0.0253326216536529,
-0.0084));
#2371=CARTESIAN_POINT('Ctrl Pts',(0.0425535566557378,-0.025314725424673,
-0.0084));
#2372=CARTESIAN_POINT('Ctrl Pts',(0.0425429721819999,-0.0253039887960285,
-0.0083999999999999));
#2373=CARTESIAN_POINT('Ctrl Pts',(0.0425180838828714,-0.025272357607446,
-0.0083999999999999));
#2374=CARTESIAN_POINT('Ctrl Pts',(0.0425063383722886,-0.0252497857502309,
-0.00839999999999948));
#2375=CARTESIAN_POINT('Ctrl Pts',(0.0424914235679751,-0.0252005852196909,
-0.00839999999999948));
#2376=CARTESIAN_POINT('Ctrl Pts',(0.0424887348116406,-0.0251742751595977,
-0.00840000000556147));
#2377=CARTESIAN_POINT('Ctrl Pts',(0.0424934624934608,-0.0251221048115028,
-0.00840000000556147));
#2378=CARTESIAN_POINT('Ctrl Pts',(0.0425008383233486,-0.0250967060870309,
-0.00839999999999875));
#2379=CARTESIAN_POINT('Ctrl Pts',(0.0425243463255905,-0.0250511225702694,
-0.00839999999999875));
#2380=CARTESIAN_POINT('Ctrl Pts',(0.042539901691923,-0.0250311499697588,
-0.00839999999999988));
#2381=CARTESIAN_POINT('Ctrl Pts',(0.042570074198715,-0.0250046043296641,
-0.00839999999999988));
#2382=CARTESIAN_POINT('Ctrl Pts',(0.0425824972539402,-0.0249959495938022,
-0.0084));
#2383=CARTESIAN_POINT('Ctrl Pts',(0.0426076353456673,-0.0249823873102461,
-0.0084));
#2384=CARTESIAN_POINT('Ctrl Pts',(0.0426201074368687,-0.0249772134433994,
-0.0084));
#2385=CARTESIAN_POINT('Ctrl Pts',(0.0426330094397107,-0.0249733443598254,
-0.0084));
#2386=CARTESIAN_POINT('',(0.0475694752762247,-0.02332029016409,-0.00840000000000002));
#2387=CARTESIAN_POINT('Ctrl Pts',(0.0426330096004877,-0.0249733448959677,
-0.0084));
#2388=CARTESIAN_POINT('Ctrl Pts',(0.0434764122606914,-0.0247204318066602,
-0.0084));
#2389=CARTESIAN_POINT('Ctrl Pts',(0.044318790138505,-0.0244537079236716,
-0.00840000000041354));
#2390=CARTESIAN_POINT('Ctrl Pts',(0.0459628558493104,-0.0239031650583414,
-0.00840000000041354));
#2391=CARTESIAN_POINT('Ctrl Pts',(0.0467699975134157,-0.0236184629812677,
-0.0084));
#2392=CARTESIAN_POINT('Ctrl Pts',(0.0475694753052431,-0.0233202902418958,
-0.0084));
#2393=CARTESIAN_POINT('',(0.0475694749903458,-0.00775,-0.0084));
#2394=CARTESIAN_POINT('Ctrl Pts',(0.0404238295069308,-0.00775,-0.0084));
#2395=CARTESIAN_POINT('Ctrl Pts',(0.0403615477409555,-0.00774999999999999,
-0.0084));
#2396=CARTESIAN_POINT('Ctrl Pts',(0.0402882301049926,-0.00776450209343257,
-0.0084));
#2397=CARTESIAN_POINT('Ctrl Pts',(0.0401733242928429,-0.00781191739471968,
-0.0084));
#2398=CARTESIAN_POINT('Ctrl Pts',(0.0401113482488427,-0.0078531284679187,
-0.0084));
#2399=CARTESIAN_POINT('Ctrl Pts',(0.0400236525674316,-0.00794050038728017,
-0.0084));
#2400=CARTESIAN_POINT('Ctrl Pts',(0.0399823446401006,-0.00800204610888037,
-0.0084));
#2401=CARTESIAN_POINT('Ctrl Pts',(0.0399350031519159,-0.00811595099442102,
-0.0084));
#2402=CARTESIAN_POINT('Ctrl Pts',(0.0399205275922595,-0.00818841789077425,
-0.0084));
#2403=CARTESIAN_POINT('Ctrl Pts',(0.0399205275922595,-0.00825,-0.0084));
#2404=CARTESIAN_POINT('',(0.0413410161513775,-0.01475,-0.0084));
#2405=CARTESIAN_POINT('Origin',(0.0428910161513775,-0.01475,-0.0084));
#2406=CARTESIAN_POINT('Origin',(0.0428910161513775,-0.01475,0.0115));
#2407=CARTESIAN_POINT('',(0.0444410161513775,-0.01475,0.0095));
#2408=CARTESIAN_POINT('Origin',(0.0428910161513775,-0.01475,0.0095));
#2409=CARTESIAN_POINT('',(0.0444410161513775,-0.01475,0.0115));
#2410=CARTESIAN_POINT('Origin',(0.0456410161513776,-0.01475,0.0095));
#2411=CARTESIAN_POINT('Origin',(0.0428910161513775,-0.01475,0.0095));
#2412=CARTESIAN_POINT('Origin',(0.0428910161513775,-0.01475,0.0115));
#2413=CARTESIAN_POINT('Origin',(0.0428910161513775,-0.01475,-0.0115));
#2414=CARTESIAN_POINT('',(0.0413410161513775,-0.01475,-0.0095));
#2415=CARTESIAN_POINT('Origin',(0.0428910161513775,-0.01475,-0.0095));
#2416=CARTESIAN_POINT('',(0.0413410161513775,-0.01475,-0.0115));
#2417=CARTESIAN_POINT('Origin',(0.0456410161513776,-0.01475,-0.0095));
#2418=CARTESIAN_POINT('Origin',(0.0428910161513775,-0.01475,-0.0095));
#2419=CARTESIAN_POINT('Origin',(0.0428910161513775,-0.01475,-0.0115));
#2420=CARTESIAN_POINT('Origin',(0.0448910161513775,-0.0209357786051853,
0.013002));
#2421=CARTESIAN_POINT('',(0.0425912883996591,-0.0253755142130764,0.00785755785222814));
#2422=CARTESIAN_POINT('Origin',(0.0448910161513775,-0.0209357786051853,
0.00785755785222814));
#2423=CARTESIAN_POINT('',(0.0425912883996591,-0.0253755142130764,-0.00785755785223019));
#2424=CARTESIAN_POINT('',(0.0425912883996591,-0.0253755142130764,0.013002));
#2425=CARTESIAN_POINT('Origin',(0.0448910161513775,-0.0209357786051853,
-0.00785755785223019));
#2426=CARTESIAN_POINT('Origin',(0.0448910161513775,-0.0209357786051853,
0.00785755785222814));
#2427=CARTESIAN_POINT('',(0.042593530121555,-0.0253748492300933,0.00798487607499562));
#2428=CARTESIAN_POINT('Origin',(0.0414062009519473,-0.0222740754484245,
0.0079945146099235));
#2429=CARTESIAN_POINT('Ctrl Pts',(0.042593530121555,-0.0253748492300933,
0.00798487607499562));
#2430=CARTESIAN_POINT('Ctrl Pts',(0.0425920356630575,-0.0253752925638748,
0.00794245098164398));
#2431=CARTESIAN_POINT('Ctrl Pts',(0.0425912883996592,-0.0253755142130764,
0.00790001157439408));
#2432=CARTESIAN_POINT('Ctrl Pts',(0.0425912883996592,-0.0253755142130764,
0.00785755785222814));
#2433=CARTESIAN_POINT('Origin',(0.0448910161513775,-0.0209357786051853,
0.00785755785222814));
#2434=CARTESIAN_POINT('Origin',(0.0448910161513775,-0.0209357786051853,
-0.00785755785223018));
#2435=CARTESIAN_POINT('',(0.042593530121555,-0.0253748492300933,-0.0079848760749978));
#2436=CARTESIAN_POINT('Origin',(0.0414062009519436,-0.0222740754484057,
-0.00799451461003575));
#2437=CARTESIAN_POINT('Origin',(0.0448910161513775,-0.0209357786051853,
-0.00785755785223018));
#2438=CARTESIAN_POINT('Ctrl Pts',(0.0425912883996592,-0.0253755142130764,
-0.00785755785223019));
#2439=CARTESIAN_POINT('Ctrl Pts',(0.0425912883996592,-0.0253755142130764,
-0.00790001157439617));
#2440=CARTESIAN_POINT('Ctrl Pts',(0.0425920356630575,-0.0253752925638747,
-0.00794245098164612));
#2441=CARTESIAN_POINT('Ctrl Pts',(0.0425935301215549,-0.0253748492300933,
-0.0079848760749978));
#2442=CARTESIAN_POINT('Ctrl Pts',(0.0646477636582219,-0.0124798292558036,
0.00963779553428184));
#2443=CARTESIAN_POINT('Ctrl Pts',(0.0667389944392269,-0.0162597057888709,
0.00905910347722353));
#2444=CARTESIAN_POINT('Ctrl Pts',(0.0658728919685186,-0.0167755733377367,
0.00481889776714079));
#2445=CARTESIAN_POINT('Ctrl Pts',(0.0585564006469612,-0.0159125377077953,
0.0113234169507671));
#2446=CARTESIAN_POINT('Ctrl Pts',(0.060432005832659,-0.0201009788618379,
0.0109611141422768));
#2447=CARTESIAN_POINT('Ctrl Pts',(0.0598063056351869,-0.0203889506546252,
0.00641372464478445));
#2448=CARTESIAN_POINT('Ctrl Pts',(0.0520827641511118,-0.01874540854539,
0.012455584307929));
#2449=CARTESIAN_POINT('Ctrl Pts',(0.0538238456439101,-0.0231951026587442,
0.0122415337887797));
#2450=CARTESIAN_POINT('Ctrl Pts',(0.0533590007193939,-0.0233709199569174,
0.00748490878689399));
#2451=CARTESIAN_POINT('Ctrl Pts',(0.0451756694249949,-0.0209357786051853,
0.0128494485274953));
#2452=CARTESIAN_POINT('Ctrl Pts',(0.0467313577720802,-0.0255923246258336,
0.0127607382953341));
#2453=CARTESIAN_POINT('Ctrl Pts',(0.0464800006690449,-0.0256765726528753,
0.00785755785222812));
#2454=CARTESIAN_POINT('Origin',(0.0633142628858775,-0.0124798292558035,
0.00481889776714079));
#2455=CARTESIAN_POINT('Ctrl Pts',(0.0451756694249951,-0.0209357786051853,
-0.0128494485274973));
#2456=CARTESIAN_POINT('Ctrl Pts',(0.0467313577720803,-0.0255923246258336,
-0.0127607382953361));
#2457=CARTESIAN_POINT('Ctrl Pts',(0.0464800006690449,-0.0256765726528753,
-0.00785755785223021));
#2458=CARTESIAN_POINT('Ctrl Pts',(0.052082764151266,-0.0187454085451764,
-0.012455584307922));
#2459=CARTESIAN_POINT('Ctrl Pts',(0.0538238456439428,-0.0231951026585384,
-0.0122415337897732));
#2460=CARTESIAN_POINT('Ctrl Pts',(0.0533590007195605,-0.0233709199568616,
-0.0074849087878603));
#2461=CARTESIAN_POINT('Ctrl Pts',(0.058556400646757,-0.0159125377081382,
-0.0113234169508249));
#2462=CARTESIAN_POINT('Ctrl Pts',(0.0604320058328309,-0.0201009788621282,
-0.0109611141433852));
#2463=CARTESIAN_POINT('Ctrl Pts',(0.0598063056350856,-0.0203889506546856,
-0.00641372464590977));
#2464=CARTESIAN_POINT('Ctrl Pts',(0.0646477636582237,-0.012479829255803,
-0.00963779553428134));
#2465=CARTESIAN_POINT('Ctrl Pts',(0.0667389944392283,-0.01625970578887,
-0.00905910347722271));
#2466=CARTESIAN_POINT('Ctrl Pts',(0.0658728919685195,-0.0167755733377361,
-0.00481889776714055));
#2467=CARTESIAN_POINT('Origin',(0.0633142628858784,-0.012479829255803,-0.00481889776714054));
#2468=CARTESIAN_POINT('Ctrl Pts',(0.0658699059908997,-0.0167773517728291,
0.00481968185431187));
#2469=CARTESIAN_POINT('Ctrl Pts',(0.0667344325594575,-0.0162624635663463,
0.00906170958192736));
#2470=CARTESIAN_POINT('Ctrl Pts',(0.0646420797767305,-0.0124814997518163,
0.00963936661412573));
#2471=CARTESIAN_POINT('Ctrl Pts',(0.0664643946814308,-0.0164232911683007,
0.00466375189416963));
#2472=CARTESIAN_POINT('Ctrl Pts',(0.0676203844159187,-0.0157269182940895,
0.00855994985369549));
#2473=CARTESIAN_POINT('Ctrl Pts',(0.0657716092716597,-0.0121451427084055,
0.0093275077535497));
#2474=CARTESIAN_POINT('Ctrl Pts',(0.0675863774503636,-0.0157380778592267,
0.00415861870246652));
#2475=CARTESIAN_POINT('Ctrl Pts',(0.0691980613931007,-0.0147395966189172,
0.00732618110621985));
#2476=CARTESIAN_POINT('Ctrl Pts',(0.0679033790655396,-0.0114941910003489,
0.00831724275869768));
#2477=CARTESIAN_POINT('Ctrl Pts',(0.0684979230373494,-0.0151578245746629,
0.00327897041110152));
#2478=CARTESIAN_POINT('Ctrl Pts',(0.0704218952549352,-0.0139308382438299,
0.00560336147823903));
#2479=CARTESIAN_POINT('Ctrl Pts',(0.0696353182915325,-0.0109429511788922,
0.00655794618232268));
#2480=CARTESIAN_POINT('Ctrl Pts',(0.0688640919049533,-0.0149218882403526,
0.00275103617485428));
#2481=CARTESIAN_POINT('Ctrl Pts',(0.0708955728486507,-0.0136129288790244,
0.00464532763819227));
#2482=CARTESIAN_POINT('Ctrl Pts',(0.0703310403272261,-0.010718811955724,
0.00550207722168183));
#2483=CARTESIAN_POINT('',(0.0703258041293078,-0.0112498037264257,0.00546061691703834));
#2484=CARTESIAN_POINT('Ctrl Pts',(0.070325804129299,-0.0112498037264291,
0.00546061691705159));
#2485=CARTESIAN_POINT('Ctrl Pts',(0.0703490069079309,-0.0120889798234396,
0.00526393317246082));
#2486=CARTESIAN_POINT('Ctrl Pts',(0.0701623744051702,-0.0129000143035275,
0.00498656884474392));
#2487=CARTESIAN_POINT('Ctrl Pts',(0.0698096153710321,-0.013598772784868,
0.00463858009291893));
#2488=CARTESIAN_POINT('Ctrl Pts',(0.0698047977007887,-0.0136083158089075,
0.00463382757096346));
#2489=CARTESIAN_POINT('Ctrl Pts',(0.0697999483145265,-0.0136178374259561,
0.00462906147000639));
#2490=CARTESIAN_POINT('Ctrl Pts',(0.0697950673029822,-0.0136273372950879,
0.00462428183047221));
#2491=CARTESIAN_POINT('Ctrl Pts',(0.0696212498118309,-0.0139656367241656,
0.00445407429359178));
#2492=CARTESIAN_POINT('Ctrl Pts',(0.069407189433566,-0.0142763897284298,
0.00426665175717604));
#2493=CARTESIAN_POINT('Ctrl Pts',(0.0691626058827996,-0.0145502756074559,
0.00406568811054281));
#2494=CARTESIAN_POINT('Ctrl Pts',(0.0689111576459399,-0.0148318485961794,
0.00385908405045579));
#2495=CARTESIAN_POINT('Ctrl Pts',(0.0686275778086187,-0.0150745889867696,
0.0036381291950405));
#2496=CARTESIAN_POINT('Ctrl Pts',(0.0683221187770054,-0.0152686395318039,
0.00340625994345498));
#2497=CARTESIAN_POINT('Ctrl Pts',(0.070325804129299,-0.0112498037264283,
0.00546061691705176));
#2498=CARTESIAN_POINT('Ctrl Pts',(0.0703210411693529,-0.011077541507269,
0.00550099125378093));
#2499=CARTESIAN_POINT('Ctrl Pts',(0.0703143973217105,-0.0109032170816958,
0.0055272732563645));
#2500=CARTESIAN_POINT('Ctrl Pts',(0.0703060796608385,-0.0107268696139409,
0.00553977325677955));
#2501=CARTESIAN_POINT('Ctrl Pts',(0.0646477636582236,-0.012479829255803,
-0.00963779553428161));
#2502=CARTESIAN_POINT('Ctrl Pts',(0.0667389944392283,-0.01625970578887,
-0.00905910347722301));
#2503=CARTESIAN_POINT('Ctrl Pts',(0.0658728919685195,-0.0167755733377361,
-0.00481889776714079));
#2504=CARTESIAN_POINT('Ctrl Pts',(0.0657751909785426,-0.0121440703889476,
-0.00932581024738467));
#2505=CARTESIAN_POINT('Ctrl Pts',(0.0676231492768595,-0.0157251878748001,
-0.00855776639946339));
#2506=CARTESIAN_POINT('Ctrl Pts',(0.0664662747683058,-0.0164221429518205,
-0.00466290512187268));
#2507=CARTESIAN_POINT('Ctrl Pts',(0.0679048372689757,-0.0114937466626781,
-0.00831576327207709));
#2508=CARTESIAN_POINT('Ctrl Pts',(0.0691991179033951,-0.0147388981605944,
-0.0073246714503408));
#2509=CARTESIAN_POINT('Ctrl Pts',(0.0675871412408653,-0.0157375916608909,
-0.00415788163893397));
#2510=CARTESIAN_POINT('Ctrl Pts',(0.069635322701689,-0.0109429679313618,
-0.00655794083013181));
#2511=CARTESIAN_POINT('Ctrl Pts',(0.0704218876142416,-0.0139308431165626,
-0.00560335224735832));
#2512=CARTESIAN_POINT('Ctrl Pts',(0.0684979230373514,-0.0151578245746616,
-0.00327897041109473));
#2513=CARTESIAN_POINT('Ctrl Pts',(0.0703310435374472,-0.0107188284132889,
-0.00550207234970938));
#2514=CARTESIAN_POINT('Ctrl Pts',(0.0708955648941753,-0.0136129340043912,
-0.00464532022089773));
#2515=CARTESIAN_POINT('Ctrl Pts',(0.068864091904953,-0.0149218882403528,
-0.00275103617485468));
#2516=CARTESIAN_POINT('',(0.0703258041293078,-0.0112498037264257,-0.00546061691703834));
#2517=CARTESIAN_POINT('Ctrl Pts',(0.0703060796608386,-0.010726869613944,
-0.00553977325677934));
#2518=CARTESIAN_POINT('Ctrl Pts',(0.0703143973217106,-0.0109032170816989,
-0.00552727325636413));
#2519=CARTESIAN_POINT('Ctrl Pts',(0.0703210411693529,-0.011077541507269,
-0.00550099125378093));
#2520=CARTESIAN_POINT('Ctrl Pts',(0.070325804129299,-0.0112498037264282,
-0.00546061691705177));
#2521=CARTESIAN_POINT('Ctrl Pts',(0.0703258041292991,-0.011249803726429,
-0.00546061691705161));
#2522=CARTESIAN_POINT('Ctrl Pts',(0.070349006907931,-0.0120889798234396,
-0.0052639331724608));
#2523=CARTESIAN_POINT('Ctrl Pts',(0.0701623781493362,-0.012900013873892,
-0.00498656362233203));
#2524=CARTESIAN_POINT('Ctrl Pts',(0.0698096256065201,-0.01359877046036,
-0.00463855943667799));
#2525=CARTESIAN_POINT('Ctrl Pts',(0.0698048078452767,-0.0136083138143892,
-0.00463380652670664));
#2526=CARTESIAN_POINT('Ctrl Pts',(0.0697999585614679,-0.0136178353940368,
-0.00462904019074366));
#2527=CARTESIAN_POINT('Ctrl Pts',(0.0697950778417512,-0.0136273348834918,
-0.0046242604633412));
#2528=CARTESIAN_POINT('Ctrl Pts',(0.0694425987234586,-0.0143133754393317,
-0.00427907487631696));
#2529=CARTESIAN_POINT('Ctrl Pts',(0.0689246973724753,-0.0148858363002535,
-0.00386366809763173));
#2530=CARTESIAN_POINT('Ctrl Pts',(0.0683221187770046,-0.0152686395318044,
-0.00340625994345426));
#2531=CARTESIAN_POINT('Origin',(0.0656410161513776,-0.0110482498921176,
0.013002));
#2532=CARTESIAN_POINT('Ctrl Pts',(0.0706410161513776,-0.0110482498921176,
0.00440190755120767));
#2533=CARTESIAN_POINT('Ctrl Pts',(0.0706410161513776,-0.0119035850098674,
0.00430420590909621));
#2534=CARTESIAN_POINT('Ctrl Pts',(0.0701953737329334,-0.0135829187472936,
0.00402760591954936));
#2535=CARTESIAN_POINT('Ctrl Pts',(0.0690225195795472,-0.0148236932185321,
0.00362559683745786));
#2536=CARTESIAN_POINT('Ctrl Pts',(0.0683221189967584,-0.0152686393922097,
0.00340625428455554));
#2537=CARTESIAN_POINT('Ctrl Pts',(0.0706410161513776,-0.0110482498921176,
-0.00440190755120764));
#2538=CARTESIAN_POINT('Ctrl Pts',(0.0706410161513776,-0.0119035850098673,
-0.00430420590909619));
#2539=CARTESIAN_POINT('Ctrl Pts',(0.0701953737329506,-0.0135829187472827,
-0.00402760591947326));
#2540=CARTESIAN_POINT('Ctrl Pts',(0.0690225195795128,-0.0148236932185542,
-0.0036255968376098));
#2541=CARTESIAN_POINT('Ctrl Pts',(0.0683221189967575,-0.0152686393922103,
-0.00340625428455528));
#2542=CARTESIAN_POINT('Origin',(0.0448910161513775,-0.00825,0.00785755785222814));
#2543=CARTESIAN_POINT('Origin',(0.0451472040976331,-0.00825,0.0123502594599685));
#2544=CARTESIAN_POINT('Origin',(0.0398910161513776,-0.00825,-0.079826146112088));
#2545=CARTESIAN_POINT('Origin',(0.0645144135809874,-0.00825,0.00915590575756773));
#2546=CARTESIAN_POINT('Origin',(0.0619807621135332,-0.00825,-2.60208521396521E-18));
#2547=CARTESIAN_POINT('',(0.0705645733700467,-0.00798429474504022,0.00497947509128746));
#2548=CARTESIAN_POINT('Ctrl Pts',(0.0705645733700459,-0.0079842947450392,
0.00497947509128764));
#2549=CARTESIAN_POINT('Ctrl Pts',(0.070509751874868,-0.00806272234654373,
0.00517202696551823));
#2550=CARTESIAN_POINT('Ctrl Pts',(0.070425114964246,-0.00815340456415995,
0.00535953617086627));
#2551=CARTESIAN_POINT('Ctrl Pts',(0.0703086715331603,-0.00824790487325681,
0.00553587069413218));
#2552=CARTESIAN_POINT('Ctrl Pts',(0.0703073773096758,-0.00824895243690446,
0.00553782311583795));
#2553=CARTESIAN_POINT('Ctrl Pts',(0.0703060796608387,-0.00825,0.00553977325677932));
#2554=CARTESIAN_POINT('Ctrl Pts',(0.0705645733700468,-0.0079842947450402,
0.00497947509128741));
#2555=CARTESIAN_POINT('Ctrl Pts',(0.0705472281906369,-0.00795664502486716,
0.00497480830740936));
#2556=CARTESIAN_POINT('Ctrl Pts',(0.0705272280063364,-0.00793077784864086,
0.00496942069042848));
#2557=CARTESIAN_POINT('Ctrl Pts',(0.070460030611115,-0.00785948232202088,
0.00495128238049779));
#2558=CARTESIAN_POINT('Ctrl Pts',(0.0704065967394045,-0.00782147197658081,
0.00493681387866843));
#2559=CARTESIAN_POINT('Ctrl Pts',(0.0703158345138388,-0.00778024285997898,
0.00491210282977859));
#2560=CARTESIAN_POINT('Ctrl Pts',(0.0702824962510345,-0.00776916200095756,
0.0049030027714715));
#2561=CARTESIAN_POINT('Ctrl Pts',(0.0702141044785092,-0.00775412903334826,
0.00488427902104425));
#2562=CARTESIAN_POINT('Ctrl Pts',(0.0701791897767011,-0.00775023226336997,
0.0048746931035627));
#2563=CARTESIAN_POINT('Ctrl Pts',(0.0701431322229048,-0.00775000335830383,
0.00486476352141647));
#2564=CARTESIAN_POINT('Ctrl Pts',(0.0701420741847472,-0.00775,0.00486447213113986));
#2565=CARTESIAN_POINT('Ctrl Pts',(0.0701410161513776,-0.00775,0.00486418071599361));
#2566=CARTESIAN_POINT('Origin',(0.0701410161513776,-0.00825,0.013002));
#2567=CARTESIAN_POINT('Ctrl Pts',(0.0705645733700461,-0.00798429474503919,
0.00497947509128683));
#2568=CARTESIAN_POINT('Ctrl Pts',(0.0706168402888263,-0.0080676127462212,
0.00479589576462443));
#2569=CARTESIAN_POINT('Ctrl Pts',(0.0706410161513776,-0.00816168947043632,
0.00460843966455082));
#2570=CARTESIAN_POINT('Ctrl Pts',(0.0706410161513776,-0.00825,0.00443181860542346));
#2571=CARTESIAN_POINT('',(0.0705645733700467,-0.00798429474504023,-0.00497947509128745));
#2572=CARTESIAN_POINT('Ctrl Pts',(0.0705645733700461,-0.0079842947450392,
-0.00497947509128682));
#2573=CARTESIAN_POINT('Ctrl Pts',(0.0706168402888263,-0.0080676127462212,
-0.00479589576462442));
#2574=CARTESIAN_POINT('Ctrl Pts',(0.0706410161513776,-0.00816168947043632,
-0.00460843966455082));
#2575=CARTESIAN_POINT('Ctrl Pts',(0.0706410161513776,-0.00825,-0.00443181860542346));
#2576=CARTESIAN_POINT('Ctrl Pts',(0.0705645733700468,-0.0079842947450402,
-0.0049794750912874));
#2577=CARTESIAN_POINT('Ctrl Pts',(0.0705472281906369,-0.00795664502486717,
-0.00497480830740935));
#2578=CARTESIAN_POINT('Ctrl Pts',(0.0705272280063365,-0.00793077784864088,
-0.00496942069042847));
#2579=CARTESIAN_POINT('Ctrl Pts',(0.070460030611115,-0.00785948232202088,
-0.00495128238049776));
#2580=CARTESIAN_POINT('Ctrl Pts',(0.0704065967394045,-0.0078214719765808,
-0.00493681387866842));
#2581=CARTESIAN_POINT('Ctrl Pts',(0.0703158345138388,-0.00778024285997897,
-0.00491210282977858));
#2582=CARTESIAN_POINT('Ctrl Pts',(0.0702824962510344,-0.00776916200095755,
-0.00490300277147149));
#2583=CARTESIAN_POINT('Ctrl Pts',(0.0702141044785092,-0.00775412903334826,
-0.00488427902104426));
#2584=CARTESIAN_POINT('Ctrl Pts',(0.0701791897767012,-0.00775023226336997,
-0.00487469310356274));
#2585=CARTESIAN_POINT('Ctrl Pts',(0.0701431322229049,-0.00775000335830383,
-0.00486476352141647));
#2586=CARTESIAN_POINT('Ctrl Pts',(0.0701420741847472,-0.00775,-0.00486447213113985));
#2587=CARTESIAN_POINT('Ctrl Pts',(0.0701410161513776,-0.00775,-0.00486418071599361));
#2588=CARTESIAN_POINT('Origin',(0.0619807621135332,-0.00825,1.34441069388203E-17));
#2589=CARTESIAN_POINT('Ctrl Pts',(0.0705645733700459,-0.0079842947450392,
-0.00497947509128764));
#2590=CARTESIAN_POINT('Ctrl Pts',(0.0705543577913857,-0.00799890914637389,
-0.00501535570364564));
#2591=CARTESIAN_POINT('Ctrl Pts',(0.0705431735527151,-0.00801385461646724,
-0.00505082549642945));
#2592=CARTESIAN_POINT('Ctrl Pts',(0.0704760430782443,-0.00809806084621341,
-0.0052448264402095));
#2593=CARTESIAN_POINT('Ctrl Pts',(0.0704015365642754,-0.00817253974474158,
-0.00539524179959505));
#2594=CARTESIAN_POINT('Ctrl Pts',(0.0703086715331593,-0.00824790487325952,
-0.00553587069413357));
#2595=CARTESIAN_POINT('Ctrl Pts',(0.0703073773096746,-0.00824895243690547,
-0.00553782311583981));
#2596=CARTESIAN_POINT('Ctrl Pts',(0.0703060796608387,-0.00825,-0.00553977325677931));
#2597=CARTESIAN_POINT('Origin',(0.0645144135809892,-0.00825,-0.0091559057575675));
#2598=CARTESIAN_POINT('Origin',(0.0398910161513776,-0.00825,0.0798261461120285));
#2599=CARTESIAN_POINT('Origin',(0.0451472040976333,-0.00825,-0.0123502594599706));
#2600=CARTESIAN_POINT('Origin',(0.0448910161513775,-0.00825,-0.00785755785223018));
#2601=CARTESIAN_POINT('Origin',(0.0616410161513775,-0.0259377786051853,
-3.0509295508373E-19));
#2602=CARTESIAN_POINT('',(0.0637371179109608,-0.0159408392122582,-0.000127896104210235));
#2603=CARTESIAN_POINT('',(0.0637410161513775,-0.0159385923028053,-4.89301208569554E-19));
#2604=CARTESIAN_POINT('Ctrl Pts',(0.0637371179109607,-0.0159408392122584,
-0.000127896104210224));
#2605=CARTESIAN_POINT('Ctrl Pts',(0.0637397352756014,-0.0159393306675503,
-8.49998591480817E-5));
#2606=CARTESIAN_POINT('Ctrl Pts',(0.0637410161513775,-0.0159385923028053,
-4.23102322771437E-5));
#2607=CARTESIAN_POINT('Ctrl Pts',(0.0637410161513775,-0.0159385923028053,
-1.86446838687568E-30));
#2608=CARTESIAN_POINT('',(0.0637410161513775,-0.01295,-5.62268782904674E-19));
#2609=CARTESIAN_POINT('',(0.0637410161513775,-0.0259377786051853,-5.62268782904674E-19));
#2610=CARTESIAN_POINT('Origin',(0.0616410161513775,-0.01295,-3.0509295508373E-19));
#2611=CARTESIAN_POINT('Ctrl Pts',(0.0637410161513775,-0.0159385923028053,
0.));
#2612=CARTESIAN_POINT('Ctrl Pts',(0.0637410161513775,-0.0159385923028053,
0.000262311386865059));
#2613=CARTESIAN_POINT('Ctrl Pts',(0.0636887130290394,-0.0159688008151551,
0.000538939288407029));
#2614=CARTESIAN_POINT('Ctrl Pts',(0.0634846705656409,-0.0160859228969946,
0.00104137242857517));
#2615=CARTESIAN_POINT('Ctrl Pts',(0.0633332123046373,-0.0161725795086245,
0.00126735162842275));
#2616=CARTESIAN_POINT('Ctrl Pts',(0.0629702718086067,-0.0163785319642196,
0.00165023974584264));
#2617=CARTESIAN_POINT('Ctrl Pts',(0.0627252986722674,-0.0165165896642847,
0.00182139699107868));
#2618=CARTESIAN_POINT('Ctrl Pts',(0.0621942023394421,-0.01681220467783,
0.00204625038519476));
#2619=CARTESIAN_POINT('Ctrl Pts',(0.0619080643254791,-0.016969694696338,
0.0021));
#2620=CARTESIAN_POINT('Ctrl Pts',(0.0613767463811847,-0.0172588446806764,
0.0021));
#2621=CARTESIAN_POINT('Ctrl Pts',(0.0610919606770109,-0.0174120927854015,
0.00204727260570483));
#2622=CARTESIAN_POINT('Ctrl Pts',(0.0605615265482582,-0.0176943205467439,
0.00182414069315597));
#2623=CARTESIAN_POINT('Ctrl Pts',(0.0603159575181692,-0.0178233345210613,
0.00165359087524205));
#2624=CARTESIAN_POINT('Ctrl Pts',(0.0599506750341249,-0.0180138973554761,
0.00127022659119683));
#2625=CARTESIAN_POINT('Ctrl Pts',(0.0597981121906477,-0.0180928048069406,
0.00104294657563233));
#2626=CARTESIAN_POINT('Ctrl Pts',(0.05959316638468,-0.0181984542365157,
0.000538835783767993));
#2627=CARTESIAN_POINT('Ctrl Pts',(0.0595410161513775,-0.0182251644563573,
0.000261903768296899));
#2628=CARTESIAN_POINT('Ctrl Pts',(0.0595410161513775,-0.0182251644563573,
-0.0002619037682969));
#2629=CARTESIAN_POINT('Ctrl Pts',(0.05959316638468,-0.0181984542365157,
-0.000538835783767994));
#2630=CARTESIAN_POINT('Ctrl Pts',(0.0597981121906477,-0.0180928048069406,
-0.00104294657563233));
#2631=CARTESIAN_POINT('Ctrl Pts',(0.0599506750341249,-0.0180138973554761,
-0.00127022659119683));
#2632=CARTESIAN_POINT('Ctrl Pts',(0.0603159575181692,-0.0178233345210613,
-0.00165359087524206));
#2633=CARTESIAN_POINT('Ctrl Pts',(0.0605615265482582,-0.0176943205467439,
-0.00182414069315597));
#2634=CARTESIAN_POINT('Ctrl Pts',(0.0610919606770109,-0.0174120927854015,
-0.00204727260570483));
#2635=CARTESIAN_POINT('Ctrl Pts',(0.0613767463811847,-0.0172588446806764,
-0.0021));
#2636=CARTESIAN_POINT('Ctrl Pts',(0.0619080643254791,-0.016969694696338,
-0.0021));
#2637=CARTESIAN_POINT('Ctrl Pts',(0.0621942023394421,-0.0168122046778301,
-0.00204625038519477));
#2638=CARTESIAN_POINT('Ctrl Pts',(0.0627252986722674,-0.0165165896642847,
-0.00182139699107869));
#2639=CARTESIAN_POINT('Ctrl Pts',(0.0629702718086067,-0.0163785319642196,
-0.00165023974584264));
#2640=CARTESIAN_POINT('Ctrl Pts',(0.0633332123046373,-0.0161725795086245,
-0.00126735162842275));
#2641=CARTESIAN_POINT('Ctrl Pts',(0.0634846705656409,-0.0160859228969946,
-0.00104137242857517));
#2642=CARTESIAN_POINT('Ctrl Pts',(0.0636722572355568,-0.0159782465783502,
-0.000579459951879375));
#2643=CARTESIAN_POINT('Ctrl Pts',(0.063723508360459,-0.0159486832149889,
-0.000350944358337996));
#2644=CARTESIAN_POINT('Ctrl Pts',(0.0637371179109607,-0.0159408392122584,
-0.000127896104210224));
#2645=CARTESIAN_POINT('Origin',(0.0147003103156974,0.0691393083009255,0.013002));
#2646=CARTESIAN_POINT('Origin',(0.0626410161513775,-0.01275,0.006125));
#2647=CARTESIAN_POINT('',(0.0626410161513775,-0.01295,0.00403887360535088));
#2648=CARTESIAN_POINT('',(0.0626410161513775,-0.01295,0.00613052220385648));
#2649=CARTESIAN_POINT('',(0.0626410161513775,-0.01295,0.006125));
#2650=CARTESIAN_POINT('',(0.0626410161513775,-0.01275,0.00613052220385648));
#2651=CARTESIAN_POINT('',(0.0626410161513775,-0.01275,0.00403887360535088));
#2652=CARTESIAN_POINT('Origin',(0.0606410161513775,-0.01275,0.006125));
#2653=CARTESIAN_POINT('',(0.0606410161513774,-0.0171466026887907,0.00740113045032524));
#2654=CARTESIAN_POINT('Ctrl Pts',(0.0606410161513775,-0.0176517699417409,
0.00584265950063038));
#2655=CARTESIAN_POINT('Ctrl Pts',(0.0606410161513775,-0.0176517683131181,
0.00612143769058613));
#2656=CARTESIAN_POINT('Ctrl Pts',(0.0606410161512716,-0.0176094343079078,
0.00639753054355303));
#2657=CARTESIAN_POINT('Ctrl Pts',(0.0606410161512716,-0.0174381025471034,
0.00692775395578955));
#2658=CARTESIAN_POINT('Ctrl Pts',(0.0606410161513775,-0.0173109602043985,
0.00717619519716884));
#2659=CARTESIAN_POINT('Ctrl Pts',(0.0606410161513775,-0.0171466004677188,
0.00740112882738076));
#2660=CARTESIAN_POINT('',(0.0606410161513775,-0.01295,0.00740113103926009));
#2661=CARTESIAN_POINT('',(0.0606410161513775,-0.01295,0.00740113103926009));
#2662=CARTESIAN_POINT('',(0.0606410161513775,-0.01295,0.00403887360535088));
#2663=CARTESIAN_POINT('',(0.0606410161513775,-0.01295,0.006125));
#2664=CARTESIAN_POINT('',(0.0606410161513775,-0.0176517715824328,0.00403887360535088));
#2665=CARTESIAN_POINT('Origin',(0.0626410161513775,-0.01275,-0.006125));
#2666=CARTESIAN_POINT('',(0.0626410161513775,-0.01295,-0.00613052220385648));
#2667=CARTESIAN_POINT('',(0.0626410161513775,-0.01295,-0.00613052220385648));
#2668=CARTESIAN_POINT('',(0.0626410161513775,-0.01295,-0.00403887360535088));
#2669=CARTESIAN_POINT('',(0.0626410161513775,-0.01295,-0.006125));
#2670=CARTESIAN_POINT('',(0.0626410161513775,-0.0165632513106565,-0.00403887360535088));
#2671=CARTESIAN_POINT('Origin',(0.0606410161513775,-0.01275,-0.006125));
#2672=CARTESIAN_POINT('',(0.0606410161513775,-0.01295,-0.00740113103926088));
#2673=CARTESIAN_POINT('',(0.0606410161513774,-0.0171466026887917,-0.00740113045032626));
#2674=CARTESIAN_POINT('',(0.0606410161513775,-0.0176517715824328,-0.00740113103926088));
#2675=CARTESIAN_POINT('Ctrl Pts',(0.0606410161513775,-0.0171466004677206,
-0.00740112882738238));
#2676=CARTESIAN_POINT('Ctrl Pts',(0.0606410161513775,-0.0173109529514228,
-0.0071762051231937));
#2677=CARTESIAN_POINT('Ctrl Pts',(0.0606410161512745,-0.0174380914045888,
-0.00692777577466602));
#2678=CARTESIAN_POINT('Ctrl Pts',(0.0606410161512745,-0.0176094305732699,
-0.00639755476960913));
#2679=CARTESIAN_POINT('Ctrl Pts',(0.0606410161513775,-0.0176517683130464,
-0.00612144998696081));
#2680=CARTESIAN_POINT('Ctrl Pts',(0.0606410161513775,-0.0176517699417409,
-0.00584265950063112));
#2681=CARTESIAN_POINT('',(0.0606410161513775,-0.01295,-0.00403887360535088));
#2682=CARTESIAN_POINT('',(0.0606410161513775,-0.01275,-0.00403887360535088));
#2683=CARTESIAN_POINT('',(0.0606410161513775,-0.01295,-0.006125));
#2684=CARTESIAN_POINT('Origin',(0.0616410161513775,-0.01295,-0.006125));
#2685=CARTESIAN_POINT('Origin',(0.0641410161513775,-0.01295,-0.00403887360535088));
#2686=CARTESIAN_POINT('Origin',(0.0641410161513775,-0.01295,-0.00613052220385648));
#2687=CARTESIAN_POINT('Origin',(0.0591410161513775,-0.01295,-0.00740113103926088));
#2688=CARTESIAN_POINT('Origin',(0.0591410161513775,-0.01295,-0.00403887360535088));
#2689=CARTESIAN_POINT('Origin',(0.0591410161513775,-0.01295,0.00403887360535088));
#2690=CARTESIAN_POINT('Origin',(0.0591410161513775,-0.01295,0.00740113103926009));
#2691=CARTESIAN_POINT('Origin',(0.0641410161513775,-0.01295,0.00613052220385648));
#2692=CARTESIAN_POINT('Origin',(0.0641410161513775,-0.01295,0.00403887360535088));
#2693=CARTESIAN_POINT('Origin',(0.0641410161513775,0.146875477577441,-0.00613052220385648));
#2694=CARTESIAN_POINT('Origin',(0.0641410161513775,-0.0259377786051853,
-0.00403887360535088));
#2695=CARTESIAN_POINT('Origin',(0.0641410161513775,0.146875477577441,0.00613052220385648));
#2696=CARTESIAN_POINT('Origin',(0.0641410161513775,-0.0259377786051853,
0.00403887360535088));
#2697=CARTESIAN_POINT('Origin',(0.0503910161513775,0.146875477577441,-0.00888073287279347));
#2698=CARTESIAN_POINT('',(0.0489802455708617,-0.0222654475471072,-0.00939036643639675));
#2699=CARTESIAN_POINT('',(0.0489802455708617,0.146875477577441,-0.00939036643639673));
#2700=CARTESIAN_POINT('Ctrl Pts',(0.0489802455708617,-0.0222654475471072,
-0.00939036643639675));
#2701=CARTESIAN_POINT('Ctrl Pts',(0.0490694614117063,-0.0220288077917915,
-0.00963733424340257));
#2702=CARTESIAN_POINT('Ctrl Pts',(0.0492050392388596,-0.0217605976137949,
-0.00982090707259466));
#2703=CARTESIAN_POINT('Ctrl Pts',(0.0493498546433855,-0.0214762800642033,
-0.00996053966767665));
#2704=CARTESIAN_POINT('Ctrl Pts',(0.049460418453887,-0.0212592090158697,
-0.0100671465016182));
#2705=CARTESIAN_POINT('Ctrl Pts',(0.0495779800456557,-0.0210327489283795,
-0.0101488902714754));
#2706=CARTESIAN_POINT('Ctrl Pts',(0.0497011847435649,-0.0208037814092435,
-0.0102126985738516));
#2707=CARTESIAN_POINT('Ctrl Pts',(0.0499673500129386,-0.0203091314288218,
-0.0103505468400172));
#2708=CARTESIAN_POINT('Ctrl Pts',(0.0502438018875871,-0.019802778983748,
-0.0103975137878395));
#2709=CARTESIAN_POINT('Ctrl Pts',(0.0505118085222492,-0.0192939396182163,
-0.010375861363305));
#2710=CARTESIAN_POINT('Ctrl Pts',(0.0505303476403927,-0.0192587411123076,
-0.0103743635762929));
#2711=CARTESIAN_POINT('Ctrl Pts',(0.05054885784639,-0.0192235307063446,
-0.0103725211408608));
#2712=CARTESIAN_POINT('Ctrl Pts',(0.0505673363036046,-0.0191883114506904,
-0.0103703338945166));
#2713=CARTESIAN_POINT('Origin',(0.0591410161513775,0.146875477577441,-0.00740113103926088));
#2714=CARTESIAN_POINT('Ctrl Pts',(0.0606410161513772,-0.0171466047198765,
-0.00740113193446451));
#2715=CARTESIAN_POINT('Ctrl Pts',(0.0606410159405391,-0.0168884590785195,
-0.00775441148247697));
#2716=CARTESIAN_POINT('Ctrl Pts',(0.0605164935405736,-0.0166018122731665,
-0.00807581229201628));
#2717=CARTESIAN_POINT('Ctrl Pts',(0.0603251911161396,-0.0163006356513166,
-0.00832185339308458));
#2718=CARTESIAN_POINT('Ctrl Pts',(0.0601043849618701,-0.015953009886388,
-0.00860584032884813));
#2719=CARTESIAN_POINT('Ctrl Pts',(0.0597955172341445,-0.0155860269663969,
-0.00879278371132858));
#2720=CARTESIAN_POINT('Ctrl Pts',(0.0594642697703547,-0.0152211706563855,
-0.00886588600095862));
#2721=CARTESIAN_POINT('Origin',(0.0591410161513775,-0.0259377786051853,
-0.00403887360535088));
#2722=CARTESIAN_POINT('Origin',(0.0591410161513775,-0.0259377786051853,
0.00403887360535088));
#2723=CARTESIAN_POINT('Origin',(0.0591410161513775,0.146875477577441,0.00740113103926009));
#2724=CARTESIAN_POINT('Ctrl Pts',(0.0606410161513772,-0.0171466047198763,
0.00740113193446405));
#2725=CARTESIAN_POINT('Ctrl Pts',(0.0606410159405391,-0.0168884590785239,
0.00775441148247002));
#2726=CARTESIAN_POINT('Ctrl Pts',(0.0605164935405761,-0.0166018122731817,
0.00807581229200945));
#2727=CARTESIAN_POINT('Ctrl Pts',(0.0603251911161447,-0.0163006356513409,
0.00832185339307728));
#2728=CARTESIAN_POINT('Ctrl Pts',(0.0601043849618705,-0.0159530098864109,
0.00860584032884996));
#2729=CARTESIAN_POINT('Ctrl Pts',(0.0597955172341366,-0.0155860269664148,
0.00879278371132959));
#2730=CARTESIAN_POINT('Ctrl Pts',(0.0594642697703545,-0.0152211706563854,
0.00886588600095787));
#2731=CARTESIAN_POINT('Origin',(0.0473910161513775,-0.0288626916990743,
0.0099));
#2732=CARTESIAN_POINT('',(0.0488053779217652,-0.022335270766646,0.00940041939342489));
#2733=CARTESIAN_POINT('',(0.0488053779217652,-0.0288626916990743,0.00940041939342488));
#2734=CARTESIAN_POINT('Ctrl Pts',(0.048805482008148,-0.0223357634800227,
0.00940071417000819));
#2735=CARTESIAN_POINT('Ctrl Pts',(0.0487642641005959,-0.0224464624772719,
0.00928394473771541));
#2736=CARTESIAN_POINT('Ctrl Pts',(0.0487068473945091,-0.0225484940366386,
0.00916723663581752));
#2737=CARTESIAN_POINT('Ctrl Pts',(0.0485422471440901,-0.0227548162996512,
0.00892570183365939));
#2738=CARTESIAN_POINT('Ctrl Pts',(0.0484310206285907,-0.0228539221184613,
0.00880611723210755));
#2739=CARTESIAN_POINT('Ctrl Pts',(0.0481436112006271,-0.0230519940333116,
0.00858822154586812));
#2740=CARTESIAN_POINT('Ctrl Pts',(0.0479650072159398,-0.0231457818546763,
0.00849958021333984));
#2741=CARTESIAN_POINT('Ctrl Pts',(0.0476987125835797,-0.0232646678103008,
0.00843005324184717));
#2742=CARTESIAN_POINT('Ctrl Pts',(0.0476257275714724,-0.0232953338713484,
0.00841660263828514));
#2743=CARTESIAN_POINT('Ctrl Pts',(0.0474985105299001,-0.0233460679122936,
0.00840290375915019));
#2744=CARTESIAN_POINT('Ctrl Pts',(0.0474448957753062,-0.0233666460207232,
0.00840000001066636));
#2745=CARTESIAN_POINT('Ctrl Pts',(0.047391016448328,-0.0233865780994833,
0.00840000000000003));
#2746=CARTESIAN_POINT('Origin',(0.0475694749903458,0.146875477577441,-0.0099));
#2747=CARTESIAN_POINT('Ctrl Pts',(0.0475694753052431,-0.0233202902418958,
-0.00840000000000003));
#2748=CARTESIAN_POINT('Ctrl Pts',(0.0476172089686392,-0.02330248752214,
-0.00840000001002083));
#2749=CARTESIAN_POINT('Ctrl Pts',(0.0476647320320386,-0.0232841662889201,
-0.008402279011725));
#2750=CARTESIAN_POINT('Ctrl Pts',(0.0477745673264866,-0.0232403512899419,
-0.00841275287575226));
#2751=CARTESIAN_POINT('Ctrl Pts',(0.0478365077669427,-0.0232145188457814,
-0.00842264558163575));
#2752=CARTESIAN_POINT('Ctrl Pts',(0.0481098501796944,-0.0230946987603606,
-0.00848386678607392));
#2753=CARTESIAN_POINT('Ctrl Pts',(0.0483045823596084,-0.022993746628119,
-0.008576102767286));
#2754=CARTESIAN_POINT('Ctrl Pts',(0.0486042284072711,-0.0227859317451852,
-0.00880124987032155));
#2755=CARTESIAN_POINT('Ctrl Pts',(0.0487155595017238,-0.0226863061969902,
-0.00891976981034992));
#2756=CARTESIAN_POINT('Ctrl Pts',(0.0488807118420615,-0.0224791858850985,
-0.009159176431797));
#2757=CARTESIAN_POINT('Ctrl Pts',(0.0489385493773766,-0.0223768613706278,
-0.00927486811394192));
#2758=CARTESIAN_POINT('Ctrl Pts',(0.0489803507113593,-0.0222659312985159,
-0.00939065758093925));
#2759=CARTESIAN_POINT('Origin',(0.0502197396921528,0.146875477577441,0.00890083878684975));
#2760=CARTESIAN_POINT('Ctrl Pts',(0.0488053779217652,-0.022335270766646,
0.00940041939342489));
#2761=CARTESIAN_POINT('Ctrl Pts',(0.0488928913432602,-0.0221003514754612,
0.00964817848601031));
#2762=CARTESIAN_POINT('Ctrl Pts',(0.0490272978830708,-0.0218336286339218,
0.00983281318383811));
#2763=CARTESIAN_POINT('Ctrl Pts',(0.049171196573876,-0.0215506445047352,
0.00997347914088942));
#2764=CARTESIAN_POINT('Ctrl Pts',(0.0492822830123044,-0.0213321873466666,
0.0100820699841383));
#2765=CARTESIAN_POINT('Ctrl Pts',(0.0494006539524593,-0.021104039305992,
0.0101652503301772));
#2766=CARTESIAN_POINT('Ctrl Pts',(0.0495248450799888,-0.0208733507252319,
0.0102301700014029));
#2767=CARTESIAN_POINT('Ctrl Pts',(0.0497902341747038,-0.0203803828713528,
0.0103688994993832));
#2768=CARTESIAN_POINT('Ctrl Pts',(0.0500660950618239,-0.0198758135999304,
0.0104169023308973));
#2769=CARTESIAN_POINT('Ctrl Pts',(0.0503337498325986,-0.0193686732237803,
0.0103964997403668));
#2770=CARTESIAN_POINT('Ctrl Pts',(0.0503535940321526,-0.0193310733155213,
0.0103949870713539));
#2771=CARTESIAN_POINT('Ctrl Pts',(0.0503734064592941,-0.0192934592741776,
0.0103930797072213));
#2772=CARTESIAN_POINT('Ctrl Pts',(0.0503931837012204,-0.0192558347800099,
0.0103907774351566));
#2773=CARTESIAN_POINT('Origin',(0.0686410161513776,0.146875477577441,0.00443181860542346));
#2774=CARTESIAN_POINT('Origin',(0.0686410161513776,-0.0107268696139408,
0.00443181860542346));
#2775=CARTESIAN_POINT('Ctrl Pts',(0.0703060796608385,-0.0107268696139407,
0.00553977325677959));
#2776=CARTESIAN_POINT('Ctrl Pts',(0.0706410161513776,-0.0107268696139413,
0.00503642185363243));
#2777=CARTESIAN_POINT('Ctrl Pts',(0.0706410161513776,-0.010726869613942,
0.00443181860542346));
#2778=CARTESIAN_POINT('Ctrl Pts',(0.0703143234460472,-0.0109016508320341,
0.00552738427866226));
#2779=CARTESIAN_POINT('Ctrl Pts',(0.0706410161513768,-0.0108711742291347,
0.00502831047107612));
#2780=CARTESIAN_POINT('Ctrl Pts',(0.0706410161513776,-0.010834924319964,
0.00443181860829756));
#2781=CARTESIAN_POINT('Ctrl Pts',(0.0703209969424718,-0.0110759418123389,
0.00550136617968342));
#2782=CARTESIAN_POINT('Ctrl Pts',(0.070641016151379,-0.011014784345245,
0.00500867555409757));
#2783=CARTESIAN_POINT('Ctrl Pts',(0.0706410161513776,-0.0109420764194702,
0.00442212052251328));
#2784=CARTESIAN_POINT('Ctrl Pts',(0.070325804129299,-0.0112498037264282,
0.00546061691705181));
#2785=CARTESIAN_POINT('Ctrl Pts',(0.0706410161513776,-0.0111576476840765,
0.0049765454257273));
#2786=CARTESIAN_POINT('Ctrl Pts',(0.0706410161513776,-0.0110482498921176,
0.00440190755120766));
#2787=CARTESIAN_POINT('Origin',(0.0686410161513776,-0.0110482498921176,
0.00440190755120765));
#2788=CARTESIAN_POINT('Ctrl Pts',(0.0683221059322027,-0.0152686476917516,
0.00340625019316621));
#2789=CARTESIAN_POINT('Ctrl Pts',(0.0683221059322027,-0.0152686476917516,
0.00340625019316621));
#2790=CARTESIAN_POINT('Ctrl Pts',(0.0683221059322027,-0.0152686476917516,
0.00340625019316621));
#2791=CARTESIAN_POINT('Ctrl Pts',(0.0690006836266369,-0.0148375680143332,
0.00361869959803273));
#2792=CARTESIAN_POINT('Ctrl Pts',(0.06895673159636,-0.0148654893963489,
0.00373676164804346));
#2793=CARTESIAN_POINT('Ctrl Pts',(0.0689127795456224,-0.0148934107913627,
0.00385482368740059));
#2794=CARTESIAN_POINT('Ctrl Pts',(0.0702209392331165,-0.0135764621118477,
0.00403441327069302));
#2795=CARTESIAN_POINT('Ctrl Pts',(0.0701567988362186,-0.0136725490998261,
0.00438809612986982));
#2796=CARTESIAN_POINT('Ctrl Pts',(0.069994565592719,-0.0137208589250922,
0.00471856518651243));
#2797=CARTESIAN_POINT('Ctrl Pts',(0.0706713927264084,-0.0117945175002166,
0.00432228763129113));
#2798=CARTESIAN_POINT('Ctrl Pts',(0.0706565535260211,-0.0119159782822962,
0.0048467353241289));
#2799=CARTESIAN_POINT('Ctrl Pts',(0.0703749406821014,-0.0119840195824006,
0.00530044406826161));
#2800=CARTESIAN_POINT('Ctrl Pts',(0.0706378259934937,-0.0108726489399656,
0.00442123880047754));
#2801=CARTESIAN_POINT('Ctrl Pts',(0.0706415434615709,-0.0109777840886579,
0.00500850285371713));
#2802=CARTESIAN_POINT('Ctrl Pts',(0.0703180052966852,-0.0110771911173018,
0.00549981832069693));
#2803=CARTESIAN_POINT('Origin',(0.0686410161513776,0.146875477577441,-0.00443181860542346));
#2804=CARTESIAN_POINT('Origin',(0.0686410161513776,-0.010726869613944,-0.00443181860542346));
#2805=CARTESIAN_POINT('Ctrl Pts',(0.070325804129299,-0.0112498037264281,
-0.00546061691705176));
#2806=CARTESIAN_POINT('Ctrl Pts',(0.0706410161513776,-0.0111576476840764,
-0.00497654542572726));
#2807=CARTESIAN_POINT('Ctrl Pts',(0.0706410161513776,-0.0110482498921176,
-0.00440190755120764));
#2808=CARTESIAN_POINT('Ctrl Pts',(0.0703209969424674,-0.0110759418123478,
-0.00550136617968874));
#2809=CARTESIAN_POINT('Ctrl Pts',(0.0706410161513768,-0.0110147843452511,
-0.00500867555410051));
#2810=CARTESIAN_POINT('Ctrl Pts',(0.0706410161513776,-0.0109420764194739,
-0.00442212052251419));
#2811=CARTESIAN_POINT('Ctrl Pts',(0.0703143234468731,-0.0109016508318277,
-0.00552738427742092));
#2812=CARTESIAN_POINT('Ctrl Pts',(0.0706410161513782,-0.0108711742290931,
-0.00502831047025807));
#2813=CARTESIAN_POINT('Ctrl Pts',(0.0706410161513776,-0.0108349243201552,
-0.00443181860828873));
#2814=CARTESIAN_POINT('Ctrl Pts',(0.0703060796608387,-0.0107268696139439,
-0.00553977325677937));
#2815=CARTESIAN_POINT('Ctrl Pts',(0.0706410161513776,-0.0107268696139439,
-0.0050364218536323));
#2816=CARTESIAN_POINT('Ctrl Pts',(0.0706410161513776,-0.010726869613944,
-0.00443181860542349));
#2817=CARTESIAN_POINT('Origin',(0.0686410161513776,-0.0110482498921176,
-0.00440190755120764));
#2818=CARTESIAN_POINT('Ctrl Pts',(0.0683221059322028,-0.0152686476917515,
-0.00340625019316608));
#2819=CARTESIAN_POINT('Ctrl Pts',(0.0683221059322028,-0.0152686476917515,
-0.00340625019316608));
#2820=CARTESIAN_POINT('Ctrl Pts',(0.0683221059322028,-0.0152686476917515,
-0.00340625019316608));
#2821=CARTESIAN_POINT('Ctrl Pts',(0.0689126979579776,-0.0148934626215008,
-0.00385504284414798));
#2822=CARTESIAN_POINT('Ctrl Pts',(0.0689566908025316,-0.0148655153114217,
-0.00373687122644264));
#2823=CARTESIAN_POINT('Ctrl Pts',(0.0690006836265978,-0.014837568014358,
-0.00361869959806397));
#2824=CARTESIAN_POINT('Ctrl Pts',(0.0700634068921456,-0.013645995226456,
-0.0047744092484759));
#2825=CARTESIAN_POINT('Ctrl Pts',(0.070234540097537,-0.0135953028549836,
-0.00443067059617991));
#2826=CARTESIAN_POINT('Ctrl Pts',(0.0702989449440971,-0.0134958450165332,
-0.00406098806401532));
#2827=CARTESIAN_POINT('Ctrl Pts',(0.0704201724262166,-0.0117597913108073,
-0.00537452275590625));
#2828=CARTESIAN_POINT('Ctrl Pts',(0.0707189781677009,-0.0116838224458961,
-0.00490646666350932));
#2829=CARTESIAN_POINT('Ctrl Pts',(0.0707258379525079,-0.0115645653633018,
-0.00435857029622266));
#2830=CARTESIAN_POINT('Ctrl Pts',(0.0702844879327557,-0.0107404296704806,
-0.00557005716915492));
#2831=CARTESIAN_POINT('Ctrl Pts',(0.0706228181739665,-0.0106258706027522,
-0.00506596843854988));
#2832=CARTESIAN_POINT('Ctrl Pts',(0.0706130074741087,-0.0105304724849055,
-0.00445567208459767));
#2833=CARTESIAN_POINT('Ctrl Pts',(0.0607879400087563,-0.0175738413155087,
-0.00580969887460469));
#2834=CARTESIAN_POINT('Ctrl Pts',(0.0612584954494263,-0.0173244134280303,
-0.00845987941511403));
#2835=CARTESIAN_POINT('Ctrl Pts',(0.0600456398905517,-0.0149244004182299,
-0.00873558324906411));
#2836=CARTESIAN_POINT('Ctrl Pts',(0.0579189259991868,-0.0190987517232028,
-0.00644270433448843));
#2837=CARTESIAN_POINT('Ctrl Pts',(0.0583195344244963,-0.0189066702808392,
-0.00917059872640968));
#2838=CARTESIAN_POINT('Ctrl Pts',(0.057169258317551,-0.0164027288235197,
-0.00939021669310827));
#2839=CARTESIAN_POINT('Ctrl Pts',(0.051896465257967,-0.0219262565626252,
-0.00747995976688955));
#2840=CARTESIAN_POINT('Ctrl Pts',(0.0521360405200665,-0.0218379818410755,
-0.0103458819105172));
#2841=CARTESIAN_POINT('Ctrl Pts',(0.0511313308356595,-0.0191438605710289,
-0.0104629113579877));
#2842=CARTESIAN_POINT('Ctrl Pts',(0.0456439802330582,-0.024116819748864,
-0.00792174501986212));
#2843=CARTESIAN_POINT('Ctrl Pts',(0.0457757616120542,-0.0240767030401483,
-0.0108727296537644));
#2844=CARTESIAN_POINT('Ctrl Pts',(0.0448627952773816,-0.0212675038871762,
-0.0109197897339938));
#2845=CARTESIAN_POINT('Ctrl Pts',(0.0424658371194049,-0.0250536613012874,
-0.00798233402794306));
#2846=CARTESIAN_POINT('Ctrl Pts',(0.0425200138837263,-0.0250384099244524,
-0.0109662216861001));
#2847=CARTESIAN_POINT('Ctrl Pts',(0.041676491115797,-0.0221757259823556,
-0.0109824487851303));
#2848=CARTESIAN_POINT('Origin',(0.0415467303986395,-0.0222221071420989,
-0.007989338032186));
#2849=CARTESIAN_POINT('Ctrl Pts',(0.042466593829175,-0.0250534382378304,
0.00798231959888132));
#2850=CARTESIAN_POINT('Ctrl Pts',(0.0425207933763637,-0.0250381796718107,
0.0109662122204302));
#2851=CARTESIAN_POINT('Ctrl Pts',(0.041677246099103,-0.0221754972783908,
0.0109824339335718));
#2852=CARTESIAN_POINT('Ctrl Pts',(0.0456444764670903,-0.0241166458917446,
0.00792170995624389));
#2853=CARTESIAN_POINT('Ctrl Pts',(0.0457762738150527,-0.0240765227781634,
0.0108726999774183));
#2854=CARTESIAN_POINT('Ctrl Pts',(0.0448632887930416,-0.0212673230548078,
0.0109197536782068));
#2855=CARTESIAN_POINT('Ctrl Pts',(0.0518964561283915,-0.0219262312885882,
0.00747993613818687));
#2856=CARTESIAN_POINT('Ctrl Pts',(0.0521360424452206,-0.0218379506393311,
0.0103458672103453));
#2857=CARTESIAN_POINT('Ctrl Pts',(0.0511313172299493,-0.0191438241258213,
0.0104628874403544));
#2858=CARTESIAN_POINT('Ctrl Pts',(0.0579184480170112,-0.019098976131449,
0.00644278665689093));
#2859=CARTESIAN_POINT('Ctrl Pts',(0.05831905426153,-0.018906897893877,0.00917070168354686));
#2860=CARTESIAN_POINT('Ctrl Pts',(0.0571687739153398,-0.0164029350708198,
0.00939030281953379));
#2861=CARTESIAN_POINT('Ctrl Pts',(0.0607872568967701,-0.0175742043930152,
0.00580984959050629));
#2862=CARTESIAN_POINT('Ctrl Pts',(0.0612578043946878,-0.0173247854855351,
0.00846005794391865));
#2863=CARTESIAN_POINT('Ctrl Pts',(0.0600449494955897,-0.0149247414622648,
0.00873574037109606));
#2864=CARTESIAN_POINT('Origin',(0.0415467303986431,-0.0222221071421088,
0.00798933803218507));
#2865=CARTESIAN_POINT('Ctrl Pts',(0.0425935301215549,-0.0253748492300933,
0.00798487607499562));
#2866=CARTESIAN_POINT('Ctrl Pts',(0.0421531792758299,-0.0251465647072634,
0.00799800226467481));
#2867=CARTESIAN_POINT('Ctrl Pts',(0.042628549239075,-0.0250055453589465,
0.00797978334608491));
#2868=CARTESIAN_POINT('Ctrl Pts',(0.0425991107133873,-0.0253731937361815,
0.00814329947839927));
#2869=CARTESIAN_POINT('Ctrl Pts',(0.0421576698609271,-0.0251448475453534,
0.00813890629456624));
#2870=CARTESIAN_POINT('Ctrl Pts',(0.042633714270555,-0.0250040131431363,
0.00812236135109167));
#2871=CARTESIAN_POINT('Ctrl Pts',(0.0426005911745904,-0.0253610227263903,
0.0082998347528466));
#2872=CARTESIAN_POINT('Ctrl Pts',(0.0421586737899823,-0.0251338736324205,
0.00827784156538907));
#2873=CARTESIAN_POINT('Ctrl Pts',(0.0426351384076777,-0.0249930320183646,
0.00826324112488588));
#2874=CARTESIAN_POINT('Ctrl Pts',(0.0425981346433578,-0.0253387644539541,
0.00845455869454102));
#2875=CARTESIAN_POINT('Ctrl Pts',(0.0421563477368574,-0.0251140357950246,
0.00841521549490712));
#2876=CARTESIAN_POINT('Ctrl Pts',(0.0426329710435165,-0.024972986662535,
0.00840249173641433));
#2877=CARTESIAN_POINT('Origin',(0.0426854295627478,-0.025197286405097,0.00797978334608492));
#2878=CARTESIAN_POINT('Ctrl Pts',(0.0425912883996592,-0.0253755142130764,
0.00785755785222814));
#2879=CARTESIAN_POINT('Ctrl Pts',(0.0421506919547064,-0.0251472907418487,
0.00785755785222814));
#2880=CARTESIAN_POINT('Ctrl Pts',(0.0426264015601465,-0.0250061824450825,
0.00785755785222814));
#2881=CARTESIAN_POINT('Ctrl Pts',(0.0425912883997142,-0.0253755142131049,
0.00790001157439273));
#2882=CARTESIAN_POINT('Ctrl Pts',(0.0421506919547886,-0.025147290741831,
0.00790438879033572));
#2883=CARTESIAN_POINT('Ctrl Pts',(0.0426264015602195,-0.0250061824450609,
0.00789831342550614));
#2884=CARTESIAN_POINT('Ctrl Pts',(0.0425920356631044,-0.025375292563899,
0.00794245098164394));
#2885=CARTESIAN_POINT('Ctrl Pts',(0.0421515210749408,-0.0251470487496878,
0.00795120305532054));
#2886=CARTESIAN_POINT('Ctrl Pts',(0.0426271174749996,-0.0250059700943157,
0.0079390552564661));
#2887=CARTESIAN_POINT('Ctrl Pts',(0.0425935301215549,-0.0253748492300933,
0.00798487607499562));
#2888=CARTESIAN_POINT('Ctrl Pts',(0.04215317927583,-0.0251465647072634,
0.00799800226467482));
#2889=CARTESIAN_POINT('Ctrl Pts',(0.042628549239075,-0.0250055453589465,
0.00797978334608492));
#2890=CARTESIAN_POINT('Origin',(0.0426832775097279,-0.0251979247887607,
0.00785755785222814));
#2891=CARTESIAN_POINT('Origin',(0.0426832775097278,-0.0251979247887607,
0.013002));
#2892=CARTESIAN_POINT('Origin',(0.0426832775097278,-0.0251979247887607,
-0.00785755785223019));
#2893=CARTESIAN_POINT('Ctrl Pts',(0.0425935301215549,-0.0253748492300933,
-0.00798487607499779));
#2894=CARTESIAN_POINT('Ctrl Pts',(0.04215317927583,-0.0251465647072634,
-0.00799800226467701));
#2895=CARTESIAN_POINT('Ctrl Pts',(0.042628549239075,-0.0250055453589465,
-0.00797978334608709));
#2896=CARTESIAN_POINT('Ctrl Pts',(0.0425920356631049,-0.0253752925638992,
-0.00794245098164608));
#2897=CARTESIAN_POINT('Ctrl Pts',(0.0421515210749377,-0.0251470487496876,
-0.00795120305532265));
#2898=CARTESIAN_POINT('Ctrl Pts',(0.0426271174750001,-0.0250059700943156,
-0.00793905525646823));
#2899=CARTESIAN_POINT('Ctrl Pts',(0.0425912883997142,-0.0253755142131049,
-0.00790001157439482));
#2900=CARTESIAN_POINT('Ctrl Pts',(0.0421506919547886,-0.025147290741831,
-0.00790438879033775));
#2901=CARTESIAN_POINT('Ctrl Pts',(0.0426264015602195,-0.0250061824450609,
-0.00789831342550823));
#2902=CARTESIAN_POINT('Ctrl Pts',(0.0425912883996592,-0.0253755142130764,
-0.00785755785223019));
#2903=CARTESIAN_POINT('Ctrl Pts',(0.0421506919547064,-0.0251472907418487,
-0.00785755785223019));
#2904=CARTESIAN_POINT('Ctrl Pts',(0.0426264015601465,-0.0250061824450825,
-0.00785755785223019));
#2905=CARTESIAN_POINT('Origin',(0.0426854295627478,-0.025197286405097,-0.00797978334608709));
#2906=CARTESIAN_POINT('Ctrl Pts',(0.042628549239075,-0.0250055453589465,
-0.00797978334608709));
#2907=CARTESIAN_POINT('Ctrl Pts',(0.0421531792758298,-0.0251465647072633,
-0.00799800226467702));
#2908=CARTESIAN_POINT('Ctrl Pts',(0.0425935301215549,-0.0253748492300933,
-0.00798487607499779));
#2909=CARTESIAN_POINT('Ctrl Pts',(0.0426337142705522,-0.0250040131431372,
-0.0081223613510935));
#2910=CARTESIAN_POINT('Ctrl Pts',(0.0421576698609488,-0.0251448475453629,
-0.00813890629456352));
#2911=CARTESIAN_POINT('Ctrl Pts',(0.0425991107133901,-0.0253731937361831,
-0.00814329947840067));
#2912=CARTESIAN_POINT('Ctrl Pts',(0.0426351384076828,-0.0249930320183636,
-0.00826324112488416));
#2913=CARTESIAN_POINT('Ctrl Pts',(0.0421586737899797,-0.0251338736324284,
-0.00827784156538386));
#2914=CARTESIAN_POINT('Ctrl Pts',(0.0426005911745971,-0.0253610227263942,
-0.00829983475284472));
#2915=CARTESIAN_POINT('Ctrl Pts',(0.0426329710435166,-0.0249729866625353,
-0.00840249173641433));
#2916=CARTESIAN_POINT('Ctrl Pts',(0.0421563477368575,-0.025114035795025,
-0.0084152154949072));
#2917=CARTESIAN_POINT('Ctrl Pts',(0.0425981346433579,-0.0253387644539545,
-0.00845455869454079));
#2918=UNCERTAINTY_MEASURE_WITH_UNIT(LENGTH_MEASURE(1.E-5),#2922,
'DISTANCE_ACCURACY_VALUE',
'Maximum model space distance between geometric entities at asserted c
onnectivities');
#2919=UNCERTAINTY_MEASURE_WITH_UNIT(LENGTH_MEASURE(1.E-5),#2922,
'DISTANCE_ACCURACY_VALUE',
'Maximum model space distance between geometric entities at asserted c
onnectivities');
#2920=(
GEOMETRIC_REPRESENTATION_CONTEXT(3)
GLOBAL_UNCERTAINTY_ASSIGNED_CONTEXT((#2918))
GLOBAL_UNIT_ASSIGNED_CONTEXT((#2922,#2924,#2925))
REPRESENTATION_CONTEXT('','3D')
);
#2921=(
GEOMETRIC_REPRESENTATION_CONTEXT(3)
GLOBAL_UNCERTAINTY_ASSIGNED_CONTEXT((#2919))
GLOBAL_UNIT_ASSIGNED_CONTEXT((#2922,#2924,#2925))
REPRESENTATION_CONTEXT('','3D')
);
#2922=(
LENGTH_UNIT()
NAMED_UNIT(*)
SI_UNIT($,.METRE.)
);
#2923=(
LENGTH_UNIT()
NAMED_UNIT(*)
SI_UNIT(.CENTI.,.METRE.)
);
#2924=(
NAMED_UNIT(*)
PLANE_ANGLE_UNIT()
SI_UNIT($,.RADIAN.)
);
#2925=(
NAMED_UNIT(*)
SI_UNIT($,.STERADIAN.)
SOLID_ANGLE_UNIT()
);
#2926=SHAPE_DEFINITION_REPRESENTATION(#2927,#2928);
#2927=PRODUCT_DEFINITION_SHAPE('',$,#2930);
#2928=SHAPE_REPRESENTATION('',(#1370),#2920);
#2929=PRODUCT_DEFINITION_CONTEXT('part definition',#2934,'design');
#2930=PRODUCT_DEFINITION('Distal_Shell','Distal_Shell',#2931,#2929);
#2931=PRODUCT_DEFINITION_FORMATION('',$,#2936);
#2932=PRODUCT_RELATED_PRODUCT_CATEGORY('Distal_Shell','Distal_Shell',(#2936));
#2933=APPLICATION_PROTOCOL_DEFINITION('international standard',
'automotive_design',2009,#2934);
#2934=APPLICATION_CONTEXT(
'Core Data for Automotive Mechanical Design Process');
#2935=PRODUCT_CONTEXT('part definition',#2934,'mechanical');
#2936=PRODUCT('Distal_Shell','Distal_Shell','STEP AP242',(#2935));
#2937=PRESENTATION_STYLE_ASSIGNMENT((#2939));
#2938=PRESENTATION_STYLE_ASSIGNMENT((#2940));
#2939=SURFACE_STYLE_USAGE(.BOTH.,#2945);
#2940=SURFACE_STYLE_USAGE(.BOTH.,#2946);
#2941=SURFACE_STYLE_RENDERING_WITH_PROPERTIES($,#2953,(#2943));
#2942=SURFACE_STYLE_RENDERING_WITH_PROPERTIES($,#2954,(#2944));
#2943=SURFACE_STYLE_TRANSPARENT(0.);
#2944=SURFACE_STYLE_TRANSPARENT(0.);
#2945=SURFACE_SIDE_STYLE('',(#2947,#2941));
#2946=SURFACE_SIDE_STYLE('',(#2948,#2942));
#2947=SURFACE_STYLE_FILL_AREA(#2949);
#2948=SURFACE_STYLE_FILL_AREA(#2950);
#2949=FILL_AREA_STYLE('',(#2951));
#2950=FILL_AREA_STYLE('',(#2952));
#2951=FILL_AREA_STYLE_COLOUR('',#2953);
#2952=FILL_AREA_STYLE_COLOUR('',#2954);
#2953=COLOUR_RGB('',0.749019607843137,0.749019607843137,0.749019607843137);
#2954=COLOUR_RGB('',0.901960784313726,0.901960784313726,0.901960784313726);
ENDSEC;
END-ISO-10303-21;
