ISO-10303-21;
HEADER;
FILE_DESCRIPTION (( 'STEP AP203' ),
    '1' );
FILE_NAME ('Top_Panel.STEP',
    '2026-05-11T12:18:13',
    ( '' ),
    ( '' ),
    'SwSTEP 2.0',
    'SolidWorks 2024',
    '' );
FILE_SCHEMA (( 'CONFIG_CONTROL_DESIGN' ));
ENDSEC;

DATA;
#1 = CARTESIAN_POINT ( 'NONE',  ( 33.07942746741112927, -3.020582429040426842, -5.000000000000004441 ) ) ;
#2 = CARTESIAN_POINT ( 'NONE',  ( -33.02057253258905689, 1.027832321093293810, -77.59999999999999432 ) ) ;
#3 = ORIENTED_EDGE ( 'NONE', *, *, #3192, .F. ) ;
#4 = EDGE_CURVE ( 'NONE', #7645, #7933, #8556, .T. ) ;
#5 = DIRECTION ( 'NONE',  ( 1.000000000000000000, 0.000000000000000000, 0.000000000000000000 ) ) ;
#6 = LINE ( 'NONE', #8935, #3429 ) ;
#7 = DIRECTION ( 'NONE',  ( -1.000000000000000000, 2.017120320903265181E-16, 0.000000000000000000 ) ) ;
#8 = CIRCLE ( 'NONE', #9003, 2.600000000000004974 ) ;
#9 = CARTESIAN_POINT ( 'NONE',  ( -31.02057253258904979, 1.373312738190331839, -76.59999999999999432 ) ) ;
#10 = CARTESIAN_POINT ( 'NONE',  ( 29.76521924429018640, 7.343613626566214414, -2.377460949470827867 ) ) ;
#11 = VERTEX_POINT ( 'NONE', #1234 ) ;
#12 = FACE_BOUND ( 'NONE', #5585, .T. ) ;
#13 = DIRECTION ( 'NONE',  ( -2.017120320903265428E-16, -1.000000000000000000, -0.000000000000000000 ) ) ;
#14 = AXIS2_PLACEMENT_3D ( 'NONE', #4963, #2799, #2703 ) ;
#15 = CARTESIAN_POINT ( 'NONE',  ( 32.47942746741107101, 1.027832321093521184, -30.69999999999999929 ) ) ;
#16 = DIRECTION ( 'NONE',  ( 1.000000000000000000, 0.000000000000000000, 0.000000000000000000 ) ) ;
#17 = CARTESIAN_POINT ( 'NONE',  ( -31.02057253258905334, 1.027832321093293810, -79.59999999999999432 ) ) ;
#18 = DIRECTION ( 'NONE',  ( 0.000000000000000000, 1.000000000000000000, 0.000000000000000000 ) ) ;
#19 = FACE_OUTER_BOUND ( 'NONE', #4160, .T. ) ;
#20 = AXIS2_PLACEMENT_3D ( 'NONE', #8132, #9544, #2896 ) ;
#21 = CARTESIAN_POINT ( 'NONE',  ( 0.000000000000000000, 6.349417570959293933, 0.000000000000000000 ) ) ;
#22 = ORIENTED_EDGE ( 'NONE', *, *, #8185, .F. ) ;
#23 = CARTESIAN_POINT ( 'NONE',  ( -28.95047629153577162, 8.378802858329041925, -7.271643319997724397 ) ) ;
#24 = CARTESIAN_POINT ( 'NONE',  ( 29.63057116317861528, 6.006783517941540751, -77.27590210587298714 ) ) ;
#25 = ORIENTED_EDGE ( 'NONE', *, *, #7444, .T. ) ;
#26 = EDGE_CURVE ( 'NONE', #3775, #9010, #5056, .T. ) ;
#27 = CARTESIAN_POINT ( 'NONE',  ( -28.44613486920351164, 8.655815229973271130, -28.54999999999997939 ) ) ;
#28 = AXIS2_PLACEMENT_3D ( 'NONE', #5250, #3029, #8165 ) ;
#29 = CARTESIAN_POINT ( 'NONE',  ( -31.02057253258905689, 1.027832321093293810, -77.59999999999999432 ) ) ;
#30 = FACE_OUTER_BOUND ( 'NONE', #426, .T. ) ;
#31 = CARTESIAN_POINT ( 'NONE',  ( 31.79992234128437190, 5.523350904062072075, -7.899999999919471882 ) ) ;
#32 = EDGE_LOOP ( 'NONE', ( #1833, #1741, #3870, #965, #7421 ) ) ;
#33 = DIRECTION ( 'NONE',  ( 1.778091562876225694E-14, -1.000000000000000000, 0.000000000000000000 ) ) ;
#34 = ORIENTED_EDGE ( 'NONE', *, *, #2911, .T. ) ;
#35 = VERTEX_POINT ( 'NONE', #6411 ) ;
#36 = CARTESIAN_POINT ( 'NONE',  ( 23.29758322503741397, 7.479417570959294714, -21.48774110519285685 ) ) ;
#37 = CARTESIAN_POINT ( 'NONE',  ( 24.46938283698223415, 7.479417570959292938, -18.53994049267446087 ) ) ;
#38 = PLANE ( 'NONE',  #5870 ) ;
#39 = FACE_OUTER_BOUND ( 'NONE', #5546, .T. ) ;
#40 = ORIENTED_EDGE ( 'NONE', *, *, #1689, .T. ) ;
#41 = CARTESIAN_POINT ( 'NONE',  ( -29.26377349699172470, 6.349417570959270840, -75.81508438371780301 ) ) ;
#42 = B_SPLINE_CURVE_WITH_KNOTS ( 'NONE', 3,
 ( #6065, #6156, #9124, #5327 ),
 .UNSPECIFIED., .F., .F.,
 ( 4, 4 ),
 ( 0.000000000000000000, 0.001126553496625159155 ),
 .UNSPECIFIED. ) ;
#43 = ORIENTED_EDGE ( 'NONE', *, *, #4007, .F. ) ;
#44 = CARTESIAN_POINT ( 'NONE',  ( 27.47942746741108877, -2.520582429040423289, -27.04999999999999005 ) ) ;
#45 = DIRECTION ( 'NONE',  ( 0.000000000000000000, 1.000000000000000000, 0.000000000000000000 ) ) ;
#46 = AXIS2_PLACEMENT_3D ( 'NONE', #7231, #6555, #2797 ) ;
#47 =( BOUNDED_SURFACE ( )  B_SPLINE_SURFACE ( 3, 2, ( 
 ( #6080, #6030, #9039 ),
 ( #8162, #4473, #8993 ),
 ( #2408, #804, #4526 ),
 ( #748, #4416, #8264 ),
 ( #7374, #5341, #7485 ),
 ( #1669, #5151, #7579 ),
 ( #3899, #6844, #219 ),
 ( #15, #8847, #2208 ) ),
 .UNSPECIFIED., .F., .F., .T. ) 
 B_SPLINE_SURFACE_WITH_KNOTS ( ( 4, 2, 2, 4 ),
 ( 3, 3 ),
 ( -4.770489558936219510E-18, 0.002640756487213042659, 0.003961134730819566158, 0.005281512974426090523 ),
 ( 0.000000000000000000, 1.000000000000000000 ),
 .UNSPECIFIED. ) 
 GEOMETRIC_REPRESENTATION_ITEM ( )  RATIONAL_B_SPLINE_SURFACE ( (
 ( 1.000000000000000000, 0.7071067811865450192, 1.000000000000000000),
 ( 1.000000000000000000, 0.7071067811865450192, 1.000000000000000000),
 ( 1.000000000000000000, 0.7071067811865523467, 1.000000000000000000),
 ( 1.000000000000000000, 0.7071067811865523467, 1.000000000000000000),
 ( 1.000000000000000000, 0.7071067811865523467, 1.000000000000000000),
 ( 1.000000000000000000, 0.7071067811865523467, 1.000000000000000000),
 ( 1.000000000000000000, 0.7071067811865450192, 1.000000000000000000),
 ( 1.000000000000000000, 0.7071067811865450192, 1.000000000000000000) ) ) 
 REPRESENTATION_ITEM ( '' )  SURFACE ( )  );
#48 = EDGE_CURVE ( 'NONE', #7002, #8921, #9390, .T. ) ;
#49 = CARTESIAN_POINT ( 'NONE',  ( 28.22942746741108166, 7.349417570959288604, -48.50000000000001421 ) ) ;
#50 = CARTESIAN_POINT ( 'NONE',  ( 29.88940078163525627, 2.202549210127437984, -77.59999999999999432 ) ) ;
#51 = CARTESIAN_POINT ( 'NONE',  ( 32.97942746645682632, 1.974483846351971605, -2.099999999999986766 ) ) ;
#52 = LINE ( 'NONE', #8932, #7093 ) ;
#53 = ORIENTED_EDGE ( 'NONE', *, *, #2423, .F. ) ;
#54 = CARTESIAN_POINT ( 'NONE',  ( -33.07128183658850418, -2.989507569137195286, -30.40958318531227889 ) ) ;
#55 = LINE ( 'NONE', #3019, #8386 ) ;
#56 = ORIENTED_EDGE ( 'NONE', *, *, #1459, .F. ) ;
#57 = DIRECTION ( 'NONE',  ( 2.017120320903265181E-16, 1.000000000000000000, -0.000000000000000000 ) ) ;
#58 = EDGE_LOOP ( 'NONE', ( #7110, #4536, #8764, #5017 ) ) ;
#59 = CARTESIAN_POINT ( 'NONE',  ( 26.05905647425419147, 7.381831260568133324, -2.000000000000043521 ) ) ;
#60 = CARTESIAN_POINT ( 'NONE',  ( 31.87942746741113353, -3.520582429040425065, -5.000000000000004441 ) ) ;
#61 = EDGE_CURVE ( 'NONE', #1290, #5290, #6275, .T. ) ;
#62 = ADVANCED_FACE ( 'NONE', ( #4864 ), #2302, .T. ) ;
#63 = B_SPLINE_CURVE_WITH_KNOTS ( 'NONE', 3,
 ( #4793, #296, #4021, #6827, #7748, #2533, #1753, #6874, #9172, #348, #247, #4702, #1115, #3198, #1017, #9120, #5508, #1059, #2574, #4062, #1651, #3300, #7012, #976, #929, #7656, #204, #5371, #3971, #1840, #4597, #5467 ),
 .UNSPECIFIED., .F., .F.,
 ( 4, 2, 2, 2, 2, 2, 2, 2, 2, 2, 2, 2, 2, 2, 2, 4 ),
 ( 1.393864076242399117E-17, 0.0008313227006972213895, 0.001662645401394428684, 0.002493968102091636413, 0.002909629452440241903, 0.003325290802788848261, 0.004156613503486067049, 0.004987936204183286704, 0.006650581605577725146, 0.007481904306274942199, 0.008313227006972156649, 0.009144549707669374569, 0.009975872408366590754, 0.01080719510906380694, 0.01163851780976102313, 0.01330116321115545723 ),
 .UNSPECIFIED. ) ;
#64 = CARTESIAN_POINT ( 'NONE',  ( -26.70460516799094108, -2.520582429040699068, -2.000000000000002665 ) ) ;
#65 = LINE ( 'NONE', #4528, #8957 ) ;
#66 = DIRECTION ( 'NONE',  ( 0.000000000000000000, 0.000000000000000000, 1.000000000000000000 ) ) ;
#67 = CARTESIAN_POINT ( 'NONE',  ( 29.10139277006726033, 7.920961799388982705, -7.038789526082466885 ) ) ;
#68 = CARTESIAN_POINT ( 'NONE',  ( -9.300572532588921248, 9.479417570959293826, -14.88999999999999879 ) ) ;
#69 = DIRECTION ( 'NONE',  ( 0.000000000000000000, 1.000000000000000000, 0.000000000000000000 ) ) ;
#70 = ORIENTED_EDGE ( 'NONE', *, *, #3967, .F. ) ;
#71 = CARTESIAN_POINT ( 'NONE',  ( -29.20466130604340549, 8.219325836588344814, -7.565486359030336061 ) ) ;
#72 = CARTESIAN_POINT ( 'NONE',  ( 31.84299108901530317, 4.972433092629025886, -77.12518548938602692 ) ) ;
#73 = ORIENTED_EDGE ( 'NONE', *, *, #6549, .T. ) ;
#74 = CARTESIAN_POINT ( 'NONE',  ( 23.38942746741042811, 4.349417570959289492, -4.690657678309090064E-15 ) ) ;
#75 = CARTESIAN_POINT ( 'NONE',  ( -30.38393735426469533, 3.899558165278592448, -77.59999999999998010 ) ) ;
#76 = CARTESIAN_POINT ( 'NONE',  ( 31.39559602762635038, 6.678238463144793080, -37.34377520723106869 ) ) ;
#77 = ORIENTED_EDGE ( 'NONE', *, *, #1740, .F. ) ;
#78 = CARTESIAN_POINT ( 'NONE',  ( -28.82913691016902646, 8.140486074760445945, -29.24725090943533345 ) ) ;
#79 = EDGE_CURVE ( 'NONE', #5739, #6279, #7924, .T. ) ;
#80 = B_SPLINE_CURVE_WITH_KNOTS ( 'NONE', 3,
 ( #6455, #1376, #2793, #3515, #9388, #5677 ),
 .UNSPECIFIED., .F., .F.,
 ( 4, 2, 4 ),
 ( 0.000000000000000000, 0.0001477504382166087927, 0.0002955008764332175855 ),
 .UNSPECIFIED. ) ;
#81 = ORIENTED_EDGE ( 'NONE', *, *, #6307, .F. ) ;
#82 = EDGE_CURVE ( 'NONE', #785, #8335, #141, .T. ) ;
#83 = VERTEX_POINT ( 'NONE', #7737 ) ;
#84 = EDGE_CURVE ( 'NONE', #1932, #4485, #1534, .T. ) ;
#85 = CARTESIAN_POINT ( 'NONE',  ( 22.79373118407112742, 7.479417570959294714, -7.424035612575618615 ) ) ;
#86 = DIRECTION ( 'NONE',  ( -1.000000000000000000, 0.000000000000000000, 0.000000000000000000 ) ) ;
#87 = CARTESIAN_POINT ( 'NONE',  ( -32.97102237238589595, 2.103491862013144864, -0.000000000000000000 ) ) ;
#88 = CARTESIAN_POINT ( 'NONE',  ( 23.53420777022109078, 7.479417570959293826, -8.747136590157658986 ) ) ;
#89 = CARTESIAN_POINT ( 'NONE',  ( -33.02057253258906400, 1.027832321093304024, -79.59999999999999432 ) ) ;
#90 = CARTESIAN_POINT ( 'NONE',  ( -28.74273997465155972, 8.504759742122983468, -26.69416019152951236 ) ) ;
#91 = ORIENTED_EDGE ( 'NONE', *, *, #4894, .F. ) ;
#92 = ORIENTED_EDGE ( 'NONE', *, *, #3961, .F. ) ;
#93 = CARTESIAN_POINT ( 'NONE',  ( 31.06960002502196616, 6.511978702425359700, -0.000000000000000000 ) ) ;
#94 = ADVANCED_FACE ( 'NONE', ( #8793 ), #3659, .F. ) ;
#95 = CARTESIAN_POINT ( 'NONE',  ( -29.23573909526102099, 8.198989061708063630, -25.20377342947015364 ) ) ;
#96 = CYLINDRICAL_SURFACE ( 'NONE', #3717, 0.5000000000000000000 ) ;
#97 = DIRECTION ( 'NONE',  ( -1.000000000000000000, 1.668003342285388346E-16, 0.000000000000000000 ) ) ;
#98 = CARTESIAN_POINT ( 'NONE',  ( -31.84096772368471306, 5.523439229583527954, -24.39999999999071534 ) ) ;
#99 = CARTESIAN_POINT ( 'NONE',  ( -31.80534603049051867, 5.505796304270525354, -31.19999999999997442 ) ) ;
#100 = ORIENTED_EDGE ( 'NONE', *, *, #5808, .F. ) ;
#101 = CARTESIAN_POINT ( 'NONE',  ( -32.85161988453307202, 2.740215764883560112, -77.59999999999999432 ) ) ;
#102 = CARTESIAN_POINT ( 'NONE',  ( -32.61885819277015486, -3.020582429040413519, -30.19999999999999929 ) ) ;
#103 = ORIENTED_EDGE ( 'NONE', *, *, #3203, .T. ) ;
#104 = CARTESIAN_POINT ( 'NONE',  ( 33.04495046801084612, -3.520582429035798100, -30.37801479636492630 ) ) ;
#105 = ORIENTED_EDGE ( 'NONE', *, *, #1613, .F. ) ;
#106 = CARTESIAN_POINT ( 'NONE',  ( 27.28916796018743796, 6.983745822569916051, -2.000000000000029310 ) ) ;
#107 = DIRECTION ( 'NONE',  ( -1.000000000000000000, -9.912705577010326782E-17, 0.000000000000000000 ) ) ;
#108 = CARTESIAN_POINT ( 'NONE',  ( 32.38356115765244425, 4.240298329931541765, -24.40000000000305391 ) ) ;
#109 = CARTESIAN_POINT ( 'NONE',  ( -31.02057253258906400, 1.027832321093304024, -79.59999999999999432 ) ) ;
#110 = VECTOR ( 'NONE', #3421, 1000.000000000000000 ) ;
#111 = CARTESIAN_POINT ( 'NONE',  ( -32.52057253258906400, 1.027832321093304024, -24.39999999999999147 ) ) ;
#112 = CARTESIAN_POINT ( 'NONE',  ( 28.93662395258945708, 8.361949394505801436, -2.692220322403815480 ) ) ;
#113 = CARTESIAN_POINT ( 'NONE',  ( -31.02057253258906400, -2.520582429040413963, -9.100000000000010303 ) ) ;
#114 = FACE_OUTER_BOUND ( 'NONE', #7051, .T. ) ;
#115 = EDGE_CURVE ( 'NONE', #9133, #878, #611, .T. ) ;
#116 = CARTESIAN_POINT ( 'NONE',  ( -31.55424206069897153, 5.903328027089730590, -8.400000000000005684 ) ) ;
#117 = ADVANCED_FACE ( 'NONE', ( #1332 ), #1388, .F. ) ;
#118 = LINE ( 'NONE', #8369, #5462 ) ;
#119 = DIRECTION ( 'NONE',  ( 1.000000000000000000, -1.982541115402065356E-16, 0.000000000000000000 ) ) ;
#120 = ORIENTED_EDGE ( 'NONE', *, *, #1310, .T. ) ;
#121 = VECTOR ( 'NONE', #7361, 1000.000000000000000 ) ;
#122 = DIRECTION ( 'NONE',  ( -0.000000000000000000, -4.081880939302599909E-14, -1.000000000000000000 ) ) ;
#123 = CARTESIAN_POINT ( 'NONE',  ( -28.72057253258906684, 8.209584757179262837, -4.082295078085220297 ) ) ;
#124 = CARTESIAN_POINT ( 'NONE',  ( 28.63953446997787111, 6.542693466240134370, -37.70924375780974458 ) ) ;
#125 = ORIENTED_EDGE ( 'NONE', *, *, #6088, .T. ) ;
#126 = AXIS2_PLACEMENT_3D ( 'NONE', #5630, #4090, #1820 ) ;
#127 = EDGE_CURVE ( 'NONE', #2470, #5459, #198, .T. ) ;
#128 = AXIS2_PLACEMENT_3D ( 'NONE', #7009, #6285, #9311 ) ;
#129 = CARTESIAN_POINT ( 'NONE',  ( -30.48219232990178540, 6.568704957734643024, -30.67710591752916827 ) ) ;
#130 = VERTEX_POINT ( 'NONE', #5782 ) ;
#131 = ORIENTED_EDGE ( 'NONE', *, *, #1404, .F. ) ;
#132 = VECTOR ( 'NONE', #1028, 1000.000000000000000 ) ;
#133 = CARTESIAN_POINT ( 'NONE',  ( 22.51787595418623056, 7.479417570959294714, -7.003368197237160864 ) ) ;
#134 = DIRECTION ( 'NONE',  ( -1.000000000000000000, 0.000000000000000000, 0.000000000000000000 ) ) ;
#135 = VECTOR ( 'NONE', #3037, 1000.000000000000000 ) ;
#136 = DIRECTION ( 'NONE',  ( 2.017120320903265181E-16, 1.000000000000000000, -0.000000000000000000 ) ) ;
#137 = CARTESIAN_POINT ( 'NONE',  ( 32.94148392921069046, 1.968839118171935354, -8.400000000000023448 ) ) ;
#138 = DIRECTION ( 'NONE',  ( -1.000000000000000000, 0.000000000000000000, 0.000000000000000000 ) ) ;
#139 = CARTESIAN_POINT ( 'NONE',  ( -30.44949452320479821, 6.613398261024224567, -24.92772771390022157 ) ) ;
#140 = ORIENTED_EDGE ( 'NONE', *, *, #8748, .T. ) ;
#141 = CIRCLE ( 'NONE', #3237, 0.4999999999999998890 ) ;
#142 = AXIS2_PLACEMENT_3D ( 'NONE', #3823, #3149, #134 ) ;
#143 = AXIS2_PLACEMENT_3D ( 'NONE', #6733, #9567, #3114 ) ;
#144 = ORIENTED_EDGE ( 'NONE', *, *, #6041, .F. ) ;
#145 = CARTESIAN_POINT ( 'NONE',  ( 28.60691631094203657, 8.571131515379144972, -0.000000000000000000 ) ) ;
#146 = DIRECTION ( 'NONE',  ( 1.000000000000000000, -2.017120320903264935E-16, 0.000000000000000000 ) ) ;
#147 = CARTESIAN_POINT ( 'NONE',  ( 24.72942746741108522, 6.849417570959288604, -48.50000000000000711 ) ) ;
#148 = AXIS2_PLACEMENT_3D ( 'NONE', #5772, #3503, #7273 ) ;
#149 = DIRECTION ( 'NONE',  ( 1.000000000000000000, -2.628368902995164490E-16, 0.000000000000000000 ) ) ;
#150 = AXIS2_PLACEMENT_3D ( 'NONE', #1221, #6298, #3276 ) ;
#151 = DIRECTION ( 'NONE',  ( -0.000000000000000000, -1.000000000000000000, -0.000000000000000000 ) ) ;
#152 = CARTESIAN_POINT ( 'NONE',  ( -23.21057253258958752, 4.349417570959299262, -39.31000000000022254 ) ) ;
#153 = ORIENTED_EDGE ( 'NONE', *, *, #6982, .T. ) ;
#154 = CARTESIAN_POINT ( 'NONE',  ( 27.57942746741107953, 6.349417570959288604, -66.00000000000000000 ) ) ;
#155 = DIRECTION ( 'NONE',  ( 2.017120320903265428E-16, 1.000000000000000000, 0.000000000000000000 ) ) ;
#156 = EDGE_LOOP ( 'NONE', ( #2270, #4325, #92, #9030 ) ) ;
#157 = CARTESIAN_POINT ( 'NONE',  ( 31.22850509297925825, 6.280390163998438524, -2.100000000000006306 ) ) ;
#158 = ORIENTED_EDGE ( 'NONE', *, *, #3559, .T. ) ;
#159 = VECTOR ( 'NONE', #1507, 1000.000000000000000 ) ;
#160 = CARTESIAN_POINT ( 'NONE',  ( 25.08915594524085080, 7.478924922020022237, -76.59999999999999432 ) ) ;
#161 = DIRECTION ( 'NONE',  ( -1.000000000000000000, -1.250608365883192617E-15, 0.000000000000000000 ) ) ;
#162 = EDGE_CURVE ( 'NONE', #7261, #6938, #2936, .T. ) ;
#163 = CARTESIAN_POINT ( 'NONE',  ( 32.19919366652606385, 4.674857385141570454, -24.89999999999998792 ) ) ;
#164 = EDGE_CURVE ( 'NONE', #1132, #2109, #6189, .T. ) ;
#165 = DIRECTION ( 'NONE',  ( -1.000000000000000000, 2.017120320903265428E-16, 0.000000000000000000 ) ) ;
#166 = VECTOR ( 'NONE', #7107, 1000.000000000000000 ) ;
#167 = AXIS2_PLACEMENT_3D ( 'NONE', #7166, #5720, #1319 ) ;
#168 = CARTESIAN_POINT ( 'NONE',  ( 30.82942746741106532, 5.979164254138646939, -30.69999999999999929 ) ) ;
#169 = LINE ( 'NONE', #5197, #4196 ) ;
#170 = DIRECTION ( 'NONE',  ( -1.387778780781445922E-16, 1.000000000000000000, -0.000000000000000000 ) ) ;
#171 = CARTESIAN_POINT ( 'NONE',  ( 30.43936398962783940, 6.570772767166048745, -30.67665885179532381 ) ) ;
#172 = B_SPLINE_CURVE_WITH_KNOTS ( 'NONE', 3,
 ( #8965, #2335, #8240, #6131, #5986, #4479 ),
 .UNSPECIFIED., .F., .F.,
 ( 4, 2, 4 ),
 ( 0.000000000000000000, 0.0007438768216446211331, 0.001487753643289242266 ),
 .UNSPECIFIED. ) ;
#173 = CARTESIAN_POINT ( 'NONE',  ( -32.94546341179430016, 2.196047495006897332, -8.400000000000023448 ) ) ;
#174 = CARTESIAN_POINT ( 'NONE',  ( 29.23828651686149982, 3.871834894729364152, -77.59999999999999432 ) ) ;
#175 = DIRECTION ( 'NONE',  ( -2.017120320903265181E-16, -1.000000000000000000, 0.000000000000000000 ) ) ;
#176 = AXIS2_PLACEMENT_3D ( 'NONE', #7472, #3015, #1329 ) ;
#177 = ORIENTED_EDGE ( 'NONE', *, *, #5355, .T. ) ;
#178 = ADVANCED_FACE ( 'NONE', ( #7336 ), #9600, .F. ) ;
#179 = EDGE_CURVE ( 'NONE', #1361, #4755, #8749, .T. ) ;
#180 = ADVANCED_FACE ( 'NONE', ( #5889 ), #5403, .T. ) ;
#181 = CARTESIAN_POINT ( 'NONE',  ( 26.47942746741108166, 6.849417570959293933, -48.50000000000000711 ) ) ;
#182 = DIRECTION ( 'NONE',  ( 0.000000000000000000, 0.000000000000000000, 1.000000000000000000 ) ) ;
#183 = CARTESIAN_POINT ( 'NONE',  ( -27.53175847851574432, 6.877065004459360864, -6.065625491381647194 ) ) ;
#184 = CARTESIAN_POINT ( 'NONE',  ( 32.25182118324316605, 4.541325808866339742, -35.94470546485307239 ) ) ;
#185 = AXIS2_PLACEMENT_3D ( 'NONE', #6683, #879, #203 ) ;
#186 = ORIENTED_EDGE ( 'NONE', *, *, #1359, .T. ) ;
#187 = CARTESIAN_POINT ( 'NONE',  ( -29.45973790065544051, 7.665750923409214934, -30.17877449493855124 ) ) ;
#188 = ORIENTED_EDGE ( 'NONE', *, *, #3827, .T. ) ;
#189 = VECTOR ( 'NONE', #4548, 1000.000000000000000 ) ;
#190 = EDGE_LOOP ( 'NONE', ( #1750, #8349, #9453, #4843 ) ) ;
#191 = EDGE_CURVE ( 'NONE', #7008, #9086, #2106, .T. ) ;
#192 = VECTOR ( 'NONE', #7340, 1000.000000000000000 ) ;
#193 = ADVANCED_FACE ( 'NONE', ( #9438 ), #4419, .F. ) ;
#194 = CARTESIAN_POINT ( 'NONE',  ( 21.27784561142684083, 7.479417570959292938, -5.432989505266031749 ) ) ;
#195 = CARTESIAN_POINT ( 'NONE',  ( -28.72057253258904197, -2.520582429040414851, -27.04999999999999361 ) ) ;
#196 = CARTESIAN_POINT ( 'NONE',  ( 30.92929694044616085, 1.977502945291798264, -9.099999999999997868 ) ) ;
#197 = LINE ( 'NONE', #3191, #788 ) ;
#198 = B_SPLINE_CURVE_WITH_KNOTS ( 'NONE', 3,
 ( #3567, #3516, #8702, #2884, #8017, #4272, #1436, #6456, #7287, #5154, #5830, #8073, #6652 ),
 .UNSPECIFIED., .F., .F.,
 ( 4, 2, 1, 2, 2, 2, 4 ),
 ( -5.999999999912320966E-08, 0.0003492088255505615543, 0.0006984776511011222102, 0.001397015302202243847, 0.002794090604404486904, 0.004191165906606729961, 0.005588241208808972585 ),
 .UNSPECIFIED. ) ;
#199 = CARTESIAN_POINT ( 'NONE',  ( 29.75490658279827016, 7.794526033660925890, -24.78466610180521812 ) ) ;
#200 = VERTEX_POINT ( 'NONE', #3614 ) ;
#201 = DIRECTION ( 'NONE',  ( -1.000000000000000000, 0.000000000000000000, 0.000000000000000000 ) ) ;
#202 = ORIENTED_EDGE ( 'NONE', *, *, #9184, .F. ) ;
#203 = DIRECTION ( 'NONE',  ( 1.000000000000000000, -2.017120320903265181E-16, 0.000000000000000000 ) ) ;
#204 = CARTESIAN_POINT ( 'NONE',  ( 27.65474287949173515, 8.992077491200051398, -33.10601005110913064 ) ) ;
#205 = CARTESIAN_POINT ( 'NONE',  ( 30.83151933743497253, 2.463819331308773730, -76.59999999999996589 ) ) ;
#206 = LINE ( 'NONE', #7658, #7434 ) ;
#207 = CARTESIAN_POINT ( 'NONE',  ( -33.02057253220335298, 1.501125943333013524, -24.90000000001393232 ) ) ;
#208 = DIRECTION ( 'NONE',  ( 1.250608365883192617E-15, -1.000000000000000000, 2.343603989771761779E-30 ) ) ;
#209 = EDGE_LOOP ( 'NONE', ( #1813, #518, #5377, #615, #7348, #1649, #9348, #3725, #9303, #736, #3617, #4975, #4566, #1791, #1162, #6343, #743, #3381 ) ) ;
#210 = CARTESIAN_POINT ( 'NONE',  ( -31.78477880232264496, 4.467011467695662041, -7.899999999999983480 ) ) ;
#211 = ORIENTED_EDGE ( 'NONE', *, *, #1300, .T. ) ;
#212 = CARTESIAN_POINT ( 'NONE',  ( 32.82160491132400892, -3.074468906550412495, -30.29292067984401271 ) ) ;
#213 = ORIENTED_EDGE ( 'NONE', *, *, #6426, .F. ) ;
#214 = CARTESIAN_POINT ( 'NONE',  ( 25.41350064699109268, 7.464599207750397980, -2.000000000000015543 ) ) ;
#215 = PLANE ( 'NONE',  #4125 ) ;
#216 = EDGE_CURVE ( 'NONE', #800, #1848, #6554, .T. ) ;
#218 = EDGE_CURVE ( 'NONE', #6098, #8456, #314, .T. ) ;
#217 = CIRCLE ( 'NONE', #4542, 0.5000000000000004441 ) ;
#219 = CARTESIAN_POINT ( 'NONE',  ( 32.97942746741106390, 1.501095065601172562, -31.19999999999999929 ) ) ;
#220 = CARTESIAN_POINT ( 'NONE',  ( 27.57942746741108309, 6.349417570959288604, -48.50000000000001421 ) ) ;
#221 = CARTESIAN_POINT ( 'NONE',  ( 29.19588013107716407, 8.197875539168396841, -2.402297855912008728 ) ) ;
#222 = CARTESIAN_POINT ( 'NONE',  ( 29.30664912301173430, 7.759335251531100042, -7.275853358482535782 ) ) ;
#223 = CARTESIAN_POINT ( 'NONE',  ( 30.82942746741107953, 2.444417355247891166, -9.100000000000010303 ) ) ;
#224 = DIRECTION ( 'NONE',  ( -1.387778780781390455E-15, 1.000000000000000000, 0.000000000000000000 ) ) ;
#225 = ORIENTED_EDGE ( 'NONE', *, *, #6509, .T. ) ;
#226 = CARTESIAN_POINT ( 'NONE',  ( 23.76939157490029331, 8.479417570959276063, -17.37963063296100685 ) ) ;
#227 = DIRECTION ( 'NONE',  ( -2.017120320903265428E-16, -1.000000000000000000, -0.000000000000000000 ) ) ;
#228 = CARTESIAN_POINT ( 'NONE',  ( 32.29382975390419119, 4.457122761440370340, -79.10120964366076635 ) ) ;
#229 = ORIENTED_EDGE ( 'NONE', *, *, #1240, .T. ) ;
#230 = DIRECTION ( 'NONE',  ( -2.017120320903264935E-16, -1.000000000000000000, 0.000000000000000000 ) ) ;
#231 = CYLINDRICAL_SURFACE ( 'NONE', #4036, 1.000000000000000888 ) ;
#233 = EDGE_CURVE ( 'NONE', #538, #2064, #1525, .T. ) ;
#232 = CARTESIAN_POINT ( 'NONE',  ( 32.63624460290716200, 3.456915092120275368, -38.41306765332544870 ) ) ;
#234 = ORIENTED_EDGE ( 'NONE', *, *, #2377, .F. ) ;
#235 = DIRECTION ( 'NONE',  ( -2.017120320903265181E-16, -1.000000000000000000, 0.000000000000000000 ) ) ;
#236 = ORIENTED_EDGE ( 'NONE', *, *, #969, .T. ) ;
#237 = VERTEX_POINT ( 'NONE', #4575 ) ;
#238 = CARTESIAN_POINT ( 'NONE',  ( 30.97942746741106390, 1.505321755205606626, -9.100000000000010303 ) ) ;
#239 = LINE ( 'NONE', #3294, #1717 ) ;
#240 = DIRECTION ( 'NONE',  ( -1.387778780781445922E-16, 1.000000000000000000, 0.000000000000000000 ) ) ;
#241 = ORIENTED_EDGE ( 'NONE', *, *, #9081, .F. ) ;
#242 = CARTESIAN_POINT ( 'NONE',  ( -29.06026471748362638, 8.315658531023229827, -29.72622417762611846 ) ) ;
#243 = ADVANCED_FACE ( 'NONE', ( #3218 ), #6178, .F. ) ;
#244 = ORIENTED_EDGE ( 'NONE', *, *, #9312, .F. ) ;
#245 = EDGE_CURVE ( 'NONE', #5697, #7010, #3806, .T. ) ;
#246 = CARTESIAN_POINT ( 'NONE',  ( -25.31010485191722026, 7.479417570959292938, -19.79826456673939461 ) ) ;
#247 = CARTESIAN_POINT ( 'NONE',  ( 32.23062586366753379, 4.575207742352488616, -35.92437587938194099 ) ) ;
#248 = CARTESIAN_POINT ( 'NONE',  ( 27.47942746741109232, 6.882466451305258026, -27.04999999999999005 ) ) ;
#249 = DIRECTION ( 'NONE',  ( 4.545307736465840537E-16, -0.5240383034427342768, 0.8516946967809889690 ) ) ;
#250 = FACE_OUTER_BOUND ( 'NONE', #9297, .T. ) ;
#251 = DIRECTION ( 'NONE',  ( -1.000000000000000000, 3.336006684570776692E-16, 0.000000000000000000 ) ) ;
#252 = DIRECTION ( 'NONE',  ( 1.000000000000000000, -2.628368902995164490E-16, 0.000000000000000000 ) ) ;
#253 = ORIENTED_EDGE ( 'NONE', *, *, #2675, .T. ) ;
#254 = DIRECTION ( 'NONE',  ( 0.000000000000000000, 0.000000000000000000, -1.000000000000000000 ) ) ;
#255 = CARTESIAN_POINT ( 'NONE',  ( -30.02057253258906400, 1.027832321093293810, -77.59999999999999432 ) ) ;
#256 = EDGE_LOOP ( 'NONE', ( #5640, #4627, #5257, #4276 ) ) ;
#257 = EDGE_CURVE ( 'NONE', #5999, #1618, #9146, .T. ) ;
#258 = CARTESIAN_POINT ( 'NONE',  ( 28.79330019699068899, 8.445989181053286998, -2.895929620863983089 ) ) ;
#259 = EDGE_CURVE ( 'NONE', #3328, #6230, #8513, .T. ) ;
#260 = EDGE_LOOP ( 'NONE', ( #8255, #715, #6255, #6605 ) ) ;
#261 = CARTESIAN_POINT ( 'NONE',  ( 28.28552096990748410, 6.397930307602216260, -2.000000000000029310 ) ) ;
#262 = CARTESIAN_POINT ( 'NONE',  ( -30.68523262570632326, 6.281831689674612029, -24.89999999999999858 ) ) ;
#263 = CARTESIAN_POINT ( 'NONE',  ( -28.72057253258906329, -4.520582429040413963, 0.000000000000000000 ) ) ;
#264 = LINE ( 'NONE', #1807, #4298 ) ;
#265 = B_SPLINE_CURVE_WITH_KNOTS ( 'NONE', 3,
 ( #2778, #7216, #3501, #1318, #6491, #9474, #5089, #9422 ),
 .UNSPECIFIED., .F., .F.,
 ( 4, 2, 2, 4 ),
 ( 8.673617379884035472E-19, 0.001323472554940786049, 0.002646945109881571230, 0.005293890219763133786 ),
 .UNSPECIFIED. ) ;
#266 = LINE ( 'NONE', #450, #5541 ) ;
#267 = CARTESIAN_POINT ( 'NONE',  ( 28.79262011024112411, 6.349417570959293933, -38.78000000000000114 ) ) ;
#268 = CARTESIAN_POINT ( 'NONE',  ( 27.57942746741108309, 5.849417570959289492, -66.00000000000000000 ) ) ;
#269 = CARTESIAN_POINT ( 'NONE',  ( 30.64408666988664010, 6.281816217929245383, -30.69999999999999929 ) ) ;
#270 = PLANE ( 'NONE',  #7233 ) ;
#271 = ORIENTED_EDGE ( 'NONE', *, *, #6336, .T. ) ;
#272 = CARTESIAN_POINT ( 'NONE',  ( 22.53857366170940324, 8.479417570959274286, -20.91008562173913177 ) ) ;
#273 = CARTESIAN_POINT ( 'NONE',  ( 28.89245984843453030, 6.349417570959496437, -67.30442783090177272 ) ) ;
#274 = ORIENTED_EDGE ( 'NONE', *, *, #4685, .F. ) ;
#275 = CIRCLE ( 'NONE', #1191, 1.500000000000001332 ) ;
#276 = CARTESIAN_POINT ( 'NONE',  ( 30.11016733981646709, 6.971999211106830963, -25.02061865496529336 ) ) ;
#277 = CARTESIAN_POINT ( 'NONE',  ( -28.72057253784326392, 8.517091395330488979, -4.070171921085176336 ) ) ;
#278 = CARTESIAN_POINT ( 'NONE',  ( 28.72239996965524611, 6.446966004344631962, -38.00540718202589119 ) ) ;
#279 = ORIENTED_EDGE ( 'NONE', *, *, #2794, .T. ) ;
#280 = CARTESIAN_POINT ( 'NONE',  ( 30.06484682707995404, 7.536640991436123649, -8.169299478353588384 ) ) ;
#281 = DIRECTION ( 'NONE',  ( 0.000000000000000000, 0.000000000000000000, 1.000000000000000000 ) ) ;
#282 = CIRCLE ( 'NONE', #7064, 12.99999999999999822 ) ;
#283 = EDGE_LOOP ( 'NONE', ( #3292, #8705, #869, #5899 ) ) ;
#284 = ORIENTED_EDGE ( 'NONE', *, *, #9554, .T. ) ;
#285 = EDGE_CURVE ( 'NONE', #8292, #1569, #9092, .T. ) ;
#286 = CARTESIAN_POINT ( 'NONE',  ( -30.92391806574634572, 6.715336520925014874, -0.000000000000000000 ) ) ;
#287 = CARTESIAN_POINT ( 'NONE',  ( -28.45955269238911356, 6.298589830518584343, -30.87980900723013278 ) ) ;
#288 = CARTESIAN_POINT ( 'NONE',  ( 28.67942746741108806, -4.520582429040436168, 0.000000000000000000 ) ) ;
#289 = CIRCLE ( 'NONE', #316, 1.650000000000002132 ) ;
#290 = CARTESIAN_POINT ( 'NONE',  ( 30.70400051660371332, 2.349417570959293933, -75.59999999999998010 ) ) ;
#291 = CARTESIAN_POINT ( 'NONE',  ( -25.42691787299837003, 7.465808622728473232, -2.000000000000023537 ) ) ;
#292 = ORIENTED_EDGE ( 'NONE', *, *, #7741, .F. ) ;
#293 = CARTESIAN_POINT ( 'NONE',  ( -31.26965845134706612, 6.280378773161310768, -30.69999999999999929 ) ) ;
#294 = B_SPLINE_CURVE_WITH_KNOTS ( 'NONE', 3,
 ( #7170, #549, #6822, #799, #5879, #6643, #1472, #4018, #5925, #3753, #10, #9169, #6151, #4700, #3925, #1014 ),
 .UNSPECIFIED., .F., .F.,
 ( 4, 2, 2, 2, 2, 2, 2, 4 ),
 ( 0.000000000000000000, 0.0005318325232619075310, 0.001063665046523815062, 0.001595497569785722268, 0.002127330093047628389, 0.002659162616309535161, 0.003190995139571441066, 0.004254660186095253309 ),
 .UNSPECIFIED. ) ;
#295 = VERTEX_POINT ( 'NONE', #6704 ) ;
#296 = CARTESIAN_POINT ( 'NONE',  ( 32.63624460303807240, 3.456915091665958784, -38.50186332000181011 ) ) ;
#297 = AXIS2_PLACEMENT_3D ( 'NONE', #6295, #7671, #4117 ) ;
#298 = VECTOR ( 'NONE', #7594, 1000.000000000000000 ) ;
#299 = CARTESIAN_POINT ( 'NONE',  ( 27.57877412204695489, 6.831680468016891439, -3.413406782201023670 ) ) ;
#300 = CARTESIAN_POINT ( 'NONE',  ( -32.48462919655401748, 1.915175047462630342, -2.099999999999986766 ) ) ;
#301 = EDGE_CURVE ( 'NONE', #200, #2618, #9318, .T. ) ;
#302 = EDGE_CURVE ( 'NONE', #5995, #4425, #8412, .T. ) ;
#303 = EDGE_CURVE ( 'NONE', #2475, #1110, #2163, .T. ) ;
#304 = CARTESIAN_POINT ( 'NONE',  ( -33.14557253258907821, -3.520582429040413075, -26.10431098965843688 ) ) ;
#305 = AXIS2_PLACEMENT_3D ( 'NONE', #9019, #923, #5321 ) ;
#306 = ORIENTED_EDGE ( 'NONE', *, *, #710, .T. ) ;
#307 = VECTOR ( 'NONE', #8150, 1000.000000000000000 ) ;
#308 = CARTESIAN_POINT ( 'NONE',  ( -30.87057253258905476, 2.444218832230807159, -23.70000000000000639 ) ) ;
#309 = DIRECTION ( 'NONE',  ( 0.000000000000000000, 0.000000000000000000, 1.000000000000000000 ) ) ;
#310 = ORIENTED_EDGE ( 'NONE', *, *, #8898, .T. ) ;
#311 = CARTESIAN_POINT ( 'NONE',  ( 28.60573626630603172, 8.551146403855893752, -3.250688123166235677 ) ) ;
#312 = VERTEX_POINT ( 'NONE', #6129 ) ;
#313 = CARTESIAN_POINT ( 'NONE',  ( -24.65871897228774756, 7.480758235716265858, -9.119569443900331862 ) ) ;
#314 = CIRCLE ( 'NONE', #2784, 8.750000000000000000 ) ;
#315 = CIRCLE ( 'NONE', #7735, 2.999999999999999112 ) ;
#316 = AXIS2_PLACEMENT_3D ( 'NONE', #6553, #2155, #9531 ) ;
#317 = ADVANCED_FACE ( 'NONE', ( #2308 ), #7582, .T. ) ;
#318 = EDGE_CURVE ( 'NONE', #8987, #1932, #857, .T. ) ;
#319 =( BOUNDED_SURFACE ( )  B_SPLINE_SURFACE ( 3, 2, ( 
 ( #1146, #4234, #7186 ),
 ( #6873, #3927, #7042 ),
 ( #5545, #1874, #425 ),
 ( #4910, #8601, #2014 ) ),
 .UNSPECIFIED., .F., .F., .T. ) 
 B_SPLINE_SURFACE_WITH_KNOTS ( ( 4, 4 ),
 ( 3, 3 ),
 ( 0.008394690884289910185, 0.009717005984820035330 ),
 ( 0.000000000000000000, 1.000000000000000000 ),
 .UNSPECIFIED. ) 
 GEOMETRIC_REPRESENTATION_ITEM ( )  RATIONAL_B_SPLINE_SURFACE ( (
 ( 1.000000000000000000, 0.7071067811865475727, 1.000000000000000000),
 ( 1.000000000000000000, 0.7071067811865475727, 1.000000000000000000),
 ( 1.000000000000000000, 0.7071067811865475727, 1.000000000000000000),
 ( 1.000000000000000000, 0.7071067811865475727, 1.000000000000000000) ) ) 
 REPRESENTATION_ITEM ( '' )  SURFACE ( )  );
#320 = DIRECTION ( 'NONE',  ( -2.017120320903264935E-16, -1.000000000000000000, 0.000000000000000000 ) ) ;
#321 = DIRECTION ( 'NONE',  ( 0.000000000000000000, -0.8577672310095374453, 0.5140383034426819764 ) ) ;
#322 = DIRECTION ( 'NONE',  ( -0.000000000000000000, 0.000000000000000000, -1.000000000000000000 ) ) ;
#323 = DIRECTION ( 'NONE',  ( -0.000000000000000000, -0.000000000000000000, -1.000000000000000000 ) ) ;
#324 = AXIS2_PLACEMENT_3D ( 'NONE', #9522, #2875, #2144 ) ;
#325 = CARTESIAN_POINT ( 'NONE',  ( 28.22942746741108166, 7.349417570959288604, -66.00000000000000000 ) ) ;
#326 = DIRECTION ( 'NONE',  ( -1.250608365883192617E-15, 1.000000000000000000, 2.343603989771761779E-30 ) ) ;
#327 = ORIENTED_EDGE ( 'NONE', *, *, #7476, .F. ) ;
#328 = CARTESIAN_POINT ( 'NONE',  ( 20.15007772921827112, 7.479417570959292938, -32.77999999999997272 ) ) ;
#329 = CYLINDRICAL_SURFACE ( 'NONE', #5363, 2.150000000000002576 ) ;
#330 = VERTEX_POINT ( 'NONE', #6796 ) ;
#331 = CIRCLE ( 'NONE', #2800, 0.5000000000000004441 ) ;
#332 = CARTESIAN_POINT ( 'NONE',  ( -28.76004613058593762, 6.449586200944043668, -38.00728758463381496 ) ) ;
#333 = LINE ( 'NONE', #7496, #3428 ) ;
#334 = FACE_OUTER_BOUND ( 'NONE', #2897, .T. ) ;
#335 = ORIENTED_EDGE ( 'NONE', *, *, #8404, .T. ) ;
#336 = VECTOR ( 'NONE', #6806, 1000.000000000000000 ) ;
#337 = DIRECTION ( 'NONE',  ( -1.000000000000000000, 1.668003342285408067E-16, 0.000000000000000000 ) ) ;
#338 = ORIENTED_EDGE ( 'NONE', *, *, #3770, .T. ) ;
#339 = ORIENTED_EDGE ( 'NONE', *, *, #2540, .T. ) ;
#340 = VECTOR ( 'NONE', #5131, 1000.000000000000000 ) ;
#341 = CARTESIAN_POINT ( 'NONE',  ( 32.79025755978934598, 2.898796844673577677, -31.19999999999997087 ) ) ;
#342 = DIRECTION ( 'NONE',  ( 0.000000000000000000, 0.000000000000000000, -1.000000000000000000 ) ) ;
#343 = CARTESIAN_POINT ( 'NONE',  ( -33.08358353549377284, -3.520582429040414407, -2.425320565519206273 ) ) ;
#344 = CARTESIAN_POINT ( 'NONE',  ( 29.16310103308981283, 8.219313403864422440, -25.23459498332840312 ) ) ;
#345 = VERTEX_POINT ( 'NONE', #5302 ) ;
#346 = CARTESIAN_POINT ( 'NONE',  ( -32.52057251388601600, -2.973266762451512335, -25.18269671333738557 ) ) ;
#347 = VERTEX_POINT ( 'NONE', #113 ) ;
#348 = CARTESIAN_POINT ( 'NONE',  ( 32.26670122699823651, 4.492284442481462747, -36.02671833347311292 ) ) ;
#349 = DIRECTION ( 'NONE',  ( -1.000000000000000000, 2.065146995210480258E-16, 0.000000000000000000 ) ) ;
#350 = CARTESIAN_POINT ( 'NONE',  ( 25.51229643957147530, 7.454844206064535683, -2.000000000000002665 ) ) ;
#351 = CARTESIAN_POINT ( 'NONE',  ( -32.83260613154862995, 2.892426578183770136, -24.39999999999999147 ) ) ;
#352 = ORIENTED_EDGE ( 'NONE', *, *, #2178, .T. ) ;
#353 = B_SPLINE_CURVE_WITH_KNOTS ( 'NONE', 3,
 ( #7691, #4804, #7760, #9273, #1720, #6930, #7021, #1126, #4669, #3316, #6842, #3172, #3361, #1080, #8448, #9187, #7626, #6887 ),
 .UNSPECIFIED., .F., .F.,
 ( 4, 2, 2, 2, 2, 2, 2, 2, 4 ),
 ( 3.469446951953614189E-18, 0.0006343460876839932460, 0.0009515191315259893812, 0.001268692175367985625, 0.001903038263051979196, 0.002537384350735972550, 0.003171730438419966339, 0.003806076526103960127, 0.005074768701471944234 ),
 .UNSPECIFIED. ) ;
#354 = CARTESIAN_POINT ( 'NONE',  ( 32.97585005759300714, 1.317333991956547878, -77.59999999999998010 ) ) ;
#355 = CARTESIAN_POINT ( 'NONE',  ( -29.55163450742723086, 3.325913878789403810, -77.60000000000000853 ) ) ;
#356 = ORIENTED_EDGE ( 'NONE', *, *, #3674, .T. ) ;
#357 = CARTESIAN_POINT ( 'NONE',  ( -32.52057253258905689, 1.027832321093293810, -2.099999999999996980 ) ) ;
#358 = ORIENTED_EDGE ( 'NONE', *, *, #6723, .F. ) ;
#359 = CARTESIAN_POINT ( 'NONE',  ( 29.61226355150376577, 5.104701227389642604, -8.872514300522155395 ) ) ;
#360 = CARTESIAN_POINT ( 'NONE',  ( -25.42240872687489528, 7.478004846627421820, -10.13379360247179228 ) ) ;
#361 = FACE_OUTER_BOUND ( 'NONE', #7236, .T. ) ;
#362 = DIRECTION ( 'NONE',  ( -1.387778780781445922E-16, 1.000000000000000000, -0.000000000000000000 ) ) ;
#363 = CARTESIAN_POINT ( 'NONE',  ( 32.99383970577159886, -2.959537598476944087, -2.359284479975436000 ) ) ;
#364 = CARTESIAN_POINT ( 'NONE',  ( 28.78625978032771471, 2.371292695397393846, -66.00000000000000000 ) ) ;
#365 = PLANE ( 'NONE',  #8815 ) ;
#366 = LINE ( 'NONE', #6263, #7257 ) ;
#367 = FACE_OUTER_BOUND ( 'NONE', #6897, .T. ) ;
#368 = EDGE_LOOP ( 'NONE', ( #1337, #3043, #4866, #1068, #5038, #8946, #9241, #2162 ) ) ;
#369 = EDGE_CURVE ( 'NONE', #6098, #8459, #3130, .T. ) ;
#370 =( NAMED_UNIT ( * ) PLANE_ANGLE_UNIT ( ) SI_UNIT ( $, .RADIAN. ) );
#371 = CARTESIAN_POINT ( 'NONE',  ( -31.02057253258905334, 1.027832321093293810, -79.59999999999999432 ) ) ;
#372 = EDGE_CURVE ( 'NONE', #692, #8908, #2484, .T. ) ;
#373 = VERTEX_POINT ( 'NONE', #2413 ) ;
#374 = AXIS2_PLACEMENT_3D ( 'NONE', #2658, #6235, #1187 ) ;
#375 = CARTESIAN_POINT ( 'NONE',  ( 22.88257909038350491, 7.479417570959292938, -7.566870528099967075 ) ) ;
#376 = CARTESIAN_POINT ( 'NONE',  ( 28.67942746741106674, 8.209411367207941623, -27.04999999999999361 ) ) ;
#377 = CARTESIAN_POINT ( 'NONE',  ( -33.02057253258905689, 1.570057497020746817, -5.551115123125782702E-14 ) ) ;
#378 = CARTESIAN_POINT ( 'NONE',  ( -29.22057253258907039, -2.520582429040415295, -5.750000000000000888 ) ) ;
#379 = ORIENTED_EDGE ( 'NONE', *, *, #8310, .F. ) ;
#380 = DIRECTION ( 'NONE',  ( -2.017120320903265181E-16, -1.000000000000000000, 0.000000000000000000 ) ) ;
#381 = EDGE_LOOP ( 'NONE', ( #3431, #7501, #5624, #3095 ) ) ;
#382 = ORIENTED_EDGE ( 'NONE', *, *, #218, .T. ) ;
#383 = DIRECTION ( 'NONE',  ( 2.017120320903265181E-16, 1.000000000000000000, -0.000000000000000000 ) ) ;
#384 = LINE ( 'NONE', #6281, #4663 ) ;
#385 = LINE ( 'NONE', #288, #5699 ) ;
#386 = EDGE_CURVE ( 'NONE', #6823, #2902, #7414, .T. ) ;
#387 = CARTESIAN_POINT ( 'NONE',  ( 28.83168849711789150, 8.111718126434000808, -26.23923753356488930 ) ) ;
#388 = EDGE_CURVE ( 'NONE', #4973, #1714, #7630, .T. ) ;
#389 = ORIENTED_EDGE ( 'NONE', *, *, #4141, .F. ) ;
#390 = CARTESIAN_POINT ( 'NONE',  ( 28.72942746741108166, 6.849417570959293933, -48.50000000000001421 ) ) ;
#391 = ORIENTED_EDGE ( 'NONE', *, *, #1008, .T. ) ;
#392 = VERTEX_POINT ( 'NONE', #408 ) ;
#393 = CARTESIAN_POINT ( 'NONE',  ( -30.87057253258903700, 10.01696613767509625, -24.89999999999999503 ) ) ;
#394 = CARTESIAN_POINT ( 'NONE',  ( 22.69985260968771001, 8.479417570959272510, -9.326581683810006851 ) ) ;
#395 = CARTESIAN_POINT ( 'NONE',  ( 24.22942746741107811, 6.849417570959293933, -66.00000000000000000 ) ) ;
#396 = DIRECTION ( 'NONE',  ( -2.017120320903265428E-16, -1.000000000000000000, -0.000000000000000000 ) ) ;
#397 = EDGE_CURVE ( 'NONE', #1239, #5121, #7025, .T. ) ;
#398 = CARTESIAN_POINT ( 'NONE',  ( 30.97942746741108166, 1.027832321093516521, -31.90000000000000568 ) ) ;
#399 = EDGE_LOOP ( 'NONE', ( #6616, #3324, #4194, #8852 ) ) ;
#400 = ADVANCED_FACE ( 'NONE', ( #3365 ), #3414, .T. ) ;
#401 = ORIENTED_EDGE ( 'NONE', *, *, #7089, .F. ) ;
#402 = CARTESIAN_POINT ( 'NONE',  ( 29.73829217447727657, 7.808904935363278454, -7.618681043345085335 ) ) ;
#403 = CARTESIAN_POINT ( 'NONE',  ( -33.02057253258906400, -3.372277125821408816, -2.075961696557271363 ) ) ;
#404 = CARTESIAN_POINT ( 'NONE',  ( -29.45987124381509759, 7.665608612069235051, -2.621175099092250882 ) ) ;
#405 = DIRECTION ( 'NONE',  ( 1.250608365883192617E-15, -1.000000000000000000, -0.000000000000000000 ) ) ;
#406 = CARTESIAN_POINT ( 'NONE',  ( 32.97942746741108522, -2.520582429040427730, -1.599999999999996758 ) ) ;
#407 = DIRECTION ( 'NONE',  ( 2.017120320903265181E-16, 1.000000000000000000, -0.000000000000000000 ) ) ;
#408 = CARTESIAN_POINT ( 'NONE',  ( -33.02057253258906400, -3.378349660049951630, -24.88596169655730961 ) ) ;
#409 = CARTESIAN_POINT ( 'NONE',  ( -32.52057253153904526, 1.920586479981307049, -30.69999999999999929 ) ) ;
#410 = DIRECTION ( 'NONE',  ( -2.017120320903264935E-16, -1.000000000000000000, 0.000000000000000000 ) ) ;
#411 = ORIENTED_EDGE ( 'NONE', *, *, #3126, .F. ) ;
#412 = CARTESIAN_POINT ( 'NONE',  ( -30.87057253258905476, -2.520582429040411299, -23.69999999999999929 ) ) ;
#413 = CARTESIAN_POINT ( 'NONE',  ( 30.92929694044616085, 1.977502945291795600, -23.69999999999999929 ) ) ;
#414 = EDGE_LOOP ( 'NONE', ( #3278, #4070, #7001, #2571 ) ) ;
#415 = CARTESIAN_POINT ( 'NONE',  ( 17.88731661603709000, 7.479417570959296491, -2.711591568559986509 ) ) ;
#416 = CARTESIAN_POINT ( 'NONE',  ( -32.54274455005622002, 3.884138459047890457, -36.97700436418018199 ) ) ;
#417 = CARTESIAN_POINT ( 'NONE',  ( -32.00030077308923637, 5.168723867556683338, -5.551115123125782702E-14 ) ) ;
#418 = EDGE_CURVE ( 'NONE', #719, #2474, #9191, .T. ) ;
#419 = DIRECTION ( 'NONE',  ( -2.017120320903265428E-16, -1.000000000000000000, -0.000000000000000000 ) ) ;
#420 = EDGE_CURVE ( 'NONE', #4102, #7890, #9279, .T. ) ;
#421 = EDGE_CURVE ( 'NONE', #1260, #7874, #9294, .T. ) ;
#422 = EDGE_LOOP ( 'NONE', ( #2720, #2267, #7799, #6039 ) ) ;
#423 = CARTESIAN_POINT ( 'NONE',  ( 30.10813733916296542, 4.349417570959283275, -76.59999999999998010 ) ) ;
#424 = ORIENTED_EDGE ( 'NONE', *, *, #5746, .T. ) ;
#425 = CARTESIAN_POINT ( 'NONE',  ( -33.02057253258905689, 1.605827269088021980, -77.59999999999999432 ) ) ;
#426 = EDGE_LOOP ( 'NONE', ( #1924, #3592, #9445, #5532 ) ) ;
#427 = FACE_OUTER_BOUND ( 'NONE', #5749, .T. ) ;
#428 = CARTESIAN_POINT ( 'NONE',  ( 31.83966408898497491, 6.207520928274930405, -47.43632941130381653 ) ) ;
#429 = EDGE_CURVE ( 'NONE', #550, #1457, #1171, .T. ) ;
#430 = DIRECTION ( 'NONE',  ( 0.000000000000000000, 0.000000000000000000, 1.000000000000000000 ) ) ;
#431 = TOROIDAL_SURFACE ( 'NONE', #3669, 1.000000000000000000, 0.5000000000000000000 ) ;
#432 = CARTESIAN_POINT ( 'NONE',  ( -33.02057253258906400, -3.372277125821408816, -2.075961696557271363 ) ) ;
#433 = ORIENTED_EDGE ( 'NONE', *, *, #5539, .F. ) ;
#434 = LINE ( 'NONE', #2027, #5853 ) ;
#435 = ORIENTED_EDGE ( 'NONE', *, *, #3745, .F. ) ;
#436 = DIRECTION ( 'NONE',  ( -2.017120320903265181E-16, -1.000000000000000000, 0.000000000000000000 ) ) ;
#437 = CARTESIAN_POINT ( 'NONE',  ( 23.85818329699648999, 8.479417570959274286, -13.34461977413534406 ) ) ;
#438 = CARTESIAN_POINT ( 'NONE',  ( -28.22057253258904197, 8.209584760035349760, -28.54999999999999361 ) ) ;
#439 = DIRECTION ( 'NONE',  ( -1.000000000000000000, 0.000000000000000000, 0.000000000000000000 ) ) ;
#440 = DIRECTION ( 'NONE',  ( -2.017120320903265428E-16, -1.000000000000000000, 0.000000000000000000 ) ) ;
#441 = AXIS2_PLACEMENT_3D ( 'NONE', #7477, #845, #7367 ) ;
#442 = ORIENTED_EDGE ( 'NONE', *, *, #875, .F. ) ;
#443 = CARTESIAN_POINT ( 'NONE',  ( 30.48557593458647830, 3.642853497141609775, -9.095523039715743607 ) ) ;
#444 = PLANE ( 'NONE',  #9573 ) ;
#445 = DIRECTION ( 'NONE',  ( 0.000000000000000000, 0.000000000000000000, -1.000000000000000000 ) ) ;
#446 = AXIS2_PLACEMENT_3D ( 'NONE', #4959, #1285, #751 ) ;
#447 = CARTESIAN_POINT ( 'NONE',  ( -28.72057253258906329, -3.520582429040413963, -29.95157287525381307 ) ) ;
#448 = AXIS2_PLACEMENT_3D ( 'NONE', #9591, #3621, #8080 ) ;
#449 = LINE ( 'NONE', #1081, #9130 ) ;
#450 = CARTESIAN_POINT ( 'NONE',  ( -28.72057253258906329, -4.520582429040414851, -32.78000000000000114 ) ) ;
#451 = CARTESIAN_POINT ( 'NONE',  ( 28.22942746741108166, 7.349417570959288604, -66.00000000000000000 ) ) ;
#452 = DIRECTION ( 'NONE',  ( -5.647936898529106318E-15, 1.139256828920242272E-30, -1.000000000000000000 ) ) ;
#453 = CARTESIAN_POINT ( 'NONE',  ( 31.87942746741113353, -3.520582429040425065, -5.000000000000004441 ) ) ;
#454 = CARTESIAN_POINT ( 'NONE',  ( 24.72942746741108522, 7.349417570959288604, -48.50000000000002132 ) ) ;
#455 = ORIENTED_EDGE ( 'NONE', *, *, #6272, .F. ) ;
#456 = AXIS2_PLACEMENT_3D ( 'NONE', #646, #694, #5923 ) ;
#457 = CARTESIAN_POINT ( 'NONE',  ( -18.05057253258892302, 9.479417570959292050, -14.89000000000000057 ) ) ;
#458 = AXIS2_PLACEMENT_3D ( 'NONE', #3678, #1554, #8822 ) ;
#459 = CARTESIAN_POINT ( 'NONE',  ( -28.72057253258903842, 10.01696613767509447, -28.54999999999999716 ) ) ;
#460 = CONICAL_SURFACE ( 'NONE', #5871, 13.99999999999998046, 0.7853981633974500554 ) ;
#461 = CARTESIAN_POINT ( 'NONE',  ( 24.87942746741108024, 5.849417570959289492, -48.50000000000001421 ) ) ;
#462 = VECTOR ( 'NONE', #8577, 1000.000000000000000 ) ;
#463 = CARTESIAN_POINT ( 'NONE',  ( 26.67942746741109872, -9.520582429040638672, -79.59999999999999432 ) ) ;
#464 = AXIS2_PLACEMENT_3D ( 'NONE', #6438, #4303, #7805 ) ;
#465 = CARTESIAN_POINT ( 'NONE',  ( -30.75142710530802503, 6.921527718447407551, -77.59999999999999432 ) ) ;
#466 = DIRECTION ( 'NONE',  ( 1.000000000000000000, 0.000000000000000000, 0.000000000000000000 ) ) ;
#467 = EDGE_LOOP ( 'NONE', ( #781, #125, #4801, #8442, #8862 ) ) ;
#468 = DIRECTION ( 'NONE',  ( -1.000000000000000000, 2.017120320903265181E-16, 0.000000000000000000 ) ) ;
#469 = EDGE_LOOP ( 'NONE', ( #9178, #7149, #2516, #7906 ) ) ;
#470 = DIRECTION ( 'NONE',  ( -1.000000000000000000, 2.017120320903265428E-16, 0.000000000000000000 ) ) ;
#471 = AXIS2_PLACEMENT_3D ( 'NONE', #9407, #3398, #7201 ) ;
#472 = ORIENTED_EDGE ( 'NONE', *, *, #5520, .F. ) ;
#473 = AXIS2_PLACEMENT_3D ( 'NONE', #5816, #9475, #2689 ) ;
#474 = EDGE_CURVE ( 'NONE', #8133, #6490, #4788, .T. ) ;
#475 = EDGE_CURVE ( 'NONE', #981, #8721, #8588, .T. ) ;
#476 = CARTESIAN_POINT ( 'NONE',  ( 29.71839447256765609, 6.349417570959285051, -77.45154872465303697 ) ) ;
#477 = CARTESIAN_POINT ( 'NONE',  ( 31.86500429639973575, 6.086151118501425650, -48.50000000000001421 ) ) ;
#478 = CARTESIAN_POINT ( 'NONE',  ( 29.17942746741108806, -3.020582429040425509, -4.249999999999999112 ) ) ;
#479 = CIRCLE ( 'NONE', #797, 2.149999999999999023 ) ;
#480 = CARTESIAN_POINT ( 'NONE',  ( 32.54415430104571527, -3.020582429040458372, -7.439948311283544058 ) ) ;
#481 = VERTEX_POINT ( 'NONE', #6935 ) ;
#482 = CARTESIAN_POINT ( 'NONE',  ( -33.06750242530009842, -2.991875647798305948, -25.19837843447361792 ) ) ;
#483 = ORIENTED_EDGE ( 'NONE', *, *, #3909, .F. ) ;
#484 = ADVANCED_FACE ( 'NONE', ( #2731 ), #365, .F. ) ;
#485 = FACE_OUTER_BOUND ( 'NONE', #6334, .T. ) ;
#486 = EDGE_CURVE ( 'NONE', #2449, #5860, #8452, .T. ) ;
#487 = AXIS2_PLACEMENT_3D ( 'NONE', #4188, #3479, #5745 ) ;
#488 = CARTESIAN_POINT ( 'NONE',  ( 23.50368414479851253, 8.479417570959272510, -18.27919234258441961 ) ) ;
#489 = CARTESIAN_POINT ( 'NONE',  ( 22.22832085334037799, 7.479417570959293826, -6.594545178067848568 ) ) ;
#490 = CARTESIAN_POINT ( 'NONE',  ( -28.58688398953939469, 8.583009940530502035, -3.418329762991874965 ) ) ;
#491 = CARTESIAN_POINT ( 'NONE',  ( 32.47942744685950345, -2.969146124132856279, -30.42612088035406259 ) ) ;
#492 = AXIS2_PLACEMENT_3D ( 'NONE', #1739, #9054, #3091 ) ;
#493 = ORIENTED_EDGE ( 'NONE', *, *, #3671, .F. ) ;
#494 = CARTESIAN_POINT ( 'NONE',  ( 27.53493772474745072, 6.854338622010536675, -6.377400816819178253 ) ) ;
#495 = CARTESIAN_POINT ( 'NONE',  ( 30.67695531902744577, 6.954419729761282198, -31.16581930991623040 ) ) ;
#496 = CARTESIAN_POINT ( 'NONE',  ( 31.09844019051394071, 5.622764104627688830, -24.89999999999999858 ) ) ;
#497 = CARTESIAN_POINT ( 'NONE',  ( 32.97942746741107101, 1.027832321093527401, -24.89999999999998792 ) ) ;
#498 = CIRCLE ( 'NONE', #6681, 4.000000000000003553 ) ;
#499 = CARTESIAN_POINT ( 'NONE',  ( -33.02057253258905689, 1.027832321093293810, -1.599999999999990319 ) ) ;
#500 = ORIENTED_EDGE ( 'NONE', *, *, #82, .F. ) ;
#501 = CARTESIAN_POINT ( 'NONE',  ( -28.72057253258903842, 10.01696613767509447, -27.04999999999999361 ) ) ;
#502 = CARTESIAN_POINT ( 'NONE',  ( -32.16493120939108508, 5.235830264551965207, -77.26566323991482932 ) ) ;
#503 = CARTESIAN_POINT ( 'NONE',  ( 30.82942746741109019, -3.020582429040425954, -7.400000000000000355 ) ) ;
#504 = CARTESIAN_POINT ( 'NONE',  ( -30.87057253258902989, 5.979163850806769709, -30.69999999999999929 ) ) ;
#505 = EDGE_CURVE ( 'NONE', #6872, #345, #9235, .T. ) ;
#506 = PLANE ( 'NONE',  #2141 ) ;
#507 = EDGE_LOOP ( 'NONE', ( #9500, #5653, #7302, #7366 ) ) ;
#508 = PERSON_AND_ORGANIZATION ( #2481, #6866 ) ;
#509 = LINE ( 'NONE', #459, #3373 ) ;
#510 = EDGE_CURVE ( 'NONE', #6497, #5332, #2588, .T. ) ;
#511 = CARTESIAN_POINT ( 'NONE',  ( -26.26966949145077734, 7.594356395064579601, -36.34677571436027677 ) ) ;
#512 = CARTESIAN_POINT ( 'NONE',  ( -31.57428501628886508, 5.857353040270912636, -77.59999999999999432 ) ) ;
#513 = LINE ( 'NONE', #7736, #3848 ) ;
#514 = ORIENTED_EDGE ( 'NONE', *, *, #6537, .T. ) ;
#515 = EDGE_CURVE ( 'NONE', #6810, #8198, #2328, .T. ) ;
#516 = CARTESIAN_POINT ( 'NONE',  ( 26.47942746741107811, 6.849417570959288604, -66.00000000000000000 ) ) ;
#517 = AXIS2_PLACEMENT_3D ( 'NONE', #21, #4961, #7184 ) ;
#518 = ORIENTED_EDGE ( 'NONE', *, *, #2362, .T. ) ;
#519 = FACE_OUTER_BOUND ( 'NONE', #1685, .T. ) ;
#520 = ORIENTED_EDGE ( 'NONE', *, *, #9433, .F. ) ;
#521 = CARTESIAN_POINT ( 'NONE',  ( -32.55812282222656506, -3.014777033191848421, -2.510862838683235676 ) ) ;
#522 = CARTESIAN_POINT ( 'NONE',  ( -29.52678492182475267, 4.349417570959300150, -77.49367434334762095 ) ) ;
#523 = CARTESIAN_POINT ( 'NONE',  ( 31.80280228044424362, 6.349417570959293045, -47.01284170406880492 ) ) ;
#524 = PLANE ( 'NONE',  #9286 ) ;
#525 = ORIENTED_EDGE ( 'NONE', *, *, #9081, .T. ) ;
#526 = CARTESIAN_POINT ( 'NONE',  ( 26.47942746741108166, 6.349417570959288604, -48.50000000000000711 ) ) ;
#527 = VERTEX_POINT ( 'NONE', #7123 ) ;
#528 = DIRECTION ( 'NONE',  ( -2.017120320903265428E-16, -1.000000000000000000, -0.000000000000000000 ) ) ;
#529 = ORIENTED_EDGE ( 'NONE', *, *, #318, .T. ) ;
#530 = ORIENTED_EDGE ( 'NONE', *, *, #3306, .F. ) ;
#531 = CARTESIAN_POINT ( 'NONE',  ( 23.22963550391159160, 8.479417570959272510, -19.16696933933472735 ) ) ;
#532 = CARTESIAN_POINT ( 'NONE',  ( 30.82942746741102980, 5.979164254138691348, -1.600000000000006528 ) ) ;
#533 = EDGE_CURVE ( 'NONE', #1188, #999, #6034, .T. ) ;
#534 = EDGE_CURVE ( 'NONE', #1411, #83, #4809, .T. ) ;
#535 = CARTESIAN_POINT ( 'NONE',  ( -28.66438001096776844, 8.541286745449516715, -3.224422611444168307 ) ) ;
#537 = ADVANCED_FACE ( 'NONE', ( #1470 ), #5041, .T. ) ;
#536 = CARTESIAN_POINT ( 'NONE',  ( -25.02057253258906044, 9.479417570959290273, -20.17976369982611828 ) ) ;
#538 = VERTEX_POINT ( 'NONE', #9476 ) ;
#539 = VERTEX_POINT ( 'NONE', #5877 ) ;
#540 = CARTESIAN_POINT ( 'NONE',  ( 28.67942747266904746, 8.516651186614215163, -28.72983548454443081 ) ) ;
#541 = CARTESIAN_POINT ( 'NONE',  ( 32.48731414302262266, -2.990743977211877791, -30.37682477528290192 ) ) ;
#542 = DIRECTION ( 'NONE',  ( -1.000000000000000000, -1.734723475976805517E-15, 0.000000000000000000 ) ) ;
#543 = ORIENTED_EDGE ( 'NONE', *, *, #6673, .T. ) ;
#544 = EDGE_CURVE ( 'NONE', #2939, #1942, #3402, .T. ) ;
#545 = CARTESIAN_POINT ( 'NONE',  ( 32.51697775704858628, -3.014777033191875066, -2.510862838683301845 ) ) ;
#546 = CARTESIAN_POINT ( 'NONE',  ( 28.67942746741106319, -2.520582429040425065, -28.54999999999999716 ) ) ;
#547 = FACE_BOUND ( 'NONE', #4172, .T. ) ;
#548 = CARTESIAN_POINT ( 'NONE',  ( 26.47942746741108166, 6.349417570959293933, -48.50000000000000711 ) ) ;
#549 = CARTESIAN_POINT ( 'NONE',  ( 28.67942746741109872, 8.209411367207927412, -4.070975214229818562 ) ) ;
#550 = VERTEX_POINT ( 'NONE', #6493 ) ;
#551 = CARTESIAN_POINT ( 'NONE',  ( 23.62072799102546483, 7.479417570959295603, -32.77999999999998693 ) ) ;
#552 = DIRECTION ( 'NONE',  ( 1.000000000000000000, 0.000000000000000000, 0.000000000000000000 ) ) ;
#553 = FACE_OUTER_BOUND ( 'NONE', #3716, .T. ) ;
#554 = CARTESIAN_POINT ( 'NONE',  ( 32.97942746741107101, -2.946429777430921160, -7.662019151721371379 ) ) ;
#555 = CARTESIAN_POINT ( 'NONE',  ( -29.50908105331546949, 8.141460222884507658, -35.72782812899704652 ) ) ;
#556 = CARTESIAN_POINT ( 'NONE',  ( 30.82942746741110085, 5.979164254138598089, -2.099999999999976552 ) ) ;
#557 = CARTESIAN_POINT ( 'NONE',  ( 34.47942746741113496, -3.520582429040425509, -5.000000000000004441 ) ) ;
#558 = VERTEX_POINT ( 'NONE', #2828 ) ;
#559 = CARTESIAN_POINT ( 'NONE',  ( 32.97942746741108522, -3.366042712232984790, -30.73403830344269849 ) ) ;
#560 = ORIENTED_EDGE ( 'NONE', *, *, #259, .T. ) ;
#561 = CARTESIAN_POINT ( 'NONE',  ( 27.47942746741109943, 9.481417570959283836, -28.55000000000000426 ) ) ;
#562 = ORIENTED_EDGE ( 'NONE', *, *, #3147, .T. ) ;
#563 = AXIS2_PLACEMENT_3D ( 'NONE', #8200, #2238, #146 ) ;
#564 = CARTESIAN_POINT ( 'NONE',  ( -30.07928223917107502, 4.349417570959300150, -76.95053365211023788 ) ) ;
#565 = CARTESIAN_POINT ( 'NONE',  ( -34.02057253258906400, 4.333328095299691540, -30.73403830344269139 ) ) ;
#566 = CARTESIAN_POINT ( 'NONE',  ( -29.56016020116844700, 5.223884436446992297, -8.834902320069872417 ) ) ;
#567 = CARTESIAN_POINT ( 'NONE',  ( 27.44906198758187443, 9.064055765795066222, -33.08158543311888877 ) ) ;
#568 = ORIENTED_EDGE ( 'NONE', *, *, #216, .F. ) ;
#569 = CARTESIAN_POINT ( 'NONE',  ( 32.57394397176837231, -3.020582429040426398, -7.400000000000003020 ) ) ;
#570 = ORIENTED_EDGE ( 'NONE', *, *, #9288, .F. ) ;
#571 = CARTESIAN_POINT ( 'NONE',  ( 30.97942746741106390, 1.505321755205598855, -31.89999999999999147 ) ) ;
#572 = EDGE_LOOP ( 'NONE', ( #1038, #9022, #3041, #9106, #3820 ) ) ;
#573 = ADVANCED_FACE ( 'NONE', ( #2780 ), #9424, .F. ) ;
#574 = ORIENTED_EDGE ( 'NONE', *, *, #8900, .T. ) ;
#575 = CARTESIAN_POINT ( 'NONE',  ( 28.83091934034228387, 8.112228530241416991, -6.558842983356170997 ) ) ;
#576 = CARTESIAN_POINT ( 'NONE',  ( 22.19071411858390874, 8.479417570959274286, -8.358688119327117860 ) ) ;
#577 = ADVANCED_FACE ( 'NONE', ( #7322 ), #4629, .T. ) ;
#578 = DIRECTION ( 'NONE',  ( 1.000000000000000000, 0.000000000000000000, 0.000000000000000000 ) ) ;
#579 = VECTOR ( 'NONE', #8169, 1000.000000000000000 ) ;
#580 = CARTESIAN_POINT ( 'NONE',  ( -29.67517446732205144, 7.887783522186534668, -2.057019441524365444 ) ) ;
#581 = CARTESIAN_POINT ( 'NONE',  ( 32.97942746741107101, -3.417688362868590346, -30.67952989828878074 ) ) ;
#582 = ORIENTED_EDGE ( 'NONE', *, *, #4966, .F. ) ;
#583 = ORIENTED_EDGE ( 'NONE', *, *, #9194, .T. ) ;
#584 = DIRECTION ( 'NONE',  ( 9.340818716798193867E-16, 0.000000000000000000, 1.000000000000000000 ) ) ;
#585 = CIRCLE ( 'NONE', #5219, 2.099999999999973443 ) ;
#586 = ADVANCED_FACE ( 'NONE', ( #8059 ), #5868, .T. ) ;
#587 = EDGE_CURVE ( 'NONE', #8865, #1956, #1365, .T. ) ;
#588 = ADVANCED_FACE ( 'NONE', ( #7958 ), #8050, .F. ) ;
#589 = FACE_OUTER_BOUND ( 'NONE', #8367, .T. ) ;
#590 = CARTESIAN_POINT ( 'NONE',  ( -32.52057253216153754, 1.474294995543560916, -2.099999999999983658 ) ) ;
#591 = VECTOR ( 'NONE', #419, 1000.000000000000000 ) ;
#592 = VERTEX_POINT ( 'NONE', #3603 ) ;
#593 = CIRCLE ( 'NONE', #5534, 2.099999999999973443 ) ;
#594 = DIRECTION ( 'NONE',  ( 2.005460665869141288E-16, 0.000000000000000000, 1.000000000000000000 ) ) ;
#595 = LINE ( 'NONE', #2730, #5282 ) ;
#596 = DIRECTION ( 'NONE',  ( -1.000000000000000000, 2.017120320903265428E-16, 0.000000000000000000 ) ) ;
#597 = VECTOR ( 'NONE', #2663, 1000.000000000000000 ) ;
#598 = CARTESIAN_POINT ( 'NONE',  ( -24.99355612629648959, 7.479417570959287609, -2.000000000000057288 ) ) ;
#599 = DIRECTION ( 'NONE',  ( 0.000000000000000000, -1.000000000000000000, 0.000000000000000000 ) ) ;
#600 = ORIENTED_EDGE ( 'NONE', *, *, #9428, .T. ) ;
#601 = CARTESIAN_POINT ( 'NONE',  ( 28.92561454852615910, 5.878462991807600346, -2.000000000000029310 ) ) ;
#602 = CARTESIAN_POINT ( 'NONE',  ( 29.61226355150382616, 5.104701227389539575, -23.92748569947784176 ) ) ;
#603 = ADVANCED_FACE ( 'NONE', ( #6443 ), #4214, .F. ) ;
#604 = VECTOR ( 'NONE', #4201, 1000.000000000000000 ) ;
#605 = ADVANCED_FACE ( 'NONE', ( #547, #5817 ), #9571, .F. ) ;
#606 = CIRCLE ( 'NONE', #6019, 1.199999999999999734 ) ;
#607 = LINE ( 'NONE', #6551, #8520 ) ;
#608 = CARTESIAN_POINT ( 'NONE',  ( -26.29254727781878032, 9.383169044839583250, -35.12615599799254085 ) ) ;
#609 = CARTESIAN_POINT ( 'NONE',  ( -31.26965845134707678, 6.280378773161307215, -24.39999999999999858 ) ) ;
#610 = CARTESIAN_POINT ( 'NONE',  ( -31.92057253258911231, -3.020582429040414407, -27.81000000000000227 ) ) ;
#611 = LINE ( 'NONE', #5052, #6939 ) ;
#612 = CIRCLE ( 'NONE', #7250, 0.5000000000000004441 ) ;
#613 = AXIS2_PLACEMENT_3D ( 'NONE', #4035, #8409, #6175 ) ;
#614 = FACE_OUTER_BOUND ( 'NONE', #5847, .T. ) ;
#615 = ORIENTED_EDGE ( 'NONE', *, *, #769, .T. ) ;
#616 = CARTESIAN_POINT ( 'NONE',  ( -2.050572532588917696, 9.479417570959293826, -14.89000000000000057 ) ) ;
#617 = VERTEX_POINT ( 'NONE', #6543 ) ;
#618 = AXIS2_PLACEMENT_3D ( 'NONE', #3275, #2550, #3321 ) ;
#619 = AXIS2_PLACEMENT_3D ( 'NONE', #4119, #6353, #3463 ) ;
#620 = CARTESIAN_POINT ( 'NONE',  ( -33.02057253258906400, -3.378349660049951630, -24.88596169655730961 ) ) ;
#621 = DIRECTION ( 'NONE',  ( 0.000000000000000000, -0.000000000000000000, 1.000000000000000000 ) ) ;
#622 = CARTESIAN_POINT ( 'NONE',  ( 25.62515459073444291, 9.479417569197700288, -35.09350088653479105 ) ) ;
#623 = ORIENTED_EDGE ( 'NONE', *, *, #5646, .F. ) ;
#624 = DIRECTION ( 'NONE',  ( -2.017120320903264935E-16, -1.000000000000000000, 0.000000000000000000 ) ) ;
#625 = EDGE_LOOP ( 'NONE', ( #4313, #2215, #4283, #8666 ) ) ;
#626 = AXIS2_PLACEMENT_3D ( 'NONE', #5721, #8780, #2922 ) ;
#627 = DIRECTION ( 'NONE',  ( -0.9369889970953351188, 2.428612866367526146E-14, 0.3493588689618143950 ) ) ;
#628 = ORIENTED_EDGE ( 'NONE', *, *, #6699, .F. ) ;
#629 = ADVANCED_FACE ( 'NONE', ( #5091 ), #1424, .F. ) ;
#630 = ORIENTED_EDGE ( 'NONE', *, *, #6723, .T. ) ;
#631 = CARTESIAN_POINT ( 'NONE',  ( 16.27014175312539734, 8.479417570959279615, -3.028718471859983108 ) ) ;
#632 = VECTOR ( 'NONE', #2288, 1000.000000000000000 ) ;
#633 = CARTESIAN_POINT ( 'NONE',  ( 17.88349932450655544, 7.479417570959292938, -27.07072333185615065 ) ) ;
#634 = LINE ( 'NONE', #1205, #7860 ) ;
#635 = CARTESIAN_POINT ( 'NONE',  ( -25.02057253258906044, 9.479417570959293826, -79.59999999999999432 ) ) ;
#636 = ORIENTED_EDGE ( 'NONE', *, *, #7829, .F. ) ;
#637 = ORIENTED_EDGE ( 'NONE', *, *, #6864, .F. ) ;
#638 = CARTESIAN_POINT ( 'NONE',  ( 28.40533537046329116, 8.655466990800496419, -28.75670019059139193 ) ) ;
#639 = CARTESIAN_POINT ( 'NONE',  ( 27.69570924077401486, 6.769305233655772192, -29.77462055319629997 ) ) ;
#640 = EDGE_CURVE ( 'NONE', #1690, #392, #5712, .T. ) ;
#641 = CARTESIAN_POINT ( 'NONE',  ( 32.97942746741108522, -4.520582429040437056, -7.924038303442765496 ) ) ;
#642 = VECTOR ( 'NONE', #4609, 1000.000000000000000 ) ;
#643 = ORIENTED_EDGE ( 'NONE', *, *, #8763, .F. ) ;
#644 = FACE_OUTER_BOUND ( 'NONE', #5179, .T. ) ;
#645 = CARTESIAN_POINT ( 'NONE',  ( -33.02057253258941927, -2.520582429040413519, -23.70000000000040785 ) ) ;
#646 = CARTESIAN_POINT ( 'NONE',  ( -34.02057253258906400, -3.520582429040413075, -24.88596169655730961 ) ) ;
#647 = CARTESIAN_POINT ( 'NONE',  ( -28.14760666773433684, 6.530072669700083487, -2.000000000000043521 ) ) ;
#648 = CARTESIAN_POINT ( 'NONE',  ( 29.18018661329070440, 6.351848140341318505, -48.50000000000001421 ) ) ;
#649 = ORIENTED_EDGE ( 'NONE', *, *, #3802, .T. ) ;
#650 = CARTESIAN_POINT ( 'NONE',  ( 29.89743334502554717, 4.702348036012143240, -35.00857412228073429 ) ) ;
#651 = PERSON_AND_ORGANIZATION ( #2481, #6866 ) ;
#652 = CARTESIAN_POINT ( 'NONE',  ( 33.97942746741107811, -4.520582429040427286, -30.73403830344269849 ) ) ;
#653 = CIRCLE ( 'NONE', #6069, 0.4999999999999993894 ) ;
#654 = CARTESIAN_POINT ( 'NONE',  ( -25.02057249859225152, 7.690846142387862905, -36.28017184264066941 ) ) ;
#655 = DIRECTION ( 'NONE',  ( 2.017120320903265181E-16, 1.000000000000000000, -0.000000000000000000 ) ) ;
#656 = DIRECTION ( 'NONE',  ( -1.000000000000000000, 0.000000000000000000, 0.000000000000000000 ) ) ;
#657 = EDGE_CURVE ( 'NONE', #2520, #4409, #6857, .T. ) ;
#658 = DIRECTION ( 'NONE',  ( -1.000000000000000000, 2.017120320903265428E-16, 0.000000000000000000 ) ) ;
#659 = VERTEX_POINT ( 'NONE', #1416 ) ;
#660 = CARTESIAN_POINT ( 'NONE',  ( -28.83447567687746371, 8.446418561645138823, -7.104222156237070429 ) ) ;
#661 = FACE_OUTER_BOUND ( 'NONE', #3600, .T. ) ;
#662 = EDGE_LOOP ( 'NONE', ( #2342, #3181, #2767, #7801 ) ) ;
#663 = DIRECTION ( 'NONE',  ( -1.387778780781445922E-16, 1.000000000000000000, 0.000000000000000000 ) ) ;
#664 = PLANE ( 'NONE',  #3119 ) ;
#665 = CARTESIAN_POINT ( 'NONE',  ( -28.72057253258903842, 8.209584760035346207, -27.04999999999999361 ) ) ;
#666 = CARTESIAN_POINT ( 'NONE',  ( 27.40560730271662493, 9.101989915129758302, -35.23162615432645595 ) ) ;
#667 = DIRECTION ( 'NONE',  ( -2.025677196612374621E-16, -1.000000000000000000, -3.697785493223491743E-32 ) ) ;
#668 = ORIENTED_EDGE ( 'NONE', *, *, #8771, .F. ) ;
#669 = ADVANCED_FACE ( 'NONE', ( #7469 ), #3741, .F. ) ;
#670 = DIRECTION ( 'NONE',  ( 0.000000000000000000, -1.734723475976807094E-15, 1.000000000000000000 ) ) ;
#671 = ORIENTED_EDGE ( 'NONE', *, *, #853, .F. ) ;
#672 = DIRECTION ( 'NONE',  ( -1.000000000000000000, 0.000000000000000000, 0.000000000000000000 ) ) ;
#673 = ORIENTED_EDGE ( 'NONE', *, *, #9066, .T. ) ;
#674 = VERTEX_POINT ( 'NONE', #2190 ) ;
#675 = CARTESIAN_POINT ( 'NONE',  ( 24.75304148318871000, 7.479417570959291162, -17.22824061030780740 ) ) ;
#676 = VECTOR ( 'NONE', #4052, 1000.000000000000000 ) ;
#677 =( BOUNDED_SURFACE ( )  B_SPLINE_SURFACE ( 3, 2, ( 
 ( #2396, #3113, #609 ),
 ( #9028, #5329, #98 ),
 ( #2056, #6501, #9485 ),
 ( #5780, #3890, #3257 ),
 ( #9177, #7616, #351 ),
 ( #7563, #933, #3307 ),
 ( #5425, #207, #3162 ),
 ( #9076, #8485, #6160 ) ),
 .UNSPECIFIED., .F., .F., .T. ) 
 B_SPLINE_SURFACE_WITH_KNOTS ( ( 4, 2, 2, 4 ),
 ( 3, 3 ),
 ( -4.336808689942017736E-19, 0.002640560598735779835, 0.003960840898103669752, 0.005281121197471559670 ),
 ( 0.000000000000000000, 1.000000000000000000 ),
 .UNSPECIFIED. ) 
 GEOMETRIC_REPRESENTATION_ITEM ( )  RATIONAL_B_SPLINE_SURFACE ( (
 ( 1.000000000000000000, 0.7071067811865500152, 1.000000000000000000),
 ( 1.000000000000000000, 0.7071067811865500152, 1.000000000000000000),
 ( 1.000000000000000000, 0.7071067811865401342, 1.000000000000000000),
 ( 1.000000000000000000, 0.7071067811865401342, 1.000000000000000000),
 ( 1.000000000000000000, 0.7071067811865475727, 1.000000000000000000),
 ( 1.000000000000000000, 0.7071067811865475727, 1.000000000000000000),
 ( 1.000000000000000000, 0.7071067811865475727, 1.000000000000000000),
 ( 1.000000000000000000, 0.7071067811865475727, 1.000000000000000000) ) ) 
 REPRESENTATION_ITEM ( '' )  SURFACE ( )  );
#678 = CARTESIAN_POINT ( 'NONE',  ( 22.88127033353959305, 7.479417570959292050, -22.22093896700237536 ) ) ;
#679 = EDGE_CURVE ( 'NONE', #6976, #5926, #8877, .T. ) ;
#680 = LINE ( 'NONE', #5074, #6017 ) ;
#681 = CARTESIAN_POINT ( 'NONE',  ( -28.83290527893829847, 8.447321422527686252, -25.69828682682844700 ) ) ;
#682 = VERTEX_POINT ( 'NONE', #733 ) ;
#683 = CARTESIAN_POINT ( 'NONE',  ( 10.94942746741108230, 8.479417570959274286, -1.890000000000002789 ) ) ;
#684 = VECTOR ( 'NONE', #5625, 1000.000000000000000 ) ;
#685 = ORIENTED_EDGE ( 'NONE', *, *, #3396, .F. ) ;
#686 = DIRECTION ( 'NONE',  ( 0.000000000000000000, 0.000000000000000000, 1.000000000000000000 ) ) ;
#687 = CARTESIAN_POINT ( 'NONE',  ( -30.73313592855564735, 6.937845769155728703, -8.367993522420812624 ) ) ;
#688 = DIRECTION ( 'NONE',  ( 0.000000000000000000, -1.000000000000000000, 3.255019511200713725E-31 ) ) ;
#689 = CARTESIAN_POINT ( 'NONE',  ( 30.82942746741109019, -2.520582429040426842, -4.249999999999999112 ) ) ;
#690 = CARTESIAN_POINT ( 'NONE',  ( -33.01820078724784224, 1.263628427156051837, -31.20000000000000995 ) ) ;
#691 = EDGE_CURVE ( 'NONE', #8392, #4649, #2641, .T. ) ;
#692 = VERTEX_POINT ( 'NONE', #49 ) ;
#693 = LINE ( 'NONE', #4993, #9274 ) ;
#694 = DIRECTION ( 'NONE',  ( -2.017120320903265181E-16, -1.000000000000000000, 0.000000000000000000 ) ) ;
#695 = CARTESIAN_POINT ( 'NONE',  ( -24.86772004331881902, 7.479417570959295603, -2.000000000000085265 ) ) ;
#696 = DIRECTION ( 'NONE',  ( 1.000000000000000000, 0.000000000000000000, 0.000000000000000000 ) ) ;
#697 = ORIENTED_EDGE ( 'NONE', *, *, #6769, .F. ) ;
#698 = DIRECTION ( 'NONE',  ( 1.000000000000000000, 0.000000000000000000, 0.000000000000000000 ) ) ;
#699 = CARTESIAN_POINT ( 'NONE',  ( 32.98285348485586610, -3.454398226075027445, -2.178721252691285581 ) ) ;
#700 = EDGE_CURVE ( 'NONE', #8335, #9310, #8383, .T. ) ;
#701 = B_SPLINE_CURVE_WITH_KNOTS ( 'NONE', 3,
 ( #371, #5582, #1134, #8506 ),
 .UNSPECIFIED., .F., .F.,
 ( 4, 4 ),
 ( 0.000000000000000000, 0.001326942699851279151 ),
 .UNSPECIFIED. ) ;
#702 = CARTESIAN_POINT ( 'NONE',  ( -31.06482883726131661, 6.989023628197655214, -36.82779244158875542 ) ) ;
#703 = CARTESIAN_POINT ( 'NONE',  ( 30.10813733916296542, 4.349417570959283275, -76.59999999999998010 ) ) ;
#704 = CARTESIAN_POINT ( 'NONE',  ( 32.47942746741107101, 1.027832321093521184, -7.900000000000003908 ) ) ;
#705 = CARTESIAN_POINT ( 'NONE',  ( 30.82942746741106177, -2.520582429040426842, -28.54999999999999716 ) ) ;
#706 = CARTESIAN_POINT ( 'NONE',  ( -33.43723919925574251, -4.520582429040413963, -2.888194558624698871 ) ) ;
#707 = CARTESIAN_POINT ( 'NONE',  ( -28.72057253258906684, 8.209584757820955758, -5.918030132401640664 ) ) ;
#708 = DIRECTION ( 'NONE',  ( -0.7981718375160782308, 0.6024298447090807862, 0.000000000000000000 ) ) ;
#709 = ORIENTED_EDGE ( 'NONE', *, *, #4732, .T. ) ;
#710 = EDGE_CURVE ( 'NONE', #2212, #1848, #1552, .T. ) ;
#711 = EDGE_CURVE ( 'NONE', #4503, #5224, #7101, .T. ) ;
#712 = CARTESIAN_POINT ( 'NONE',  ( -31.13956083371655836, 5.622775647933895726, -7.900000000000003908 ) ) ;
#713 = CARTESIAN_POINT ( 'NONE',  ( -30.02057253181192920, 1.627539189497702043, -77.59999999999999432 ) ) ;
#714 = CARTESIAN_POINT ( 'NONE',  ( -32.52057253258906400, -2.946429777430911834, -2.337980848278634394 ) ) ;
#715 = ORIENTED_EDGE ( 'NONE', *, *, #6687, .T. ) ;
#716 = ORIENTED_EDGE ( 'NONE', *, *, #7237, .T. ) ;
#717 = CARTESIAN_POINT ( 'NONE',  ( 32.19801463588577661, 4.686898674544273113, -5.551115123125782702E-14 ) ) ;
#718 = ORIENTED_EDGE ( 'NONE', *, *, #2510, .T. ) ;
#719 = VERTEX_POINT ( 'NONE', #5230 ) ;
#720 = ADVANCED_FACE ( 'NONE', ( #5182 ), #96, .F. ) ;
#721 = ADVANCED_FACE ( 'NONE', ( #8201 ), #6731, .T. ) ;
#722 = CARTESIAN_POINT ( 'NONE',  ( 20.19141948427281719, 7.479417570959292938, -25.40732343623809442 ) ) ;
#723 = FACE_OUTER_BOUND ( 'NONE', #7882, .T. ) ;
#724 = DIRECTION ( 'NONE',  ( 1.000000000000000000, -2.017120320903264935E-16, 0.000000000000000000 ) ) ;
#725 = CARTESIAN_POINT ( 'NONE',  ( -28.64562194384293292, 8.552183652695555693, -26.05300054991482028 ) ) ;
#726 = ORIENTED_EDGE ( 'NONE', *, *, #2560, .T. ) ;
#727 = CARTESIAN_POINT ( 'NONE',  ( -29.67164408485392002, 6.006708214197799656, -77.27607871058611977 ) ) ;
#728 = ORIENTED_EDGE ( 'NONE', *, *, #5232, .F. ) ;
#729 = CARTESIAN_POINT ( 'NONE',  ( 32.47942746741108522, -3.378349660049959180, -24.88596169655730250 ) ) ;
#730 =( BOUNDED_SURFACE ( )  B_SPLINE_SURFACE ( 3, 2, ( 
 ( #7595, #6899, #2467 ),
 ( #123, #277, #7681 ),
 ( #6044, #3183, #2518 ),
 ( #8376, #2421, #1737 ),
 ( #9156, #5452, #5404 ),
 ( #8953, #4538, #2320 ),
 ( #9007, #2375, #5262 ),
 ( #4684, #8229, #1587 ),
 ( #3912, #5310, #3229 ),
 ( #958, #8276, #6137 ),
 ( #1001, #7640, #5351 ),
 ( #1637, #3814, #3956 ),
 ( #6948, #6190, #1682 ),
 ( #3140, #4630, #7537 ),
 ( #909, #8420, #4726 ),
 ( #3999, #8323, #6758 ) ),
 .UNSPECIFIED., .F., .F., .T. ) 
 B_SPLINE_SURFACE_WITH_KNOTS ( ( 4, 2, 2, 2, 2, 2, 2, 4 ),
 ( 3, 3 ),
 ( -1.084202172485504434E-19, 0.0006112400032244605028, 0.001222480006448921222, 0.001833720009673381942, 0.002444960012897842445, 0.003056200016122303381, 0.003667440019346763884, 0.004889920025795684889 ),
 ( 0.000000000000000000, 1.000000000000000000 ),
 .UNSPECIFIED. ) 
 GEOMETRIC_REPRESENTATION_ITEM ( )  RATIONAL_B_SPLINE_SURFACE ( (
 ( 1.000000000000000000, 0.8517994697195309106, 1.000000000000000000),
 ( 1.000000000000000000, 0.8517891990527216572, 1.000000000000000000),
 ( 1.000000000000000000, 0.8515875070604164154, 1.000000000000000000),
 ( 1.000000000000000000, 0.8504670418855360126, 1.000000000000000000),
 ( 1.000000000000000000, 0.8495369727678755423, 1.000000000000000000),
 ( 1.000000000000000000, 0.8463133692717695888, 1.000000000000000000),
 ( 1.000000000000000000, 0.8439572666621393271, 1.000000000000000000),
 ( 1.000000000000000000, 0.8371413962452749491, 1.000000000000000000),
 ( 1.000000000000000000, 0.8326784287930936168, 1.000000000000000000),
 ( 1.000000000000000000, 0.8210608948405181406, 1.000000000000000000),
 ( 1.000000000000000000, 0.8141555112214838852, 1.000000000000000000),
 ( 1.000000000000000000, 0.7978287724625275912, 1.000000000000000000),
 ( 1.000000000000000000, 0.7884368149140602577, 1.000000000000000000),
 ( 1.000000000000000000, 0.7577315740808756583, 1.000000000000000000),
 ( 1.000000000000000000, 0.7335848658806420897, 1.000000000000000000),
 ( 1.000000000000000000, 0.7071067811865475727, 1.000000000000000000) ) ) 
 REPRESENTATION_ITEM ( '' )  SURFACE ( )  );
#731 = AXIS2_PLACEMENT_3D ( 'NONE', #2213, #8799, #2160 ) ;
#732 = ADVANCED_BREP_SHAPE_REPRESENTATION ( 'Top_Panel', ( #7891, #987 ), #2853 ) ;
#733 = CARTESIAN_POINT ( 'NONE',  ( 32.97942746741107811, 1.027832321093519186, -31.20000000000001350 ) ) ;
#734 = CARTESIAN_POINT ( 'NONE',  ( -32.52057253258905689, 1.027832321093293810, -24.89999999999999147 ) ) ;
#735 = LINE ( 'NONE', #6781, #4930 ) ;
#736 = ORIENTED_EDGE ( 'NONE', *, *, #2986, .F. ) ;
#737 = LINE ( 'NONE', #9031, #5689 ) ;
#738 = CARTESIAN_POINT ( 'NONE',  ( -29.14343454986398285, 7.920708117151578520, -7.039922339982332744 ) ) ;
#739 = CARTESIAN_POINT ( 'NONE',  ( 31.33436365652023170, 5.248623259877745362, -24.89999999999999503 ) ) ;
#740 = CARTESIAN_POINT ( 'NONE',  ( -28.68160879801618179, 6.122837296683212749, -76.60000000000000853 ) ) ;
#741 = CIRCLE ( 'NONE', #9108, 0.5000000000000027756 ) ;
#742 = CARTESIAN_POINT ( 'NONE',  ( -28.89547999483952267, 8.416511652361419848, -29.41914663570652877 ) ) ;
#743 = ORIENTED_EDGE ( 'NONE', *, *, #2476, .F. ) ;
#744 = CARTESIAN_POINT ( 'NONE',  ( 29.98454266053821016, 4.575461250613955144, -2.000000000000043521 ) ) ;
#745 = DIRECTION ( 'NONE',  ( 1.000000000000000000, -2.065146995210510826E-16, 0.000000000000000000 ) ) ;
#746 = AXIS2_PLACEMENT_3D ( 'NONE', #1778, #1950, #7133 ) ;
#747 = AXIS2_PLACEMENT_3D ( 'NONE', #4997, #3650, #9478 ) ;
#748 = CARTESIAN_POINT ( 'NONE',  ( 32.19652992050070850, 3.217734594809766868, -30.70000000000002061 ) ) ;
#749 = CYLINDRICAL_SURFACE ( 'NONE', #2303, 10.00000000000000000 ) ;
#750 = CARTESIAN_POINT ( 'NONE',  ( 32.97942746741106390, 1.607341669681292773, -77.59999999999999432 ) ) ;
#751 = DIRECTION ( 'NONE',  ( 0.000000000000000000, 0.000000000000000000, 1.000000000000000000 ) ) ;
#752 = CARTESIAN_POINT ( 'NONE',  ( -31.26965845134710520, 6.280378773161273465, -8.400000000000005684 ) ) ;
#753 = DIRECTION ( 'NONE',  ( -1.000000000000000000, 0.000000000000000000, 0.000000000000000000 ) ) ;
#754 = CIRCLE ( 'NONE', #5235, 1.000000000000000888 ) ;
#755 = AXIS2_PLACEMENT_3D ( 'NONE', #2892, #8129, #2850 ) ;
#756 = VERTEX_POINT ( 'NONE', #1562 ) ;
#757 = DIRECTION ( 'NONE',  ( 1.000000000000000000, -2.017120320903265181E-16, 0.000000000000000000 ) ) ;
#758 = CARTESIAN_POINT ( 'NONE',  ( -28.44613486920351164, 8.655815229973271130, -28.54999999999997939 ) ) ;
#759 = ORIENTED_EDGE ( 'NONE', *, *, #6625, .T. ) ;
#760 = CARTESIAN_POINT ( 'NONE',  ( -30.13205343806417957, 7.513485883504316121, -30.97995229169935527 ) ) ;
#761 = AXIS2_PLACEMENT_3D ( 'NONE', #290, #3243, #6202 ) ;
#762 = AXIS2_PLACEMENT_3D ( 'NONE', #6373, #383, #8429 ) ;
#763 = CARTESIAN_POINT ( 'NONE',  ( 28.18404091933165034, 8.815868630814227558, -35.35387178792861107 ) ) ;
#764 = CARTESIAN_POINT ( 'NONE',  ( 31.22850509297925470, 6.280390163998436748, -8.400000000000003908 ) ) ;
#765 = ORIENTED_EDGE ( 'NONE', *, *, #9153, .T. ) ;
#766 = ORIENTED_EDGE ( 'NONE', *, *, #533, .F. ) ;
#767 = CARTESIAN_POINT ( 'NONE',  ( 32.78261996884014451, 2.893941478785455157, -77.60000000000002274 ) ) ;
#768 = ORIENTED_EDGE ( 'NONE', *, *, #4026, .F. ) ;
#769 = EDGE_CURVE ( 'NONE', #6556, #6943, #2123, .T. ) ;
#770 = ADVANCED_FACE ( 'NONE', ( #3930 ), #6876, .F. ) ;
#771 = VECTOR ( 'NONE', #9335, 1000.000000000000000 ) ;
#772 = EDGE_LOOP ( 'NONE', ( #915, #2580, #8629, #4482 ) ) ;
#773 = CIRCLE ( 'NONE', #7876, 0.5000000000000004441 ) ;
#774 = CIRCLE ( 'NONE', #2775, 0.5000000000000000000 ) ;
#775 = CARTESIAN_POINT ( 'NONE',  ( 21.27267788422103933, 7.479417570959292938, -24.34825204314126523 ) ) ;
#776 = CARTESIAN_POINT ( 'NONE',  ( -31.92057253258911231, -4.520582429040413963, -27.81000000000000227 ) ) ;
#777 = CARTESIAN_POINT ( 'NONE',  ( 22.32660222685302642, 7.479417570959294714, -6.729856435611692334 ) ) ;
#778 = AXIS2_PLACEMENT_3D ( 'NONE', #9618, #2285, #2346 ) ;
#779 = DIRECTION ( 'NONE',  ( -0.000000000000000000, -0.000000000000000000, 1.000000000000000000 ) ) ;
#780 = CARTESIAN_POINT ( 'NONE',  ( -26.80057253258861749, 9.264804668315669289, -15.36700381135594817 ) ) ;
#781 = ORIENTED_EDGE ( 'NONE', *, *, #700, .T. ) ;
#782 = EDGE_CURVE ( 'NONE', #8292, #1033, #1445, .T. ) ;
#783 = CARTESIAN_POINT ( 'NONE',  ( -28.47391222279474121, 8.641972713042575194, -6.176926147237984388 ) ) ;
#784 = EDGE_CURVE ( 'NONE', #6789, #8760, #42, .T. ) ;
#785 = VERTEX_POINT ( 'NONE', #1794 ) ;
#786 = CARTESIAN_POINT ( 'NONE',  ( 32.73284546295566599, 3.161828533715273615, -0.000000000000000000 ) ) ;
#787 = CARTESIAN_POINT ( 'NONE',  ( -28.44613486920351164, 8.655815229973271130, -27.04999999999997584 ) ) ;
#788 = VECTOR ( 'NONE', #3151, 1000.000000000000000 ) ;
#789 = DIRECTION ( 'NONE',  ( 0.000000000000000000, -1.000000000000000000, 0.000000000000000000 ) ) ;
#790 = CARTESIAN_POINT ( 'NONE',  ( 32.47942746741107101, -3.366042712232985235, -30.73403830344269849 ) ) ;
#791 = CARTESIAN_POINT ( 'NONE',  ( 31.76420485410108441, 5.505785396040435486, -1.600000000000008082 ) ) ;
#792 = DIRECTION ( 'NONE',  ( 0.000000000000000000, 1.000000000000000000, 0.000000000000000000 ) ) ;
#793 = ORIENTED_EDGE ( 'NONE', *, *, #8748, .F. ) ;
#794 = CARTESIAN_POINT ( 'NONE',  ( -32.52057253258906400, 1.920777120558275097, -7.900000000000003908 ) ) ;
#795 = CARTESIAN_POINT ( 'NONE',  ( -32.52057253258906400, -2.970686794140577458, -30.42368177571934496 ) ) ;
#796 = ORIENTED_EDGE ( 'NONE', *, *, #5369, .T. ) ;
#797 = AXIS2_PLACEMENT_3D ( 'NONE', #1828, #1107, #7142 ) ;
#798 = CARTESIAN_POINT ( 'NONE',  ( 30.06413508394267708, 7.537236167859378000, -1.831048801580794860 ) ) ;
#799 = CARTESIAN_POINT ( 'NONE',  ( 28.78796891005024250, 8.140198719791513327, -3.552812734656735305 ) ) ;
#800 = VERTEX_POINT ( 'NONE', #6112 ) ;
#801 = CARTESIAN_POINT ( 'NONE',  ( 24.96244179694113541, 7.479417570959289385, -76.59999999999999432 ) ) ;
#802 = LINE ( 'NONE', #8889, #2907 ) ;
#803 = AXIS2_PLACEMENT_3D ( 'NONE', #7928, #3432, #6278 ) ;
#804 = CARTESIAN_POINT ( 'NONE',  ( 32.23206841717055227, 4.694485271389036818, -30.70000000001856577 ) ) ;
#805 = ADVANCED_FACE ( 'NONE', ( #8297 ), #2337, .F. ) ;
#806 = CARTESIAN_POINT ( 'NONE',  ( 10.94942746741108053, 8.479417570959274286, -14.89000000000000057 ) ) ;
#807 = ADVANCED_FACE ( 'NONE', ( #977 ), #3254, .T. ) ;
#808 = LINE ( 'NONE', #17, #3758 ) ;
#809 = DIRECTION ( 'NONE',  ( 2.017120320903264935E-16, 1.000000000000000000, -0.000000000000000000 ) ) ;
#810 = CARTESIAN_POINT ( 'NONE',  ( -33.02057253258905689, 1.027832321093293810, -8.400000000000032330 ) ) ;
#811 = AXIS2_PLACEMENT_3D ( 'NONE', #8792, #947, #3852 ) ;
#812 = DIRECTION ( 'NONE',  ( -0.3493588689464438013, 7.046988738396525117E-17, 0.9369889971010659790 ) ) ;
#813 = ORIENTED_EDGE ( 'NONE', *, *, #679, .F. ) ;
#814 = DIRECTION ( 'NONE',  ( 0.000000000000000000, 0.000000000000000000, 1.000000000000000000 ) ) ;
#815 = DIRECTION ( 'NONE',  ( 1.000000000000000000, -2.017120320903265181E-16, 0.000000000000000000 ) ) ;
#816 = ORIENTED_EDGE ( 'NONE', *, *, #2679, .F. ) ;
#817 = CARTESIAN_POINT ( 'NONE',  ( -28.66057238112726324, 8.544150326418980868, -29.58167150284484492 ) ) ;
#818 = AXIS2_PLACEMENT_3D ( 'NONE', #2412, #6703, #5343 ) ;
#819 = CARTESIAN_POINT ( 'NONE',  ( -32.52057253258906400, -2.520582429040413519, -7.900000000000003908 ) ) ;
#820 = CARTESIAN_POINT ( 'NONE',  ( 28.58338476897611002, 6.602311292884528449, -37.56487377051590215 ) ) ;
#821 = CARTESIAN_POINT ( 'NONE',  ( 32.23206841717364313, 4.694485271390242076, -7.899999999990710009 ) ) ;
#822 = VERTEX_POINT ( 'NONE', #6208 ) ;
#823 = CARTESIAN_POINT ( 'NONE',  ( 25.25123640232978417, 9.479417570959293826, -5.551115123125782702E-14 ) ) ;
#824 = ORIENTED_EDGE ( 'NONE', *, *, #6158, .T. ) ;
#825 = ORIENTED_EDGE ( 'NONE', *, *, #79, .T. ) ;
#826 = CARTESIAN_POINT ( 'NONE',  ( 23.37626644051428926, 7.479417570959292938, -21.33831715361931103 ) ) ;
#827 = CARTESIAN_POINT ( 'NONE',  ( -32.23656340439132606, 4.692452133474737330, 0.000000000000000000 ) ) ;
#828 = CARTESIAN_POINT ( 'NONE',  ( -31.02057253258905334, 1.505256322941270541, -23.69999999999999929 ) ) ;
#829 = CARTESIAN_POINT ( 'NONE',  ( -33.12057253258911516, -3.020582429040413963, -27.81000000000000227 ) ) ;
#830 = CARTESIAN_POINT ( 'NONE',  ( -26.76183307366556363, 9.274567352842188583, -15.83792914241906047 ) ) ;
#831 = ORIENTED_EDGE ( 'NONE', *, *, #2021, .F. ) ;
#832 = CARTESIAN_POINT ( 'NONE',  ( -28.44613486920354362, 8.655815229973256919, -5.750000000000018652 ) ) ;
#833 = ORIENTED_EDGE ( 'NONE', *, *, #4319, .T. ) ;
#834 = CARTESIAN_POINT ( 'NONE',  ( 31.74995954763676309, 5.506655773865610115, 0.000000000000000000 ) ) ;
#835 = CARTESIAN_POINT ( 'NONE',  ( 28.07942746741108309, 6.349417570959287715, -48.50000000000001421 ) ) ;
#836 = B_SPLINE_CURVE_WITH_KNOTS ( 'NONE', 3,
 ( #1119, #3207, #9180, #355, #8348, #9083, #4752, #255 ),
 .UNSPECIFIED., .F., .F.,
 ( 4, 2, 2, 4 ),
 ( 0.000000000000000000, 0.0008836570445940546180, 0.001767314089188109236, 0.003534628178376213702 ),
 .UNSPECIFIED. ) ;
#837 = CARTESIAN_POINT ( 'NONE',  ( 32.97942746741108522, -4.520582429040437056, -1.599999999999990319 ) ) ;
#838 = CARTESIAN_POINT ( 'NONE',  ( 29.97942746741107101, 1.622844939570603717, -77.59999999999999432 ) ) ;
#839 = EDGE_CURVE ( 'NONE', #7790, #8873, #2534, .T. ) ;
#840 = EDGE_CURVE ( 'NONE', #1185, #1826, #3199, .T. ) ;
#841 = CARTESIAN_POINT ( 'NONE',  ( -31.02057253258905334, 1.027832321093293810, -79.59999999999999432 ) ) ;
#842 = CARTESIAN_POINT ( 'NONE',  ( -33.02057253258905689, 1.027832321093293810, -31.20000000000001350 ) ) ;
#843 = VERTEX_POINT ( 'NONE', #248 ) ;
#844 = VECTOR ( 'NONE', #4857, 1000.000000000000000 ) ;
#845 = DIRECTION ( 'NONE',  ( 1.000000000000000000, 1.250608365883192617E-15, -0.000000000000000000 ) ) ;
#846 = CARTESIAN_POINT ( 'NONE',  ( -30.03641037614859144, 7.101768516560487576, -7.735727987402372108 ) ) ;
#847 = ORIENTED_EDGE ( 'NONE', *, *, #2913, .F. ) ;
#848 = CARTESIAN_POINT ( 'NONE',  ( -31.02057253258905334, 1.027832321093290258, -76.59999999999999432 ) ) ;
#849 = ORIENTED_EDGE ( 'NONE', *, *, #5929, .T. ) ;
#850 = CARTESIAN_POINT ( 'NONE',  ( -26.72057253258906329, -2.520582429040415295, -79.59999999999999432 ) ) ;
#851 = DIRECTION ( 'NONE',  ( 0.000000000000000000, -0.8516946967809928548, 0.5240383034427282816 ) ) ;
#852 = CARTESIAN_POINT ( 'NONE',  ( 32.82971885672882451, 2.896358892074889724, -24.39999999999378488 ) ) ;
#853 = EDGE_CURVE ( 'NONE', #8880, #5213, #8251, .T. ) ;
#854 = CARTESIAN_POINT ( 'NONE',  ( 30.82942746741106177, -3.020582429040425954, -30.19999999999999929 ) ) ;
#855 = CARTESIAN_POINT ( 'NONE',  ( 30.71443235663960891, 3.456915091665841988, -79.44362449279695682 ) ) ;
#856 = CARTESIAN_POINT ( 'NONE',  ( 29.78688715776484131, 7.769020253152322475, -1.966847703496661381 ) ) ;
#857 = LINE ( 'NONE', #5251, #3875 ) ;
#858 = DIRECTION ( 'NONE',  ( 0.000000000000000000, 0.000000000000000000, 1.000000000000000000 ) ) ;
#859 = DIRECTION ( 'NONE',  ( 0.000000000000000000, 0.000000000000000000, 1.000000000000000000 ) ) ;
#860 = CARTESIAN_POINT ( 'NONE',  ( 30.87198327956246757, 2.417529072051266770, -77.60000000000414389 ) ) ;
#861 = FACE_OUTER_BOUND ( 'NONE', #4833, .T. ) ;
#862 = CARTESIAN_POINT ( 'NONE',  ( 29.44310498316352209, 6.314229632302764905, -76.25048487292441735 ) ) ;
#863 = EDGE_LOOP ( 'NONE', ( #3334, #9493, #3896, #6370 ) ) ;
#864 = CARTESIAN_POINT ( 'NONE',  ( -28.44613486920350454, 8.655815229973274683, -28.76544434807836836 ) ) ;
#865 = DIRECTION ( 'NONE',  ( 1.000000000000000000, -0.000000000000000000, 0.000000000000000000 ) ) ;
#866 = CARTESIAN_POINT ( 'NONE',  ( 29.71606077935132006, 7.823877036415825437, -33.57239093472283997 ) ) ;
#867 = ORIENTED_EDGE ( 'NONE', *, *, #7259, .T. ) ;
#868 = CARTESIAN_POINT ( 'NONE',  ( 31.06052420419946714, 6.502491224452187524, -5.551115123125782702E-14 ) ) ;
#869 = ORIENTED_EDGE ( 'NONE', *, *, #5492, .T. ) ;
#870 = EDGE_LOOP ( 'NONE', ( #7844, #100, #6546, #7086 ) ) ;
#871 = CARTESIAN_POINT ( 'NONE',  ( 24.82936736259471289, 7.479417570959291162, -16.72731225163291313 ) ) ;
#872 = CARTESIAN_POINT ( 'NONE',  ( 32.97942746741108522, -3.372277125821415034, -7.924038303442738851 ) ) ;
#873 = CARTESIAN_POINT ( 'NONE',  ( -28.18394684839325492, 6.495846131020483583, -30.55623145848047528 ) ) ;
#874 = CARTESIAN_POINT ( 'NONE',  ( -16.70460516799093753, -2.520582429040704397, 0.000000000000000000 ) ) ;
#875 = EDGE_CURVE ( 'NONE', #6018, #1759, #3415, .T. ) ;
#876 = CARTESIAN_POINT ( 'NONE',  ( -30.26312962935704221, 7.395678030339706055, -24.57023277139750661 ) ) ;
#877 = ORIENTED_EDGE ( 'NONE', *, *, #386, .F. ) ;
#878 = VERTEX_POINT ( 'NONE', #9219 ) ;
#879 = DIRECTION ( 'NONE',  ( -2.017120320903265181E-16, -1.000000000000000000, 0.000000000000000000 ) ) ;
#880 = DIRECTION ( 'NONE',  ( 0.7981552511360447966, 0.6024518197200148251, 0.000000000000000000 ) ) ;
#881 = B_SPLINE_CURVE_WITH_KNOTS ( 'NONE', 3,
 ( #787, #1504, #3012, #7411, #1605, #7468, #8049, #8250, #3786, #95, #3833, #8926, #6730, #9562, #6775, #5226, #4450, #9616 ),
 .UNSPECIFIED., .F., .F.,
 ( 4, 2, 2, 2, 2, 2, 2, 2, 4 ),
 ( 0.000000000000000000, 0.0006344196346990246729, 0.0009516294520485373346, 0.001268839269398049779, 0.001903258904097073802, 0.002537678538796098258, 0.003172098173495122280, 0.003806517808194145869, 0.005075357077592193913 ),
 .UNSPECIFIED. ) ;
#882 = DIRECTION ( 'NONE',  ( 1.982541115402067329E-16, 0.000000000000000000, 1.000000000000000000 ) ) ;
#883 = DIRECTION ( 'NONE',  ( -1.000000000000000000, 0.000000000000000000, 0.000000000000000000 ) ) ;
#884 = CARTESIAN_POINT ( 'NONE',  ( 32.63624460303806529, 3.456915091666075579, -47.26089990889882131 ) ) ;
#885 = CARTESIAN_POINT ( 'NONE',  ( -28.72057253258906684, 10.01696613767509625, -5.750000000000000888 ) ) ;
#886 = ORIENTED_EDGE ( 'NONE', *, *, #5714, .T. ) ;
#887 = DIRECTION ( 'NONE',  ( -0.3426922022797905809, 6.912514050336578445E-17, 0.9394477390981507137 ) ) ;
#888 = CARTESIAN_POINT ( 'NONE',  ( 30.67942746741113424, -4.520582429040426398, -5.000000000000004441 ) ) ;
#889 = CARTESIAN_POINT ( 'NONE',  ( -30.60711083252679998, 3.382743352849905794, -2.000000000000057288 ) ) ;
#890 = ORIENTED_EDGE ( 'NONE', *, *, #2560, .F. ) ;
#891 = CARTESIAN_POINT ( 'NONE',  ( 26.99104161695355941, 7.109236976100788752, -76.59999999999999432 ) ) ;
#892 = CARTESIAN_POINT ( 'NONE',  ( 33.04243847031000314, -3.520582429040426398, -2.425320565503714665 ) ) ;
#893 = EDGE_CURVE ( 'NONE', #8937, #9498, #2791, .T. ) ;
#894 = PLANE ( 'NONE',  #7567 ) ;
#895 = AXIS2_PLACEMENT_3D ( 'NONE', #3377, #1098, #1913 ) ;
#896 = TOROIDAL_SURFACE ( 'NONE', #3983, 1.000000000000000000, 0.5000000000000000000 ) ;
#897 = CARTESIAN_POINT ( 'NONE',  ( 32.47942746741107101, 1.027832321093518519, -30.69999999999999929 ) ) ;
#898 = CARTESIAN_POINT ( 'NONE',  ( 32.81057906786378453, 2.739747276411142352, -77.60000000000000853 ) ) ;
#899 = CARTESIAN_POINT ( 'NONE',  ( 10.94942746741108053, 7.479417570959293826, -14.89000000000000057 ) ) ;
#900 = CARTESIAN_POINT ( 'NONE',  ( -31.02057253258906755, 6.909397134599873702, -79.59999999999999432 ) ) ;
#901 = CARTESIAN_POINT ( 'NONE',  ( 28.67942746741109517, -9.520582429040636896, -79.59999999999999432 ) ) ;
#902 = ADVANCED_FACE ( 'NONE', ( #3835 ), #2276, .T. ) ;
#903 = CARTESIAN_POINT ( 'NONE',  ( 30.60630573415985367, 3.251140735169926632, -76.59999999999894271 ) ) ;
#904 = EDGE_CURVE ( 'NONE', #1848, #6760, #6196, .T. ) ;
#905 = CARTESIAN_POINT ( 'NONE',  ( 29.00768056313570398, 6.349417570959293045, -76.03012090579122173 ) ) ;
#906 = ORIENTED_EDGE ( 'NONE', *, *, #8829, .F. ) ;
#907 = AXIS2_PLACEMENT_3D ( 'NONE', #3056, #6010, #2344 ) ;
#908 = DIRECTION ( 'NONE',  ( 1.250608365883192617E-15, -1.000000000000000000, -2.343603989771761779E-30 ) ) ;
#909 = CARTESIAN_POINT ( 'NONE',  ( -30.66894619228100893, 6.308428120972710218, -2.100000000000004086 ) ) ;
#910 = CARTESIAN_POINT ( 'NONE',  ( 26.84666282348469224, 7.465503411285681068, -36.44472562087244683 ) ) ;
#911 = VERTEX_POINT ( 'NONE', #7033 ) ;
#912 = AXIS2_PLACEMENT_3D ( 'NONE', #378, #4863, #9202 ) ;
#913 = VECTOR ( 'NONE', #3949, 1000.000000000000000 ) ;
#914 = DIRECTION ( 'NONE',  ( 1.000000000000000000, -3.614007241618348771E-16, 0.000000000000000000 ) ) ;
#915 = ORIENTED_EDGE ( 'NONE', *, *, #7524, .F. ) ;
#916 = ORIENTED_EDGE ( 'NONE', *, *, #995, .T. ) ;
#917 = AXIS2_PLACEMENT_3D ( 'NONE', #2873, #8002, #1363 ) ;
#918 = DIRECTION ( 'NONE',  ( -1.000000000000000000, -8.673617379884027583E-16, 0.000000000000000000 ) ) ;
#919 = CIRCLE ( 'NONE', #7242, 1.600000000000000755 ) ;
#920 = DIRECTION ( 'NONE',  ( -1.000000000000000000, 0.000000000000000000, 0.000000000000000000 ) ) ;
#921 = CARTESIAN_POINT ( 'NONE',  ( 32.97942746741107811, 1.500186136094750378, -8.400000000000007461 ) ) ;
#922 = EDGE_CURVE ( 'NONE', #1642, #6679, #3563, .T. ) ;
#923 = DIRECTION ( 'NONE',  ( -2.017120320903265181E-16, -1.000000000000000000, 0.000000000000000000 ) ) ;
#924 = ORIENTED_EDGE ( 'NONE', *, *, #8368, .F. ) ;
#925 = AXIS2_PLACEMENT_3D ( 'NONE', #1249, #3482, #9401 ) ;
#926 = VECTOR ( 'NONE', #4075, 1000.000000000000000 ) ;
#927 = EDGE_LOOP ( 'NONE', ( #103, #3454, #5540, #3045 ) ) ;
#928 = CARTESIAN_POINT ( 'NONE',  ( 29.56367084532005052, 7.938491662754974421, 0.000000000000000000 ) ) ;
#929 = CARTESIAN_POINT ( 'NONE',  ( 28.39701197053623716, 8.664996047564239134, -33.22276070381092694 ) ) ;
#930 = DIRECTION ( 'NONE',  ( -2.025677196612374621E-16, -1.000000000000000000, -3.697785493223491743E-32 ) ) ;
#931 = AXIS2_PLACEMENT_3D ( 'NONE', #9379, #452, #1810 ) ;
#932 = CARTESIAN_POINT ( 'NONE',  ( -32.52057253258905689, 1.474294363426494225, -2.099999999999996980 ) ) ;
#933 = CARTESIAN_POINT ( 'NONE',  ( -32.98242468412075112, 1.969061636686743277, -24.89999999999998792 ) ) ;
#934 = CARTESIAN_POINT ( 'NONE',  ( 30.97942746741107811, 1.027832321093524737, -77.59999999999999432 ) ) ;
#935 = ORIENTED_EDGE ( 'NONE', *, *, #7864, .F. ) ;
#936 = CARTESIAN_POINT ( 'NONE',  ( -33.04938833549163490, -2.965566760571880067, -30.43262162388219849 ) ) ;
#937 = DIRECTION ( 'NONE',  ( -0.000000000000000000, -0.000000000000000000, -1.000000000000000000 ) ) ;
#938 = ORIENTED_EDGE ( 'NONE', *, *, #4114, .F. ) ;
#939 = CARTESIAN_POINT ( 'NONE',  ( 29.94136199959149991, 7.160786524931460839, -2.287454690591124162 ) ) ;
#940 = ORIENTED_EDGE ( 'NONE', *, *, #8684, .T. ) ;
#941 = AXIS2_PLACEMENT_3D ( 'NONE', #147, #7657, #2575 ) ;
#942 = CARTESIAN_POINT ( 'NONE',  ( 27.72670362487888340, 6.753719157748346191, -2.000000000000015543 ) ) ;
#943 = CARTESIAN_POINT ( 'NONE',  ( 16.67942887131549767, 7.479417570959293826, -2.000000000000002665 ) ) ;
#944 = CARTESIAN_POINT ( 'NONE',  ( 23.72942746741107811, 6.849417570959293933, -66.00000000000000000 ) ) ;
#945 = AXIS2_PLACEMENT_3D ( 'NONE', #8930, #7471, #6686 ) ;
#946 = CARTESIAN_POINT ( 'NONE',  ( 16.27014175312539734, 8.479417570959274286, -3.028718471859984884 ) ) ;
#947 = DIRECTION ( 'NONE',  ( 2.017120320903265181E-16, 1.000000000000000000, -0.000000000000000000 ) ) ;
#948 = DIRECTION ( 'NONE',  ( 0.000000000000000000, 0.000000000000000000, -1.000000000000000000 ) ) ;
#949 = CARTESIAN_POINT ( 'NONE',  ( 29.10139277006721770, 7.920961799388998692, -29.83878952608245783 ) ) ;
#950 = ORIENTED_EDGE ( 'NONE', *, *, #2452, .T. ) ;
#951 = CARTESIAN_POINT ( 'NONE',  ( 29.97942746669646397, 1.627461400929464785, -77.59999999999999432 ) ) ;
#952 = CARTESIAN_POINT ( 'NONE',  ( 31.87942746741113353, 4.333328095299679994, -27.81000000000000227 ) ) ;
#953 = AXIS2_PLACEMENT_3D ( 'NONE', #7385, #8858, #4280 ) ;
#954 = CARTESIAN_POINT ( 'NONE',  ( 29.82339794543924683, 5.804118969804053840, -77.66155567039621133 ) ) ;
#955 = ORIENTED_EDGE ( 'NONE', *, *, #9395, .F. ) ;
#956 = CARTESIAN_POINT ( 'NONE',  ( -31.26965845134706967, 6.280378773161309880, -31.19999999999999929 ) ) ;
#957 = ADVANCED_FACE ( 'NONE', ( #9242 ), #7583, .F. ) ;
#958 = CARTESIAN_POINT ( 'NONE',  ( -29.62971522866056517, 7.513377239666521490, -2.488152699827100633 ) ) ;
#959 = EDGE_CURVE ( 'NONE', #7032, #11, #3101, .T. ) ;
#960 = DIRECTION ( 'NONE',  ( 2.017120320903265181E-16, 1.000000000000000000, -0.000000000000000000 ) ) ;
#961 = EDGE_CURVE ( 'NONE', #6943, #9350, #607, .T. ) ;
#962 = FACE_OUTER_BOUND ( 'NONE', #8539, .T. ) ;
#963 = VERTEX_POINT ( 'NONE', #8012 ) ;
#964 = DIRECTION ( 'NONE',  ( 0.000000000000000000, 0.000000000000000000, 1.000000000000000000 ) ) ;
#965 = ORIENTED_EDGE ( 'NONE', *, *, #3269, .F. ) ;
#966 = ORIENTED_EDGE ( 'NONE', *, *, #4504, .F. ) ;
#967 = CARTESIAN_POINT ( 'NONE',  ( 24.72942746741108522, 6.849417570959288604, -48.50000000000002132 ) ) ;
#968 = CARTESIAN_POINT ( 'NONE',  ( -33.02057253258906400, -2.520582429040414407, -24.39999999999999147 ) ) ;
#969 = EDGE_CURVE ( 'NONE', #8600, #3830, #4486, .T. ) ;
#970 = CARTESIAN_POINT ( 'NONE',  ( 29.94136199959052291, 7.160786524931480379, -25.08745469059162403 ) ) ;
#971 = CARTESIAN_POINT ( 'NONE',  ( -26.63456398674476588, 7.242851741501696416, -2.000000000000003553 ) ) ;
#972 = ORIENTED_EDGE ( 'NONE', *, *, #6508, .T. ) ;
#973 = CARTESIAN_POINT ( 'NONE',  ( -29.34396222439069390, 8.126908161079521520, -30.49471995059073848 ) ) ;
#974 = ORIENTED_EDGE ( 'NONE', *, *, #2647, .T. ) ;
#975 = CARTESIAN_POINT ( 'NONE',  ( 24.97942746741094311, 9.479417570959293826, 0.000000000000000000 ) ) ;
#976 = CARTESIAN_POINT ( 'NONE',  ( 28.63513633913463252, 8.539428683264086217, -33.27078644323510304 ) ) ;
#977 = FACE_OUTER_BOUND ( 'NONE', #7312, .T. ) ;
#978 = CARTESIAN_POINT ( 'NONE',  ( 25.38870644621935924, 7.465511629139965244, -2.000000000000023981 ) ) ;
#979 = CARTESIAN_POINT ( 'NONE',  ( -30.87057253258904055, -2.520582429040414851, -25.39999999999999503 ) ) ;
#980 = DIRECTION ( 'NONE',  ( -1.301042606982604138E-15, 1.000000000000000000, -1.149254302834633911E-14 ) ) ;
#981 = VERTEX_POINT ( 'NONE', #8788 ) ;
#982 = FACE_OUTER_BOUND ( 'NONE', #6901, .T. ) ;
#983 = CARTESIAN_POINT ( 'NONE',  ( 29.75490658279748857, 7.794526033661573372, -1.984666101805929506 ) ) ;
#984 = ORIENTED_EDGE ( 'NONE', *, *, #995, .F. ) ;
#985 = CARTESIAN_POINT ( 'NONE',  ( 25.17035527756033630, 7.476693816201704479, -76.60000000000000853 ) ) ;
#986 = DIRECTION ( 'NONE',  ( -0.3493588689617890819, 7.046988738706058113E-17, -0.9369889970953446667 ) ) ;
#987 = AXIS2_PLACEMENT_3D ( 'NONE', #9527, #9430, #552 ) ;
#988 =( BOUNDED_SURFACE ( )  B_SPLINE_SURFACE ( 3, 2, ( 
 ( #5789, #29, #2264 ),
 ( #2166, #3038, #713 ),
 ( #2997, #5014, #5111 ),
 ( #9592, #5945, #1392 ),
 ( #5059, #6517, #9495 ),
 ( #8082, #1444, #2114 ),
 ( #8027, #75, #8905 ),
 ( #8176, #7344, #3665 ),
 ( #5207, #4331, #6564 ),
 ( #6608, #1535, #7299 ) ),
 .UNSPECIFIED., .F., .F., .T. ) 
 B_SPLINE_SURFACE_WITH_KNOTS ( ( 4, 2, 2, 2, 4 ),
 ( 3, 3 ),
 ( 0.000000000000000000, 0.001773939940001193405, 0.002217424925001491593, 0.002660909910001789998, 0.003547879880002386809 ),
 ( 0.000000000000000000, 1.000000000000000000 ),
 .UNSPECIFIED. ) 
 GEOMETRIC_REPRESENTATION_ITEM ( )  RATIONAL_B_SPLINE_SURFACE ( (
 ( 1.000000000000000000, 0.7071067811865475727, 1.000000000000000000),
 ( 1.000000000000000000, 0.7071067811865475727, 1.000000000000000000),
 ( 1.000000000000000000, 0.7071067811865475727, 1.000000000000000000),
 ( 1.000000000000000000, 0.7071067811865475727, 1.000000000000000000),
 ( 1.000000000000000000, 0.7071067811865475727, 1.000000000000000000),
 ( 1.000000000000000000, 0.7071067811865475727, 1.000000000000000000),
 ( 1.000000000000000000, 0.7071067811865487940, 1.000000000000000000),
 ( 1.000000000000000000, 0.7071067811865487940, 1.000000000000000000),
 ( 1.000000000000000000, 0.7071067811865475727, 1.000000000000000000),
 ( 1.000000000000000000, 0.7071067811865475727, 1.000000000000000000) ) ) 
 REPRESENTATION_ITEM ( '' )  SURFACE ( )  );
#989 = LINE ( 'NONE', #4759, #2628 ) ;
#990 = CARTESIAN_POINT ( 'NONE',  ( 28.43310422462558407, 8.641600817390930445, -26.62314300168306147 ) ) ;
#991 = CARTESIAN_POINT ( 'NONE',  ( 28.40533536441637352, 8.655466993863003111, -4.250000000000003553 ) ) ;
#992 = CARTESIAN_POINT ( 'NONE',  ( 23.72942746741109232, 6.349417570959293933, -4.704456559909364375E-15 ) ) ;
#993 = CARTESIAN_POINT ( 'NONE',  ( 28.70141191296776384, 8.195884044408348501, -28.90307588459534216 ) ) ;
#994 = DIRECTION ( 'NONE',  ( 0.000000000000000000, 0.000000000000000000, 1.000000000000000000 ) ) ;
#995 = EDGE_CURVE ( 'NONE', #6433, #237, #2153, .T. ) ;
#996 = CARTESIAN_POINT ( 'NONE',  ( 30.97942746741107456, 1.027832321093501866, -77.59999999999999432 ) ) ;
#997 = LINE ( 'NONE', #2512, #9100 ) ;
#998 = CYLINDRICAL_SURFACE ( 'NONE', #6148, 2.599999999999970335 ) ;
#999 = VERTEX_POINT ( 'NONE', #7130 ) ;
#1000 = CARTESIAN_POINT ( 'NONE',  ( -34.02057253258906400, 4.333328095299691540, -24.88596169655730961 ) ) ;
#1001 = CARTESIAN_POINT ( 'NONE',  ( -29.74654278259841078, 7.402666023088859681, -2.412352595628955321 ) ) ;
#1002 = CARTESIAN_POINT ( 'NONE',  ( 31.60303078569354085, 6.508096511041542520, -37.76170633413295263 ) ) ;
#1003 = ORIENTED_EDGE ( 'NONE', *, *, #2848, .T. ) ;
#1004 = CARTESIAN_POINT ( 'NONE',  ( 27.12033358834860763, 9.187258769170021822, -77.60000000000002274 ) ) ;
#1005 = ORIENTED_EDGE ( 'NONE', *, *, #2207, .T. ) ;
#1006 = ORIENTED_EDGE ( 'NONE', *, *, #1835, .F. ) ;
#1007 = EDGE_CURVE ( 'NONE', #659, #7261, #2489, .T. ) ;
#1008 = EDGE_CURVE ( 'NONE', #4522, #7032, #8584, .T. ) ;
#1009 = CARTESIAN_POINT ( 'NONE',  ( -28.09015342595075637, 8.824959331564460996, 0.000000000000000000 ) ) ;
#1010 = CARTESIAN_POINT ( 'NONE',  ( -29.55909363166391302, 5.225227605829861233, -31.63445890525243342 ) ) ;
#1011 = DIRECTION ( 'NONE',  ( 1.000000000000000000, -2.017120320903264935E-16, 0.000000000000000000 ) ) ;
#1012 = DIRECTION ( 'NONE',  ( 1.000000000000000000, -2.017120320903265181E-16, 0.000000000000000000 ) ) ;
#1013 = ORIENTED_EDGE ( 'NONE', *, *, #3560, .T. ) ;
#1014 = CARTESIAN_POINT ( 'NONE',  ( 30.82942746741109374, 5.979164254138607859, -2.099999999999999645 ) ) ;
#1015 = ORIENTED_EDGE ( 'NONE', *, *, #3858, .F. ) ;
#1016 = EDGE_CURVE ( 'NONE', #8435, #4882, #8821, .T. ) ;
#1017 = CARTESIAN_POINT ( 'NONE',  ( 31.71335419319220605, 5.571473218246118186, -34.94057257124058680 ) ) ;
#1018 = EDGE_CURVE ( 'NONE', #5999, #2373, #5766, .T. ) ;
#1019 = CARTESIAN_POINT ( 'NONE',  ( 30.97942746741106745, 1.318475013444246446, -76.59999999999999432 ) ) ;
#1020 = CARTESIAN_POINT ( 'NONE',  ( -32.52057253258906400, -3.372277125821401711, -7.924038303442737075 ) ) ;
#1021 = CYLINDRICAL_SURFACE ( 'NONE', #4806, 1.199999999999999734 ) ;
#1022 = EDGE_LOOP ( 'NONE', ( #4433, #4691, #3726, #4699, #4020, #2324 ) ) ;
#1023 = CARTESIAN_POINT ( 'NONE',  ( 32.97942746741107101, 1.170829432423648120, -77.59999999996691145 ) ) ;
#1024 = CARTESIAN_POINT ( 'NONE',  ( 28.77570063783928589, 8.148169853462782442, -3.592348671584187692 ) ) ;
#1025 = VERTEX_POINT ( 'NONE', #1215 ) ;
#1026 = CARTESIAN_POINT ( 'NONE',  ( -28.82766033528515592, 8.141445143804141082, -26.35744808121318528 ) ) ;
#1027 = CYLINDRICAL_SURFACE ( 'NONE', #6185, 1.000000000000000888 ) ;
#1028 = DIRECTION ( 'NONE',  ( 1.000000000000000000, 0.000000000000000000, 0.000000000000000000 ) ) ;
#1029 = CARTESIAN_POINT ( 'NONE',  ( 28.58538645739647777, 6.598233549984852786, -37.57930090032706971 ) ) ;
#1030 = DIRECTION ( 'NONE',  ( 0.000000000000000000, 0.000000000000000000, -1.000000000000000000 ) ) ;
#1031 = EDGE_CURVE ( 'NONE', #7185, #6440, #9231, .T. ) ;
#1032 = DIRECTION ( 'NONE',  ( -1.387778780781445922E-16, 1.000000000000000000, -0.000000000000000000 ) ) ;
#1033 = VERTEX_POINT ( 'NONE', #3598 ) ;
#1034 = CARTESIAN_POINT ( 'NONE',  ( 18.06768757213396270, 7.479417570959292050, -32.77999999999998693 ) ) ;
#1035 = CARTESIAN_POINT ( 'NONE',  ( 26.47942746741108166, 6.349417570959293045, -45.75000000000001421 ) ) ;
#1036 = PLANE ( 'NONE',  #5837 ) ;
#1037 = CARTESIAN_POINT ( 'NONE',  ( -26.79076517337787067, 9.267218624403962934, -14.41292621867310153 ) ) ;
#1038 = ORIENTED_EDGE ( 'NONE', *, *, #8311, .F. ) ;
#1039 = CARTESIAN_POINT ( 'NONE',  ( -32.61508903694636530, -3.020582429040413519, -2.599999999999996980 ) ) ;
#1040 = DIRECTION ( 'NONE',  ( -1.000000000000000000, 0.000000000000000000, 0.000000000000000000 ) ) ;
#1041 = DIRECTION ( 'NONE',  ( 0.000000000000000000, 0.000000000000000000, 1.000000000000000000 ) ) ;
#1042 = ORIENTED_EDGE ( 'NONE', *, *, #5247, .F. ) ;
#1043 = B_SPLINE_CURVE_WITH_KNOTS ( 'NONE', 3,
 ( #1073, #4067, #5428, #7017, #3260, #3354, #1159, #2081, #7896, #8619, #4158, #2766, #7991, #5708, #8727, #7841, #7260, #1974 ),
 .UNSPECIFIED., .F., .F.,
 ( 4, 2, 2, 2, 2, 2, 2, 2, 4 ),
 ( 0.000000000000000000, 0.0006809286706471066658, 0.001021393005970649102, 0.001361857341294191864, 0.002042786011941271317, 0.002723714682588350769, 0.003404643353235430655, 0.004085572023882510541, 0.005447429365176672915 ),
 .UNSPECIFIED. ) ;
#1044 = DIRECTION ( 'NONE',  ( 2.017120320903265181E-16, 1.000000000000000000, 0.000000000000000000 ) ) ;
#1045 = AXIS2_PLACEMENT_3D ( 'NONE', #4412, #13, #8991 ) ;
#1046 = VERTEX_POINT ( 'NONE', #4886 ) ;
#1047 = EDGE_LOOP ( 'NONE', ( #1248, #2298, #4856, #229 ) ) ;
#1048 = CARTESIAN_POINT ( 'NONE',  ( 30.67942746741113424, -3.020582429040425954, -27.81000000000000227 ) ) ;
#1049 = CARTESIAN_POINT ( 'NONE',  ( 31.79782257754001051, 5.526132758934899414, -8.400000000000007461 ) ) ;
#1050 = CIRCLE ( 'NONE', #7711, 0.5000000000000004441 ) ;
#1051 = AXIS2_PLACEMENT_3D ( 'NONE', #6496, #7324, #696 ) ;
#1052 = CARTESIAN_POINT ( 'NONE',  ( 28.53206745810058820, 8.590060741288086277, -26.23940650245778983 ) ) ;
#1053 = B_SPLINE_CURVE_WITH_KNOTS ( 'NONE', 3,
 ( #7676, #1034, #328, #3279, #551, #5045, #5145, #6593, #6447, #4363, #8888, #3699, #9578, #5822, #2052, #8115, #1474, #8065, #1278, #7913, #1324, #4951, #8742, #650, #6498, #7222, #3556, #7326 ),
 .UNSPECIFIED., .F., .F.,
 ( 4, 1, 1, 2, 2, 2, 2, 2, 2, 2, 2, 2, 2, 2, 4 ),
 ( 0.000000000000000000, 0.004164780314168617208, 0.006247170471252930582, 0.007288365549795087703, 0.008329560628337244824, 0.009370755706879400210, 0.01041195078542155560, 0.01145314586396371272, 0.01197374340323478607, 0.01249434094250585943, 0.01353553602104800614, 0.01405613356031908817, 0.01457673109959016673, 0.01561792617813232906, 0.01665912125667448965 ),
 .UNSPECIFIED. ) ;
#1054 = CARTESIAN_POINT ( 'NONE',  ( -27.56101032745408119, 6.886048019714941404, -2.000000000000003109 ) ) ;
#1055 = ORIENTED_EDGE ( 'NONE', *, *, #2609, .T. ) ;
#1056 = CARTESIAN_POINT ( 'NONE',  ( -29.74702143759892081, 7.402174249842640386, -30.38789950719294453 ) ) ;
#1057 = ORIENTED_EDGE ( 'NONE', *, *, #7562, .F. ) ;
#1058 = ORIENTED_EDGE ( 'NONE', *, *, #7092, .F. ) ;
#1059 = CARTESIAN_POINT ( 'NONE',  ( 30.52440368367673784, 7.104081226307615182, -33.92618828750539706 ) ) ;
#1060 = AXIS2_PLACEMENT_3D ( 'NONE', #8576, #1930, #6530 ) ;
#1061 = CIRCLE ( 'NONE', #5864, 0.5000000000000004441 ) ;
#1062 = VECTOR ( 'NONE', #1958, 1000.000000000000000 ) ;
#1063 = CARTESIAN_POINT ( 'NONE',  ( -31.92057253258911231, -3.020582429040413519, -5.000000000000004441 ) ) ;
#1064 = CARTESIAN_POINT ( 'NONE',  ( 16.67942887131549767, 7.479417570959293826, -2.000000000000002665 ) ) ;
#1065 = DIRECTION ( 'NONE',  ( -1.000000000000000000, 2.027103958809192199E-16, 1.467508415051248886E-50 ) ) ;
#1066 = ADVANCED_FACE ( 'NONE', ( #6488 ), #6955, .T. ) ;
#1067 = CIRCLE ( 'NONE', #6183, 2.000000000000003553 ) ;
#1068 = ORIENTED_EDGE ( 'NONE', *, *, #2846, .T. ) ;
#1069 = AXIS2_PLACEMENT_3D ( 'NONE', #776, #3728, #6675 ) ;
#1070 = ADVANCED_FACE ( 'NONE', ( #7998 ), #4795, .T. ) ;
#1071 = CIRCLE ( 'NONE', #5406, 1.600000000000000755 ) ;
#1072 = PLANE ( 'NONE',  #2919 ) ;
#1073 = CARTESIAN_POINT ( 'NONE',  ( -28.83360472956135467, 6.349417570959293933, -38.78000000000000114 ) ) ;
#1074 = ORIENTED_EDGE ( 'NONE', *, *, #2913, .T. ) ;
#1075 = ORIENTED_EDGE ( 'NONE', *, *, #372, .T. ) ;
#1076 = CARTESIAN_POINT ( 'NONE',  ( 27.47942746741108877, 6.882466451305255362, -5.750000000000005329 ) ) ;
#1077 = CARTESIAN_POINT ( 'NONE',  ( -26.46563078805459313, 7.287719999692028772, -12.41202894460285933 ) ) ;
#1078 = VECTOR ( 'NONE', #5663, 1000.000000000000000 ) ;
#1079 = AXIS2_PLACEMENT_3D ( 'NONE', #5486, #7674, #7854 ) ;
#1080 = CARTESIAN_POINT ( 'NONE',  ( 30.09163745992770700, 7.513019925152627287, -30.98027743653490518 ) ) ;
#1081 = CARTESIAN_POINT ( 'NONE',  ( 32.97942746741108522, -4.520582429040428174, -30.73403830344269849 ) ) ;
#1082 = CARTESIAN_POINT ( 'NONE',  ( 32.97942746741107101, -3.421867455903069732, -2.129692932693227903 ) ) ;
#1083 = DIRECTION ( 'NONE',  ( 2.017120320903265181E-16, 1.000000000000000000, -0.000000000000000000 ) ) ;
#1084 = CARTESIAN_POINT ( 'NONE',  ( 24.87942746741108024, 6.349417570959288604, -48.50000000000001421 ) ) ;
#1085 = AXIS2_PLACEMENT_3D ( 'NONE', #8837, #4359, #2197 ) ;
#1086 = CARTESIAN_POINT ( 'NONE',  ( -33.02057253258905689, 1.027832321093294032, -30.69999999999999929 ) ) ;
#1087 = LINE ( 'NONE', #454, #1687 ) ;
#1088 = ORIENTED_EDGE ( 'NONE', *, *, #3968, .F. ) ;
#1089 = LINE ( 'NONE', #9283, #3312 ) ;
#1090 = CARTESIAN_POINT ( 'NONE',  ( 33.10442746741108522, -3.020582429040426398, -29.51568901034156767 ) ) ;
#1091 = ORIENTED_EDGE ( 'NONE', *, *, #5402, .F. ) ;
#1092 = VECTOR ( 'NONE', #3488, 1000.000000000000000 ) ;
#1093 = CARTESIAN_POINT ( 'NONE',  ( 21.92666355542158740, 7.479417570959294714, -6.194503388880497674 ) ) ;
#1094 = EDGE_CURVE ( 'NONE', #9559, #2212, #4874, .T. ) ;
#1095 = CARTESIAN_POINT ( 'NONE',  ( -32.29499881593376642, 4.536470782096263754, -35.95074996372287046 ) ) ;
#1096 = CARTESIAN_POINT ( 'NONE',  ( -32.00030077308923637, 5.168723867556683338, -77.59999999999999432 ) ) ;
#1097 = DIRECTION ( 'NONE',  ( -1.000000000000000000, 2.017120320903264935E-16, -5.647936898529105530E-15 ) ) ;
#1098 = DIRECTION ( 'NONE',  ( 2.017120320903265181E-16, 1.000000000000000000, -0.000000000000000000 ) ) ;
#1099 = B_SPLINE_CURVE_WITH_KNOTS ( 'NONE', 3,
 ( #2407, #5340, #7328, #8309 ),
 .UNSPECIFIED., .F., .F.,
 ( 4, 4 ),
 ( 0.008505718560185794239, 0.009848293446747194077 ),
 .UNSPECIFIED. ) ;
#1100 = CIRCLE ( 'NONE', #3729, 2.000000000000001776 ) ;
#1101 = CARTESIAN_POINT ( 'NONE',  ( -33.43723919925574251, -4.520582429040413963, -7.111805441375310011 ) ) ;
#1102 = ORIENTED_EDGE ( 'NONE', *, *, #4342, .F. ) ;
#1103 = ORIENTED_EDGE ( 'NONE', *, *, #5962, .F. ) ;
#1104 = EDGE_CURVE ( 'NONE', #6368, #6611, #1899, .T. ) ;
#1105 = CIRCLE ( 'NONE', #9163, 2.000000000000002220 ) ;
#1106 = CARTESIAN_POINT ( 'NONE',  ( 32.97942746741107811, 1.027832321093519186, -31.20000000000001350 ) ) ;
#1107 = DIRECTION ( 'NONE',  ( -2.017120320903265181E-16, -1.000000000000000000, 0.000000000000000000 ) ) ;
#1108 = CARTESIAN_POINT ( 'NONE',  ( 29.36165546094791168, 7.714139581349815700, -25.47223189859642645 ) ) ;
#1109 = CARTESIAN_POINT ( 'NONE',  ( -18.69881944925606376, 7.479417570959293826, -2.000000000000003553 ) ) ;
#1110 = VERTEX_POINT ( 'NONE', #4256 ) ;
#1111 = CARTESIAN_POINT ( 'NONE',  ( -32.55671836727599100, -3.014990463072360960, -25.31260504726226301 ) ) ;
#1112 = VERTEX_POINT ( 'NONE', #7212 ) ;
#1113 = ADVANCED_FACE ( 'NONE', ( #589 ), #9147, .F. ) ;
#1114 = VECTOR ( 'NONE', #667, 1000.000000000000000 ) ;
#1115 = CARTESIAN_POINT ( 'NONE',  ( 32.02580113995327338, 5.010520049972468470, -35.44499782658665765 ) ) ;
#1116 = CARTESIAN_POINT ( 'NONE',  ( 23.93830336804260028, 8.479417570959274286, -15.51101663368023331 ) ) ;
#1117 = LINE ( 'NONE', #4796, #8525 ) ;
#1118 = CARTESIAN_POINT ( 'NONE',  ( 23.94942746741107698, 9.479417570959297379, -14.88999999999999879 ) ) ;
#1119 = CARTESIAN_POINT ( 'NONE',  ( -28.96579195171071319, 4.349417570959300150, -77.59999999999999432 ) ) ;
#1120 = ORIENTED_EDGE ( 'NONE', *, *, #8829, .T. ) ;
#1121 = VERTEX_POINT ( 'NONE', #8626 ) ;
#1122 = CARTESIAN_POINT ( 'NONE',  ( -33.12057253258911516, -3.020582429040413963, -5.000000000000004441 ) ) ;
#1123 = CARTESIAN_POINT ( 'NONE',  ( -33.02399318528565431, -3.454335970145235191, -2.178631560391958377 ) ) ;
#1124 = EDGE_CURVE ( 'NONE', #312, #9055, #8363, .T. ) ;
#1125 = EDGE_CURVE ( 'NONE', #8865, #6211, #4164, .T. ) ;
#1126 = CARTESIAN_POINT ( 'NONE',  ( 28.81457419821433774, 8.433718712045530808, -29.93771008786361421 ) ) ;
#1127 = DIRECTION ( 'NONE',  ( -1.250608365883192617E-15, 1.000000000000000000, 0.000000000000000000 ) ) ;
#1128 = CARTESIAN_POINT ( 'NONE',  ( 30.69205180497166552, 6.937746723446920782, -24.43202291757873468 ) ) ;
#1129 = CARTESIAN_POINT ( 'NONE',  ( 28.40533536441638418, 8.655466993862997782, -4.034546370002765059 ) ) ;
#1130 = CARTESIAN_POINT ( 'NONE',  ( -32.24031189352013627, 4.674918782659339023, -30.69999999999999929 ) ) ;
#1131 = FACE_OUTER_BOUND ( 'NONE', #7318, .T. ) ;
#1132 = VERTEX_POINT ( 'NONE', #7116 ) ;
#1133 = LINE ( 'NONE', #6357, #684 ) ;
#1134 = CARTESIAN_POINT ( 'NONE',  ( -30.97674741149898026, 1.914889925892073075, -79.59999999999999432 ) ) ;
#1135 = ORIENTED_EDGE ( 'NONE', *, *, #9550, .F. ) ;
#1136 = EDGE_CURVE ( 'NONE', #5515, #6317, #2002, .T. ) ;
#1137 = AXIS2_PLACEMENT_3D ( 'NONE', #2108, #658, #3615 ) ;
#1138 = CARTESIAN_POINT ( 'NONE',  ( 32.47942746741108522, -2.520582429040427286, -31.19999999999999929 ) ) ;
#1139 = CARTESIAN_POINT ( 'NONE',  ( -31.84423653958918976, 6.349417571630207924, -38.57688579681488505 ) ) ;
#1140 = CARTESIAN_POINT ( 'NONE',  ( -32.23800749029389578, 4.688805617353214217, -5.551115123125782702E-14 ) ) ;
#1141 = CARTESIAN_POINT ( 'NONE',  ( 32.97942746741108522, -4.520582429040437056, -77.59999999999999432 ) ) ;
#1142 = VERTEX_POINT ( 'NONE', #2773 ) ;
#1143 = CIRCLE ( 'NONE', #8573, 8.750000000000000000 ) ;
#1144 = FACE_OUTER_BOUND ( 'NONE', #6121, .T. ) ;
#1145 = EDGE_LOOP ( 'NONE', ( #6206, #1207, #6204, #8989 ) ) ;
#1146 = CARTESIAN_POINT ( 'NONE',  ( -30.89017226309998065, 2.349417570959311252, -79.59999999999999432 ) ) ;
#1147 = ORIENTED_EDGE ( 'NONE', *, *, #6744, .T. ) ;
#1148 = LINE ( 'NONE', #5636, #7084 ) ;
#1149 = CARTESIAN_POINT ( 'NONE',  ( 32.63301676158767606, 3.468113215008829631, -47.50858093819530836 ) ) ;
#1150 = CARTESIAN_POINT ( 'NONE',  ( 10.94942746741108053, 7.479417570959293826, -28.88999999999998280 ) ) ;
#1151 = DIRECTION ( 'NONE',  ( 1.000000000000000000, 0.000000000000000000, 0.000000000000000000 ) ) ;
#1152 = ORIENTED_EDGE ( 'NONE', *, *, #6282, .T. ) ;
#1153 = CARTESIAN_POINT ( 'NONE',  ( -31.02057253258906400, 1.027832321093293810, -9.100000000000010303 ) ) ;
#1154 = ORIENTED_EDGE ( 'NONE', *, *, #1387, .T. ) ;
#1155 = DIRECTION ( 'NONE',  ( 1.000000000000000000, 0.000000000000000000, 0.000000000000000000 ) ) ;
#1156 = CARTESIAN_POINT ( 'NONE',  ( 23.01324940796577678, 8.479417570959272510, -10.03612892336131956 ) ) ;
#1157 = CARTESIAN_POINT ( 'NONE',  ( 20.57030334153669671, 7.479417570959292938, -4.718119505638028954 ) ) ;
#1158 = CARTESIAN_POINT ( 'NONE',  ( 26.47942746741107811, 5.849417570959289492, -66.00000000000000000 ) ) ;
#1159 = CARTESIAN_POINT ( 'NONE',  ( -28.62789250967424337, 6.596887510970009139, -37.58237176129838275 ) ) ;
#1160 = EDGE_LOOP ( 'NONE', ( #7028, #3937, #5107, #7598 ) ) ;
#1161 = B_SPLINE_CURVE_WITH_KNOTS ( 'NONE', 3,
 ( #9378, #1990, #9423, #4944, #2779, #8689, #738, #5922, #5292, #1616, #4565, #846, #8257, #9032, #3842, #6021 ),
 .UNSPECIFIED., .F., .F.,
 ( 4, 2, 2, 2, 2, 2, 2, 4 ),
 ( 0.000000000000000000, 0.0005319141856096379871, 0.001063828371219275974, 0.001595742556828913961, 0.002127656742438552816, 0.002659570928048191670, 0.003191485113657830525, 0.004255313484877106499 ),
 .UNSPECIFIED. ) ;
#1162 = ORIENTED_EDGE ( 'NONE', *, *, #782, .T. ) ;
#1163 = CARTESIAN_POINT ( 'NONE',  ( 30.69786995685119635, 3.059481153539825193, -9.100000000000003197 ) ) ;
#1164 = CARTESIAN_POINT ( 'NONE',  ( 30.82942746741106177, 5.979164254138644274, -30.69999999999999929 ) ) ;
#1165 = CARTESIAN_POINT ( 'NONE',  ( 31.76473261922269842, 5.504588585202910167, -24.39999999999999147 ) ) ;
#1166 = FACE_OUTER_BOUND ( 'NONE', #1427, .T. ) ;
#1167 = CARTESIAN_POINT ( 'NONE',  ( 30.82942746741109019, -2.520582429040426842, -2.099999999999999645 ) ) ;
#1168 = DIRECTION ( 'NONE',  ( -1.000000000000000000, 2.891205793294675861E-16, -3.469446951953611033E-15 ) ) ;
#1169 = CARTESIAN_POINT ( 'NONE',  ( -26.72057253258905973, -2.520582429040413963, -16.07050836506883584 ) ) ;
#1170 = CARTESIAN_POINT ( 'NONE',  ( 29.17942746741106319, -3.020582429040425509, -27.04999999999999361 ) ) ;
#1171 = LINE ( 'NONE', #6400, #7576 ) ;
#1172 = FACE_OUTER_BOUND ( 'NONE', #572, .T. ) ;
#1173 = PRODUCT_DEFINITION ( 'UNKNOWN', '', #3317, #2034 ) ;
#1174 = CARTESIAN_POINT ( 'NONE',  ( 29.97942746741108166, 1.027832321093515633, -77.59999999999999432 ) ) ;
#1175 = B_SPLINE_CURVE_WITH_KNOTS ( 'NONE', 3,
 ( #5569, #1163, #443, #5516, #9185, #359, #4884, #3455, #1212, #7113, #3405, #2583, #9136, #4161, #6256, #8493, #6345, #9327, #494, #2499, #2682, #5612 ),
 .UNSPECIFIED., .F., .F.,
 ( 4, 2, 2, 2, 2, 2, 2, 2, 2, 2, 4 ),
 ( 4.473644668428633676E-17, 0.001860751947687728104, 0.002791127921531568953, 0.003256315908453486126, 0.003721503895375402431, 0.004651879869219238510, 0.005582255843063074589, 0.006047443829984994364, 0.006512631816906913271, 0.006977819803828833045, 0.007443007790750751085 ),
 .UNSPECIFIED. ) ;
#1176 = ORIENTED_EDGE ( 'NONE', *, *, #2268, .F. ) ;
#1177 = EDGE_CURVE ( 'NONE', #8721, #5739, #4327, .T. ) ;
#1178 = EDGE_CURVE ( 'NONE', #9084, #6329, #7893, .T. ) ;
#1179 = CARTESIAN_POINT ( 'NONE',  ( 29.92961606267771302, 4.664385743210043067, -76.59999999998555609 ) ) ;
#1180 = CARTESIAN_POINT ( 'NONE',  ( 23.30198804315665129, 7.479417570959294714, -8.298899500873519131 ) ) ;
#1181 = CARTESIAN_POINT ( 'NONE',  ( 30.96438276454520988, 6.630311297077725818, -8.400000009059892747 ) ) ;
#1182 = CARTESIAN_POINT ( 'NONE',  ( -31.63781905154443663, 6.514283492616072202, -37.76146265286355685 ) ) ;
#1183 = CARTESIAN_POINT ( 'NONE',  ( -32.23800749029389578, 4.688805617353214217, -77.59999999999999432 ) ) ;
#1184 = CARTESIAN_POINT ( 'NONE',  ( -30.80686493150513883, 3.099617202985557540, -79.54652039968779320 ) ) ;
#1185 = VERTEX_POINT ( 'NONE', #5918 ) ;
#1186 = EDGE_CURVE ( 'NONE', #8326, #6165, #8979, .T. ) ;
#1187 = DIRECTION ( 'NONE',  ( 1.000000000000000000, 0.000000000000000000, 0.000000000000000000 ) ) ;
#1188 = VERTEX_POINT ( 'NONE', #8149 ) ;
#1189 = CARTESIAN_POINT ( 'NONE',  ( -30.45133333813265253, 6.611209495299052108, -7.872867086146514204 ) ) ;
#1190 = ORIENTED_EDGE ( 'NONE', *, *, #8122, .F. ) ;
#1191 = AXIS2_PLACEMENT_3D ( 'NONE', #1772, #6267, #6302 ) ;
#1192 = CARTESIAN_POINT ( 'NONE',  ( 32.94148392921069046, 1.968839118171948011, -31.19999999999997797 ) ) ;
#1193 = CARTESIAN_POINT ( 'NONE',  ( 32.62449488972144707, 3.497326107431575348, -48.25207890616488271 ) ) ;
#1194 = DIRECTION ( 'NONE',  ( -0.000000000000000000, -1.000000000000000000, -0.000000000000000000 ) ) ;
#1195 = CARTESIAN_POINT ( 'NONE',  ( 32.52010783771080327, -3.015991451029477854, -7.482446142762458230 ) ) ;
#1196 = EDGE_LOOP ( 'NONE', ( #6764, #9368, #7164 ) ) ;
#1197 = CARTESIAN_POINT ( 'NONE',  ( -28.44613486920350809, 8.655815229973272906, -28.55000000000000426 ) ) ;
#1198 = VERTEX_POINT ( 'NONE', #5136 ) ;
#1199 = ORIENTED_EDGE ( 'NONE', *, *, #7283, .F. ) ;
#1200 = DIRECTION ( 'NONE',  ( -2.017120320903265181E-16, -1.000000000000000000, 0.000000000000000000 ) ) ;
#1201 = CARTESIAN_POINT ( 'NONE',  ( 28.53013308521180846, 8.591076186697845785, -6.554306141155944232 ) ) ;
#1202 = CARTESIAN_POINT ( 'NONE',  ( 23.85751476540198723, 8.479417570959272510, -16.44099973844196683 ) ) ;
#1203 = LINE ( 'NONE', #395, #9308 ) ;
#1204 = EDGE_CURVE ( 'NONE', #2212, #5336, #8673, .T. ) ;
#1205 = CARTESIAN_POINT ( 'NONE',  ( 28.40533536441637352, 8.655466993863003111, -4.250000000000003553 ) ) ;
#1206 = CARTESIAN_POINT ( 'NONE',  ( 32.99434273481968916, -2.957164586941481765, -30.44508928486510158 ) ) ;
#1207 = ORIENTED_EDGE ( 'NONE', *, *, #3821, .F. ) ;
#1208 = CIRCLE ( 'NONE', #4002, 0.5000000000000000000 ) ;
#1209 = VECTOR ( 'NONE', #3808, 1000.000000000000000 ) ;
#1210 = B_SPLINE_CURVE_WITH_KNOTS ( 'NONE', 3,
 ( #892, #3068, #3654, #699, #3700, #1475 ),
 .UNSPECIFIED., .F., .F.,
 ( 4, 2, 4 ),
 ( 0.0006694415281830090516, 0.0008675470708233777410, 0.001065652613463746430 ),
 .UNSPECIFIED. ) ;
#1211 = ORIENTED_EDGE ( 'NONE', *, *, #1359, .F. ) ;
#1212 = CARTESIAN_POINT ( 'NONE',  ( 29.22562936550396273, 5.564789077048334143, -8.693484462315863581 ) ) ;
#1213 = CARTESIAN_POINT ( 'NONE',  ( 30.30136728733591411, 7.321967445367118188, -30.65421248484686600 ) ) ;
#1214 = CARTESIAN_POINT ( 'NONE',  ( -30.87057253258906542, 5.979163850806729741, -2.099999999999999645 ) ) ;
#1215 = CARTESIAN_POINT ( 'NONE',  ( -33.02057253258906400, -3.372277125821401711, -7.924038303442737075 ) ) ;
#1216 = CIRCLE ( 'NONE', #8964, 8.750000000000000000 ) ;
#1217 = CYLINDRICAL_SURFACE ( 'NONE', #6029, 0.5000000000000004441 ) ;
#1218 = CARTESIAN_POINT ( 'NONE',  ( 32.54108755969041766, -3.020582429040439720, -2.555939137171403974 ) ) ;
#1219 = CARTESIAN_POINT ( 'NONE',  ( -32.52057253258906400, 1.920777120558282869, -30.70000000000000284 ) ) ;
#1220 = DIRECTION ( 'NONE',  ( 0.000000000000000000, -1.000000000000000000, 0.000000000000000000 ) ) ;
#1221 = CARTESIAN_POINT ( 'NONE',  ( 26.47942746741108166, 6.849417570959288604, -48.50000000000000711 ) ) ;
#1222 = FACE_OUTER_BOUND ( 'NONE', #870, .T. ) ;
#1223 = ORIENTED_EDGE ( 'NONE', *, *, #3953, .T. ) ;
#1224 = VECTOR ( 'NONE', #1578, 1000.000000000000000 ) ;
#1225 = CARTESIAN_POINT ( 'NONE',  ( -32.33514676577013347, 4.456565952360005411, -79.10154203620268731 ) ) ;
#1226 = CYLINDRICAL_SURFACE ( 'NONE', #1614, 2.999999999999999112 ) ;
#1227 = CIRCLE ( 'NONE', #4019, 1.000000000000000888 ) ;
#1228 = DIRECTION ( 'NONE',  ( 1.000000000000000000, 1.250608365883192617E-15, -0.000000000000000000 ) ) ;
#1229 = AXIS2_PLACEMENT_3D ( 'NONE', #3944, #6932, #5522 ) ;
#1230 = CARTESIAN_POINT ( 'NONE',  ( 30.82942746741106177, -2.520582429040425954, -24.89999999999999503 ) ) ;
#1231 = CARTESIAN_POINT ( 'NONE',  ( -26.89478257782056048, 7.463899412472096984, -36.44602099215008906 ) ) ;
#1232 = VECTOR ( 'NONE', #7512, 1000.000000000000000 ) ;
#1233 = CARTESIAN_POINT ( 'NONE',  ( -29.75665919596206166, 7.828012475364172218, -5.551115123125782702E-14 ) ) ;
#1234 = CARTESIAN_POINT ( 'NONE',  ( 30.82942746741109019, -2.520582429040426842, -7.900000000000000355 ) ) ;
#1235 = CARTESIAN_POINT ( 'NONE',  ( 29.21017917288087418, 4.349417570959287715, -77.57980136945209892 ) ) ;
#1236 = ORIENTED_EDGE ( 'NONE', *, *, #5859, .T. ) ;
#1237 = CARTESIAN_POINT ( 'NONE',  ( -26.49565444130132619, 7.279957611442756438, -17.22876841259377301 ) ) ;
#1238 = TOROIDAL_SURFACE ( 'NONE', #1865, 1.649999999999999023, 0.5000000000000000000 ) ;
#1239 = VERTEX_POINT ( 'NONE', #1 ) ;
#1240 = EDGE_CURVE ( 'NONE', #1188, #6396, #7364, .T. ) ;
#1241 = EDGE_CURVE ( 'NONE', #2281, #4817, #5812, .T. ) ;
#1242 = EDGE_CURVE ( 'NONE', #7043, #7646, #9175, .T. ) ;
#1243 = CARTESIAN_POINT ( 'NONE',  ( 30.71443235663960891, 3.456915091665841988, -79.44362449279695682 ) ) ;
#1244 = CARTESIAN_POINT ( 'NONE',  ( 31.82428488372808673, 6.274861120806765946, -47.20797889624540744 ) ) ;
#1245 = DIRECTION ( 'NONE',  ( 1.000000000000000000, -2.065146995210480258E-16, 0.000000000000000000 ) ) ;
#1246 = CARTESIAN_POINT ( 'NONE',  ( -26.72057253258906329, -2.520582429040415295, -79.59999999999999432 ) ) ;
#1247 = VECTOR ( 'NONE', #4237, 1000.000000000000000 ) ;
#1248 = ORIENTED_EDGE ( 'NONE', *, *, #7554, .F. ) ;
#1249 = CARTESIAN_POINT ( 'NONE',  ( -32.61508903693959383, -3.520582429040413519, -7.400000000017342039 ) ) ;
#1250 = ORIENTED_EDGE ( 'NONE', *, *, #9176, .T. ) ;
#1251 = CARTESIAN_POINT ( 'NONE',  ( -30.97059297245531795, 1.977387324636320498, -9.099999999999997868 ) ) ;
#1252 = ORIENTED_EDGE ( 'NONE', *, *, #388, .T. ) ;
#1253 = EDGE_LOOP ( 'NONE', ( #6671, #8814, #2831, #1734 ) ) ;
#1254 = AXIS2_PLACEMENT_3D ( 'NONE', #6557, #9536, #814 ) ;
#1255 = ADVANCED_FACE ( 'NONE', ( #8830 ), #2240, .F. ) ;
#1256 = CARTESIAN_POINT ( 'NONE',  ( 20.94543600679495299, 8.479417570959276063, -23.20720995615425863 ) ) ;
#1257 = PLANE ( 'NONE',  #6201 ) ;
#1258 = CARTESIAN_POINT ( 'NONE',  ( 30.70400051660371332, 4.349417570959287715, -77.59999999999999432 ) ) ;
#1259 = CARTESIAN_POINT ( 'NONE',  ( 33.04495124086463420, -3.520582429040427286, -30.37801276781423354 ) ) ;
#1260 = VERTEX_POINT ( 'NONE', #1417 ) ;
#1261 = AXIS2_PLACEMENT_3D ( 'NONE', #6505, #3658, #1377 ) ;
#1262 = ORIENTED_EDGE ( 'NONE', *, *, #421, .F. ) ;
#1263 = DIRECTION ( 'NONE',  ( 1.000000000000000000, -1.445602896647339656E-16, 0.000000000000000000 ) ) ;
#1264 = CARTESIAN_POINT ( 'NONE',  ( 29.30245345343933039, 8.127111559924960815, -30.49479728278866020 ) ) ;
#1265 = EDGE_CURVE ( 'NONE', #9055, #3460, #3723, .T. ) ;
#1266 = LINE ( 'NONE', #2042, #3272 ) ;
#1267 = AXIS2_PLACEMENT_3D ( 'NONE', #4475, #2210, #8120 ) ;
#1268 = CARTESIAN_POINT ( 'NONE',  ( -32.52812787888399271, -2.991814290582843761, -2.426310627291675015 ) ) ;
#1269 = CARTESIAN_POINT ( 'NONE',  ( -31.40844649019355117, 5.266523440735762840, -2.100000000000047162 ) ) ;
#1270 = EDGE_LOOP ( 'NONE', ( #2175, #4446, #2704, #7081 ) ) ;
#1271 = DIRECTION ( 'NONE',  ( 1.000000000000000000, -2.891205793294675861E-16, 0.000000000000000000 ) ) ;
#1272 = CARTESIAN_POINT ( 'NONE',  ( -30.68539152964059369, 6.349417570959269064, -76.52589340003957830 ) ) ;
#1273 = CARTESIAN_POINT ( 'NONE',  ( -30.87057253258906897, -2.520582429040414851, -5.750000000000000888 ) ) ;
#1274 = CARTESIAN_POINT ( 'NONE',  ( -30.18249253642113672, 4.307853781764285905, -2.000000000000029310 ) ) ;
#1275 = LINE ( 'NONE', #8195, #340 ) ;
#1276 = DIRECTION ( 'NONE',  ( 6.454785026890408348E-15, -1.302007804480276557E-30, 1.000000000000000000 ) ) ;
#1277 = ORIENTED_EDGE ( 'NONE', *, *, #8187, .F. ) ;
#1278 = CARTESIAN_POINT ( 'NONE',  ( 29.17723078150603300, 5.622421522289369200, -33.74285230977742600 ) ) ;
#1279 = CARTESIAN_POINT ( 'NONE',  ( 30.48557593458648540, 3.642853497141569807, -23.70447696028426066 ) ) ;
#1280 = CARTESIAN_POINT ( 'NONE',  ( -31.33624744564318831, 6.210321483026052469, -34.45542321030654875 ) ) ;
#1281 = CARTESIAN_POINT ( 'NONE',  ( -27.90643273033227345, 8.908387893835394422, -5.551115123125782702E-14 ) ) ;
#1283 = ADVANCED_FACE ( 'NONE', ( #8105 ), #1465, .T. ) ;
#1282 = CARTESIAN_POINT ( 'NONE',  ( 33.39609413407775662, -3.520582429040425065, -2.888194558624694874 ) ) ;
#1284 = CARTESIAN_POINT ( 'NONE',  ( 32.94128332342470600, 1.969011033293907253, -8.399999999996943245 ) ) ;
#1285 = DIRECTION ( 'NONE',  ( -1.000000000000000000, 0.000000000000000000, 0.000000000000000000 ) ) ;
#1286 = CARTESIAN_POINT ( 'NONE',  ( 32.98291008404220293, -3.451376258219746251, -30.62998674912107688 ) ) ;
#1287 = CIRCLE ( 'NONE', #5313, 1.199999999999999734 ) ;
#1288 = VERTEX_POINT ( 'NONE', #4400 ) ;
#1289 = FACE_OUTER_BOUND ( 'NONE', #5951, .T. ) ;
#1290 = VERTEX_POINT ( 'NONE', #7415 ) ;
#1291 = DIRECTION ( 'NONE',  ( 1.000000000000000000, 0.000000000000000000, 4.336808689942015369E-15 ) ) ;
#1292 = CARTESIAN_POINT ( 'NONE',  ( -33.14557253258908531, -3.020582429040413519, -3.294310989658410183 ) ) ;
#1293 = CYLINDRICAL_SURFACE ( 'NONE', #7445, 3.000000000000002665 ) ;
#1294 = CARTESIAN_POINT ( 'NONE',  ( -25.24341845361294290, 9.479416842091474393, -32.94706811641714239 ) ) ;
#1295 =( BOUNDED_SURFACE ( )  B_SPLINE_SURFACE ( 3, 2, ( 
 ( #8046, #2182, #3781 ),
 ( #6623, #8870, #9020 ),
 ( #6005, #90, #3007 ),
 ( #3636, #4392, #7357 ),
 ( #3051, #8243, #725 ),
 ( #8193, #6578, #681 ),
 ( #5129, #7311, #8920 ),
 ( #7506, #7462, #1409 ),
 ( #8968, #2339, #3829 ),
 ( #1599, #5857, #6771 ),
 ( #3733, #2962, #4502 ),
 ( #6678, #5958, #4348 ),
 ( #9558, #4552, #876 ),
 ( #139, #8098, #3103 ),
 ( #1456, #9609, #3679 ),
 ( #5908, #2232, #2278 ) ),
 .UNSPECIFIED., .F., .F., .T. ) 
 B_SPLINE_SURFACE_WITH_KNOTS ( ( 4, 2, 2, 2, 2, 2, 2, 4 ),
 ( 3, 3 ),
 ( 0.000000000000000000, 0.0006112400032244592017, 0.001222480006448918403, 0.001833720009673377605, 0.002444960012897836807, 0.003056200016122296009, 0.003667440019346755210, 0.004889920025795673614 ),
 ( 0.000000000000000000, 1.000000000000000000 ),
 .UNSPECIFIED. ) 
 GEOMETRIC_REPRESENTATION_ITEM ( )  RATIONAL_B_SPLINE_SURFACE ( (
 ( 1.000000000000000000, 0.8517994697195273579, 1.000000000000000000),
 ( 1.000000000000000000, 0.8517891990531710755, 1.000000000000000000),
 ( 1.000000000000000000, 0.8515875070598113439, 1.000000000000000000),
 ( 1.000000000000000000, 0.8504670418861344228, 1.000000000000000000),
 ( 1.000000000000000000, 0.8495369727675295968, 1.000000000000000000),
 ( 1.000000000000000000, 0.8463133692721026557, 1.000000000000000000),
 ( 1.000000000000000000, 0.8439572666616378394, 1.000000000000000000),
 ( 1.000000000000000000, 0.8371413962457724400, 1.000000000000000000),
 ( 1.000000000000000000, 0.8326784287928469253, 1.000000000000000000),
 ( 1.000000000000000000, 0.8210608948407750463, 1.000000000000000000),
 ( 1.000000000000000000, 0.8141555112216792844, 1.000000000000000000),
 ( 1.000000000000000000, 0.7978287724623368549, 1.000000000000000000),
 ( 1.000000000000000000, 0.7884368149145599691, 1.000000000000000000),
 ( 1.000000000000000000, 0.7577315740798837851, 1.000000000000000000),
 ( 1.000000000000000000, 0.7335848658813793888, 1.000000000000000000),
 ( 1.000000000000000000, 0.7071067811865470176, 1.000000000000000000) ) ) 
 REPRESENTATION_ITEM ( '' )  SURFACE ( )  );
#1296 = ORIENTED_EDGE ( 'NONE', *, *, #6753, .T. ) ;
#1297 = PLANE ( 'NONE',  #9439 ) ;
#1298 = ORIENTED_EDGE ( 'NONE', *, *, #8134, .T. ) ;
#1299 = CARTESIAN_POINT ( 'NONE',  ( -28.72057253258904197, 8.517091398279601933, -28.55000000000000426 ) ) ;
#1300 = EDGE_CURVE ( 'NONE', #83, #9597, #2103, .T. ) ;
#1301 = EDGE_LOOP ( 'NONE', ( #1386, #379, #7993, #202 ) ) ;
#1302 = ADVANCED_FACE ( 'NONE', ( #6014 ), #1238, .F. ) ;
#1303 = VERTEX_POINT ( 'NONE', #6634 ) ;
#1304 = CARTESIAN_POINT ( 'NONE',  ( 23.23064833992980383, 8.479417570959276063, -10.61595288958080552 ) ) ;
#1305 = DIRECTION ( 'NONE',  ( 0.000000000000000000, -1.000000000000000000, 0.000000000000000000 ) ) ;
#1306 = CARTESIAN_POINT ( 'NONE',  ( -33.03498477095059371, -2.959537598476732256, -7.640715520025016971 ) ) ;
#1307 = LINE ( 'NONE', #3589, #3703 ) ;
#1308 = ORIENTED_EDGE ( 'NONE', *, *, #127, .F. ) ;
#1309 = ADVANCED_FACE ( 'NONE', ( #5183 ), #8826, .F. ) ;
#1310 = EDGE_CURVE ( 'NONE', #8809, #527, #8366, .T. ) ;
#1311 = ORIENTED_EDGE ( 'NONE', *, *, #5839, .F. ) ;
#1312 = CARTESIAN_POINT ( 'NONE',  ( 30.72308248521841634, 6.903088159715061956, -30.73915634152685072 ) ) ;
#1313 = DIRECTION ( 'NONE',  ( -2.017120320903265428E-16, -1.000000000000000000, 0.000000000000000000 ) ) ;
#1314 = CARTESIAN_POINT ( 'NONE',  ( 32.47942746741107101, -2.949466044545192567, -25.14298084827864699 ) ) ;
#1315 = DIRECTION ( 'NONE',  ( -1.250608365883192814E-15, 1.000000000000000000, 0.000000000000000000 ) ) ;
#1316 = CARTESIAN_POINT ( 'NONE',  ( -32.83260613154862284, 2.892426578183850960, -1.599999999996928990 ) ) ;
#1317 = ORIENTED_EDGE ( 'NONE', *, *, #9496, .F. ) ;
#1318 = CARTESIAN_POINT ( 'NONE',  ( 31.74366086161763789, 4.466949820387891457, -2.099999999999985434 ) ) ;
#1319 = DIRECTION ( 'NONE',  ( 0.000000000000000000, -0.8516946967809947422, 0.5240383034427249509 ) ) ;
#1320 = DIRECTION ( 'NONE',  ( 2.017120320903265181E-16, 1.000000000000000000, -0.000000000000000000 ) ) ;
#1321 = CARTESIAN_POINT ( 'NONE',  ( -16.57652035379021527, 7.479417570959293826, -2.000000000000057288 ) ) ;
#1322 = CARTESIAN_POINT ( 'NONE',  ( 32.30218682311392087, 2.786044351288239795, -7.900000000000002132 ) ) ;
#1323 = ORIENTED_EDGE ( 'NONE', *, *, #8563, .F. ) ;
#1324 = CARTESIAN_POINT ( 'NONE',  ( 29.52037427797063884, 5.221065322684872001, -34.18661494797200362 ) ) ;
#1325 = CARTESIAN_POINT ( 'NONE',  ( 27.90336486289269402, 6.648637502289805212, -25.41209959026161513 ) ) ;
#1326 = CARTESIAN_POINT ( 'NONE',  ( 32.51697775704989368, -3.014777033192458600, -7.489137161313858648 ) ) ;
#1327 = CARTESIAN_POINT ( 'NONE',  ( 28.90677317694765591, 8.379900181344680732, -7.268487133327405481 ) ) ;
#1328 = CARTESIAN_POINT ( 'NONE',  ( -25.02057249859225507, 9.479417570959292050, -35.09350088661729217 ) ) ;
#1329 = DIRECTION ( 'NONE',  ( 0.000000000000000000, 0.000000000000000000, 1.000000000000000000 ) ) ;
#1330 = DIRECTION ( 'NONE',  ( -0.000000000000000000, 0.000000000000000000, -1.000000000000000000 ) ) ;
#1331 = CARTESIAN_POINT ( 'NONE',  ( -28.83360472956136888, 2.349417570959293933, -38.78000000000000114 ) ) ;
#1332 = FACE_OUTER_BOUND ( 'NONE', #9119, .T. ) ;
#1333 = EDGE_CURVE ( 'NONE', #2474, #9035, #8374, .T. ) ;
#1334 = FACE_OUTER_BOUND ( 'NONE', #1752, .T. ) ;
#1335 = ORIENTED_EDGE ( 'NONE', *, *, #1124, .T. ) ;
#1336 = CARTESIAN_POINT ( 'NONE',  ( -29.62898302516229521, 7.514040962032948023, -7.511295141688465016 ) ) ;
#1337 = ORIENTED_EDGE ( 'NONE', *, *, #4034, .T. ) ;
#1338 = CARTESIAN_POINT ( 'NONE',  ( -32.24031189351456561, 4.674918782658735061, -8.400000000000003908 ) ) ;
#1339 = LINE ( 'NONE', #4430, #2186 ) ;
#1340 = CARTESIAN_POINT ( 'NONE',  ( -25.91159241703368821, 9.429594201808079390, -32.96245841391473874 ) ) ;
#1341 = ORIENTED_EDGE ( 'NONE', *, *, #4685, .T. ) ;
#1342 = DIRECTION ( 'NONE',  ( 0.000000000000000000, -1.000000000000000000, 0.000000000000000000 ) ) ;
#1343 = ORIENTED_EDGE ( 'NONE', *, *, #4129, .T. ) ;
#1344 = CARTESIAN_POINT ( 'NONE',  ( -27.52057253258907110, 6.882612225788599325, -4.036105511419902037 ) ) ;
#1345 = ORIENTED_EDGE ( 'NONE', *, *, #5434, .F. ) ;
#1346 = ADVANCED_FACE ( 'NONE', ( #3111 ), #2395, .F. ) ;
#1347 = CARTESIAN_POINT ( 'NONE',  ( 23.13543246241080098, 7.479417570959296491, -21.78418281407294543 ) ) ;
#1348 =( BOUNDED_SURFACE ( )  B_SPLINE_SURFACE ( 3, 2, ( 
 ( #2706, #523, #4830 ),
 ( #5637, #1244, #7045 ),
 ( #1149, #428, #6325 ),
 ( #4870, #2664, #9305 ),
 ( #1193, #2803, #2019 ),
 ( #4139, #477, #7190 ) ),
 .UNSPECIFIED., .F., .F., .T. ) 
 B_SPLINE_SURFACE_WITH_KNOTS ( ( 4, 2, 4 ),
 ( 3, 3 ),
 ( 0.000000000000000000, 0.0007436663855558492148, 0.001487332771111698430 ),
 ( 0.000000000000000000, 1.000000000000000000 ),
 .UNSPECIFIED. ) 
 GEOMETRIC_REPRESENTATION_ITEM ( )  RATIONAL_B_SPLINE_SURFACE ( (
 ( 1.000000000000000000, 0.7990226467931508259, 1.000000000000000000),
 ( 1.000000000000000000, 0.8065367106577224776, 1.000000000000000000),
 ( 1.000000000000000000, 0.8141799664873328179, 1.000000000000000000),
 ( 1.000000000000000000, 0.8255236165670924997, 1.000000000000000000),
 ( 1.000000000000000000, 0.8291183760192603058, 1.000000000000000000),
 ( 1.000000000000000000, 0.8290473114986831593, 1.000000000000000000) ) ) 
 REPRESENTATION_ITEM ( '' )  SURFACE ( )  );
#1349 = DIRECTION ( 'NONE',  ( -0.6024518197200081637, 0.7981552511360499036, -2.109616078296972798E-13 ) ) ;
#1350 = AXIS2_PLACEMENT_3D ( 'NONE', #1430, #8593, #5778 ) ;
#1351 = CARTESIAN_POINT ( 'NONE',  ( -32.52701189481287969, -2.989776896794832606, -7.578970086127964301 ) ) ;
#1352 = DIRECTION ( 'NONE',  ( 0.000000000000000000, 1.000000000000000000, -0.000000000000000000 ) ) ;
#1353 = ORIENTED_EDGE ( 'NONE', *, *, #1665, .F. ) ;
#1354 = ORIENTED_EDGE ( 'NONE', *, *, #4217, .F. ) ;
#1355 = CARTESIAN_POINT ( 'NONE',  ( 28.43083699420859034, 8.642716696318901271, -28.95886849354786463 ) ) ;
#1356 = VECTOR ( 'NONE', #8844, 1000.000000000000000 ) ;
#1357 = DIRECTION ( 'NONE',  ( -0.7981552511359101265, -0.6024518197201931269, 0.000000000000000000 ) ) ;
#1358 = EDGE_CURVE ( 'NONE', #8184, #7570, #4802, .T. ) ;
#1359 = EDGE_CURVE ( 'NONE', #8281, #911, #7546, .T. ) ;
#1360 = CARTESIAN_POINT ( 'NONE',  ( -31.26965845134710520, 6.280378773161268136, -1.600000000000032063 ) ) ;
#1361 = VERTEX_POINT ( 'NONE', #3889 ) ;
#1362 = VECTOR ( 'NONE', #7855, 1000.000000000000000 ) ;
#1363 = DIRECTION ( 'NONE',  ( 1.000000000000000000, -2.017120320903265428E-16, 0.000000000000000000 ) ) ;
#1364 = DIRECTION ( 'NONE',  ( 1.000000000000000000, -2.017120320903265181E-16, 1.613696256722612145E-15 ) ) ;
#1365 = LINE ( 'NONE', #4310, #9302 ) ;
#1366 = CARTESIAN_POINT ( 'NONE',  ( -24.86772004331881902, 7.479417570959295603, -76.60000000000000853 ) ) ;
#1367 = CARTESIAN_POINT ( 'NONE',  ( -33.02057253258905689, 1.500198152959243858, -1.599999999999984102 ) ) ;
#1368 = ORIENTED_EDGE ( 'NONE', *, *, #26, .T. ) ;
#1369 = FACE_OUTER_BOUND ( 'NONE', #368, .T. ) ;
#1370 = COORDINATED_UNIVERSAL_TIME_OFFSET ( 1, 0, .AHEAD. ) ;
#1371 = CARTESIAN_POINT ( 'NONE',  ( 28.71804144189153263, 6.060985904579260897, -24.43473686287119406 ) ) ;
#1372 = AXIS2_PLACEMENT_3D ( 'NONE', #4357, #2826, #5770 ) ;
#1373 = CIRCLE ( 'NONE', #8346, 1.500000000000001332 ) ;
#1374 = EDGE_CURVE ( 'NONE', #5860, #1025, #206, .T. ) ;
#1375 = CARTESIAN_POINT ( 'NONE',  ( -25.66366392519298145, 9.459729472073702183, -35.09996295653060372 ) ) ;
#1376 = CARTESIAN_POINT ( 'NONE',  ( -32.52057253258906400, -2.972650446231064336, -7.619403937496701751 ) ) ;
#1377 = DIRECTION ( 'NONE',  ( 2.017120320903265428E-16, 1.000000000000000000, 0.000000000000000000 ) ) ;
#1378 = DIRECTION ( 'NONE',  ( 0.000000000000000000, 0.000000000000000000, -1.000000000000000000 ) ) ;
#1379 = AXIS2_PLACEMENT_3D ( 'NONE', #2960, #4593, #724 ) ;
#1380 = CIRCLE ( 'NONE', #1693, 0.5000000000000004441 ) ;
#1381 = CIRCLE ( 'NONE', #7408, 0.5000000000000000000 ) ;
#1382 = DIRECTION ( 'NONE',  ( -2.017120320903265181E-16, -1.000000000000000000, 0.000000000000000000 ) ) ;
#1383 = EDGE_LOOP ( 'NONE', ( #5488, #6006, #4096, #768 ) ) ;
#1384 = LINE ( 'NONE', #5834, #7756 ) ;
#1385 = CARTESIAN_POINT ( 'NONE',  ( 33.97942746741107811, -3.520582429040425954, -2.075961696557269587 ) ) ;
#1386 = ORIENTED_EDGE ( 'NONE', *, *, #3270, .T. ) ;
#1387 = EDGE_CURVE ( 'NONE', #4485, #1025, #7744, .T. ) ;
#1388 = TOROIDAL_SURFACE ( 'NONE', #6321, 2.750000000000000444, 0.5000000000000000000 ) ;
#1389 = VECTOR ( 'NONE', #5274, 1000.000000000000000 ) ;
#1390 = EDGE_CURVE ( 'NONE', #2670, #6521, #1117, .T. ) ;
#1391 = CARTESIAN_POINT ( 'NONE',  ( 23.38942746741041390, 4.349417570959295709, -39.31000000000022254 ) ) ;
#1392 = CARTESIAN_POINT ( 'NONE',  ( -29.70241232996702152, 2.923085261242186927, -77.59999999999999432 ) ) ;
#1393 = CARTESIAN_POINT ( 'NONE',  ( -29.36719097692991909, 5.453596836674254433, -8.745604563492246797 ) ) ;
#1394 = B_SPLINE_CURVE_WITH_KNOTS ( 'NONE', 3,
 ( #3340, #8604, #2705, #7141, #341, #1192, #7003, #1106 ),
 .UNSPECIFIED., .F., .F.,
 ( 4, 2, 2, 4 ),
 ( 0.000000000000000000, 0.002794046763842244780, 0.004191070145763363917, 0.005588093527684483489 ),
 .UNSPECIFIED. ) ;
#1395 = CARTESIAN_POINT ( 'NONE',  ( 27.54012876353446160, 9.058032206459936120, -35.24945142195714709 ) ) ;
#1396 = DIRECTION ( 'NONE',  ( 1.000000000000000000, 0.000000000000000000, -3.227392513445213640E-15 ) ) ;
#1397 = ORIENTED_EDGE ( 'NONE', *, *, #318, .F. ) ;
#1398 = DIRECTION ( 'NONE',  ( -1.250608365883192617E-15, 1.000000000000000000, -2.343603989771761779E-30 ) ) ;
#1399 = ORIENTED_EDGE ( 'NONE', *, *, #475, .F. ) ;
#1400 = AXIS2_PLACEMENT_3D ( 'NONE', #3372, #1947, #7966 ) ;
#1401 = PLANE ( 'NONE',  #4770 ) ;
#1402 = VERTEX_POINT ( 'NONE', #3161 ) ;
#1403 = EDGE_CURVE ( 'NONE', #1033, #3475, #5937, .T. ) ;
#1404 = EDGE_CURVE ( 'NONE', #1826, #539, #4644, .T. ) ;
#1405 = CARTESIAN_POINT ( 'NONE',  ( 24.69350886720920002, 7.479417570959292938, -17.55993479591957040 ) ) ;
#1406 = AXIS2_PLACEMENT_3D ( 'NONE', #1929, #5564, #578 ) ;
#1407 = CARTESIAN_POINT ( 'NONE',  ( 23.05913740456019667, 7.479417570959292938, -7.856659676937852943 ) ) ;
#1408 = CARTESIAN_POINT ( 'NONE',  ( -28.85570790123886553, 8.434176179830158659, -2.862258675349316661 ) ) ;
#1409 = CARTESIAN_POINT ( 'NONE',  ( -29.20344002853477861, 8.220139647960124307, -25.23562134081304720 ) ) ;
#1410 = ORIENTED_EDGE ( 'NONE', *, *, #6615, .F. ) ;
#1411 = VERTEX_POINT ( 'NONE', #5702 ) ;
#1412 = AXIS2_PLACEMENT_3D ( 'NONE', #6418, #8804, #9541 ) ;
#1413 = DIRECTION ( 'NONE',  ( 0.000000000000000000, 0.000000000000000000, 1.000000000000000000 ) ) ;
#1414 = DIRECTION ( 'NONE',  ( 1.000000000000000000, -2.017120320903265181E-16, 0.000000000000000000 ) ) ;
#1415 = CARTESIAN_POINT ( 'NONE',  ( -31.26965845134710520, 6.280378773161273465, -8.400000000000005684 ) ) ;
#1416 = CARTESIAN_POINT ( 'NONE',  ( 34.47942746741109943, -3.520582429040425509, -27.81000000000000227 ) ) ;
#1417 = CARTESIAN_POINT ( 'NONE',  ( -33.02057253258906400, -4.520582429040413075, -77.59999999999999432 ) ) ;
#1418 = CARTESIAN_POINT ( 'NONE',  ( -25.72057810642398579, 7.445585191309751494, -32.78710216892765317 ) ) ;
#1419 = VECTOR ( 'NONE', #3884, 1000.000000000000000 ) ;
#1420 = AXIS2_PLACEMENT_3D ( 'NONE', #2976, #3795, #155 ) ;
#1421 = ORIENTED_EDGE ( 'NONE', *, *, #3025, .T. ) ;
#1422 = FACE_OUTER_BOUND ( 'NONE', #4383, .T. ) ;
#1423 = CARTESIAN_POINT ( 'NONE',  ( -31.95864203105938728, 4.057460493999512252, -30.70000000000002416 ) ) ;
#1424 = CYLINDRICAL_SURFACE ( 'NONE', #324, 1.199999999999999734 ) ;
#1425 = CARTESIAN_POINT ( 'NONE',  ( -27.28217131364607795, 7.005250647843258349, -2.000000000000029310 ) ) ;
#1426 = CARTESIAN_POINT ( 'NONE',  ( 10.94942746741108053, 9.479417570959295603, -14.89000000000000057 ) ) ;
#1427 = EDGE_LOOP ( 'NONE', ( #4288, #3142, #7543, #9535 ) ) ;
#1428 = CARTESIAN_POINT ( 'NONE',  ( 29.38687697008773370, 5.394239940807159073, -76.59999999999996589 ) ) ;
#1429 = PERSON_AND_ORGANIZATION ( #2481, #6866 ) ;
#1430 = CARTESIAN_POINT ( 'NONE',  ( -32.52057253258906400, -2.520582429040415295, -31.19999999999999929 ) ) ;
#1431 = ADVANCED_FACE ( 'NONE', ( #4293 ), #1257, .T. ) ;
#1432 = EDGE_CURVE ( 'NONE', #2618, #7032, #2764, .T. ) ;
#1433 = AXIS2_PLACEMENT_3D ( 'NONE', #7835, #4424, #7052 ) ;
#1434 = CARTESIAN_POINT ( 'NONE',  ( -31.64219007623754365, 5.746765656973173542, -34.80546434516900689 ) ) ;
#1435 = CARTESIAN_POINT ( 'NONE',  ( 27.57942746741108309, 6.349417570959288604, -66.00000000000000000 ) ) ;
#1436 = CARTESIAN_POINT ( 'NONE',  ( 32.79282430576389373, 2.885632275173029893, -24.39999999999995595 ) ) ;
#1437 = LINE ( 'NONE', #5155, #1909 ) ;
#1438 = EDGE_CURVE ( 'NONE', #3022, #6881, #1203, .T. ) ;
#1439 = ORIENTED_EDGE ( 'NONE', *, *, #9194, .F. ) ;
#1440 = CARTESIAN_POINT ( 'NONE',  ( -28.83102265377337758, 8.454023962688422600, -6.455136752324070137 ) ) ;
#1441 = CARTESIAN_POINT ( 'NONE',  ( 28.79262011024112411, 6.349417570959293933, 0.000000000000000000 ) ) ;
#1442 = ORIENTED_EDGE ( 'NONE', *, *, #3968, .T. ) ;
#1443 = CARTESIAN_POINT ( 'NONE',  ( -33.02057253258905689, -3.421647562361585404, -24.93412869309645785 ) ) ;
#1444 = CARTESIAN_POINT ( 'NONE',  ( -30.45583259348344995, 3.740676578758711734, -77.59999999999897113 ) ) ;
#1445 = B_SPLINE_CURVE_WITH_KNOTS ( 'NONE', 3,
 ( #3972, #2394, #4654, #299, #4022, #1754, #3304, #2440, #7614, #6916 ),
 .UNSPECIFIED., .F., .F.,
 ( 4, 2, 2, 2, 4 ),
 ( 4.336808689942017736E-18, 0.0006325974507059687908, 0.001265194901411933245, 0.001897792352117897699, 0.002530389802823862153 ),
 .UNSPECIFIED. ) ;
#1446 = CARTESIAN_POINT ( 'NONE',  ( 27.62532025435054095, 9.000258378965964923, -33.10328436825903964 ) ) ;
#1447 = CYLINDRICAL_SURFACE ( 'NONE', #7917, 3.999999999999996447 ) ;
#1448 = ORIENTED_EDGE ( 'NONE', *, *, #8245, .F. ) ;
#1449 = CARTESIAN_POINT ( 'NONE',  ( 32.19801463588577661, 4.686898674544273113, -77.60000000000002274 ) ) ;
#1450 = ORIENTED_EDGE ( 'NONE', *, *, #7037, .F. ) ;
#1451 = ORIENTED_EDGE ( 'NONE', *, *, #2317, .T. ) ;
#1452 = CARTESIAN_POINT ( 'NONE',  ( 24.55271627313512894, 7.479417570959286721, -18.21608767002162566 ) ) ;
#1453 = CIRCLE ( 'NONE', #6860, 0.5000000000000004441 ) ;
#1454 = CARTESIAN_POINT ( 'NONE',  ( 22.61094631850390968, 7.479417570959295603, -7.141620080156361183 ) ) ;
#1455 = CYLINDRICAL_SURFACE ( 'NONE', #458, 0.5000000000000000000 ) ;
#1456 = CARTESIAN_POINT ( 'NONE',  ( -30.66894619228846608, 6.308428120976697251, -24.90000000000000213 ) ) ;
#1457 = VERTEX_POINT ( 'NONE', #3349 ) ;
#1458 = CARTESIAN_POINT ( 'NONE',  ( -29.86448740957131065, 5.803999787687555312, -77.66176536001857755 ) ) ;
#1459 = EDGE_CURVE ( 'NONE', #5926, #2867, #7894, .T. ) ;
#1460 = ORIENTED_EDGE ( 'NONE', *, *, #6829, .T. ) ;
#1461 = CARTESIAN_POINT ( 'NONE',  ( -30.87057253258906897, -3.020582429040413963, -7.400000000000000355 ) ) ;
#1462 = EDGE_CURVE ( 'NONE', #4917, #2769, #7988, .T. ) ;
#1463 = CARTESIAN_POINT ( 'NONE',  ( 31.22850509297922272, 6.280390163998466946, -24.89999999999999147 ) ) ;
#1464 = CARTESIAN_POINT ( 'NONE',  ( -31.02057253258903557, 73.98322401220809752, -32.78000000000000114 ) ) ;
#1465 = PLANE ( 'NONE',  #6344 ) ;
#1466 = CARTESIAN_POINT ( 'NONE',  ( -9.300572532588921248, 7.479417570959293826, -14.88999999999999879 ) ) ;
#1467 = ORIENTED_EDGE ( 'NONE', *, *, #1242, .T. ) ;
#1468 = CARTESIAN_POINT ( 'NONE',  ( -32.37911348207053663, 2.789636010036397717, -7.900000000000023448 ) ) ;
#1469 = CARTESIAN_POINT ( 'NONE',  ( -32.58790916448531050, -3.020582429040492567, -30.24061665284068212 ) ) ;
#1470 = FACE_OUTER_BOUND ( 'NONE', #6904, .T. ) ;
#1471 = CARTESIAN_POINT ( 'NONE',  ( -25.54988989496998286, 7.456279627425138834, -76.59999999999998010 ) ) ;
#1472 = CARTESIAN_POINT ( 'NONE',  ( 29.10219722048859126, 7.920345737637198624, -2.960195880402687330 ) ) ;
#1473 = ORIENTED_EDGE ( 'NONE', *, *, #7029, .T. ) ;
#1474 = CARTESIAN_POINT ( 'NONE',  ( 28.60951305930715094, 6.148295997756770603, -33.34195245815251241 ) ) ;
#1475 = CARTESIAN_POINT ( 'NONE',  ( 32.97942746741108522, -3.372277125821419030, -2.075961696557269587 ) ) ;
#1476 = CARTESIAN_POINT ( 'NONE',  ( 28.40533536441634155, 8.655466993863017322, -27.04999999999997584 ) ) ;
#1477 = DIRECTION ( 'NONE',  ( 0.000000000000000000, 1.000000000000000000, -0.000000000000000000 ) ) ;
#1478 = EDGE_CURVE ( 'NONE', #6140, #5094, #5568, .T. ) ;
#1479 = CARTESIAN_POINT ( 'NONE',  ( 30.97124483432260078, 6.621220123348888542, -1.600000000185030968 ) ) ;
#1480 = DIRECTION ( 'NONE',  ( 0.000000000000000000, 0.000000000000000000, 1.000000000000000000 ) ) ;
#1481 = CARTESIAN_POINT ( 'NONE',  ( 32.61987851940067884, 3.563817200107500138, -79.46123937719086427 ) ) ;
#1482 = FACE_OUTER_BOUND ( 'NONE', #9577, .T. ) ;
#1483 = CARTESIAN_POINT ( 'NONE',  ( -33.02057253258906400, -2.520582429040413519, -2.000000000000001776 ) ) ;
#1484 = CARTESIAN_POINT ( 'NONE',  ( -33.02057253258906400, -3.412909680345352026, -30.68457348680910002 ) ) ;
#1485 = EDGE_LOOP ( 'NONE', ( #6008, #3313, #9601, #3722 ) ) ;
#1486 = CARTESIAN_POINT ( 'NONE',  ( -31.80585973916109310, 5.504622745789340854, -8.400000000000003908 ) ) ;
#1487 = ADVANCED_FACE ( 'NONE', ( #4200 ), #7154, .T. ) ;
#1488 = DIRECTION ( 'NONE',  ( 0.000000000000000000, 0.000000000000000000, 1.000000000000000000 ) ) ;
#1489 = EDGE_CURVE ( 'NONE', #7587, #6483, #3572, .T. ) ;
#1490 = CARTESIAN_POINT ( 'NONE',  ( -32.30251839147555870, 4.504356594128445579, -36.01242948804964072 ) ) ;
#1491 = EDGE_LOOP ( 'NONE', ( #8503, #3121, #4001, #433 ) ) ;
#1492 = ORIENTED_EDGE ( 'NONE', *, *, #2848, .F. ) ;
#1493 = CARTESIAN_POINT ( 'NONE',  ( 26.47942746741108166, 6.849417570959293933, -45.75000000000001421 ) ) ;
#1494 = ORIENTED_EDGE ( 'NONE', *, *, #7291, .F. ) ;
#1495 = ORIENTED_EDGE ( 'NONE', *, *, #2225, .T. ) ;
#1496 = CARTESIAN_POINT ( 'NONE',  ( 21.92458837077886713, 7.479417570959294714, -23.58810566135116460 ) ) ;
#1497 = CARTESIAN_POINT ( 'NONE',  ( 23.81276865046894642, 7.479417570959292050, -9.354117208280168683 ) ) ;
#1498 = DIRECTION ( 'NONE',  ( -0.000000000000000000, -1.000000000000000000, -0.000000000000000000 ) ) ;
#1499 = CARTESIAN_POINT ( 'NONE',  ( 28.79262011024115608, 2.349417570959218438, -47.01284170406882623 ) ) ;
#1500 = ORIENTED_EDGE ( 'NONE', *, *, #7281, .F. ) ;
#1501 = CARTESIAN_POINT ( 'NONE',  ( -29.82775800535429411, 7.769117696747632529, -8.032956142562113655 ) ) ;
#1502 = ORIENTED_EDGE ( 'NONE', *, *, #1333, .T. ) ;
#1503 = CARTESIAN_POINT ( 'NONE',  ( 26.72359041047716133, 9.273762623969199481, -0.000000000000000000 ) ) ;
#1504 = CARTESIAN_POINT ( 'NONE',  ( -28.44613486920351164, 8.655815229973272906, -26.83499295203960600 ) ) ;
#1505 = AXIS2_PLACEMENT_3D ( 'NONE', #7483, #8214, #851 ) ;
#1506 = EDGE_CURVE ( 'NONE', #9135, #1873, #9264, .T. ) ;
#1507 = DIRECTION ( 'NONE',  ( -1.250608365883192617E-15, 1.000000000000000000, -2.343603989771761779E-30 ) ) ;
#1508 = CARTESIAN_POINT ( 'NONE',  ( -29.22057253258904197, -2.520582429040414851, -28.54999999999999716 ) ) ;
#1509 = CARTESIAN_POINT ( 'NONE',  ( 32.94642311390805389, 1.848899175479688184, -1.599999999999997202 ) ) ;
#1510 = DIRECTION ( 'NONE',  ( 1.000000000000000000, -0.000000000000000000, -0.000000000000000000 ) ) ;
#1511 = EDGE_LOOP ( 'NONE', ( #8402, #7159, #7679, #530 ) ) ;
#1512 = CARTESIAN_POINT ( 'NONE',  ( -33.08609630604274088, -3.520582429040413519, -30.37801276781393511 ) ) ;
#1513 = CARTESIAN_POINT ( 'NONE',  ( -32.52057253258906400, -2.974560034158031829, -25.18485477448422571 ) ) ;
#1514 = ORIENTED_EDGE ( 'NONE', *, *, #6336, .F. ) ;
#1515 = CARTESIAN_POINT ( 'NONE',  ( -28.72057253258904197, -2.520582429040414851, -27.04999999999999361 ) ) ;
#1516 = CARTESIAN_POINT ( 'NONE',  ( -30.72041553038562967, 6.952212446777195076, -31.16655711377795868 ) ) ;
#1517 = EDGE_LOOP ( 'NONE', ( #4466, #3094, #4422, #1745, #5024, #3874 ) ) ;
#1518 = CARTESIAN_POINT ( 'NONE',  ( 24.82346504644565854, 7.479417570959294714, -2.000000000000085265 ) ) ;
#1519 = DIRECTION ( 'NONE',  ( -1.000000000000000000, 0.000000000000000000, -0.000000000000000000 ) ) ;
#1520 = CIRCLE ( 'NONE', #3249, 1.199999999999999734 ) ;
#1521 = CIRCLE ( 'NONE', #8630, 10.00000000000000178 ) ;
#1522 = LINE ( 'NONE', #5248, #3540 ) ;
#1523 = CARTESIAN_POINT ( 'NONE',  ( 23.94942746752170493, 8.479417570959276063, -14.89000000000000234 ) ) ;
#1524 = FACE_OUTER_BOUND ( 'NONE', #8091, .T. ) ;
#1525 = LINE ( 'NONE', #4476, #1224 ) ;
#1526 = CARTESIAN_POINT ( 'NONE',  ( -33.01820078724784224, 1.263628427156050504, -8.400000000000003908 ) ) ;
#1527 = FACE_OUTER_BOUND ( 'NONE', #6152, .T. ) ;
#1528 = AXIS2_PLACEMENT_3D ( 'NONE', #2446, #4707, #7662 ) ;
#1529 = ORIENTED_EDGE ( 'NONE', *, *, #3770, .F. ) ;
#1530 = DIRECTION ( 'NONE',  ( -2.017120320903265428E-16, -1.000000000000000000, 0.000000000000000000 ) ) ;
#1531 = CARTESIAN_POINT ( 'NONE',  ( 31.38834272021092531, 5.503494242081865551, -78.19572260996646662 ) ) ;
#1532 = VERTEX_POINT ( 'NONE', #2626 ) ;
#1533 = CARTESIAN_POINT ( 'NONE',  ( -28.85759056018890689, 8.433086773143852355, -29.94066484201959710 ) ) ;
#1534 = CIRCLE ( 'NONE', #446, 0.4999999999999995559 ) ;
#1535 = CARTESIAN_POINT ( 'NONE',  ( -29.76586716840198932, 4.949762671841340556, -77.59999999999999432 ) ) ;
#1536 = AXIS2_PLACEMENT_3D ( 'NONE', #9357, #8665, #4872 ) ;
#1537 = VECTOR ( 'NONE', #7954, 1000.000000000000000 ) ;
#1538 = CARTESIAN_POINT ( 'NONE',  ( 27.49419241153267990, 7.258386761825152966, -36.62800280324488966 ) ) ;
#1539 = ORIENTED_EDGE ( 'NONE', *, *, #4439, .F. ) ;
#1540 = CARTESIAN_POINT ( 'NONE',  ( -26.72057253258906329, -4.520582429040413963, -79.59999999999999432 ) ) ;
#1541 = VERTEX_POINT ( 'NONE', #7054 ) ;
#1542 = AXIS2_PLACEMENT_3D ( 'NONE', #6083, #9042, #3176 ) ;
#1543 = VERTEX_POINT ( 'NONE', #2716 ) ;
#1544 = AXIS2_PLACEMENT_3D ( 'NONE', #3031, #2257, #859 ) ;
#1545 = EDGE_CURVE ( 'NONE', #3052, #8910, #2015, .T. ) ;
#1546 = CIRCLE ( 'NONE', #7418, 1.650000000000002132 ) ;
#1547 = EDGE_CURVE ( 'NONE', #8232, #692, #6494, .T. ) ;
#1548 = CARTESIAN_POINT ( 'NONE',  ( 19.17846308006096834, 8.479417570959274286, -4.824843302606937279 ) ) ;
#1549 = CARTESIAN_POINT ( 'NONE',  ( -32.52057253258906400, -2.946429777430911390, -2.337980848278633950 ) ) ;
#1550 = CARTESIAN_POINT ( 'NONE',  ( -31.64578035477633122, 5.741768770280581080, 0.000000000000000000 ) ) ;
#1551 = CARTESIAN_POINT ( 'NONE',  ( 20.56753689061734391, 7.479417570959295603, -25.06870106964701606 ) ) ;
#1552 = CIRCLE ( 'NONE', #778, 0.5000000000000000000 ) ;
#1553 = UNCERTAINTY_MEASURE_WITH_UNIT (LENGTH_MEASURE( 1.000000000000000082E-05 ), #2511, 'distance_accuracy_value', 'NONE');
#1554 = DIRECTION ( 'NONE',  ( 1.000000000000000000, -2.017120320903265181E-16, 0.000000000000000000 ) ) ;
#1555 = CARTESIAN_POINT ( 'NONE',  ( -26.19150479852972069, 9.388866719223623036, -18.13269865554906346 ) ) ;
#1556 = ORIENTED_EDGE ( 'NONE', *, *, #7428, .F. ) ;
#1557 = ORIENTED_EDGE ( 'NONE', *, *, #3979, .F. ) ;
#1558 = CARTESIAN_POINT ( 'NONE',  ( 32.47942746741107101, 1.027832321093518519, -7.900000000000003908 ) ) ;
#1559 = DIRECTION ( 'NONE',  ( -2.025677196612374621E-16, -1.000000000000000000, -3.697785493223491743E-32 ) ) ;
#1560 = EDGE_CURVE ( 'NONE', #7890, #7248, #4492, .T. ) ;
#1561 = VECTOR ( 'NONE', #4107, 1000.000000000000000 ) ;
#1562 = CARTESIAN_POINT ( 'NONE',  ( 26.67942746741109517, -6.520582429040413963, 0.000000000000000000 ) ) ;
#1563 = CARTESIAN_POINT ( 'NONE',  ( -32.34331028302113964, 2.786154828188857291, -24.89999999999998792 ) ) ;
#1564 = CARTESIAN_POINT ( 'NONE',  ( 31.22850509297905575, 6.280390163998696096, -1.600000000000006306 ) ) ;
#1565 = DIRECTION ( 'NONE',  ( -2.017120320903265428E-16, -1.000000000000000000, -0.000000000000000000 ) ) ;
#1566 = ORIENTED_EDGE ( 'NONE', *, *, #1031, .T. ) ;
#1567 = DIRECTION ( 'NONE',  ( -0.9609458519689225708, 0.2767364623314420569, 0.000000000000000000 ) ) ;
#1568 = DIRECTION ( 'NONE',  ( -2.017120320903265181E-16, -1.000000000000000000, 0.000000000000000000 ) ) ;
#1569 = VERTEX_POINT ( 'NONE', #8533 ) ;
#1570 = VECTOR ( 'NONE', #6918, 1000.000000000000000 ) ;
#1571 = FACE_OUTER_BOUND ( 'NONE', #7983, .T. ) ;
#1572 = ORIENTED_EDGE ( 'NONE', *, *, #2075, .F. ) ;
#1573 = CARTESIAN_POINT ( 'NONE',  ( -34.02057253258906400, -3.520582429040413075, -7.924038303442734410 ) ) ;
#1574 = DIRECTION ( 'NONE',  ( -2.017120320903265181E-16, -1.000000000000000000, 0.000000000000000000 ) ) ;
#1575 = LINE ( 'NONE', #854, #8496 ) ;
#1576 = DIRECTION ( 'NONE',  ( -0.000000000000000000, -1.000000000000000000, -0.000000000000000000 ) ) ;
#1577 = CARTESIAN_POINT ( 'NONE',  ( -33.02057253258906400, -2.520582429040414851, -24.39999999999999147 ) ) ;
#1578 = DIRECTION ( 'NONE',  ( 1.000000000000000000, -2.017120320903264935E-16, 0.000000000000000000 ) ) ;
#1579 = DIRECTION ( 'NONE',  ( -8.673617379884026597E-16, 1.000000000000000000, 1.734723475976806897E-15 ) ) ;
#1580 = DIRECTION ( 'NONE',  ( 1.000000000000000000, -2.891205793294679312E-16, 0.000000000000000000 ) ) ;
#1581 = VECTOR ( 'NONE', #9260, 1000.000000000000000 ) ;
#1582 = CARTESIAN_POINT ( 'NONE',  ( 30.97942746741108166, 1.027832321093516521, -9.100000000000038725 ) ) ;
#1583 = CARTESIAN_POINT ( 'NONE',  ( -26.80057253258904737, 9.264804668315568037, -14.65183812004049635 ) ) ;
#1584 = ORIENTED_EDGE ( 'NONE', *, *, #4402, .T. ) ;
#1585 = EDGE_CURVE ( 'NONE', #4340, #6098, #3422, .T. ) ;
#1586 = CARTESIAN_POINT ( 'NONE',  ( -33.02057253258906400, 1.027832321093304024, -30.73403830344269139 ) ) ;
#1587 = CARTESIAN_POINT ( 'NONE',  ( -29.20344002853599719, 8.220139647959362250, -2.435621340813761471 ) ) ;
#1588 = CARTESIAN_POINT ( 'NONE',  ( -32.52057253258905689, 1.027832321093293810, -8.400000000000003908 ) ) ;
#1589 = ORIENTED_EDGE ( 'NONE', *, *, #7698, .F. ) ;
#1590 = EDGE_CURVE ( 'NONE', #5307, #2220, #8616, .T. ) ;
#1591 = CARTESIAN_POINT ( 'NONE',  ( 28.60316884240234714, 8.572878776457216077, -5.551115123125782702E-14 ) ) ;
#1592 = EDGE_LOOP ( 'NONE', ( #9599, #4197, #358, #1712 ) ) ;
#1593 = ORIENTED_EDGE ( 'NONE', *, *, #8652, .T. ) ;
#1594 = CARTESIAN_POINT ( 'NONE',  ( 30.82942746741109019, -2.520582429040426842, -5.750000000000000888 ) ) ;
#1595 = CARTESIAN_POINT ( 'NONE',  ( 27.47942746741110653, 6.882466451305248256, -4.250000000000003553 ) ) ;
#1596 = CARTESIAN_POINT ( 'NONE',  ( 24.17453658296675911, 7.479417570959294714, -19.49524489523130555 ) ) ;
#1597 = EDGE_CURVE ( 'NONE', #9198, #3328, #7067, .T. ) ;
#1598 = LINE ( 'NONE', #8141, #1985 ) ;
#1600 = EDGE_CURVE ( 'NONE', #4973, #6881, #6811, .T. ) ;
#1599 = CARTESIAN_POINT ( 'NONE',  ( -29.62971522866050833, 7.513377239665746110, -25.28815269982706937 ) ) ;
#1601 = EDGE_CURVE ( 'NONE', #295, #8394, #7888, .T. ) ;
#1602 = ORIENTED_EDGE ( 'NONE', *, *, #7544, .F. ) ;
#1603 = ORIENTED_EDGE ( 'NONE', *, *, #5743, .F. ) ;
#1604 = FACE_BOUND ( 'NONE', #3210, .T. ) ;
#1605 = CARTESIAN_POINT ( 'NONE',  ( -28.58688398953937337, 8.583009940530518023, -26.21832976299185347 ) ) ;
#1606 = AXIS2_PLACEMENT_3D ( 'NONE', #7085, #2564, #468 ) ;
#1607 = DIRECTION ( 'NONE',  ( -2.017120320903265181E-16, -1.000000000000000000, 0.000000000000000000 ) ) ;
#1608 = CARTESIAN_POINT ( 'NONE',  ( -31.40861287558697867, 5.266303004020780776, -24.89999999999999503 ) ) ;
#1609 = CARTESIAN_POINT ( 'NONE',  ( 31.22850509297925825, 6.280390163998426090, -1.599999999999976552 ) ) ;
#1610 = DIRECTION ( 'NONE',  ( -0.5833333333333243775, 0.000000000000000000, -0.8122328620674200694 ) ) ;
#1611 = ADVANCED_FACE ( 'NONE', ( #723 ), #6620, .F. ) ;
#1612 = ORIENTED_EDGE ( 'NONE', *, *, #4746, .F. ) ;
#1613 = EDGE_CURVE ( 'NONE', #6195, #4239, #239, .T. ) ;
#1614 = AXIS2_PLACEMENT_3D ( 'NONE', #6182, #7127, #6940 ) ;
#1615 = CARTESIAN_POINT ( 'NONE',  ( -32.52719425895271144, -2.988477452086740538, -30.38261379966020570 ) ) ;
#1616 = CARTESIAN_POINT ( 'NONE',  ( -29.69026651587489596, 7.456563712061660354, -7.552841762588685448 ) ) ;
#1617 =( BOUNDED_SURFACE ( )  B_SPLINE_SURFACE ( 3, 2, ( 
 ( #1549, #4497, #7458 ),
 ( #3047, #3777, #2847 ),
 ( #7188, #9351, #8603 ),
 ( #521, #7416, #9321 ),
 ( #5703, #7827, #8388 ),
 ( #6326, #7651, #343 ) ),
 .UNSPECIFIED., .F., .F., .F. ) 
 B_SPLINE_SURFACE_WITH_KNOTS ( ( 4, 2, 4 ),
 ( 3, 3 ),
 ( 5.421010862427522170E-20, 0.0002801015081530380335, 0.0005602030163060760671 ),
 ( 0.000000000000000000, 1.000000000000000000 ),
 .UNSPECIFIED. ) 
 GEOMETRIC_REPRESENTATION_ITEM ( )  RATIONAL_B_SPLINE_SURFACE ( (
 ( 1.000000000000000000, 0.7071067811865480168, 1.000000000000000000),
 ( 1.000000000000000000, 0.6971300781283217285, 1.000000000000000000),
 ( 1.000000000000000000, 0.6910082080195080190, 1.000000000000000000),
 ( 1.000000000000000000, 0.6904803751355147456, 1.000000000000000000),
 ( 1.000000000000000000, 0.6961604135273452565, 1.000000000000000000),
 ( 1.000000000000000000, 0.7071067811865693331, 1.000000000000000000) ) ) 
 REPRESENTATION_ITEM ( '' )  SURFACE ( )  );
#1618 = VERTEX_POINT ( 'NONE', #4011 ) ;
#1619 = CARTESIAN_POINT ( 'NONE',  ( 30.62849965157577259, 6.307269012653452300, -2.100000000000006306 ) ) ;
#1620 = ORIENTED_EDGE ( 'NONE', *, *, #9316, .T. ) ;
#1621 = LINE ( 'NONE', #5296, #642 ) ;
#1622 = CARTESIAN_POINT ( 'NONE',  ( 16.67942746741109161, 7.479417570959293826, -27.66368779953539203 ) ) ;
#1623 = DIRECTION ( 'NONE',  ( 0.6024298447090487008, 0.7981718375161025447, 0.000000000000000000 ) ) ;
#1624 = CARTESIAN_POINT ( 'NONE',  ( -31.26965845134710520, 6.280378773161273465, -8.400000000000005684 ) ) ;
#1625 = CARTESIAN_POINT ( 'NONE',  ( 28.61970649703415859, 8.543628103234881976, -3.218266731626688415 ) ) ;
#1626 = DIRECTION ( 'NONE',  ( 0.000000000000000000, 1.000000000000000000, -0.000000000000000000 ) ) ;
#1627 = DIRECTION ( 'NONE',  ( -0.000000000000000000, 1.000000000000000000, -0.000000000000000000 ) ) ;
#1628 = CARTESIAN_POINT ( 'NONE',  ( -33.00876309399964015, 1.498222370891053146, -8.400000000000002132 ) ) ;
#1629 = CARTESIAN_POINT ( 'NONE',  ( 30.41472261847570735, 3.740599577003315801, -76.60000000000101750 ) ) ;
#1630 = CARTESIAN_POINT ( 'NONE',  ( -25.99663794444252929, 9.416139314464540888, -11.21867203864101725 ) ) ;
#1631 = CARTESIAN_POINT ( 'NONE',  ( 30.16704600000830538, 5.286897346459646485, -78.34885177953434265 ) ) ;
#1632 = EDGE_LOOP ( 'NONE', ( #3167, #1584, #2709, #3754 ) ) ;
#1633 = B_SPLINE_CURVE_WITH_KNOTS ( 'NONE', 3,
 ( #2594, #9528, #1279, #5001, #8744, #602, #5626, #7915, #2737, #8696, #1371, #2695, #3558, #1325, #6499, #6449, #7858, #4222, #2881, #4365, #8787, #7964 ),
 .UNSPECIFIED., .F., .F.,
 ( 4, 2, 2, 2, 2, 2, 2, 2, 2, 2, 4 ),
 ( 3.469446951953614189E-18, 0.001860751947687697095, 0.002791127921531543800, 0.003256315908453466610, 0.003721503895375388987, 0.004651879869219231571, 0.005582255843063074589, 0.006047443829984992629, 0.006512631816906911536, 0.006977819803828830443, 0.007443007790750748483 ),
 .UNSPECIFIED. ) ;
#1634 = EDGE_CURVE ( 'NONE', #3532, #5806, #7669, .T. ) ;
#1635 = EDGE_CURVE ( 'NONE', #1198, #7757, #6487, .T. ) ;
#1636 = CARTESIAN_POINT ( 'NONE',  ( -33.43723919925573540, -3.520582429040413075, -29.92180544137527676 ) ) ;
#1637 = CARTESIAN_POINT ( 'NONE',  ( -29.98297757072714020, 7.160151589600692645, -2.287204532985410488 ) ) ;
#1638 = CARTESIAN_POINT ( 'NONE',  ( 32.35466934770170155, 4.286314921138742129, -36.28156876827341648 ) ) ;
#1639 = CARTESIAN_POINT ( 'NONE',  ( 32.62449488970396771, 3.497326107491133484, -66.00000000000000000 ) ) ;
#1640 = ORIENTED_EDGE ( 'NONE', *, *, #4883, .T. ) ;
#1641 = CARTESIAN_POINT ( 'NONE',  ( 31.53798213153818963, 5.849916293657420496, -77.60000000000002274 ) ) ;
#1642 = VERTEX_POINT ( 'NONE', #4550 ) ;
#1643 = ORIENTED_EDGE ( 'NONE', *, *, #510, .T. ) ;
#1644 = CARTESIAN_POINT ( 'NONE',  ( 16.67942746741110582, 7.479417570959299155, -2.116312200464610438 ) ) ;
#1645 = DIRECTION ( 'NONE',  ( -1.000000000000000000, 2.628368902995164490E-16, 0.000000000000000000 ) ) ;
#1646 = CARTESIAN_POINT ( 'NONE',  ( -28.36456231638864978, 6.368989202102272706, -30.77774213684539006 ) ) ;
#1647 = DIRECTION ( 'NONE',  ( 1.000000000000000000, -2.025677196612374621E-16, 0.000000000000000000 ) ) ;
#1648 = ORIENTED_EDGE ( 'NONE', *, *, #7513, .F. ) ;
#1649 = ORIENTED_EDGE ( 'NONE', *, *, #8992, .T. ) ;
#1650 = DIRECTION ( 'NONE',  ( 8.673617379884026597E-16, -1.000000000000000000, 0.000000000000000000 ) ) ;
#1651 = CARTESIAN_POINT ( 'NONE',  ( 29.74946131239960678, 7.801155630966532861, -33.58214852484096724 ) ) ;
#1652 = CARTESIAN_POINT ( 'NONE',  ( -31.92057253258911231, -4.520582429040413963, -5.000000000000004441 ) ) ;
#1653 = CARTESIAN_POINT ( 'NONE',  ( -30.41852960528580141, 3.834117534735134836, -76.59999999999999432 ) ) ;
#1654 = CARTESIAN_POINT ( 'NONE',  ( 32.33831595585413510, 2.789636620618466178, -2.100000000000007194 ) ) ;
#1655 = CARTESIAN_POINT ( 'NONE',  ( -33.14557253258908531, -3.520582429040413075, -3.294310989658410183 ) ) ;
#1656 = ORIENTED_EDGE ( 'NONE', *, *, #5874, .F. ) ;
#1657 = CARTESIAN_POINT ( 'NONE',  ( -27.52057253258907821, -2.520582429040409522, -28.55000000000000426 ) ) ;
#1658 = CARTESIAN_POINT ( 'NONE',  ( 33.39609413407775662, -4.520582429040426398, -7.111805441375314452 ) ) ;
#1659 = EDGE_LOOP ( 'NONE', ( #1298, #1335, #5683, #9405, #8972 ) ) ;
#1660 = DIRECTION ( 'NONE',  ( 1.000000000000000000, 0.000000000000000000, 0.000000000000000000 ) ) ;
#1661 = ORIENTED_EDGE ( 'NONE', *, *, #7941, .F. ) ;
#1662 = DIRECTION ( 'NONE',  ( 0.000000000000000000, 1.000000000000000000, 0.000000000000000000 ) ) ;
#1663 = CYLINDRICAL_SURFACE ( 'NONE', #1045, 1.199999999999999734 ) ;
#1664 = AXIS2_PLACEMENT_3D ( 'NONE', #1944, #9385, #4174 ) ;
#1665 = EDGE_CURVE ( 'NONE', #3022, #7195, #2650, .T. ) ;
#1666 = EDGE_CURVE ( 'NONE', #3052, #2248, #9061, .T. ) ;
#1667 = EDGE_CURVE ( 'NONE', #7008, #4873, #2386, .T. ) ;
#1668 =( BOUNDED_SURFACE ( )  B_SPLINE_SURFACE ( 3, 2, ( 
 ( #3075, #8314, #5981 ),
 ( #5153, #5934, #750 ),
 ( #8895, #7527, #1672 ),
 ( #8942, #6128, #898 ) ),
 .UNSPECIFIED., .F., .F., .T. ) 
 B_SPLINE_SURFACE_WITH_KNOTS ( ( 4, 4 ),
 ( 3, 3 ),
 ( 0.000000000000000000, 0.001324715164065355232 ),
 ( 0.000000000000000000, 1.000000000000000000 ),
 .UNSPECIFIED. ) 
 GEOMETRIC_REPRESENTATION_ITEM ( )  RATIONAL_B_SPLINE_SURFACE ( (
 ( 1.000000000000000000, 0.7071067811865475727, 1.000000000000000000),
 ( 1.000000000000000000, 0.7071067811865475727, 1.000000000000000000),
 ( 1.000000000000000000, 0.7071067811865475727, 1.000000000000000000),
 ( 1.000000000000000000, 0.7071067811865475727, 1.000000000000000000) ) ) 
 REPRESENTATION_ITEM ( '' )  SURFACE ( )  );
#1669 = CARTESIAN_POINT ( 'NONE',  ( 32.44348831926390631, 1.915122934192894810, -30.70000000000002061 ) ) ;
#1670 = AXIS2_PLACEMENT_3D ( 'NONE', #9341, #8642, #6406 ) ;
#1671 = DIRECTION ( 'NONE',  ( 1.000000000000000000, -2.589139516383305650E-16, 0.000000000000000000 ) ) ;
#1672 = CARTESIAN_POINT ( 'NONE',  ( 32.92189314061631933, 2.180355808301634113, -77.59999999998470344 ) ) ;
#1673 = CARTESIAN_POINT ( 'NONE',  ( 30.82942746741109374, 5.979164254138613188, -7.900000000000000355 ) ) ;
#1674 = CARTESIAN_POINT ( 'NONE',  ( 28.67942746741106674, 8.209411367207938071, -28.54999999999999716 ) ) ;
#1675 = CARTESIAN_POINT ( 'NONE',  ( 32.63624460303807240, 3.456915091665954343, -77.52181224639848267 ) ) ;
#1676 = ORIENTED_EDGE ( 'NONE', *, *, #6437, .T. ) ;
#1677 = CARTESIAN_POINT ( 'NONE',  ( 31.87942746741113353, -3.020582429040426398, -27.81000000000000227 ) ) ;
#1678 = CARTESIAN_POINT ( 'NONE',  ( -33.12057253258911516, 5.479417570959586037, -5.000000000000004441 ) ) ;
#1679 = ORIENTED_EDGE ( 'NONE', *, *, #486, .T. ) ;
#1680 = ADVANCED_FACE ( 'NONE', ( #5320 ), #9212, .T. ) ;
#1681 = DIRECTION ( 'NONE',  ( 0.000000000000000000, 1.000000000000000000, 0.000000000000000000 ) ) ;
#1682 = CARTESIAN_POINT ( 'NONE',  ( -30.26312962935673312, 7.395678030339998266, -1.770232771399630423 ) ) ;
#1683 = DIRECTION ( 'NONE',  ( -0.8122328620674201805, 0.000000000000000000, -0.5833333333333243775 ) ) ;
#1684 = CARTESIAN_POINT ( 'NONE',  ( 16.27014175312539734, 8.479417570959274286, -3.028718471859984884 ) ) ;
#1685 = EDGE_LOOP ( 'NONE', ( #7545, #8477, #6862, #391 ) ) ;
#1686 = CIRCLE ( 'NONE', #4915, 0.5000000000000001110 ) ;
#1687 = VECTOR ( 'NONE', #3418, 1000.000000000000000 ) ;
#1688 = CARTESIAN_POINT ( 'NONE',  ( 25.52174440978197012, 9.464623827848983595, -77.60000000000002274 ) ) ;
#1689 = EDGE_CURVE ( 'NONE', #3138, #527, #197, .T. ) ;
#1690 = VERTEX_POINT ( 'NONE', #968 ) ;
#1691 = EDGE_CURVE ( 'NONE', #4403, #5144, #3921, .T. ) ;
#1692 = ORIENTED_EDGE ( 'NONE', *, *, #4746, .T. ) ;
#1693 = AXIS2_PLACEMENT_3D ( 'NONE', #6100, #2430, #86 ) ;
#1694 = VECTOR ( 'NONE', #7525, 1000.000000000000000 ) ;
#1695 = CARTESIAN_POINT ( 'NONE',  ( -29.75547406286000296, 7.828898247853297576, -0.000000000000000000 ) ) ;
#1696 = CARTESIAN_POINT ( 'NONE',  ( -28.96204272364329313, 5.872716075442036221, -31.30611121843325506 ) ) ;
#1697 = CARTESIAN_POINT ( 'NONE',  ( 28.70168172354021152, 8.504249786469234351, -26.69259579351422218 ) ) ;
#1698 = ORIENTED_EDGE ( 'NONE', *, *, #4695, .T. ) ;
#1699 = AXIS2_PLACEMENT_3D ( 'NONE', #6641, #4945, #7 ) ;
#1700 = CARTESIAN_POINT ( 'NONE',  ( -30.26177599905214066, 7.396985864744179295, -31.02935656585457380 ) ) ;
#1701 = AXIS2_PLACEMENT_3D ( 'NONE', #4360, #7323, #2093 ) ;
#1702 = VECTOR ( 'NONE', #3891, 1000.000000000000000 ) ;
#1703 = VERTEX_POINT ( 'NONE', #3241 ) ;
#1704 = FACE_BOUND ( 'NONE', #2845, .T. ) ;
#1705 = DIRECTION ( 'NONE',  ( 1.000000000000000000, -3.336006684570816135E-16, 0.000000000000000000 ) ) ;
#1706 = DIRECTION ( 'NONE',  ( 0.000000000000000000, -1.000000000000000000, 0.000000000000000000 ) ) ;
#1707 = AXIS2_PLACEMENT_3D ( 'NONE', #2043, #8542, #1315 ) ;
#1708 = CARTESIAN_POINT ( 'NONE',  ( -30.87057253258906542, 5.979163850806729741, -2.099999999999999645 ) ) ;
#1709 = EDGE_CURVE ( 'NONE', #1873, #4436, #331, .T. ) ;
#1710 = CARTESIAN_POINT ( 'NONE',  ( 26.67942746741109517, -6.520582429040413963, -79.60999999999998522 ) ) ;
#1711 = DIRECTION ( 'NONE',  ( 1.000000000000000000, 1.250608365883192617E-15, -0.000000000000000000 ) ) ;
#1712 = ORIENTED_EDGE ( 'NONE', *, *, #9315, .T. ) ;
#1713 = DIRECTION ( 'NONE',  ( 1.000000000000000000, 0.000000000000000000, 1.613696256722612145E-15 ) ) ;
#1714 = VERTEX_POINT ( 'NONE', #4694 ) ;
#1715 = CARTESIAN_POINT ( 'NONE',  ( 31.22850509297925470, 6.280390163998436748, -1.600000000000004086 ) ) ;
#1716 = ORIENTED_EDGE ( 'NONE', *, *, #3306, .T. ) ;
#1717 = VECTOR ( 'NONE', #2480, 1000.000000000000000 ) ;
#1718 = AXIS2_PLACEMENT_3D ( 'NONE', #4994, #2827, #7853 ) ;
#1719 = CARTESIAN_POINT ( 'NONE',  ( -26.80057253258891947, 9.264804668315596459, -14.89000000000523194 ) ) ;
#1720 = CARTESIAN_POINT ( 'NONE',  ( 28.54601065190772502, 8.582565087580185548, -29.38157250936528087 ) ) ;
#1721 = DIRECTION ( 'NONE',  ( 0.000000000000000000, 1.000000000000000000, 0.000000000000000000 ) ) ;
#1722 = VECTOR ( 'NONE', #4515, 1000.000000000000000 ) ;
#1723 = CARTESIAN_POINT ( 'NONE',  ( 17.40598327291175451, 8.479417570959279615, -3.538232404759815708 ) ) ;
#1724 = DIRECTION ( 'NONE',  ( 1.000000000000000000, 0.000000000000000000, 0.000000000000000000 ) ) ;
#1725 = CARTESIAN_POINT ( 'NONE',  ( 32.47942746741106390, 10.01696613767508559, -24.39999999999999147 ) ) ;
#1726 = CARTESIAN_POINT ( 'NONE',  ( 23.38942746741041390, -3.650582429040706067, -74.71000000000022112 ) ) ;
#1727 = ADVANCED_FACE ( 'NONE', ( #3964 ), #6906, .F. ) ;
#1728 = CARTESIAN_POINT ( 'NONE',  ( 28.17942746741109517, 8.209411367207923860, -4.250000000000003553 ) ) ;
#1729 = EDGE_CURVE ( 'NONE', #6943, #4817, #5687, .T. ) ;
#1730 = DIRECTION ( 'NONE',  ( 0.000000000000000000, -1.000000000000000000, 0.000000000000000000 ) ) ;
#1731 = CARTESIAN_POINT ( 'NONE',  ( -26.49591534250826186, 9.334154401860933703, -12.55242796981060316 ) ) ;
#1732 = AXIS2_PLACEMENT_3D ( 'NONE', #4569, #7522, #3314 ) ;
#1733 = CARTESIAN_POINT ( 'NONE',  ( 33.04243847031645487, -3.020582429041905659, -7.574679434478987616 ) ) ;
#1734 = ORIENTED_EDGE ( 'NONE', *, *, #7444, .F. ) ;
#1735 =( BOUNDED_SURFACE ( )  B_SPLINE_SURFACE ( 3, 2, ( 
 ( #8840, #293, #9069 ),
 ( #4741, #5418, #2199 ),
 ( #7654, #8393, #1516 ),
 ( #1751, #8886, #1700 ),
 ( #2247, #5190, #5143 ),
 ( #1056, #5465, #4408 ),
 ( #8434, #3247, #7370 ),
 ( #8336, #8156, #973 ),
 ( #6871, #8113, #5367 ),
 ( #4465, #7426, #6205 ),
 ( #2531, #242, #1789 ),
 ( #4648, #742, #3196 ),
 ( #2436, #3697, #7697 ),
 ( #5695, #9258, #8668 ),
 ( #1834, #4060, #5599 ),
 ( #7833, #1299, #1197 ) ),
 .UNSPECIFIED., .F., .F., .T. ) 
 B_SPLINE_SURFACE_WITH_KNOTS ( ( 4, 2, 2, 2, 2, 2, 2, 4 ),
 ( 3, 3 ),
 ( 0.000000000000000000, 0.001221051113395568884, 0.001831576670093353326, 0.002442102226791137767, 0.003052627783488922209, 0.003663153340186706651, 0.004273678896884491527, 0.004884204453582275535 ),
 ( 0.000000000000000000, 1.000000000000000000 ),
 .UNSPECIFIED. ) 
 GEOMETRIC_REPRESENTATION_ITEM ( )  RATIONAL_B_SPLINE_SURFACE ( (
 ( 1.000000000000000000, 0.7071067811865450192, 1.000000000000000000),
 ( 1.000000000000000000, 0.7334844997969308666, 1.000000000000000000),
 ( 1.000000000000000000, 0.7575697468877382601, 1.000000000000000000),
 ( 1.000000000000000000, 0.7885276800097555938, 1.000000000000000000),
 ( 1.000000000000000000, 0.7978641086215468858, 1.000000000000000000),
 ( 1.000000000000000000, 0.8141223613694194006, 1.000000000000000000),
 ( 1.000000000000000000, 0.8211005610680782718, 1.000000000000000000),
 ( 1.000000000000000000, 0.8326768323736529753, 1.000000000000000000),
 ( 1.000000000000000000, 0.8371021430931975260, 1.000000000000000000),
 ( 1.000000000000000000, 0.8438998707994118664, 1.000000000000000000),
 ( 1.000000000000000000, 0.8462829478044705533, 1.000000000000000000),
 ( 1.000000000000000000, 0.8495226122173985539, 1.000000000000000000),
 ( 1.000000000000000000, 0.8504434296202368904, 1.000000000000000000),
 ( 1.000000000000000000, 0.8515877749940844454, 1.000000000000000000),
 ( 1.000000000000000000, 0.8517886543286969925, 1.000000000000000000),
 ( 1.000000000000000000, 0.8517994697195253595, 1.000000000000000000) ) ) 
 REPRESENTATION_ITEM ( '' )  SURFACE ( )  );
#1736 = FACE_OUTER_BOUND ( 'NONE', #5912, .T. ) ;
#1737 = CARTESIAN_POINT ( 'NONE',  ( -28.57097106054433411, 8.591525331608250937, -3.445655970802374846 ) ) ;
#1738 = CARTESIAN_POINT ( 'NONE',  ( 28.97058325465275175, 8.430714081991947495, -35.55278954889084986 ) ) ;
#1739 = CARTESIAN_POINT ( 'NONE',  ( 33.97942746741107811, -3.520582429040425954, -30.73403830344269849 ) ) ;
#1740 = EDGE_CURVE ( 'NONE', #5458, #6772, #7112, .T. ) ;
#1741 = ORIENTED_EDGE ( 'NONE', *, *, #4093, .T. ) ;
#1742 = ADVANCED_FACE ( 'NONE', ( #3341 ), #4913, .T. ) ;
#1743 = CARTESIAN_POINT ( 'NONE',  ( 26.06019385904058794, 9.405850154226172322, -5.551115123125782702E-14 ) ) ;
#1744 = ORIENTED_EDGE ( 'NONE', *, *, #4733, .T. ) ;
#1745 = ORIENTED_EDGE ( 'NONE', *, *, #1459, .T. ) ;
#1746 = VECTOR ( 'NONE', #2253, 1000.000000000000000 ) ;
#1747 = CARTESIAN_POINT ( 'NONE',  ( -30.36326964619409807, 7.299746882730948627, -0.000000000000000000 ) ) ;
#1748 = DIRECTION ( 'NONE',  ( 1.000000000000000000, 0.000000000000000000, 0.000000000000000000 ) ) ;
#1749 = CARTESIAN_POINT ( 'NONE',  ( 29.34660388032861889, 8.099166344498728520, -25.47839480762302244 ) ) ;
#1750 = ORIENTED_EDGE ( 'NONE', *, *, #5284, .F. ) ;
#1751 = CARTESIAN_POINT ( 'NONE',  ( -30.10173621279350797, 7.029080851415420383, -30.56155344330358048 ) ) ;
#1752 = EDGE_LOOP ( 'NONE', ( #4393, #5717, #6461, #2910, #1252, #1296, #4933, #4296, #7306 ) ) ;
#1753 = CARTESIAN_POINT ( 'NONE',  ( 32.44996854986951718, 4.033193669673819315, -36.69191461334796145 ) ) ;
#1754 = CARTESIAN_POINT ( 'NONE',  ( 27.79129736352971136, 6.714997800851767451, -2.823400676581250934 ) ) ;
#1755 = CARTESIAN_POINT ( 'NONE',  ( 24.64320283401124456, 7.479417570959296491, -2.000000000000003109 ) ) ;
#1756 = LINE ( 'NONE', #5472, #2023 ) ;
#1757 = ORIENTED_EDGE ( 'NONE', *, *, #9563, .T. ) ;
#1758 = CARTESIAN_POINT ( 'NONE',  ( -27.74809534394484700, 6.763033566376217109, -25.82689572146158596 ) ) ;
#1759 = VERTEX_POINT ( 'NONE', #1292 ) ;
#1760 = CARTESIAN_POINT ( 'NONE',  ( 29.30239107635974349, 8.127136726631333019, -2.305309085742933028 ) ) ;
#1761 = CIRCLE ( 'NONE', #374, 0.5000000000000004441 ) ;
#1762 = ORIENTED_EDGE ( 'NONE', *, *, #5269, .T. ) ;
#1763 = CARTESIAN_POINT ( 'NONE',  ( -31.02057253258906400, 1.027832321093293588, -76.59999999999999432 ) ) ;
#1764 = CARTESIAN_POINT ( 'NONE',  ( -30.14928467219229091, 7.479417570959293826, -32.77999999999999403 ) ) ;
#1765 = CARTESIAN_POINT ( 'NONE',  ( 32.47942746741108522, -2.520582429040426398, -25.39999999999999147 ) ) ;
#1766 = CARTESIAN_POINT ( 'NONE',  ( 26.47942746741107811, 4.349417570959288604, -66.00000000000000000 ) ) ;
#1767 = CARTESIAN_POINT ( 'NONE',  ( 29.78688715776480933, 7.769020253152350008, -24.76684770349662656 ) ) ;
#1768 = CARTESIAN_POINT ( 'NONE',  ( 32.47942746741107101, -2.949466044545192567, -25.14298084827864699 ) ) ;
#1769 = CARTESIAN_POINT ( 'NONE',  ( -26.70460516799094108, 7.479417570959295603, 0.000000000000000000 ) ) ;
#1770 = CARTESIAN_POINT ( 'NONE',  ( -32.42476832500590689, 4.240347515206783768, -31.19999999999999929 ) ) ;
#1771 = DIRECTION ( 'NONE',  ( -1.000000000000000000, -9.912705577010326782E-17, 0.000000000000000000 ) ) ;
#1772 = CARTESIAN_POINT ( 'NONE',  ( -34.02057253258906400, -3.020582429040413519, -2.075961696557274916 ) ) ;
#1773 = CARTESIAN_POINT ( 'NONE',  ( -26.18362217773830025, 9.389109272629660552, -11.65393634196605355 ) ) ;
#1774 = ORIENTED_EDGE ( 'NONE', *, *, #4798, .T. ) ;
#1775 = EDGE_CURVE ( 'NONE', #9547, #6773, #479, .T. ) ;
#1776 = CARTESIAN_POINT ( 'NONE',  ( -28.78829274885982414, 6.413290750988092093, -38.15930220845295651 ) ) ;
#1777 = PLANE ( 'NONE',  #8225 ) ;
#1778 = CARTESIAN_POINT ( 'NONE',  ( 30.97942746741108877, -4.520582429040439720, -77.59999999999999432 ) ) ;
#1779 = EDGE_LOOP ( 'NONE', ( #2424, #7507, #40, #3477, #6253, #6964 ) ) ;
#1780 = CARTESIAN_POINT ( 'NONE',  ( 29.93663843436088001, 4.349417570959287715, -77.14357963087952896 ) ) ;
#1781 = EDGE_LOOP ( 'NONE', ( #6665, #2279, #924, #9228 ) ) ;
#1782 = ORIENTED_EDGE ( 'NONE', *, *, #4, .F. ) ;
#1783 = ADVANCED_FACE ( 'NONE', ( #4056 ), #7004, .F. ) ;
#1784 = EDGE_CURVE ( 'NONE', #4286, #3627, #4334, .T. ) ;
#1785 = CARTESIAN_POINT ( 'NONE',  ( -32.52057253153904526, 1.920586479976939431, -7.900000000000003908 ) ) ;
#1786 = CARTESIAN_POINT ( 'NONE',  ( 30.82942746741106532, 10.01696613767508381, -27.04999999999999361 ) ) ;
#1787 = CARTESIAN_POINT ( 'NONE',  ( 31.22850509297921207, 6.280390163998479380, -24.39999999999999858 ) ) ;
#1788 = EDGE_LOOP ( 'NONE', ( #2350, #2942, #2995, #7782, #6096, #1886 ) ) ;
#1789 = CARTESIAN_POINT ( 'NONE',  ( -28.83447567687803925, 8.446418561644815526, -29.90422215624059632 ) ) ;
#1790 = EDGE_LOOP ( 'NONE', ( #9215, #1556 ) ) ;
#1791 = ORIENTED_EDGE ( 'NONE', *, *, #6173, .T. ) ;
#1792 = CARTESIAN_POINT ( 'NONE',  ( -31.92057253258911231, 4.333328095299691540, -27.81000000000000227 ) ) ;
#1793 = CARTESIAN_POINT ( 'NONE',  ( 30.72308248522436358, 6.903088159712355676, -7.939156341524014948 ) ) ;
#1794 = CARTESIAN_POINT ( 'NONE',  ( 32.47942746741108522, -2.946429777430920716, -7.662019151721371379 ) ) ;
#1795 = CARTESIAN_POINT ( 'NONE',  ( -32.52057253258905689, 1.027832321093293810, -2.099999999999996980 ) ) ;
#1796 = DIRECTION ( 'NONE',  ( 0.000000000000000000, 0.000000000000000000, -1.000000000000000000 ) ) ;
#1797 = ORIENTED_EDGE ( 'NONE', *, *, #904, .T. ) ;
#1798 = CARTESIAN_POINT ( 'NONE',  ( -32.52057253258906400, -2.946429777430907393, -7.662019151721371379 ) ) ;
#1799 = DIRECTION ( 'NONE',  ( 1.000000000000000000, 0.000000000000000000, 0.000000000000000000 ) ) ;
#1800 = ORIENTED_EDGE ( 'NONE', *, *, #640, .T. ) ;
#1801 = CARTESIAN_POINT ( 'NONE',  ( 28.40533536912172252, 8.655466991479945804, -4.042910250312375275 ) ) ;
#1802 = ORIENTED_EDGE ( 'NONE', *, *, #1124, .F. ) ;
#1803 = CARTESIAN_POINT ( 'NONE',  ( -29.34781407612558368, 7.759528484574719442, -25.52413096277415860 ) ) ;
#1804 = EDGE_CURVE ( 'NONE', #6265, #7002, #8523, .T. ) ;
#1805 = VECTOR ( 'NONE', #4328, 1000.000000000000000 ) ;
#1806 = EDGE_CURVE ( 'NONE', #5903, #3017, #384, .T. ) ;
#1807 = CARTESIAN_POINT ( 'NONE',  ( -33.02057253258905689, 1.027832321093293810, -79.59999999999999432 ) ) ;
#1808 = CARTESIAN_POINT ( 'NONE',  ( -31.02057253258906400, -2.520582429040413963, -31.89999999999999147 ) ) ;
#1809 = DIRECTION ( 'NONE',  ( 0.000000000000000000, 1.000000000000000000, 0.000000000000000000 ) ) ;
#1810 = DIRECTION ( 'NONE',  ( -1.000000000000000000, 0.000000000000000000, 5.647936898529106318E-15 ) ) ;
#1811 = CARTESIAN_POINT ( 'NONE',  ( -31.80585973916011966, 5.504622745791194482, -31.19999999999999929 ) ) ;
#1812 = CARTESIAN_POINT ( 'NONE',  ( -33.02057253258906400, -4.520582429040413075, -79.59999999999999432 ) ) ;
#1813 = ORIENTED_EDGE ( 'NONE', *, *, #8976, .F. ) ;
#1814 = CARTESIAN_POINT ( 'NONE',  ( 29.72464552753682554, 4.949904802764116596, -76.59999999999999432 ) ) ;
#1815 = VERTEX_POINT ( 'NONE', #5550 ) ;
#1816 = CARTESIAN_POINT ( 'NONE',  ( 23.81300169746326034, 7.479417570959296491, -9.354627840219684742 ) ) ;
#1817 = VECTOR ( 'NONE', #9240, 1000.000000000000000 ) ;
#1818 = CARTESIAN_POINT ( 'NONE',  ( -31.43638760996744708, 6.678205098090679748, -37.34380768289722852 ) ) ;
#1819 = CARTESIAN_POINT ( 'NONE',  ( -31.09539421746617194, 6.510195981694647749, -77.59999999999999432 ) ) ;
#1821 = EDGE_CURVE ( 'NONE', #2618, #8247, #4098, .T. ) ;
#1820 = DIRECTION ( 'NONE',  ( 0.000000000000000000, 1.734723475976805517E-15, 1.000000000000000000 ) ) ;
#1822 = DIRECTION ( 'NONE',  ( 0.000000000000000000, 1.000000000000000000, 6.510039022401403803E-31 ) ) ;
#1823 = CARTESIAN_POINT ( 'NONE',  ( -32.52057253258906400, 10.01696613767509625, -30.69999999999999929 ) ) ;
#1824 = VECTOR ( 'NONE', #1559, 1000.000000000000000 ) ;
#1825 = ORIENTED_EDGE ( 'NONE', *, *, #7668, .F. ) ;
#1826 = VERTEX_POINT ( 'NONE', #9254 ) ;
#1827 = CARTESIAN_POINT ( 'NONE',  ( -30.85259363200990990, 2.726637925169060672, -79.59999999999999432 ) ) ;
#1828 = CARTESIAN_POINT ( 'NONE',  ( -30.87057253258906897, -2.520582429040414851, -5.750000000000000888 ) ) ;
#1829 = AXIS2_PLACEMENT_3D ( 'NONE', #3376, #7036, #466 ) ;
#1830 = AXIS2_PLACEMENT_3D ( 'NONE', #5579, #6180, #6937 ) ;
#1831 = CARTESIAN_POINT ( 'NONE',  ( 30.41016922967497393, 6.611213943844714613, -24.92714108324069855 ) ) ;
#1832 = CARTESIAN_POINT ( 'NONE',  ( -28.83360472956136888, 6.349417570959293933, 0.000000000000000000 ) ) ;
#1833 = ORIENTED_EDGE ( 'NONE', *, *, #9312, .T. ) ;
#1834 = CARTESIAN_POINT ( 'NONE',  ( -28.72057253258904552, 8.209584757820067580, -28.71803013240179681 ) ) ;
#1835 = EDGE_CURVE ( 'NONE', #3627, #2670, #6816, .T. ) ;
#1836 = B_SPLINE_CURVE_WITH_KNOTS ( 'NONE', 1,
 ( #3611, #6503 ),
 .UNSPECIFIED., .F., .F.,
 ( 2, 2 ),
 ( 0.000000000000000000, 1.000000000000000000 ),
 .UNSPECIFIED. ) ;
#1837 = ORIENTED_EDGE ( 'NONE', *, *, #5402, .T. ) ;
#1838 = ADVANCED_FACE ( 'NONE', ( #7826 ), #1348, .T. ) ;
#1839 = ORIENTED_EDGE ( 'NONE', *, *, #1835, .T. ) ;
#1840 = CARTESIAN_POINT ( 'NONE',  ( 26.07348583298578149, 9.418847559574315298, -32.96493586359417804 ) ) ;
#1841 = VECTOR ( 'NONE', #3309, 1000.000000000000000 ) ;
#1842 = CARTESIAN_POINT ( 'NONE',  ( 20.53530285444890779, 8.479417570959274286, -23.67266261148833806 ) ) ;
#1843 = CARTESIAN_POINT ( 'NONE',  ( 28.34749273821293158, 6.350091138425436377, -2.000000000000000000 ) ) ;
#1844 = FACE_OUTER_BOUND ( 'NONE', #7234, .T. ) ;
#1845 = VECTOR ( 'NONE', #7245, 1000.000000000000000 ) ;
#1846 = AXIS2_PLACEMENT_3D ( 'NONE', #1655, #7473, #5234 ) ;
#1847 = CARTESIAN_POINT ( 'NONE',  ( -27.57609002279628285, 6.854548507794051559, -26.42255778659948717 ) ) ;
#1848 = VERTEX_POINT ( 'NONE', #3436 ) ;
#1849 = CARTESIAN_POINT ( 'NONE',  ( 28.90910722905126562, 8.378483557032623708, -2.728511897958463717 ) ) ;
#1850 = ADVANCED_FACE ( 'NONE', ( #6374, #9353 ), #1959, .T. ) ;
#1851 = ORIENTED_EDGE ( 'NONE', *, *, #4967, .F. ) ;
#1852 = CARTESIAN_POINT ( 'NONE',  ( -30.48051236474077896, 6.570809438894620769, -24.92333445559456706 ) ) ;
#1853 = AXIS2_PLACEMENT_3D ( 'NONE', #3462, #8633, #6262 ) ;
#1854 = VECTOR ( 'NONE', #6224, 1000.000000000000000 ) ;
#1855 = B_SPLINE_CURVE_WITH_KNOTS ( 'NONE', 1,
 ( #8325, #1684 ),
 .UNSPECIFIED., .F., .F.,
 ( 2, 2 ),
 ( 0.000000000000000000, 1.000000000000000000 ),
 .UNSPECIFIED. ) ;
#1856 = CARTESIAN_POINT ( 'NONE',  ( -30.87057253258905831, 2.444218832226051852, -31.89999999999999147 ) ) ;
#1857 = DIRECTION ( 'NONE',  ( 1.000000000000000000, 0.000000000000000000, 0.000000000000000000 ) ) ;
#1858 = FACE_OUTER_BOUND ( 'NONE', #3392, .T. ) ;
#1859 = CARTESIAN_POINT ( 'NONE',  ( -30.02057253258906400, -4.520582429040413075, -77.59999999999999432 ) ) ;
#1860 = CARTESIAN_POINT ( 'NONE',  ( -32.52057253258905689, 1.027832321093293810, -30.69999999999999929 ) ) ;
#1861 = FACE_OUTER_BOUND ( 'NONE', #5797, .T. ) ;
#1862 = VERTEX_POINT ( 'NONE', #3575 ) ;
#1863 = CARTESIAN_POINT ( 'NONE',  ( 30.82942746741109374, 10.01696613767508381, -7.900000000000000355 ) ) ;
#1864 = ORIENTED_EDGE ( 'NONE', *, *, #6272, .T. ) ;
#1865 = AXIS2_PLACEMENT_3D ( 'NONE', #4354, #8054, #3689 ) ;
#1866 = CARTESIAN_POINT ( 'NONE',  ( 19.94129414171946024, 7.479417570959292938, -4.158042546297033404 ) ) ;
#1867 = DIRECTION ( 'NONE',  ( 1.000000000000000000, -1.982541115402065356E-16, 0.000000000000000000 ) ) ;
#1868 = FACE_OUTER_BOUND ( 'NONE', #1145, .T. ) ;
#1869 = CARTESIAN_POINT ( 'NONE',  ( -31.92057253258911231, -3.520582429040413075, -5.000000000000004441 ) ) ;
#1870 = VECTOR ( 'NONE', #4027, 1000.000000000000000 ) ;
#1871 = DIRECTION ( 'NONE',  ( -2.017120320903265181E-16, -1.000000000000000000, 0.000000000000000000 ) ) ;
#1872 = B_SPLINE_CURVE_WITH_KNOTS ( 'NONE', 3,
 ( #5794, #4285, #4191, #1923, #5018, #8566 ),
 .UNSPECIFIED., .F., .F.,
 ( 4, 2, 4 ),
 ( 0.0006807462784080615557, 0.0008735222338908041340, 0.001066298189373546604 ),
 .UNSPECIFIED. ) ;
#1873 = VERTEX_POINT ( 'NONE', #2217 ) ;
#1874 = CARTESIAN_POINT ( 'NONE',  ( -33.02057253280924698, 1.605827268068666269, -79.59999999999999432 ) ) ;
#1875 = EDGE_LOOP ( 'NONE', ( #966, #4219, #4666, #9520, #6514 ) ) ;
#1876 = ADVANCED_FACE ( 'NONE', ( #7977 ), #4498, .F. ) ;
#1877 = VECTOR ( 'NONE', #1413, 1000.000000000000000 ) ;
#1878 = CARTESIAN_POINT ( 'NONE',  ( -31.78477880232205521, 4.467011467698604577, -7.900000000000003908 ) ) ;
#1879 = AXIS2_PLACEMENT_3D ( 'NONE', #4519, #1568, #7519 ) ;
#1880 = CARTESIAN_POINT ( 'NONE',  ( -33.02057253258890768, -2.520582429040413519, -31.89999999999998437 ) ) ;
#1881 = CARTESIAN_POINT ( 'NONE',  ( 30.70400051660371332, 6.909397134599873702, -77.59999999999999432 ) ) ;
#1882 = DIRECTION ( 'NONE',  ( -1.000000000000000000, 0.000000000000000000, 0.000000000000000000 ) ) ;
#1883 = DIRECTION ( 'NONE',  ( -2.017120320903265181E-16, -1.000000000000000000, 0.000000000000000000 ) ) ;
#1884 = ORIENTED_EDGE ( 'NONE', *, *, #2207, .F. ) ;
#1885 = CARTESIAN_POINT ( 'NONE',  ( -33.03448608036921996, -2.961862340153858852, -25.16366644993879476 ) ) ;
#1886 = ORIENTED_EDGE ( 'NONE', *, *, #7668, .T. ) ;
#1887 = VECTOR ( 'NONE', #5016, 1000.000000000000000 ) ;
#1888 = CARTESIAN_POINT ( 'NONE',  ( 30.82942746741108664, 9.481417570959282060, -4.249999999999994671 ) ) ;
#1889 = CARTESIAN_POINT ( 'NONE',  ( 23.61559226945659162, 8.479417570959276063, -11.95867409094634759 ) ) ;
#1890 = DIRECTION ( 'NONE',  ( 0.000000000000000000, 0.000000000000000000, 1.000000000000000000 ) ) ;
#1891 = EDGE_CURVE ( 'NONE', #3548, #2083, #1100, .T. ) ;
#1892 = ADVANCED_FACE ( 'NONE', ( #5896 ), #664, .F. ) ;
#1893 = CARTESIAN_POINT ( 'NONE',  ( -27.60938243189731978, 6.837493604938373437, -26.26828607567860274 ) ) ;
#1894 = ORIENTED_EDGE ( 'NONE', *, *, #3821, .T. ) ;
#1895 = ORIENTED_EDGE ( 'NONE', *, *, #8710, .F. ) ;
#1896 = CARTESIAN_POINT ( 'NONE',  ( 29.16192926726268553, 8.220093139964999907, -30.36434502605830943 ) ) ;
#1897 = CARTESIAN_POINT ( 'NONE',  ( 33.03997972831853502, -3.020582429040461925, -25.22865389885247467 ) ) ;
#1898 = EDGE_CURVE ( 'NONE', #4755, #330, #2354, .T. ) ;
#1899 = LINE ( 'NONE', #1167, #2944 ) ;
#1900 = EDGE_CURVE ( 'NONE', #2748, #347, #1339, .T. ) ;
#1901 = CARTESIAN_POINT ( 'NONE',  ( -30.87057253258906542, 10.01696613767509625, -2.099999999999999645 ) ) ;
#1902 = CARTESIAN_POINT ( 'NONE',  ( 28.61970649703412661, 8.543628103234896187, -26.01826673162666026 ) ) ;
#1903 = FACE_BOUND ( 'NONE', #6150, .T. ) ;
#1904 = CARTESIAN_POINT ( 'NONE',  ( -32.37911348374421294, 2.789636010321845383, -30.69999999999999929 ) ) ;
#1905 = CARTESIAN_POINT ( 'NONE',  ( 28.67942746741108806, -4.520582429040436168, 0.000000000000000000 ) ) ;
#1906 = ORIENTED_EDGE ( 'NONE', *, *, #3086, .T. ) ;
#1907 = CARTESIAN_POINT ( 'NONE',  ( -30.87057253258903700, 5.979163850806762603, -24.89999999999999503 ) ) ;
#1908 = CARTESIAN_POINT ( 'NONE',  ( 30.82942746741107953, 2.444417355247898715, -23.69999999999999929 ) ) ;
#1909 = VECTOR ( 'NONE', #8124, 1000.000000000000000 ) ;
#1910 = CARTESIAN_POINT ( 'NONE',  ( 24.85116451465689025, 7.479417570959292938, -13.22574437214575660 ) ) ;
#1911 = CARTESIAN_POINT ( 'NONE',  ( 32.47942746637353650, 1.920516008707239930, -2.099999999999987210 ) ) ;
#1912 = CARTESIAN_POINT ( 'NONE',  ( -32.66057364850601630, 3.563827103677006392, -79.46124775722651634 ) ) ;
#1913 = DIRECTION ( 'NONE',  ( 1.000000000000000000, 0.000000000000000000, 6.591949208711860648E-14 ) ) ;
#1914 = FACE_OUTER_BOUND ( 'NONE', #8751, .T. ) ;
#1915 = ORIENTED_EDGE ( 'NONE', *, *, #9015, .F. ) ;
#1916 = CARTESIAN_POINT ( 'NONE',  ( -30.34119422363272278, 7.323153022573355209, -7.853931389631483739 ) ) ;
#1917 = VERTEX_POINT ( 'NONE', #8130 ) ;
#1918 = EDGE_CURVE ( 'NONE', #659, #8207, #5841, .T. ) ;
#1919 = ADVANCED_FACE ( 'NONE', ( #6661 ), #988, .F. ) ;
#1920 = DIRECTION ( 'NONE',  ( 1.000000000000000000, 0.000000000000000000, -8.673617379884027583E-16 ) ) ;
#1921 = EDGE_CURVE ( 'NONE', #1110, #8937, #2946, .T. ) ;
#1922 = CARTESIAN_POINT ( 'NONE',  ( 29.01549769039715798, 6.350283654666569078, -67.01517859185689474 ) ) ;
#1923 = CARTESIAN_POINT ( 'NONE',  ( 32.98285500363154199, -3.457605358985123445, -24.98791590752894010 ) ) ;
#1924 = ORIENTED_EDGE ( 'NONE', *, *, #8185, .T. ) ;
#1925 = DIRECTION ( 'NONE',  ( -0.000000000000000000, 1.000000000000000000, -0.000000000000000000 ) ) ;
#1926 = ORIENTED_EDGE ( 'NONE', *, *, #5172, .F. ) ;
#1927 = DIRECTION ( 'NONE',  ( 1.000000000000000000, 0.000000000000000000, 0.000000000000000000 ) ) ;
#1928 = CARTESIAN_POINT ( 'NONE',  ( 23.94946537437373379, 8.479417570959276063, -14.58195722514076564 ) ) ;
#1929 = CARTESIAN_POINT ( 'NONE',  ( 28.78625978032769694, 2.371292695397471562, -48.50000000000001421 ) ) ;
#1930 = DIRECTION ( 'NONE',  ( 1.000000000000000000, -2.017120320903265428E-16, 0.000000000000000000 ) ) ;
#1931 = CARTESIAN_POINT ( 'NONE',  ( -27.52057253258907110, -2.520582429040411299, -5.750000000000006217 ) ) ;
#1932 = VERTEX_POINT ( 'NONE', #819 ) ;
#1933 = ORIENTED_EDGE ( 'NONE', *, *, #1136, .T. ) ;
#1934 = DIRECTION ( 'NONE',  ( -0.000000000000000000, -1.000000000000000000, -0.000000000000000000 ) ) ;
#1935 = DIRECTION ( 'NONE',  ( 0.000000000000000000, 0.000000000000000000, -1.000000000000000000 ) ) ;
#1936 = CARTESIAN_POINT ( 'NONE',  ( -25.37052931851787108, 7.479417570959292050, -32.77999999999997982 ) ) ;
#1937 = CARTESIAN_POINT ( 'NONE',  ( 28.81657193957593321, 8.432562290290338325, -25.65918479944235031 ) ) ;
#1938 = LINE ( 'NONE', #4261, #3866 ) ;
#1939 = DIRECTION ( 'NONE',  ( -1.000000000000000000, 2.025677196612374621E-16, 0.000000000000000000 ) ) ;
#1940 = CARTESIAN_POINT ( 'NONE',  ( -31.80585973915551534, 5.504622745788783966, -30.69999999999999929 ) ) ;
#1941 = CARTESIAN_POINT ( 'NONE',  ( -26.72057253258906329, -6.520582429040413963, -29.95157287525381307 ) ) ;
#1942 = VERTEX_POINT ( 'NONE', #3769 ) ;
#1943 = LINE ( 'NONE', #2554, #7794 ) ;
#1944 = CARTESIAN_POINT ( 'NONE',  ( -30.87057253258906542, 5.979163850806727964, -8.400000000000000355 ) ) ;
#1945 = ADVANCED_FACE ( 'NONE', ( #4584 ), #1777, .F. ) ;
#1946 = ADVANCED_FACE ( 'NONE', ( #5993 ), #730, .T. ) ;
#1947 = DIRECTION ( 'NONE',  ( -2.017120320903265181E-16, -1.000000000000000000, 0.000000000000000000 ) ) ;
#1948 = CARTESIAN_POINT ( 'NONE',  ( -30.97510153733545124, 7.063103724523737803, -36.72599351689802916 ) ) ;
#1949 = LINE ( 'NONE', #2559, #8379 ) ;
#1950 = DIRECTION ( 'NONE',  ( -1.250608365883192617E-15, 1.000000000000000000, 0.000000000000000000 ) ) ;
#1951 = ORIENTED_EDGE ( 'NONE', *, *, #875, .T. ) ;
#1952 = EDGE_CURVE ( 'NONE', #8198, #8760, #333, .T. ) ;
#1953 = CARTESIAN_POINT ( 'NONE',  ( 28.67942746741106674, 8.209411367207941623, -27.04999999999999361 ) ) ;
#1954 = EDGE_CURVE ( 'NONE', #2811, #4750, #3865, .T. ) ;
#1955 = ORIENTED_EDGE ( 'NONE', *, *, #1921, .F. ) ;
#1956 = VERTEX_POINT ( 'NONE', #9052 ) ;
#1957 = CIRCLE ( 'NONE', #9408, 0.5000000000000004441 ) ;
#1958 = DIRECTION ( 'NONE',  ( 0.000000000000000000, 1.000000000000000000, 1.302007804480276732E-30 ) ) ;
#1959 = PLANE ( 'NONE',  #1412 ) ;
#1960 = CARTESIAN_POINT ( 'NONE',  ( 10.94942746741108230, 7.479417570959293826, -0.8900000000000192202 ) ) ;
#1961 = ORIENTED_EDGE ( 'NONE', *, *, #8051, .T. ) ;
#1962 = VECTOR ( 'NONE', #8825, 1000.000000000000000 ) ;
#1963 = FACE_OUTER_BOUND ( 'NONE', #1047, .T. ) ;
#1964 = ORIENTED_EDGE ( 'NONE', *, *, #5783, .F. ) ;
#1965 = DIRECTION ( 'NONE',  ( 1.000000000000000000, 0.000000000000000000, 0.000000000000000000 ) ) ;
#1966 = ORIENTED_EDGE ( 'NONE', *, *, #474, .T. ) ;
#1967 = ORIENTED_EDGE ( 'NONE', *, *, #5646, .T. ) ;
#1968 = CYLINDRICAL_SURFACE ( 'NONE', #9171, 0.5000000000000000000 ) ;
#1969 = VECTOR ( 'NONE', #5888, 1000.000000000000000 ) ;
#1970 = CARTESIAN_POINT ( 'NONE',  ( 22.26500353419654488, 8.479417570959276063, -21.29174118449631692 ) ) ;
#1971 = VECTOR ( 'NONE', #6911, 1000.000000000000000 ) ;
#1972 = CARTESIAN_POINT ( 'NONE',  ( 16.67942746741109161, 7.479417570959293826, -2.116312200464613547 ) ) ;
#1973 = CARTESIAN_POINT ( 'NONE',  ( 16.27014175312539734, 8.479417570959274286, -3.028718471859984884 ) ) ;
#1974 = CARTESIAN_POINT ( 'NONE',  ( -25.02057253258906044, 7.690846142387865569, -36.28017184264066941 ) ) ;
#1975 = ORIENTED_EDGE ( 'NONE', *, *, #3801, .F. ) ;
#1976 = CIRCLE ( 'NONE', #8795, 0.5000000000000004441 ) ;
#1977 = CIRCLE ( 'NONE', #762, 1.649999999999998579 ) ;
#1978 = ORIENTED_EDGE ( 'NONE', *, *, #2094, .T. ) ;
#1979 = DIRECTION ( 'NONE',  ( -2.017120320903265181E-16, -1.000000000000000000, 0.000000000000000000 ) ) ;
#1980 = CARTESIAN_POINT ( 'NONE',  ( 29.60105412605471287, 7.912802701850959686, -7.921622127635401966 ) ) ;
#1981 = CARTESIAN_POINT ( 'NONE',  ( 29.70546227820694440, 7.402712793088809029, -30.38768699245343541 ) ) ;
#1982 = CARTESIAN_POINT ( 'NONE',  ( 32.33831595585107266, 2.789636620622089946, -24.89999999999994884 ) ) ;
#1983 = ADVANCED_FACE ( 'NONE', ( #6856 ), #231, .F. ) ;
#1984 = CARTESIAN_POINT ( 'NONE',  ( 33.97942746741107811, -3.520582429040425954, -24.88596169655730250 ) ) ;
#1985 = VECTOR ( 'NONE', #6770, 1000.000000000000000 ) ;
#1986 = AXIS2_PLACEMENT_3D ( 'NONE', #6016, #8879, #8983 ) ;
#1987 = CARTESIAN_POINT ( 'NONE',  ( -32.83260613183651344, 2.892426578230523404, -2.099999999995394884 ) ) ;
#1988 = ORIENTED_EDGE ( 'NONE', *, *, #9288, .T. ) ;
#1989 = DIRECTION ( 'NONE',  ( -0.000000000000000000, -0.000000000000000000, -1.000000000000000000 ) ) ;
#1990 = CARTESIAN_POINT ( 'NONE',  ( -28.72057253258906329, 8.209584760035337325, -5.929037669383537157 ) ) ;
#1991 = CARTESIAN_POINT ( 'NONE',  ( 32.62449488970402456, 3.497326107490980718, -66.00000000000001421 ) ) ;
#1992 = CARTESIAN_POINT ( 'NONE',  ( -30.18249253642113672, 4.307853781764285905, -76.59999999999996589 ) ) ;
#1993 = CARTESIAN_POINT ( 'NONE',  ( -29.26369945682403539, 6.279441590672811380, -76.46018945452426863 ) ) ;
#1994 = CARTESIAN_POINT ( 'NONE',  ( 33.97942746741113496, -3.020582429040426842, -5.000000000000004441 ) ) ;
#1995 = EDGE_LOOP ( 'NONE', ( #3263, #1656, #8345, #9004 ) ) ;
#1996 = AXIS2_PLACEMENT_3D ( 'NONE', #899, #1626, #8943 ) ;
#1997 = CARTESIAN_POINT ( 'NONE',  ( -32.67738813743706316, 3.456363420285023302, -77.52189170393783968 ) ) ;
#1998 = CALENDAR_DATE ( 2026, 11, 5 ) ;
#1999 = CIRCLE ( 'NONE', #8515, 2.749999999999995559 ) ;
#2000 = CARTESIAN_POINT ( 'NONE',  ( 29.97942746741108522, -4.520582429040426398, -77.59999999999999432 ) ) ;
#2001 = AXIS2_PLACEMENT_3D ( 'NONE', #5716, #2824, #2044 ) ;
#2002 = B_SPLINE_CURVE_WITH_KNOTS ( 'NONE', 3,
 ( #9374, #7068, #3410, #1268, #5657, #9331 ),
 .UNSPECIFIED., .F., .F.,
 ( 4, 2, 4 ),
 ( 3.485456207920293290E-16, 0.0001470901170951055060, 0.0002941802341898624952 ),
 .UNSPECIFIED. ) ;
#2003 = CARTESIAN_POINT ( 'NONE',  ( -30.30661421070195516, 7.595149119725205900, -36.13988500574022567 ) ) ;
#2004 = AXIS2_PLACEMENT_3D ( 'NONE', #1594, #3512, #2100 ) ;
#2005 = CARTESIAN_POINT ( 'NONE',  ( -28.64018543993905652, 8.575207435956311741, -5.551115123125782702E-14 ) ) ;
#2006 = ADVANCED_FACE ( 'NONE', ( #4956 ), #9295, .F. ) ;
#2007 = DIRECTION ( 'NONE',  ( 0.000000000000000000, 0.000000000000000000, 1.000000000000000000 ) ) ;
#2008 = EDGE_CURVE ( 'NONE', #6672, #5974, #1949, .T. ) ;
#2009 = ADVANCED_FACE ( 'NONE', ( #9244 ), #3507, .T. ) ;
#2010 = DIRECTION ( 'NONE',  ( -0.6024298447090620234, -0.7981718375160926637, 3.051411234441054215E-14 ) ) ;
#2011 = DIRECTION ( 'NONE',  ( 0.000000000000000000, 0.8516946967809881919, 0.5240383034427356090 ) ) ;
#2012 = CARTESIAN_POINT ( 'NONE',  ( -31.92057253258911231, -3.020582429040414407, -27.81000000000000227 ) ) ;
#2013 = ORIENTED_EDGE ( 'NONE', *, *, #7784, .F. ) ;
#2014 = CARTESIAN_POINT ( 'NONE',  ( -33.02057253258905689, 1.027832321093293810, -77.59999999999999432 ) ) ;
#2015 = CIRCLE ( 'NONE', #8217, 0.5000000000000004441 ) ;
#2016 = ORIENTED_EDGE ( 'NONE', *, *, #3194, .T. ) ;
#2017 = CARTESIAN_POINT ( 'NONE',  ( -31.55551122794084762, 5.901646481000208944, -8.400000000003101874 ) ) ;
#2018 = ADVANCED_FACE ( 'NONE', ( #4862 ), #5611, .T. ) ;
#2019 = CARTESIAN_POINT ( 'NONE',  ( 29.18018661316163431, 6.351848140354131367, -48.20886139824423111 ) ) ;
#2020 = FACE_OUTER_BOUND ( 'NONE', #8669, .T. ) ;
#2021 = EDGE_CURVE ( 'NONE', #5926, #6140, #8118, .T. ) ;
#2022 = DIRECTION ( 'NONE',  ( 0.000000000000000000, 1.000000000000000000, 0.000000000000000000 ) ) ;
#2023 = VECTOR ( 'NONE', #4705, 1000.000000000000000 ) ;
#2024 = EDGE_LOOP ( 'NONE', ( #2756, #4998, #6644, #2381 ) ) ;
#2025 = CARTESIAN_POINT ( 'NONE',  ( -28.72057253258906684, 10.01696613767509625, -4.249999999999999112 ) ) ;
#2026 = EDGE_LOOP ( 'NONE', ( #6472, #1698, #8969, #5821 ) ) ;
#2027 = CARTESIAN_POINT ( 'NONE',  ( 27.47942746741110653, 6.882466451305248256, -39.80000000000001137 ) ) ;
#2028 = ORIENTED_EDGE ( 'NONE', *, *, #3026, .T. ) ;
#2029 = ORIENTED_EDGE ( 'NONE', *, *, #7700, .F. ) ;
#2030 = CIRCLE ( 'NONE', #4816, 4.000000000000000000 ) ;
#2031 = CARTESIAN_POINT ( 'NONE',  ( 23.83874763310292622, 8.479417570959274286, -13.19005906120396965 ) ) ;
#2032 =( BOUNDED_SURFACE ( )  B_SPLINE_SURFACE ( 3, 2, ( 
 ( #9342, #8512, #8553 ),
 ( #2697, #1139, #3330 ),
 ( #2517, #4861, #4772 ),
 ( #3286, #5451, #7775 ),
 ( #7816, #6946, #1776 ),
 ( #416, #1182, #332 ),
 ( #6231, #9200, #2558 ),
 ( #8461, #1818, #7732 ),
 ( #1095, #4047, #6996 ),
 ( #5885, #702, #9582 ),
 ( #5004, #1948, #6596 ),
 ( #8645, #4226, #3610 ),
 ( #9529, #8745, #6552 ),
 ( #2154, #4321, #7177 ),
 ( #1434, #5675, #3468 ),
 ( #1280, #2003, #7227 ),
 ( #3513, #5730, #4900 ),
 ( #6500, #555, #4955 ),
 ( #5099, #2882, #6407 ),
 ( #7862, #3656, #5826 ),
 ( #9484, #8699, #2741 ),
 ( #8071, #5048, #1231 ),
 ( #7920, #6453, #9386 ),
 ( #2932, #2837, #4177 ),
 ( #5779, #8789, #511 ),
 ( #9435, #2101, #4367 ),
 ( #2790, #608, #8014 ),
 ( #7131, #1375, #2055 ),
 ( #7285, #3562, #7331 ),
 ( #7967, #1328, #654 ) ),
 .UNSPECIFIED., .F., .F., .T. ) 
 B_SPLINE_SURFACE_WITH_KNOTS ( ( 4, 2, 2, 2, 2, 2, 2, 2, 2, 2, 2, 2, 2, 2, 4 ),
 ( 3, 3 ),
 ( 3.512815038853034366E-17, 0.001091682472101614598, 0.001637523708152404441, 0.002183364944203194068, 0.003275047416304773321, 0.003820888652355562947, 0.004093809270380957543, 0.004366729888406352574, 0.005458412360507931826, 0.006004253596558721887, 0.006550094832609511947, 0.007095936068660302007, 0.007641777304711091200, 0.008187618540761880392, 0.008733459776812670453 ),
 ( 0.000000000000000000, 1.000000000000000000 ),
 .UNSPECIFIED. ) 
 GEOMETRIC_REPRESENTATION_ITEM ( )  RATIONAL_B_SPLINE_SURFACE ( (
 ( 1.000000000000000000, 0.7989794935827320144, 1.000000000000000000),
 ( 1.000000000000000000, 0.7989757644914939894, 1.000000000000000000),
 ( 1.000000000000000000, 0.8005018861522578133, 1.000000000000000000),
 ( 1.000000000000000000, 0.8047923958037696002, 1.000000000000000000),
 ( 1.000000000000000000, 0.8065544939594495588, 1.000000000000000000),
 ( 1.000000000000000000, 0.8106943731885918325, 1.000000000000000000),
 ( 1.000000000000000000, 0.8130836467745814478, 1.000000000000000000),
 ( 1.000000000000000000, 0.8210074498289001710, 1.000000000000000000),
 ( 1.000000000000000000, 0.8267955455664499631, 1.000000000000000000),
 ( 1.000000000000000000, 0.8360901428717648631, 1.000000000000000000),
 ( 1.000000000000000000, 0.8392484237948577563, 1.000000000000000000),
 ( 1.000000000000000000, 0.8438707361982401567, 1.000000000000000000),
 ( 1.000000000000000000, 0.8453917141204199126, 1.000000000000000000),
 ( 1.000000000000000000, 0.8483536056096552258, 1.000000000000000000),
 ( 1.000000000000000000, 0.8499069380520314354, 1.000000000000000000),
 ( 1.000000000000000000, 0.8571085524161914382, 1.000000000000000000),
 ( 1.000000000000000000, 0.8623160720840813420, 1.000000000000000000),
 ( 1.000000000000000000, 0.8686439504503931097, 1.000000000000000000),
 ( 1.000000000000000000, 0.8705735563479141126, 1.000000000000000000),
 ( 1.000000000000000000, 0.8737012829355098598, 1.000000000000000000),
 ( 1.000000000000000000, 0.8749666404548834819, 1.000000000000000000),
 ( 1.000000000000000000, 0.8771538030761767413, 1.000000000000000000),
 ( 1.000000000000000000, 0.8781034881782208146, 1.000000000000000000),
 ( 1.000000000000000000, 0.8793807273106171163, 1.000000000000000000),
 ( 1.000000000000000000, 0.8798579414385498954, 1.000000000000000000),
 ( 1.000000000000000000, 0.8805509273174416673, 1.000000000000000000),
 ( 1.000000000000000000, 0.8807730476121599095, 1.000000000000000000),
 ( 1.000000000000000000, 0.8810778395817530084, 1.000000000000000000),
 ( 1.000000000000000000, 0.8811597139157789638, 1.000000000000000000),
 ( 1.000000000000000000, 0.8811518435709998487, 1.000000000000000000) ) ) 
 REPRESENTATION_ITEM ( '' )  SURFACE ( )  );
#2033 = CARTESIAN_POINT ( 'NONE',  ( 28.67942746741109161, 10.01696613767508381, -5.750000000000000888 ) ) ;
#2034 = DESIGN_CONTEXT ( 'detailed design', #9574, 'design' ) ;
#2035 = CARTESIAN_POINT ( 'NONE',  ( -28.97524915877562179, 8.363936444869100484, -2.695545267709094528 ) ) ;
#2036 = CARTESIAN_POINT ( 'NONE',  ( -33.02057253258906400, -3.417413038695461314, -7.875133458921953711 ) ) ;
#2037 = ORIENTED_EDGE ( 'NONE', *, *, #784, .T. ) ;
#2038 = AXIS2_PLACEMENT_3D ( 'NONE', #9532, #3706, #7377 ) ;
#2039 = ORIENTED_EDGE ( 'NONE', *, *, #3026, .F. ) ;
#2040 = CARTESIAN_POINT ( 'NONE',  ( -23.21057253258958752, 4.349417570959293933, -74.71000000000022112 ) ) ;
#2041 = EDGE_CURVE ( 'NONE', #2340, #4917, #6966, .T. ) ;
#2042 = CARTESIAN_POINT ( 'NONE',  ( -31.02057253258905334, -4.520582429040413963, -77.59999999999999432 ) ) ;
#2043 = CARTESIAN_POINT ( 'NONE',  ( 32.47942746741108522, -2.520582429040427286, -7.400000000000003020 ) ) ;
#2044 = DIRECTION ( 'NONE',  ( -1.000000000000000000, 0.000000000000000000, -8.673617379884027583E-15 ) ) ;
#2045 = EDGE_LOOP ( 'NONE', ( #493, #7508, #3962, #6473 ) ) ;
#2046 = CARTESIAN_POINT ( 'NONE',  ( 28.67942746741106319, -2.520582429040425509, -28.54999999999999716 ) ) ;
#2047 = DIRECTION ( 'NONE',  ( 1.000000000000000000, -2.017120320903264935E-16, 6.454785026890406770E-15 ) ) ;
#2048 = CARTESIAN_POINT ( 'NONE',  ( 30.82942746741106532, 5.979164254138646051, -24.89999999999999503 ) ) ;
#2049 = CARTESIAN_POINT ( 'NONE',  ( -28.93274973478878920, 5.901227566405674807, -76.59999999999999432 ) ) ;
#2050 = DIRECTION ( 'NONE',  ( 1.000000000000000000, -2.589139516383305650E-16, 0.000000000000000000 ) ) ;
#2051 = EDGE_LOOP ( 'NONE', ( #1967, #327, #6924, #4780 ) ) ;
#2052 = CARTESIAN_POINT ( 'NONE',  ( 28.21991199454337718, 6.444350700550822708, -33.16522968436494523 ) ) ;
#2053 = DATE_AND_TIME ( #8743, #5468 ) ;
#2054 = CARTESIAN_POINT ( 'NONE',  ( 28.79262011024112411, 6.349417570959293933, -47.01284170406881913 ) ) ;
#2055 = CARTESIAN_POINT ( 'NONE',  ( -25.38939229696681110, 7.684563471273388124, -36.28430659164806116 ) ) ;
#2056 = CARTESIAN_POINT ( 'NONE',  ( -31.81584106082799934, 4.485974814919157616, -24.90000000000001279 ) ) ;
#2057 = CARTESIAN_POINT ( 'NONE',  ( 30.82942746741109019, -2.520582429040426842, -2.099999999999999645 ) ) ;
#2058 = CARTESIAN_POINT ( 'NONE',  ( 32.97942746741107101, 1.027832321093527401, -7.900000000000003908 ) ) ;
#2059 = CARTESIAN_POINT ( 'NONE',  ( 25.37942746741108024, 5.849417570959289492, -48.50000000000001421 ) ) ;
#2060 = DIRECTION ( 'NONE',  ( 1.000000000000000000, -3.614007241618348771E-16, 0.000000000000000000 ) ) ;
#2061 = VECTOR ( 'NONE', #3369, 1000.000000000000000 ) ;
#2062 = ORIENTED_EDGE ( 'NONE', *, *, #1597, .F. ) ;
#2063 = CARTESIAN_POINT ( 'NONE',  ( -31.03235109353427390, 6.594792229891858426, -7.935928057813160130 ) ) ;
#2064 = VERTEX_POINT ( 'NONE', #7968 ) ;
#2065 = CARTESIAN_POINT ( 'NONE',  ( 30.97942746741108166, 1.027832321093501866, -79.59999999999999432 ) ) ;
#2066 = CARTESIAN_POINT ( 'NONE',  ( -30.87057253258906897, -2.520582429040414851, -4.249999999999999112 ) ) ;
#2067 = CARTESIAN_POINT ( 'NONE',  ( -28.17917953462319147, 6.501307706134821451, -7.766708077456830672 ) ) ;
#2068 = CARTESIAN_POINT ( 'NONE',  ( 26.22146737010380235, 7.594023469391370185, -36.34712187238736192 ) ) ;
#2069 = DIRECTION ( 'NONE',  ( 2.017120320903265181E-16, 1.000000000000000000, -0.000000000000000000 ) ) ;
#2070 = ORIENTED_EDGE ( 'NONE', *, *, #9470, .T. ) ;
#2071 = CARTESIAN_POINT ( 'NONE',  ( 31.87942746741113353, 4.333328095299679994, -5.000000000000004441 ) ) ;
#2072 = ORIENTED_EDGE ( 'NONE', *, *, #1635, .T. ) ;
#2073 = CARTESIAN_POINT ( 'NONE',  ( 30.92929694044616795, 1.977502945291817804, -31.89999999999999147 ) ) ;
#2074 = VERTEX_POINT ( 'NONE', #5287 ) ;
#2075 = EDGE_CURVE ( 'NONE', #1942, #6433, #4562, .T. ) ;
#2076 = EDGE_LOOP ( 'NONE', ( #1529, #8157, #3189, #560, #279, #8772, #6427, #5833, #4768, #6559, #2039, #3346, #382 ) ) ;
#2077 = EDGE_CURVE ( 'NONE', #8567, #6611, #3578, .T. ) ;
#2078 = CARTESIAN_POINT ( 'NONE',  ( 20.54010145828286937, 8.479417570959274286, -6.108490254889879623 ) ) ;
#2079 = DIRECTION ( 'NONE',  ( 0.000000000000000000, -0.000000000000000000, -1.000000000000000000 ) ) ;
#2080 = FACE_OUTER_BOUND ( 'NONE', #4349, .T. ) ;
#2081 = CARTESIAN_POINT ( 'NONE',  ( -28.48338258650625221, 6.730664355145409949, -37.30180105811663793 ) ) ;
#2082 = VERTEX_POINT ( 'NONE', #7228 ) ;
#2083 = VERTEX_POINT ( 'NONE', #841 ) ;
#2084 = CARTESIAN_POINT ( 'NONE',  ( 30.06484682708057221, 7.536640991435608505, -30.96929947835285901 ) ) ;
#2085 = CYLINDRICAL_SURFACE ( 'NONE', #8681, 3.349999999999981437 ) ;
#2086 = CARTESIAN_POINT ( 'NONE',  ( 32.51557330209802643, -3.014990463072388494, -25.31260504726233762 ) ) ;
#2087 = DIRECTION ( 'NONE',  ( 1.000000000000000000, 0.000000000000000000, 0.000000000000000000 ) ) ;
#2088 = CARTESIAN_POINT ( 'NONE',  ( -30.14928467219229091, 4.349417570959286827, -36.68424128352742741 ) ) ;
#2089 = ORIENTED_EDGE ( 'NONE', *, *, #4025, .T. ) ;
#2090 = FACE_OUTER_BOUND ( 'NONE', #8151, .T. ) ;
#2091 = LINE ( 'NONE', #8003, #7289 ) ;
#2092 = DIRECTION ( 'NONE',  ( 1.000000000000000000, 0.000000000000000000, 0.000000000000000000 ) ) ;
#2093 = DIRECTION ( 'NONE',  ( 0.000000000000000000, 0.000000000000000000, 1.000000000000000000 ) ) ;
#2094 = EDGE_CURVE ( 'NONE', #7890, #7623, #6371, .T. ) ;
#2095 = CARTESIAN_POINT ( 'NONE',  ( 32.44348831951840140, 1.915122934235023777, -7.900000000000003908 ) ) ;
#2096 = ORIENTED_EDGE ( 'NONE', *, *, #1635, .F. ) ;
#2097 = CARTESIAN_POINT ( 'NONE',  ( 28.68026576164625041, 6.098133982813110698, -2.000000000000029310 ) ) ;
#2098 = DIRECTION ( 'NONE',  ( -1.000000000000000000, 2.065146995210480258E-16, 0.000000000000000000 ) ) ;
#2099 = ADVANCED_FACE ( 'NONE', ( #2289 ), #677, .T. ) ;
#2100 = DIRECTION ( 'NONE',  ( 1.000000000000000000, -2.017120320903265428E-16, 0.000000000000000000 ) ) ;
#2101 = CARTESIAN_POINT ( 'NONE',  ( -26.59970317381216276, 9.326410162415349703, -35.14587748303845416 ) ) ;
#2102 = CARTESIAN_POINT ( 'NONE',  ( 31.51441402702276307, 5.901605156493929805, -1.599999999993777289 ) ) ;
#2103 = B_SPLINE_CURVE_WITH_KNOTS ( 'NONE', 3,
 ( #734, #3836, #8252, #1563, #5286, #3058, #1608, #6779 ),
 .UNSPECIFIED., .F., .F.,
 ( 4, 2, 2, 4 ),
 ( 0.000000000000000000, 0.001323524403625941665, 0.002647048807251883764, 0.005294097614503774467 ),
 .UNSPECIFIED. ) ;
#2104 = PLANE ( 'NONE',  #8628 ) ;
#2105 = CARTESIAN_POINT ( 'NONE',  ( 32.97942746705172823, 1.501095065637779724, -7.899999999930303218 ) ) ;
#2106 = LINE ( 'NONE', #7437, #6797 ) ;
#2107 = EDGE_CURVE ( 'NONE', #3831, #3138, #6969, .T. ) ;
#2108 = CARTESIAN_POINT ( 'NONE',  ( -27.52057253258907465, 9.481417570959294494, -4.249999999999989342 ) ) ;
#2109 = VERTEX_POINT ( 'NONE', #6210 ) ;
#2110 = CARTESIAN_POINT ( 'NONE',  ( -29.64101415124589778, 7.913618962232143339, -7.920898664400608524 ) ) ;
#2111 = ORIENTED_EDGE ( 'NONE', *, *, #259, .F. ) ;
#2112 = EDGE_CURVE ( 'NONE', #6682, #756, #4657, .T. ) ;
#2113 = CARTESIAN_POINT ( 'NONE',  ( -33.02397621603223854, -3.457566527935758582, -24.98779805602457316 ) ) ;
#2114 = CARTESIAN_POINT ( 'NONE',  ( -29.53917615761473670, 3.340170927455093253, -77.60000000000000853 ) ) ;
#2115 = CARTESIAN_POINT ( 'NONE',  ( 27.12828069497045647, 9.185520407632639106, -35.19862177333197906 ) ) ;
#2116 = CARTESIAN_POINT ( 'NONE',  ( -30.87057253258905831, 9.481417570959296270, -31.89999999999999147 ) ) ;
#2117 = ORIENTED_EDGE ( 'NONE', *, *, #6769, .T. ) ;
#2118 = DIRECTION ( 'NONE',  ( 1.000000000000000000, -2.017120320903265428E-16, 0.000000000000000000 ) ) ;
#2119 = ORIENTED_EDGE ( 'NONE', *, *, #3205, .T. ) ;
#2120 = DIRECTION ( 'NONE',  ( 0.3493588689618146725, -7.046988738706574570E-17, 0.9369889970953351188 ) ) ;
#2121 = EDGE_LOOP ( 'NONE', ( #3371, #4787, #6446, #472 ) ) ;
#2122 = EDGE_LOOP ( 'NONE', ( #1603, #5168, #306, #568, #5160 ) ) ;
#2123 = B_SPLINE_CURVE_WITH_KNOTS ( 'NONE', 3,
 ( #3057, #9565, #6013, #8774, #2135, #205, #3160, #6248, #1019, #5373 ),
 .UNSPECIFIED., .F., .F.,
 ( 4, 2, 2, 2, 4 ),
 ( 3.656318114310037713E-17, 0.0008684639501427933103, 0.001736927900285550191, 0.002605391850428306639, 0.003473855800571063520 ),
 .UNSPECIFIED. ) ;
#2124 = CARTESIAN_POINT ( 'NONE',  ( 23.93985301883639494, 7.479417570959295603, -20.12069313693335459 ) ) ;
#2125 = CARTESIAN_POINT ( 'NONE',  ( -31.02057253258903557, 73.98322401220809752, -32.78000000000000114 ) ) ;
#2126 = VECTOR ( 'NONE', #7380, 1000.000000000000000 ) ;
#2127 = ADVANCED_FACE ( 'NONE', ( #1844 ), #9222, .F. ) ;
#2128 = LINE ( 'NONE', #1258, #604 ) ;
#2130 = EDGE_CURVE ( 'NONE', #9152, #9248, #8, .T. ) ;
#2129 = CARTESIAN_POINT ( 'NONE',  ( -33.04387129485672858, -3.506974672085170219, -7.700937605786392304 ) ) ;
#2131 = ORIENTED_EDGE ( 'NONE', *, *, #1709, .T. ) ;
#2132 = ORIENTED_EDGE ( 'NONE', *, *, #8389, .F. ) ;
#2133 = PLANE ( 'NONE',  #2455 ) ;
#2134 = AXIS2_PLACEMENT_3D ( 'NONE', #3024, #5193, #107 ) ;
#2135 = CARTESIAN_POINT ( 'NONE',  ( 30.68553545040931496, 3.021644804159399289, -76.59999999999998010 ) ) ;
#2136 = DIRECTION ( 'NONE',  ( -2.017120320903265181E-16, -1.000000000000000000, 0.000000000000000000 ) ) ;
#2137 = CARTESIAN_POINT ( 'NONE',  ( -27.68543486407938303, 6.807833243395199574, -32.98806657868561842 ) ) ;
#2138 = CIRCLE ( 'NONE', #7389, 0.5000000000000002220 ) ;
#2139 = ORIENTED_EDGE ( 'NONE', *, *, #1242, .F. ) ;
#2140 = ADVANCED_FACE ( 'NONE', ( #3201 ), #1021, .F. ) ;
#2141 = AXIS2_PLACEMENT_3D ( 'NONE', #4312, #6591, #3464 ) ;
#2142 = CARTESIAN_POINT ( 'NONE',  ( 32.81057906786381295, 2.739747276411011345, -77.60000000000000853 ) ) ;
#2143 = DIRECTION ( 'NONE',  ( -1.000000000000000000, -1.334402673828313339E-16, 0.000000000000000000 ) ) ;
#2144 = DIRECTION ( 'NONE',  ( 1.000000000000000000, 0.000000000000000000, 0.000000000000000000 ) ) ;
#2145 = CARTESIAN_POINT ( 'NONE',  ( -25.54988989496998286, 7.456279627425138834, -2.000000000000043521 ) ) ;
#2146 = LINE ( 'NONE', #1941, #4142 ) ;
#2147 = ORIENTED_EDGE ( 'NONE', *, *, #7712, .T. ) ;
#2148 = CARTESIAN_POINT ( 'NONE',  ( 29.98454266053821016, 4.575461250613955144, -76.59999999999999432 ) ) ;
#2149 = CARTESIAN_POINT ( 'NONE',  ( -29.22057253258907039, -2.520582429040414407, -4.249999999999999112 ) ) ;
#2150 = TOROIDAL_SURFACE ( 'NONE', #917, 2.099999999999973888, 0.5000000000000000000 ) ;
#2151 = AXIS2_PLACEMENT_3D ( 'NONE', #463, #5536, #6188 ) ;
#2152 = DIRECTION ( 'NONE',  ( -1.000000000000000000, 0.000000000000000000, -0.000000000000000000 ) ) ;
#2153 = LINE ( 'NONE', #1230, #3880 ) ;
#2154 = CARTESIAN_POINT ( 'NONE',  ( -31.70067232364704068, 5.654130207078088333, -34.87747172448523969 ) ) ;
#2155 = DIRECTION ( 'NONE',  ( 2.017120320903265181E-16, 1.000000000000000000, -0.000000000000000000 ) ) ;
#2156 = DIRECTION ( 'NONE',  ( -1.000000000000000000, 0.000000000000000000, 0.000000000000000000 ) ) ;
#2157 = VECTOR ( 'NONE', #7673, 1000.000000000000000 ) ;
#2158 = DIRECTION ( 'NONE',  ( -2.017120320903265428E-16, -1.000000000000000000, 0.000000000000000000 ) ) ;
#2159 = ORIENTED_EDGE ( 'NONE', *, *, #127, .T. ) ;
#2160 = DIRECTION ( 'NONE',  ( -1.000000000000000000, 2.891205793294675861E-16, -2.312964634635740689E-15 ) ) ;
#2161 = CARTESIAN_POINT ( 'NONE',  ( -32.61508903694659267, -3.020582429040413519, -7.400000000000003020 ) ) ;
#2162 = ORIENTED_EDGE ( 'NONE', *, *, #8123, .T. ) ;
#2163 = CIRCLE ( 'NONE', #8202, 1.199999999999999734 ) ;
#2164 = CARTESIAN_POINT ( 'NONE',  ( 29.30245345343976027, 8.127111559924658835, -7.694797282789396675 ) ) ;
#2165 = CARTESIAN_POINT ( 'NONE',  ( -31.55551122507989703, 5.901646478838293852, -7.900000000007743495 ) ) ;
#2166 = CARTESIAN_POINT ( 'NONE',  ( -31.02057253258905689, 1.732035711204775286, -76.59999999999999432 ) ) ;
#2167 = DIRECTION ( 'NONE',  ( 0.000000000000000000, 0.000000000000000000, 1.000000000000000000 ) ) ;
#2168 = CARTESIAN_POINT ( 'NONE',  ( -32.43114728361527455, 4.188836649246737487, -36.45323819601200199 ) ) ;
#2169 = FACE_OUTER_BOUND ( 'NONE', #6468, .T. ) ;
#2170 = ORIENTED_EDGE ( 'NONE', *, *, #8709, .T. ) ;
#2171 = CYLINDRICAL_SURFACE ( 'NONE', #6322, 1.000000000000000888 ) ;
#2172 = ORIENTED_EDGE ( 'NONE', *, *, #3718, .F. ) ;
#2173 = AXIS2_PLACEMENT_3D ( 'NONE', #1138, #9059, #918 ) ;
#2174 = DIRECTION ( 'NONE',  ( 0.000000000000000000, 0.000000000000000000, 1.000000000000000000 ) ) ;
#2175 = ORIENTED_EDGE ( 'NONE', *, *, #3133, .F. ) ;
#2176 = ORIENTED_EDGE ( 'NONE', *, *, #9373, .T. ) ;
#2177 = CARTESIAN_POINT ( 'NONE',  ( 21.38486840396625510, 7.479417570959293826, -24.22431579653378719 ) ) ;
#2178 = EDGE_CURVE ( 'NONE', #8440, #1303, #1756, .T. ) ;
#2179 = VECTOR ( 'NONE', #3448, 1000.000000000000000 ) ;
#2180 = CARTESIAN_POINT ( 'NONE',  ( 17.29307800054718669, 7.479417570959298267, -27.38835645901940907 ) ) ;
#2181 = DIRECTION ( 'NONE',  ( 1.000000000000000000, 0.000000000000000000, 0.000000000000000000 ) ) ;
#2182 = CARTESIAN_POINT ( 'NONE',  ( -28.72057253258903842, 8.517091398279601933, -27.05000000000000782 ) ) ;
#2183 = ORIENTED_EDGE ( 'NONE', *, *, #1104, .F. ) ;
#2184 = DIRECTION ( 'NONE',  ( -1.000000000000000000, 0.000000000000000000, 0.000000000000000000 ) ) ;
#2185 = ORIENTED_EDGE ( 'NONE', *, *, #2107, .F. ) ;
#2186 = VECTOR ( 'NONE', #5162, 1000.000000000000000 ) ;
#2187 = CARTESIAN_POINT ( 'NONE',  ( -28.72057253258907039, -2.520582429040414407, -4.249999999999999112 ) ) ;
#2188 = CARTESIAN_POINT ( 'NONE',  ( -31.02057253258905334, 1.027832321093293810, -31.89999999999999147 ) ) ;
#2189 = APPROVAL ( #5823, 'UNSPECIFIED' ) ;
#2190 = CARTESIAN_POINT ( 'NONE',  ( 32.97942746741108522, -4.520582429040437056, 0.000000000000000000 ) ) ;
#2191 = EDGE_CURVE ( 'NONE', #3583, #3036, #3974, .T. ) ;
#2192 = DIRECTION ( 'NONE',  ( 0.000000000000000000, 0.000000000000000000, -1.000000000000000000 ) ) ;
#2193 = CARTESIAN_POINT ( 'NONE',  ( -32.24234547816897845, 4.670841939136024301, -31.19999999999997087 ) ) ;
#2194 = ORIENTED_EDGE ( 'NONE', *, *, #9078, .F. ) ;
#2195 = CARTESIAN_POINT ( 'NONE',  ( 33.03475777744034048, -3.004778650784709182, -2.404720653320637780 ) ) ;
#2196 = CARTESIAN_POINT ( 'NONE',  ( 28.54601065190777831, 8.582565087580164231, -6.581572509365303247 ) ) ;
#2197 = DIRECTION ( 'NONE',  ( 0.000000000000000000, 0.000000000000000000, 1.000000000000000000 ) ) ;
#2198 = CARTESIAN_POINT ( 'NONE',  ( -25.12385221781157796, 7.478720185576634094, -2.000000000000071054 ) ) ;
#2199 = CARTESIAN_POINT ( 'NONE',  ( -31.00648955091098458, 6.629056725761055091, -31.20000000793309880 ) ) ;
#2200 = ORIENTED_EDGE ( 'NONE', *, *, #8709, .F. ) ;
#2201 = CIRCLE ( 'NONE', #142, 10.00000000000000000 ) ;
#2202 = CARTESIAN_POINT ( 'NONE',  ( 30.87787959434041696, 2.380481011071224451, -76.59999999999999432 ) ) ;
#2203 = CALENDAR_DATE ( 2026, 11, 5 ) ;
#2204 = DIRECTION ( 'NONE',  ( -2.017120320903265428E-16, -1.000000000000000000, -0.000000000000000000 ) ) ;
#2205 = EDGE_CURVE ( 'NONE', #7010, #9223, #8845, .T. ) ;
#2206 = AXIS2_PLACEMENT_3D ( 'NONE', #1385, #436, #3446 ) ;
#2207 = EDGE_CURVE ( 'NONE', #5349, #5989, #7706, .T. ) ;
#2208 = CARTESIAN_POINT ( 'NONE',  ( 32.97942746741107101, 1.027832321093527401, -31.19999999999999929 ) ) ;
#2209 = CARTESIAN_POINT ( 'NONE',  ( 32.97942746741108522, -3.372277125821419030, -2.075961696557269587 ) ) ;
#2210 = DIRECTION ( 'NONE',  ( -2.025677196612374621E-16, -1.000000000000000000, -3.697785493223491743E-32 ) ) ;
#2211 = DIRECTION ( 'NONE',  ( -1.000000000000000000, 0.000000000000000000, 0.000000000000000000 ) ) ;
#2212 = VERTEX_POINT ( 'NONE', #2577 ) ;
#2213 = CARTESIAN_POINT ( 'NONE',  ( 33.97942746741107811, -3.020582429040426398, -30.73403830344269849 ) ) ;
#2214 = DIRECTION ( 'NONE',  ( -0.000000000000000000, 0.000000000000000000, -1.000000000000000000 ) ) ;
#2215 = ORIENTED_EDGE ( 'NONE', *, *, #8923, .T. ) ;
#2216 = CARTESIAN_POINT ( 'NONE',  ( -31.80585973915705367, 5.504622745787226101, -7.900000000000003908 ) ) ;
#2217 = CARTESIAN_POINT ( 'NONE',  ( 28.67942746741106319, -2.520582429040425065, -27.04999999999999361 ) ) ;
#2218 = CARTESIAN_POINT ( 'NONE',  ( 26.13765547559253477, 7.607012509370663089, -36.33782232823733693 ) ) ;
#2219 = CARTESIAN_POINT ( 'NONE',  ( 28.07942746741108309, 6.349417570959287715, -66.00000000000000000 ) ) ;
#2220 = VERTEX_POINT ( 'NONE', #5521 ) ;
#2221 = B_SPLINE_CURVE_WITH_KNOTS ( 'NONE', 3,
 ( #3489, #7155, #4157, #3449, #490, #535, #6430, #1408, #2035, #7946, #7204, #580, #3537, #6480, #9463, #2817, #5758, #8726 ),
 .UNSPECIFIED., .F., .F.,
 ( 4, 2, 2, 2, 2, 2, 2, 2, 4 ),
 ( 8.673617379884034509E-19, 0.0006344196346990277086, 0.0009516294520485414545, 0.001268839269398055200, 0.001903258904097081608, 0.002537678538796107799, 0.003172098173495134423, 0.003806517808194159747, 0.005075357077592218200 ),
 .UNSPECIFIED. ) ;
#2222 = VECTOR ( 'NONE', #6412, 1000.000000000000000 ) ;
#2223 = VERTEX_POINT ( 'NONE', #7804 ) ;
#2224 = CARTESIAN_POINT ( 'NONE',  ( -28.25990956668379539, 6.445034053328798862, -2.141997813916399540 ) ) ;
#2225 = EDGE_CURVE ( 'NONE', #345, #3258, #1266, .T. ) ;
#2226 = ORIENTED_EDGE ( 'NONE', *, *, #2318, .F. ) ;
#2227 = ORIENTED_EDGE ( 'NONE', *, *, #9140, .F. ) ;
#2228 = ADVANCED_FACE ( 'NONE', ( #8541 ), #7210, .F. ) ;
#2229 = CARTESIAN_POINT ( 'NONE',  ( 19.53724210913817316, 8.479417570959274286, -5.129155069008986878 ) ) ;
#2230 = CARTESIAN_POINT ( 'NONE',  ( 24.55376181991776008, 7.479417570959293826, -11.56797357944875770 ) ) ;
#2231 = CYLINDRICAL_SURFACE ( 'NONE', #8651, 0.5000000000000004441 ) ;
#2232 = CARTESIAN_POINT ( 'NONE',  ( -31.26965845134706967, 6.280378773161319650, -24.89999999999999858 ) ) ;
#2233 = ORIENTED_EDGE ( 'NONE', *, *, #6831, .F. ) ;
#2234 = CARTESIAN_POINT ( 'NONE',  ( -30.35891782078561008, 4.972144126400539932, -78.65062618244753878 ) ) ;
#2235 = ORIENTED_EDGE ( 'NONE', *, *, #4225, .T. ) ;
#2236 = EDGE_CURVE ( 'NONE', #911, #4977, #7048, .T. ) ;
#2237 = CARTESIAN_POINT ( 'NONE',  ( 26.85340877129149462, 9.241544453276629767, -0.000000000000000000 ) ) ;
#2238 = DIRECTION ( 'NONE',  ( -2.017120320903265181E-16, -1.000000000000000000, 0.000000000000000000 ) ) ;
#2239 = CARTESIAN_POINT ( 'NONE',  ( 28.32343579251608645, 6.369014129887037967, -30.77776427070792664 ) ) ;
#2240 = CYLINDRICAL_SURFACE ( 'NONE', #5722, 0.5000000000000004441 ) ;
#2241 = LINE ( 'NONE', #5184, #307 ) ;
#2242 = VERTEX_POINT ( 'NONE', #4988 ) ;
#2243 = CARTESIAN_POINT ( 'NONE',  ( -32.61885819276957932, -3.020582429040413519, -30.19999999999977547 ) ) ;
#2244 = CARTESIAN_POINT ( 'NONE',  ( -32.56290286246224497, -3.015844687086083997, -30.28388610358755173 ) ) ;
#2245 = ORIENTED_EDGE ( 'NONE', *, *, #5798, .T. ) ;
#2246 = CARTESIAN_POINT ( 'NONE',  ( -31.02057253258905334, 1.027832321093290258, -2.000000000000057288 ) ) ;
#2247 = CARTESIAN_POINT ( 'NONE',  ( -29.98246725465120122, 7.160675837940963184, -30.51252660539736894 ) ) ;
#2248 = VERTEX_POINT ( 'NONE', #6486 ) ;
#2249 = CARTESIAN_POINT ( 'NONE',  ( 25.00262547681645842, 7.479370916663700797, -76.59999999999999432 ) ) ;
#2250 = CARTESIAN_POINT ( 'NONE',  ( 30.82942746741106532, 10.01696613767508381, -28.54999999999999716 ) ) ;
#2251 = CARTESIAN_POINT ( 'NONE',  ( -33.43723919925573540, -4.520582429040413963, -25.69819455862472779 ) ) ;
#2252 = CARTESIAN_POINT ( 'NONE',  ( 32.30218682311392087, 2.786044351288256227, -30.70000000000008100 ) ) ;
#2253 = DIRECTION ( 'NONE',  ( 0.000000000000000000, -1.000000000000000000, -3.255019511200714601E-31 ) ) ;
#2254 = ADVANCED_FACE ( 'NONE', ( #7952 ), #8296, .T. ) ;
#2255 = CARTESIAN_POINT ( 'NONE',  ( 33.97942746741107811, -3.520582429040425954, -24.88596169655730250 ) ) ;
#2256 = ADVANCED_FACE ( 'NONE', ( #1166 ), #4113, .T. ) ;
#2257 = DIRECTION ( 'NONE',  ( -1.000000000000000000, 0.000000000000000000, 0.000000000000000000 ) ) ;
#2258 = ADVANCED_FACE ( 'NONE', ( #8582 ), #6914, .T. ) ;
#2259 = DIRECTION ( 'NONE',  ( 2.017120320903265181E-16, 1.000000000000000000, -0.000000000000000000 ) ) ;
#2260 = CARTESIAN_POINT ( 'NONE',  ( -28.72057253666569920, 8.517091395993373837, -5.930176473861905606 ) ) ;
#2261 = DIRECTION ( 'NONE',  ( -2.017120320903265181E-16, -1.000000000000000000, 0.000000000000000000 ) ) ;
#2262 = ORIENTED_EDGE ( 'NONE', *, *, #7761, .F. ) ;
#2263 = LINE ( 'NONE', #9006, #8189 ) ;
#2264 = CARTESIAN_POINT ( 'NONE',  ( -30.02057253258905334, 1.027832321093293810, -77.59999999999999432 ) ) ;
#2265 = CARTESIAN_POINT ( 'NONE',  ( 30.74452878163532077, 7.221588560714004679, -36.51928648691394130 ) ) ;
#2266 = CARTESIAN_POINT ( 'NONE',  ( 31.79992234335610846, 5.523350905339711403, -8.399999999950445329 ) ) ;
#2267 = ORIENTED_EDGE ( 'NONE', *, *, #9611, .F. ) ;
#2268 = EDGE_CURVE ( 'NONE', #8921, #5806, #3606, .T. ) ;
#2269 = CARTESIAN_POINT ( 'NONE',  ( -32.61508903694605976, -3.520582429040413963, -2.599999999999996980 ) ) ;
#2270 = ORIENTED_EDGE ( 'NONE', *, *, #3910, .T. ) ;
#2271 = ORIENTED_EDGE ( 'NONE', *, *, #904, .F. ) ;
#2272 = CARTESIAN_POINT ( 'NONE',  ( 22.51771368377073657, 7.479417570959296491, -22.78219696499616731 ) ) ;
#2273 = CARTESIAN_POINT ( 'NONE',  ( 31.87942746741113353, 5.479417570959574491, -5.000000000000004441 ) ) ;
#2274 = CARTESIAN_POINT ( 'NONE',  ( 27.47942746741110298, -2.520582429040425509, -79.59999999999999432 ) ) ;
#2275 = CARTESIAN_POINT ( 'NONE',  ( 22.32639410272541980, 7.479417570959293826, -23.05553359484130738 ) ) ;
#2276 = B_SPLINE_SURFACE_WITH_KNOTS ( 'NONE', 1, 3, ( 
 ( #6778, #3110, #9026, #4599, #7560, #3888, #6830, #9074, #8341, #3397, #8483, #9263, #4063, #1842, #2625, #1256, #8672, #7053, #9319, #9460, #7106, #6428, #1970, #4794, #5602, #5701, #7152, #7013, #4925, #5509, #4246, #531, #6382, #488, #2673, #6288, #5562, #3348, #7892, #8574, #6476, #4199, #1202, #7750, #4838, #1116, #3487, #1928, #4106, #9406, #2762, #437, #2031, #4877, #8532, #9362, #6337, #1889, #7837, #4980, #7942, #7795, #1304, #1156, #7200, #394, #3534, #4152, #3447, #2715, #576, #5647, #8615, #8723, #4344, #9555, #3675, #3727, #8866, #2078, #2905, #3004, #4440, #4291, #2229, #6719, #1548, #7399, #6617, #7353, #5852, #3586, #2862, #631 ),
 ( #8765, #6527, #2814, #5169, #8139, #5953, #9604, #722, #6674, #4496, #7457, #2957, #5025, #775, #2177, #5125, #1496, #3776, #2272, #8188, #9505, #7987, #1347, #7253, #36, #826, #8913, #5801, #8095, #5215, #2124, #5904, #5071, #6575, #1452, #8040, #1405, #7308, #675, #3633, #4388, #871, #8551, #6269, #5360, #7547, #3329, #7774, #3877, #8460, #3822, #1910, #2651, #4046, #9292, #4818, #6308, #4860, #4124, #5586, #4086, #7815, #4590, #4547, #1816, #6765, #6053, #7731, #1180, #8963, #8511, #375, #85, #7502, #133, #4771, #9016, #1093, #3097, #194, #3046, #6001, #2333, #2383, #5316, #1866, #6099, #6995, #8286, #5535, #5272, #415, #2597, #1644 ) ),
 .UNSPECIFIED., .F., .F., .F.,
 ( 2, 2 ),
 ( 4, 2, 2, 2, 2, 2, 2, 2, 2, 2, 2, 2, 2, 2, 2, 2, 2, 2, 2, 2, 2, 2, 2, 2, 2, 2, 2, 2, 2, 2, 2, 2, 2, 2, 2, 2, 2, 2, 2, 2, 2, 2, 2, 2, 2, 2, 4 ),
 ( 0.000000000000000000, 1.000000000000000000 ),
 ( 0.000000000000000000, 0.002007704749785914258, 0.003011557124678871170, 0.004015409499571828515, 0.004517335687018307622, 0.005019261874464785861, 0.005521188061911264100, 0.006023114249357742339, 0.007026966624250699685, 0.008030818999143657030, 0.008532745186590137004, 0.009034671374036615243, 0.009285634467759854363, 0.009536597561483093483, 0.01003852374892957172, 0.01104237612382252820, 0.01204622849871548468, 0.01305008087360844116, 0.01355200706105491940, 0.01380297015477816025, 0.01405393324850139937, 0.01455585943594787934, 0.01505778562339435758, 0.01606163799828731406, 0.01706549037318027401, 0.01756741656062675225, 0.01806934274807323049, 0.01857126893551970873, 0.01907319512296618697, 0.01957512131041266520, 0.02007704749785914344, 0.02108089987275209992, 0.02208475224764505640, 0.02258667843509153464, 0.02308860462253801288, 0.02359053080998449112, 0.02409245699743096936, 0.02459438318487744760, 0.02509630937232392583, 0.02610016174721688231, 0.02710401412210983879, 0.02760594030955632050, 0.02810786649700279874, 0.02860979268444927698, 0.02911171887189575869, 0.03011557124678871517, 0.03212327599657462812 ),
 .UNSPECIFIED. ) ;
#2277 = FACE_OUTER_BOUND ( 'NONE', #2122, .T. ) ;
#2278 = CARTESIAN_POINT ( 'NONE',  ( -31.26965845134706257, 6.280378773161318762, -24.39999999999999858 ) ) ;
#2279 = ORIENTED_EDGE ( 'NONE', *, *, #6333, .F. ) ;
#2280 = CARTESIAN_POINT ( 'NONE',  ( -29.37768623241685262, 8.103724848281197879, -7.723490679647421864 ) ) ;
#2281 = VERTEX_POINT ( 'NONE', #9514 ) ;
#2282 = CARTESIAN_POINT ( 'NONE',  ( 32.97942746741107811, 1.566050708209013820, -0.000000000000000000 ) ) ;
#2283 = FACE_BOUND ( 'NONE', #3975, .T. ) ;
#2284 = AXIS2_PLACEMENT_3D ( 'NONE', #9431, #7128, #2098 ) ;
#2285 = DIRECTION ( 'NONE',  ( 1.000000000000000000, 1.250608365883192617E-15, -0.000000000000000000 ) ) ;
#2286 = CARTESIAN_POINT ( 'NONE',  ( 28.67942746741109161, 8.209411367207925636, -5.750000000000004441 ) ) ;
#2287 = ADVANCED_FACE ( 'NONE', ( #7951 ), #2085, .T. ) ;
#2288 = DIRECTION ( 'NONE',  ( -1.000000000000000000, -0.000000000000000000, -0.000000000000000000 ) ) ;
#2289 = FACE_OUTER_BOUND ( 'NONE', #3064, .T. ) ;
#2290 = DIRECTION ( 'NONE',  ( 0.000000000000000000, 0.000000000000000000, 1.000000000000000000 ) ) ;
#2291 = ORIENTED_EDGE ( 'NONE', *, *, #4384, .F. ) ;
#2292 = CARTESIAN_POINT ( 'NONE',  ( -32.80303243039767835, 2.984080111820181624, -77.59999999999999432 ) ) ;
#2293 = CARTESIAN_POINT ( 'NONE',  ( 29.63407763484055124, 7.887772638317561480, -7.942807524262803121 ) ) ;
#2294 =( BOUNDED_SURFACE ( )  B_SPLINE_SURFACE ( 3, 2, ( 
 ( #9179, #2539, #1798 ),
 ( #4751, #1306, #9322 ),
 ( #5027, #7895, #1351 ),
 ( #9366, #5707, #7108 ),
 ( #3635, #6386, #4294 ),
 ( #7258, #9409, #5803 ) ),
 .UNSPECIFIED., .F., .F., .T. ) 
 B_SPLINE_SURFACE_WITH_KNOTS ( ( 4, 2, 4 ),
 ( 3, 3 ),
 ( 0.000000000000000000, 0.0002801015081531142530, 0.0005602030163062285059 ),
 ( 0.000000000000000000, 1.000000000000000000 ),
 .UNSPECIFIED. ) 
 GEOMETRIC_REPRESENTATION_ITEM ( )  RATIONAL_B_SPLINE_SURFACE ( (
 ( 1.000000000000000000, 0.7071067811865482389, 1.000000000000000000),
 ( 1.000000000000000000, 0.6971300781283163994, 1.000000000000000000),
 ( 1.000000000000000000, 0.6910082080195077969, 1.000000000000000000),
 ( 1.000000000000000000, 0.6904803751355143016, 1.000000000000000000),
 ( 1.000000000000000000, 0.6961604135273556926, 1.000000000000000000),
 ( 1.000000000000000000, 0.7071067811865854313, 1.000000000000000000) ) ) 
 REPRESENTATION_ITEM ( '' )  SURFACE ( )  );
#2295 = ORIENTED_EDGE ( 'NONE', *, *, #5930, .T. ) ;
#2296 = CARTESIAN_POINT ( 'NONE',  ( -30.75549643349920714, 3.456363420285003318, -79.44378340787569925 ) ) ;
#2297 = CIRCLE ( 'NONE', #6915, 1.000000000000000888 ) ;
#2298 = ORIENTED_EDGE ( 'NONE', *, *, #2112, .F. ) ;
#2299 = CARTESIAN_POINT ( 'NONE',  ( 27.87088715872037170, 6.670065204841966633, -76.59999999999999432 ) ) ;
#2300 = DIRECTION ( 'NONE',  ( 1.000000000000000000, 0.000000000000000000, 0.000000000000000000 ) ) ;
#2301 = EDGE_CURVE ( 'NONE', #1848, #3443, #9415, .T. ) ;
#2302 = TOROIDAL_SURFACE ( 'NONE', #4457, 2.100000000000003642, 0.5000000000000000000 ) ;
#2303 = AXIS2_PLACEMENT_3D ( 'NONE', #5152, #8072, #7286 ) ;
#2304 = AXIS2_PLACEMENT_3D ( 'NONE', #2269, #2120, #627 ) ;
#2305 = CARTESIAN_POINT ( 'NONE',  ( 32.63624460303811503, 3.456915091665801132, -77.52181224639851109 ) ) ;
#2306 = CARTESIAN_POINT ( 'NONE',  ( -32.52057253258906400, -2.520582429040414407, -25.39999999999999147 ) ) ;
#2307 = FACE_OUTER_BOUND ( 'NONE', #7714, .T. ) ;
#2308 = FACE_OUTER_BOUND ( 'NONE', #7824, .T. ) ;
#2309 = CARTESIAN_POINT ( 'NONE',  ( -32.72327649463728250, 3.339222536867091584, -8.400000000000025224 ) ) ;
#2310 = CARTESIAN_POINT ( 'NONE',  ( 21.18546332111802855, 8.479417570959272510, -23.00007462404110470 ) ) ;
#2311 = VECTOR ( 'NONE', #8208, 1000.000000000000000 ) ;
#2312 = TOROIDAL_SURFACE ( 'NONE', #8029, 2.749999999999998668, 0.5000000000000000000 ) ;
#2313 = ORIENTED_EDGE ( 'NONE', *, *, #5985, .T. ) ;
#2314 = CARTESIAN_POINT ( 'NONE',  ( -29.16270258214685285, 8.250832999114964039, -7.070747717069496119 ) ) ;
#2315 = CARTESIAN_POINT ( 'NONE',  ( 29.11517938017238194, 6.349417570954670964, -75.92255926993702531 ) ) ;
#2316 = ORIENTED_EDGE ( 'NONE', *, *, #6173, .F. ) ;
#2317 = EDGE_CURVE ( 'NONE', #3939, #6497, #4255, .T. ) ;
#2318 = EDGE_CURVE ( 'NONE', #6821, #6195, #7768, .T. ) ;
#2319 = DIRECTION ( 'NONE',  ( 0.000000000000000000, 0.000000000000000000, 1.000000000000000000 ) ) ;
#2320 = CARTESIAN_POINT ( 'NONE',  ( -28.83290527893778687, 8.447321422527968693, -2.898286826828440077 ) ) ;
#2321 = TOROIDAL_SURFACE ( 'NONE', #4149, 1.650000000000000799, 0.5000000000000000000 ) ;
#2322 = CIRCLE ( 'NONE', #1846, 0.5000000000000005551 ) ;
#2323 = DIRECTION ( 'NONE',  ( 1.000000000000000000, -2.589139516383305650E-16, 0.000000000000000000 ) ) ;
#2324 = ORIENTED_EDGE ( 'NONE', *, *, #1018, .F. ) ;
#2325 = CIRCLE ( 'NONE', #7730, 4.000000000000000000 ) ;
#2326 = CARTESIAN_POINT ( 'NONE',  ( -29.34804657768426139, 7.759326536322367573, -30.07604717200958078 ) ) ;
#2327 = VERTEX_POINT ( 'NONE', #8970 ) ;
#2328 = CIRCLE ( 'NONE', #618, 2.000000000000000444 ) ;
#2329 = EDGE_LOOP ( 'NONE', ( #3061, #8284, #7687, #335 ) ) ;
#2330 = CIRCLE ( 'NONE', #7091, 1.649999999999998579 ) ;
#2331 = ADVANCED_FACE ( 'NONE', ( #6680 ), #5960, .T. ) ;
#2332 = B_SPLINE_CURVE_WITH_KNOTS ( 'NONE', 3,
 ( #9509, #8678, #2129, #9464, #2036, #5759 ),
 .UNSPECIFIED., .F., .F.,
 ( 4, 2, 4 ),
 ( 0.0006694415281913352906, 0.0008675470708275419447, 0.001065652613463748599 ),
 .UNSPECIFIED. ) ;
#2333 = CARTESIAN_POINT ( 'NONE',  ( 20.57121040276536661, 7.479417570959294714, -4.718982503376754067 ) ) ;
#2334 = DIRECTION ( 'NONE',  ( -2.017120320903265181E-16, -1.000000000000000000, 0.000000000000000000 ) ) ;
#2335 = CARTESIAN_POINT ( 'NONE',  ( 32.63624460296012586, 3.456915091936417106, -67.23910009110915098 ) ) ;
#2336 = CARTESIAN_POINT ( 'NONE',  ( 23.37879053289516307, 7.479417570959292050, -21.34166504575149759 ) ) ;
#2337 = TOROIDAL_SURFACE ( 'NONE', #9606, 1.100000000000000755, 0.5000000000000000000 ) ;
#2338 = CARTESIAN_POINT ( 'NONE',  ( 33.97942746741107811, -4.520582429040427286, -24.88596169655730250 ) ) ;
#2339 = CARTESIAN_POINT ( 'NONE',  ( -29.51239294972954141, 8.011138801391957998, -25.36891650532866294 ) ) ;
#2340 = VERTEX_POINT ( 'NONE', #683 ) ;
#2341 = CARTESIAN_POINT ( 'NONE',  ( -30.60285197504228449, 4.263594006682454030, -79.13849449096269950 ) ) ;
#2342 = ORIENTED_EDGE ( 'NONE', *, *, #5982, .F. ) ;
#2343 = CARTESIAN_POINT ( 'NONE',  ( 32.97942746741107811, 1.027832321093519186, 0.000000000000000000 ) ) ;
#2344 = DIRECTION ( 'NONE',  ( 0.000000000000000000, 1.000000000000000000, 0.000000000000000000 ) ) ;
#2345 = VECTOR ( 'NONE', #8878, 1000.000000000000000 ) ;
#2346 = DIRECTION ( 'NONE',  ( 0.000000000000000000, 1.000000000000000000, 0.000000000000000000 ) ) ;
#2347 = CARTESIAN_POINT ( 'NONE',  ( 30.82942746741109019, -3.020582429040425954, -5.750000000000000888 ) ) ;
#2348 = CARTESIAN_POINT ( 'NONE',  ( 32.38356115765407850, 4.240298329926613263, -1.599999999996914557 ) ) ;
#2349 = CARTESIAN_POINT ( 'NONE',  ( -33.14557253258907821, -3.520582429040413075, -29.51568901034156411 ) ) ;
#2350 = ORIENTED_EDGE ( 'NONE', *, *, #369, .F. ) ;
#2351 = DIRECTION ( 'NONE',  ( 0.000000000000000000, -1.000000000000000000, 0.000000000000000000 ) ) ;
#2352 = CARTESIAN_POINT ( 'NONE',  ( 29.78591867237223667, 7.769823529181294042, -8.032666992741226863 ) ) ;
#2353 = ORIENTED_EDGE ( 'NONE', *, *, #2423, .T. ) ;
#2354 = CIRCLE ( 'NONE', #953, 2.149999999999999023 ) ;
#2355 = CARTESIAN_POINT ( 'NONE',  ( -31.02057253258905334, 1.027832321093293810, -79.59999999999999432 ) ) ;
#2356 = VERTEX_POINT ( 'NONE', #8922 ) ;
#2357 = CARTESIAN_POINT ( 'NONE',  ( 24.82346504644565854, 7.479417570959294714, -76.60000000000003695 ) ) ;
#2358 = FACE_OUTER_BOUND ( 'NONE', #5754, .T. ) ;
#2359 = EDGE_CURVE ( 'NONE', #7962, #1862, #1275, .T. ) ;
#2360 = ADVANCED_FACE ( 'NONE', ( #6626 ), #4697, .T. ) ;
#2361 = AXIS2_PLACEMENT_3D ( 'NONE', #7235, #5055, #3714 ) ;
#2362 = EDGE_CURVE ( 'NONE', #9369, #3831, #1053, .T. ) ;
#2363 = DIRECTION ( 'NONE',  ( -0.000000000000000000, 1.000000000000000000, -0.000000000000000000 ) ) ;
#2364 = CARTESIAN_POINT ( 'NONE',  ( 31.77456037239658571, 4.485784930914528346, -30.70000000000000639 ) ) ;
#2365 = DIRECTION ( 'NONE',  ( 1.000000000000000000, -2.589139516383305650E-16, 0.000000000000000000 ) ) ;
#2366 = DIRECTION ( 'NONE',  ( -1.000000000000000000, 0.000000000000000000, 0.000000000000000000 ) ) ;
#2367 = LINE ( 'NONE', #7631, #7869 ) ;
#2368 = FACE_OUTER_BOUND ( 'NONE', #3520, .T. ) ;
#2369 = CIRCLE ( 'NONE', #5744, 0.5000000000000004441 ) ;
#2370 = CARTESIAN_POINT ( 'NONE',  ( 29.97942746741107456, 1.027832321093488988, -77.59999999999999432 ) ) ;
#2371 = CARTESIAN_POINT ( 'NONE',  ( 29.18018661329068664, 6.351848140341108895, -65.99999999999998579 ) ) ;
#2372 = CARTESIAN_POINT ( 'NONE',  ( -26.72057253258905973, -2.520582429040413963, -13.70949163493116352 ) ) ;
#2373 = VERTEX_POINT ( 'NONE', #9481 ) ;
#2374 = DIRECTION ( 'NONE',  ( 2.017120320903265428E-16, 1.000000000000000000, 0.000000000000000000 ) ) ;
#2375 = CARTESIAN_POINT ( 'NONE',  ( -29.16058874813332125, 8.252217820822853156, -2.931889376809791337 ) ) ;
#2377 = EDGE_CURVE ( 'NONE', #5349, #481, #6646, .T. ) ;
#2376 = CARTESIAN_POINT ( 'NONE',  ( 31.28891985941481479, 6.219077083821156648, -34.44989418104321288 ) ) ;
#2378 = DIRECTION ( 'NONE',  ( 0.000000000000000000, 0.000000000000000000, 1.000000000000000000 ) ) ;
#2379 = ORIENTED_EDGE ( 'NONE', *, *, #301, .T. ) ;
#2380 = CARTESIAN_POINT ( 'NONE',  ( -30.87057253258903700, 5.979163850806762603, -30.69999999999999929 ) ) ;
#2381 = ORIENTED_EDGE ( 'NONE', *, *, #3622, .T. ) ;
#2382 = ORIENTED_EDGE ( 'NONE', *, *, #9138, .T. ) ;
#2383 = CARTESIAN_POINT ( 'NONE',  ( 20.32395625405607120, 7.479417570959292938, -4.490647034217136735 ) ) ;
#2384 = CARTESIAN_POINT ( 'NONE',  ( 32.47942746741107101, -2.946429777430922936, -2.337980848278633061 ) ) ;
#2385 = FACE_OUTER_BOUND ( 'NONE', #3926, .T. ) ;
#2386 = LINE ( 'NONE', #6239, #5105 ) ;
#2387 = LINE ( 'NONE', #4444, #8344 ) ;
#2388 = EDGE_LOOP ( 'NONE', ( #5185, #2464, #8841, #8329 ) ) ;
#2389 = EDGE_CURVE ( 'NONE', #8440, #8864, #2030, .T. ) ;
#2390 = ORIENTED_EDGE ( 'NONE', *, *, #9553, .F. ) ;
#2391 = CARTESIAN_POINT ( 'NONE',  ( 32.97942746741108522, -4.520582429040437056, -2.075961696557299341 ) ) ;
#2392 = DIRECTION ( 'NONE',  ( 1.250608365883192617E-15, -1.000000000000000000, -0.000000000000000000 ) ) ;
#2393 = AXIS2_PLACEMENT_3D ( 'NONE', #5738, #5890, #8654 ) ;
#2394 = CARTESIAN_POINT ( 'NONE',  ( 27.47942746741109588, 6.882466451305255362, -4.036113527642625876 ) ) ;
#2395 = PLANE ( 'NONE',  #4169 ) ;
#2396 = CARTESIAN_POINT ( 'NONE',  ( -30.87057253258902989, 5.979163850806775038, -24.89999999999999858 ) ) ;
#2397 = LINE ( 'NONE', #4456, #8039 ) ;
#2398 = VERTEX_POINT ( 'NONE', #5882 ) ;
#2399 = LOCAL_TIME ( 14, 18, 13.00000000000000000, #8010 ) ;
#2400 = CARTESIAN_POINT ( 'NONE',  ( 33.39609413407774952, -3.520582429040425065, -25.69819455862472424 ) ) ;
#2401 = CARTESIAN_POINT ( 'NONE',  ( 29.19440605966531521, 8.198863044308369652, -7.596385778596174809 ) ) ;
#2402 = ORIENTED_EDGE ( 'NONE', *, *, #2846, .F. ) ;
#2403 = CARTESIAN_POINT ( 'NONE',  ( 30.72538377457304293, 6.900814492707592507, -2.060362922419905374 ) ) ;
#2404 = ADVANCED_FACE ( 'NONE', ( #12, #1369 ), #2879, .T. ) ;
#2405 = ORIENTED_EDGE ( 'NONE', *, *, #1177, .F. ) ;
#2406 = CARTESIAN_POINT ( 'NONE',  ( 26.37726715356127727, 7.308179587693372170, -76.59999999999998010 ) ) ;
#2407 = CARTESIAN_POINT ( 'NONE',  ( 30.84903816310501767, 2.349417570959282386, -79.59999999999995168 ) ) ;
#2408 = CARTESIAN_POINT ( 'NONE',  ( 31.77456037322742688, 4.485784931348273830, -30.70000000000002061 ) ) ;
#2409 = EDGE_CURVE ( 'NONE', #8433, #1288, #9009, .T. ) ;
#2410 = CARTESIAN_POINT ( 'NONE',  ( 23.76939157490029331, 8.479417570959277839, -12.40036936703901738 ) ) ;
#2411 = ADVANCED_FACE ( 'NONE', ( #3508 ), #2981, .F. ) ;
#2412 = CARTESIAN_POINT ( 'NONE',  ( 28.79262011024112411, 2.349417570959280166, -38.78000000000002956 ) ) ;
#2413 = CARTESIAN_POINT ( 'NONE',  ( 30.82942746741106177, -3.020582429040425954, -25.39999999999999503 ) ) ;
#2414 = CARTESIAN_POINT ( 'NONE',  ( 32.47942746741108522, -2.520582429040428174, -1.599999999999996758 ) ) ;
#2415 = CARTESIAN_POINT ( 'NONE',  ( 32.72566128427791909, 3.166488245061664486, -79.56308797781440489 ) ) ;
#2416 = CARTESIAN_POINT ( 'NONE',  ( 30.34282266969389497, 3.899490767818186487, -76.59999999999999432 ) ) ;
#2417 = CARTESIAN_POINT ( 'NONE',  ( 29.13540642403369674, 6.351331184857456513, -66.57842442092423596 ) ) ;
#2418 = ORIENTED_EDGE ( 'NONE', *, *, #6078, .T. ) ;
#2419 = B_SPLINE_CURVE_WITH_KNOTS ( 'NONE', 3,
 ( #9333, #8545, #1128, #5524, #7720, #1767, #3986, #8410, #7023, #4037, #1937, #1902, #6259, #990, #4888, #2688 ),
 .UNSPECIFIED., .F., .F.,
 ( 4, 2, 2, 2, 2, 2, 2, 4 ),
 ( 0.000000000000000000, 0.001269140987927068042, 0.001903711481890605316, 0.002538281975854142589, 0.003172852469817679863, 0.003807422963781217570, 0.004441993457744754410, 0.005076563951708292118 ),
 .UNSPECIFIED. ) ;
#2420 = CARTESIAN_POINT ( 'NONE',  ( -29.67507581231021518, 7.887865967839346126, -30.74293956193683997 ) ) ;
#2421 = CARTESIAN_POINT ( 'NONE',  ( -28.82930540250355378, 8.455018370230106939, -3.550419700889335228 ) ) ;
#2422 = CARTESIAN_POINT ( 'NONE',  ( 31.80280228019093869, 6.349417571007387018, -38.57735687342556474 ) ) ;
#2423 = EDGE_CURVE ( 'NONE', #2074, #1618, #2662, .T. ) ;
#2424 = ORIENTED_EDGE ( 'NONE', *, *, #4953, .T. ) ;
#2425 = ADVANCED_FACE ( 'NONE', ( #6697 ), #8074, .T. ) ;
#2426 = CARTESIAN_POINT ( 'NONE',  ( 25.52174440978197012, 9.464623827848983595, -5.551115123125782702E-14 ) ) ;
#2427 = ORIENTED_EDGE ( 'NONE', *, *, #7647, .T. ) ;
#2428 = EDGE_LOOP ( 'NONE', ( #3607, #2950, #8716, #7270 ) ) ;
#2429 = EDGE_CURVE ( 'NONE', #3036, #5213, #3023, .T. ) ;
#2430 = DIRECTION ( 'NONE',  ( 0.000000000000000000, -0.000000000000000000, -1.000000000000000000 ) ) ;
#2431 = CARTESIAN_POINT ( 'NONE',  ( -28.75051058625626155, 8.502603569650821314, -0.000000000000000000 ) ) ;
#2432 = CARTESIAN_POINT ( 'NONE',  ( -27.56458165650838055, 6.861296713368612465, -29.17476175650203274 ) ) ;
#2433 = CARTESIAN_POINT ( 'NONE',  ( 30.62849965158217103, 6.307269012660717600, -24.89999999999999858 ) ) ;
#2434 = CARTESIAN_POINT ( 'NONE',  ( -21.19158326773951373, 7.479417570959294714, -2.000000000000002665 ) ) ;
#2435 = ORIENTED_EDGE ( 'NONE', *, *, #4695, .F. ) ;
#2436 = CARTESIAN_POINT ( 'NONE',  ( -28.81687925014483653, 8.148436476227480796, -29.20776617436992240 ) ) ;
#2437 = EDGE_LOOP ( 'NONE', ( #1716, #8984, #7695, #435 ) ) ;
#2438 = FACE_BOUND ( 'NONE', #4253, .T. ) ;
#2439 = LINE ( 'NONE', #3928, #2605 ) ;
#2440 = CARTESIAN_POINT ( 'NONE',  ( 28.09808338162674346, 6.525927449510023237, -2.299887449675306339 ) ) ;
#2441 = DIRECTION ( 'NONE',  ( -1.387778780781445922E-16, 1.000000000000000000, 0.000000000000000000 ) ) ;
#2442 = EDGE_CURVE ( 'NONE', #6396, #8613, #1621, .T. ) ;
#2443 = EDGE_CURVE ( 'NONE', #3017, #4742, #7450, .T. ) ;
#2444 = LINE ( 'NONE', #1246, #4471 ) ;
#2445 = VERTEX_POINT ( 'NONE', #9229 ) ;
#2446 = CARTESIAN_POINT ( 'NONE',  ( 33.97942746741113496, -3.520582429040425509, -5.000000000000004441 ) ) ;
#2447 = ORIENTED_EDGE ( 'NONE', *, *, #1784, .F. ) ;
#2448 = CARTESIAN_POINT ( 'NONE',  ( 24.72942746741108522, 7.349417570959288604, -48.50000000000002132 ) ) ;
#2449 = VERTEX_POINT ( 'NONE', #4111 ) ;
#2450 = CARTESIAN_POINT ( 'NONE',  ( 21.12668348326615586, 7.479417570959292938, -2.000000000000015543 ) ) ;
#2451 = CARTESIAN_POINT ( 'NONE',  ( -26.73249386158750696, 7.208071689807344917, -13.63389967305689332 ) ) ;
#2452 = EDGE_CURVE ( 'NONE', #6265, #7157, #5584, .T. ) ;
#2453 = B_SPLINE_CURVE_WITH_KNOTS ( 'NONE', 3,
 ( #1768, #4762, #2587, #3946, #4673, #3320 ),
 .UNSPECIFIED., .F., .F.,
 ( 4, 2, 4 ),
 ( 0.000000000000000000, 0.0001441556908346062951, 0.0002883113816692125901 ),
 .UNSPECIFIED. ) ;
#2454 = CARTESIAN_POINT ( 'NONE',  ( -30.87057253258905121, 9.481417570959296270, -23.69999999999999929 ) ) ;
#2455 = AXIS2_PLACEMENT_3D ( 'NONE', #2915, #7314, #1414 ) ;
#2456 = CARTESIAN_POINT ( 'NONE',  ( 26.47942746741107811, 6.349417570959293933, -66.00000000000000000 ) ) ;
#2457 = CARTESIAN_POINT ( 'NONE',  ( 27.42235992659532684, 7.289233114696970439, -36.59601626172144506 ) ) ;
#2458 = CARTESIAN_POINT ( 'NONE',  ( 29.41876599425958005, 7.665557585019374010, -7.378859716621259501 ) ) ;
#2459 = LINE ( 'NONE', #5303, #4781 ) ;
#2460 = CARTESIAN_POINT ( 'NONE',  ( 32.76142075744306226, 2.986784679284400834, -77.59999998902237905 ) ) ;
#2461 = CARTESIAN_POINT ( 'NONE',  ( 20.35785710965352635, 8.479417570959270734, -23.94710726848606086 ) ) ;
#2462 = CARTESIAN_POINT ( 'NONE',  ( -26.72340098716642132, 9.283318794717771993, -13.70679678693135806 ) ) ;
#2463 = CARTESIAN_POINT ( 'NONE',  ( 30.46852221611603184, 6.006783517940902151, -76.43795105293645520 ) ) ;
#2464 = ORIENTED_EDGE ( 'NONE', *, *, #8544, .F. ) ;
#2465 = VECTOR ( 'NONE', #1097, 1000.000000000000000 ) ;
#2466 = PLANE ( 'NONE',  #5398 ) ;
#2467 = CARTESIAN_POINT ( 'NONE',  ( -28.44613486920354006, 8.655815229973258695, -4.250000000000003553 ) ) ;
#2468 = CARTESIAN_POINT ( 'NONE',  ( 32.63624460303800845, 3.456915091666158624, -38.78000000000005087 ) ) ;
#2469 = DIRECTION ( 'NONE',  ( 0.000000000000000000, 1.000000000000000000, 0.000000000000000000 ) ) ;
#2470 = VERTEX_POINT ( 'NONE', #5478 ) ;
#2471 = VECTOR ( 'NONE', #4404, 1000.000000000000000 ) ;
#2472 = VECTOR ( 'NONE', #9281, 1000.000000000000000 ) ;
#2473 = CARTESIAN_POINT ( 'NONE',  ( 27.62742457880502656, 9.016845120988891793, -5.551115123125782702E-14 ) ) ;
#2474 = VERTEX_POINT ( 'NONE', #6217 ) ;
#2475 = VERTEX_POINT ( 'NONE', #1122 ) ;
#2476 = EDGE_CURVE ( 'NONE', #9198, #3475, #4071, .T. ) ;
#2477 = CIRCLE ( 'NONE', #3867, 10.00000000000000178 ) ;
#2478 = CIRCLE ( 'NONE', #7870, 0.5000000000000004441 ) ;
#2479 = CARTESIAN_POINT ( 'NONE',  ( -25.28961994901805355, 9.479417570959295603, 0.000000000000000000 ) ) ;
#2480 = DIRECTION ( 'NONE',  ( 0.000000000000000000, 0.000000000000000000, 1.000000000000000000 ) ) ;
#2481 = PERSON ( 'UNSPECIFIED', 'UNSPECIFIED', 'UNSPECIFIED', ('UNSPECIFIED'), ('UNSPECIFIED'), ('UNSPECIFIED') ) ;
#2482 = CARTESIAN_POINT ( 'NONE',  ( 28.69886377675235067, 8.197440676994219189, -26.71683709642833193 ) ) ;
#2483 = ORIENTED_EDGE ( 'NONE', *, *, #8248, .F. ) ;
#2484 = CIRCLE ( 'NONE', #1542, 0.5000000000000004441 ) ;
#2485 = CIRCLE ( 'NONE', #4791, 2.149999999999999023 ) ;
#2486 = CIRCLE ( 'NONE', #2937, 1.000000000000000888 ) ;
#2487 = ORIENTED_EDGE ( 'NONE', *, *, #6354, .F. ) ;
#2488 = LINE ( 'NONE', #393, #6768 ) ;
#2489 = CIRCLE ( 'NONE', #464, 2.599999999999973888 ) ;
#2490 = CARTESIAN_POINT ( 'NONE',  ( 23.89659902500852340, 7.479417570959293826, -2.000000000000001776 ) ) ;
#2491 = DIRECTION ( 'NONE',  ( -2.017120320903265428E-16, -1.000000000000000000, -0.000000000000000000 ) ) ;
#2492 = CARTESIAN_POINT ( 'NONE',  ( 32.97942746741108522, -4.520582429040437056, -79.59999999999999432 ) ) ;
#2493 = ORIENTED_EDGE ( 'NONE', *, *, #6241, .F. ) ;
#2494 = CARTESIAN_POINT ( 'NONE',  ( 32.81057906786381295, 2.739747276411011345, -77.60000000000000853 ) ) ;
#2495 = VERTEX_POINT ( 'NONE', #3357 ) ;
#2496 = CARTESIAN_POINT ( 'NONE',  ( 28.78985334461992807, 8.453513082853376659, -3.544938479496064332 ) ) ;
#2497 = VERTEX_POINT ( 'NONE', #7061 ) ;
#2498 = AXIS2_PLACEMENT_3D ( 'NONE', #2347, #7514, #149 ) ;
#2499 = CARTESIAN_POINT ( 'NONE',  ( 27.49061265601466886, 6.876906271368927293, -6.065610685277215808 ) ) ;
#2500 = CARTESIAN_POINT ( 'NONE',  ( -21.64138209340011088, 7.479417570959292938, -6.886121462498986823 ) ) ;
#2501 = EDGE_CURVE ( 'NONE', #8024, #2523, #1175, .T. ) ;
#2502 = CARTESIAN_POINT ( 'NONE',  ( 28.17942746741106674, 8.209411367207938071, -27.04999999999999716 ) ) ;
#2503 = AXIS2_PLACEMENT_3D ( 'NONE', #7879, #2613, #1920 ) ;
#2504 = CARTESIAN_POINT ( 'NONE',  ( 32.97942746741107101, -2.946429777430922936, -2.337980848278633061 ) ) ;
#2505 = CARTESIAN_POINT ( 'NONE',  ( 28.30505243215360522, 6.831861711654683589, -37.14577041261217971 ) ) ;
#2506 = DIRECTION ( 'NONE',  ( -2.017120320903265428E-16, -1.000000000000000000, 0.000000000000000000 ) ) ;
#2507 = CARTESIAN_POINT ( 'NONE',  ( 31.87942746741113353, -3.020582429040426398, -5.000000000000004441 ) ) ;
#2508 = CARTESIAN_POINT ( 'NONE',  ( -28.72057253258906329, -4.520582429040413963, -79.59999999999999432 ) ) ;
#2509 = EDGE_LOOP ( 'NONE', ( #5236, #7197, #4230, #7392, #2418, #5768, #2859, #5177, #6234, #3667, #4554, #9209, #7937, #5029, #2170, #5694, #6725, #6378, #7466, #7409, #91, #9589, #9525 ) ) ;
#2510 = EDGE_CURVE ( 'NONE', #592, #8809, #5435, .T. ) ;
#2511 =( LENGTH_UNIT ( ) NAMED_UNIT ( * ) SI_UNIT ( .MILLI., .METRE. ) );
#2512 = CARTESIAN_POINT ( 'NONE',  ( 30.97942746741108166, 1.027832321093516521, -79.59999999999999432 ) ) ;
#2513 = EDGE_CURVE ( 'NONE', #2902, #8433, #3981, .T. ) ;
#2514 = CARTESIAN_POINT ( 'NONE',  ( 32.63624459921901888, 3.456915104920189830, -67.23923649782625489 ) ) ;
#2515 = AXIS2_PLACEMENT_3D ( 'NONE', #4510, #8146, #8973 ) ;
#2516 = ORIENTED_EDGE ( 'NONE', *, *, #3270, .F. ) ;
#2517 = CARTESIAN_POINT ( 'NONE',  ( -32.66278605204116303, 3.508858783340945919, -38.04882096784264434 ) ) ;
#2518 = CARTESIAN_POINT ( 'NONE',  ( -28.47163119243300500, 8.643093301013024643, -3.841116622611051579 ) ) ;
#2519 = CARTESIAN_POINT ( 'NONE',  ( 30.97942746741107811, -2.520582429040426398, -79.59999999999999432 ) ) ;
#2520 = VERTEX_POINT ( 'NONE', #7715 ) ;
#2521 = TOROIDAL_SURFACE ( 'NONE', #2206, 1.500000000000000000, 0.5000000000000000000 ) ;
#2522 = CARTESIAN_POINT ( 'NONE',  ( -26.80057253258891947, -6.520582429040421069, -14.89000000000000057 ) ) ;
#2523 = VERTEX_POINT ( 'NONE', #1076 ) ;
#2524 = ORIENTED_EDGE ( 'NONE', *, *, #2849, .F. ) ;
#2525 = AXIS2_PLACEMENT_3D ( 'NONE', #7721, #407, #7629 ) ;
#2526 = DIRECTION ( 'NONE',  ( 0.000000000000000000, 0.000000000000000000, -1.000000000000000000 ) ) ;
#2527 = CARTESIAN_POINT ( 'NONE',  ( -27.52057253258907465, 6.882612225788602878, -28.55000000000000426 ) ) ;
#2528 = ADVANCED_FACE ( 'NONE', ( #5762 ), #7900, .F. ) ;
#2529 = CARTESIAN_POINT ( 'NONE',  ( 29.12144581229739515, 8.250526822731181653, -25.72940172441332507 ) ) ;
#2530 = ORIENTED_EDGE ( 'NONE', *, *, #711, .F. ) ;
#2531 = CARTESIAN_POINT ( 'NONE',  ( -29.01553993493575589, 8.013547234948847020, -29.64870854153449642 ) ) ;
#2532 = EDGE_LOOP ( 'NONE', ( #759, #34, #3020, #1955 ) ) ;
#2533 = CARTESIAN_POINT ( 'NONE',  ( 32.49525391337245850, 3.903649094072418446, -36.93230245370952503 ) ) ;
#2534 = LINE ( 'NONE', #5469, #6338 ) ;
#2535 = EDGE_CURVE ( 'NONE', #3460, #9152, #4205, .T. ) ;
#2536 = CARTESIAN_POINT ( 'NONE',  ( -18.05057253258891947, -6.520582429040420180, -14.89000000000000057 ) ) ;
#2537 = DIRECTION ( 'NONE',  ( 1.000000000000000000, -2.017120320903265181E-16, -1.613696256722612145E-15 ) ) ;
#2538 = ORIENTED_EDGE ( 'NONE', *, *, #3789, .T. ) ;
#2539 = CARTESIAN_POINT ( 'NONE',  ( -33.02057253258905689, -2.946429777430908281, -7.662019151721370491 ) ) ;
#2540 = EDGE_CURVE ( 'NONE', #2082, #7002, #6391, .T. ) ;
#2541 = ORIENTED_EDGE ( 'NONE', *, *, #6809, .T. ) ;
#2542 = CARTESIAN_POINT ( 'NONE',  ( 29.01905455450224380, 8.315213645546110754, -3.073880841700818767 ) ) ;
#2543 = VECTOR ( 'NONE', #2158, 1000.000000000000000 ) ;
#2544 = EDGE_LOOP ( 'NONE', ( #5631, #4145, #4244, #2700 ) ) ;
#2545 = CARTESIAN_POINT ( 'NONE',  ( -27.52057253258907465, 6.882612225788602878, -28.55000000000000426 ) ) ;
#2546 = CC_DESIGN_APPROVAL ( #9062, ( #1173 ) ) ;
#2547 = DIRECTION ( 'NONE',  ( -2.017120320903265428E-16, -1.000000000000000000, -0.000000000000000000 ) ) ;
#2548 = DIRECTION ( 'NONE',  ( 0.000000000000000000, 1.000000000000000000, 0.000000000000000000 ) ) ;
#2549 = CARTESIAN_POINT ( 'NONE',  ( -30.87057253258906897, -3.020582429040413963, -4.249999999999999112 ) ) ;
#2550 = DIRECTION ( 'NONE',  ( -0.1953990969621622054, -0.9807238107165399121, -2.908808639739513353E-14 ) ) ;
#2551 = LINE ( 'NONE', #3366, #8204 ) ;
#2552 = LINE ( 'NONE', #1812, #3226 ) ;
#2553 = ORIENTED_EDGE ( 'NONE', *, *, #1898, .F. ) ;
#2554 = CARTESIAN_POINT ( 'NONE',  ( 26.67942746741109517, 60.90090145541976341, 0.000000000000000000 ) ) ;
#2555 = CARTESIAN_POINT ( 'NONE',  ( -26.72057253258906329, -6.520582429040413963, -79.59999999999999432 ) ) ;
#2556 = CARTESIAN_POINT ( 'NONE',  ( 32.99383970577200387, -2.959537598477329112, -7.640715520024225604 ) ) ;
#2557 = ORIENTED_EDGE ( 'NONE', *, *, #1462, .T. ) ;
#2558 = CARTESIAN_POINT ( 'NONE',  ( -28.74283287024730171, 6.470873941241655380, -37.93144694474715095 ) ) ;
#2559 = CARTESIAN_POINT ( 'NONE',  ( -33.02057253258866609, -2.520582429040413519, -9.099999999999649702 ) ) ;
#2560 = EDGE_CURVE ( 'NONE', #1402, #2064, #3125, .T. ) ;
#2561 = CYLINDRICAL_SURFACE ( 'NONE', #746, 1.999999999999998224 ) ;
#2562 = ADVANCED_FACE ( 'NONE', ( #7160 ), #3156, .T. ) ;
#2563 = VERTEX_POINT ( 'NONE', #1558 ) ;
#2564 = DIRECTION ( 'NONE',  ( 2.017120320903265181E-16, 1.000000000000000000, -0.000000000000000000 ) ) ;
#2565 = VERTEX_POINT ( 'NONE', #44 ) ;
#2566 = ORIENTED_EDGE ( 'NONE', *, *, #3871, .T. ) ;
#2567 = CARTESIAN_POINT ( 'NONE',  ( -33.02057253160648287, 1.974911105029745650, -7.900000000000003908 ) ) ;
#2568 = CARTESIAN_POINT ( 'NONE',  ( 31.87942746741113353, 4.333328095299679994, -5.000000000000004441 ) ) ;
#2569 = EDGE_CURVE ( 'NONE', #6165, #6682, #6664, .T. ) ;
#2570 = CARTESIAN_POINT ( 'NONE',  ( 29.58781897201424016, 7.514107462215960709, -25.28871774297191877 ) ) ;
#2571 = ORIENTED_EDGE ( 'NONE', *, *, #2191, .F. ) ;
#2572 = FACE_OUTER_BOUND ( 'NONE', #9033, .T. ) ;
#2573 = ORIENTED_EDGE ( 'NONE', *, *, #1186, .T. ) ;
#2574 = CARTESIAN_POINT ( 'NONE',  ( 30.33987948101816912, 7.286976593429606019, -33.83063321721682115 ) ) ;
#2575 = DIRECTION ( 'NONE',  ( -1.000000000000000000, 0.000000000000000000, 0.000000000000000000 ) ) ;
#2576 = CARTESIAN_POINT ( 'NONE',  ( -31.40861287558702131, 5.266303004020761236, -2.099999999999998757 ) ) ;
#2577 = CARTESIAN_POINT ( 'NONE',  ( 32.47942746741108522, -2.943312570636706482, -30.46701915172134889 ) ) ;
#2578 = EDGE_LOOP ( 'NONE', ( #8032, #4335, #7498, #8560 ) ) ;
#2579 = DIRECTION ( 'NONE',  ( -2.025677196612374621E-16, -1.000000000000000000, -3.697785493223491743E-32 ) ) ;
#2580 = ORIENTED_EDGE ( 'NONE', *, *, #8535, .F. ) ;
#2581 = CARTESIAN_POINT ( 'NONE',  ( 29.47106134956874612, 8.011412394610665899, -2.569116063960802165 ) ) ;
#2582 = VERTEX_POINT ( 'NONE', #6631 ) ;
#2583 = CARTESIAN_POINT ( 'NONE',  ( 28.32119340962920617, 6.375846926406012471, -7.987479415898048885 ) ) ;
#2584 = CARTESIAN_POINT ( 'NONE',  ( -16.70460830445293965, 7.479417570959783212, -6.244140858388425031 ) ) ;
#2585 = DIRECTION ( 'NONE',  ( 0.000000000000000000, 0.000000000000000000, 1.000000000000000000 ) ) ;
#2586 = FACE_OUTER_BOUND ( 'NONE', #4779, .T. ) ;
#2587 = CARTESIAN_POINT ( 'NONE',  ( 32.48665238812034062, -2.992839927479676643, -25.22939336171486246 ) ) ;
#2588 = LINE ( 'NONE', #4168, #9446 ) ;
#2589 = DIRECTION ( 'NONE',  ( 1.000000000000000000, -2.017120320903265181E-16, 1.613696256722612145E-15 ) ) ;
#2590 = DIRECTION ( 'NONE',  ( 1.000000000000000000, -3.336006684570821065E-16, 0.000000000000000000 ) ) ;
#2591 = EDGE_CURVE ( 'NONE', #8125, #7707, #8231, .T. ) ;
#2592 = ORIENTED_EDGE ( 'NONE', *, *, #7992, .T. ) ;
#2593 = DIRECTION ( 'NONE',  ( -1.000000000000000000, 0.000000000000000000, -0.000000000000000000 ) ) ;
#2594 = CARTESIAN_POINT ( 'NONE',  ( 30.82942746741107953, 2.444417355247898715, -23.69999999999999929 ) ) ;
#2595 = PLANE ( 'NONE',  #1670 ) ;
#2596 = ORIENTED_EDGE ( 'NONE', *, *, #4940, .T. ) ;
#2597 = CARTESIAN_POINT ( 'NONE',  ( 17.29659749306137329, 7.479417570959285833, -2.393222178844870651 ) ) ;
#2598 = VECTOR ( 'NONE', #2738, 1000.000000000000000 ) ;
#2599 = CARTESIAN_POINT ( 'NONE',  ( 29.64913033365743900, 7.456576682667818368, -25.24715125411788819 ) ) ;
#2600 = CARTESIAN_POINT ( 'NONE',  ( -27.14040218028839746, 9.178424707518264114, -5.551115123125782702E-14 ) ) ;
#2601 = CARTESIAN_POINT ( 'NONE',  ( -30.75549643349921070, 3.456363420284967791, -79.44378340787575610 ) ) ;
#2602 = DIRECTION ( 'NONE',  ( -0.000000000000000000, -0.000000000000000000, -1.000000000000000000 ) ) ;
#2603 =( BOUNDED_SURFACE ( )  B_SPLINE_SURFACE ( 3, 2, ( 
 ( #4869, #7044, #7825 ),
 ( #1785, #2567, #7689 ),
 ( #3293, #2612, #5549 ),
 ( #6238, #5502, #4783 ),
 ( #1878, #4829, #1338 ),
 ( #4377, #2216, #1486 ),
 ( #712, #2165, #2017 ),
 ( #4429, #8856, #5110 ) ),
 .UNSPECIFIED., .F., .F., .T. ) 
 B_SPLINE_SURFACE_WITH_KNOTS ( ( 4, 2, 2, 4 ),
 ( 3, 3 ),
 ( 0.000000000000000000, 0.002640827650114602881, 0.003961241475171904322, 0.005281655300229205763 ),
 ( 0.000000000000000000, 1.000000000000000000 ),
 .UNSPECIFIED. ) 
 GEOMETRIC_REPRESENTATION_ITEM ( )  RATIONAL_B_SPLINE_SURFACE ( (
 ( 1.000000000000000000, 0.7071067811865475727, 1.000000000000000000),
 ( 1.000000000000000000, 0.7071067811865475727, 1.000000000000000000),
 ( 1.000000000000000000, 0.7071067811865524577, 1.000000000000000000),
 ( 1.000000000000000000, 0.7071067811865524577, 1.000000000000000000),
 ( 1.000000000000000000, 0.7071067811865475727, 1.000000000000000000),
 ( 1.000000000000000000, 0.7071067811865475727, 1.000000000000000000),
 ( 1.000000000000000000, 0.7071067811865455743, 1.000000000000000000),
 ( 1.000000000000000000, 0.7071067811865455743, 1.000000000000000000) ) ) 
 REPRESENTATION_ITEM ( '' )  SURFACE ( )  );
#2604 = CARTESIAN_POINT ( 'NONE',  ( -30.87057253258906897, -2.520582429040414851, -2.099999999999999645 ) ) ;
#2605 = VECTOR ( 'NONE', #2392, 1000.000000000000000 ) ;
#2606 = ORIENTED_EDGE ( 'NONE', *, *, #6574, .T. ) ;
#2607 = CARTESIAN_POINT ( 'NONE',  ( -30.72041553038657469, 6.952212446776274923, -8.366557113775119348 ) ) ;
#2608 = ORIENTED_EDGE ( 'NONE', *, *, #3203, .F. ) ;
#2609 = EDGE_CURVE ( 'NONE', #8760, #7135, #1105, .T. ) ;
#2610 = ADVANCED_FACE ( 'NONE', ( #9071 ), #8338, .F. ) ;
#2611 = B_SPLINE_CURVE_WITH_KNOTS ( 'NONE', 3,
 ( #3505, #8590, #5667, #4171, #4892, #8636, #1367, #8783 ),
 .UNSPECIFIED., .F., .F.,
 ( 4, 2, 2, 4 ),
 ( 5.204170427930421283E-18, 0.002793918934741688835, 0.004190878402112527615, 0.005587837869483367262 ),
 .UNSPECIFIED. ) ;
#2612 = CARTESIAN_POINT ( 'NONE',  ( -32.87060405010915076, 2.896043533925078073, -7.899999999990756194 ) ) ;
#2613 = DIRECTION ( 'NONE',  ( 2.017120320903265181E-16, 1.000000000000000000, -0.000000000000000000 ) ) ;
#2614 = DIRECTION ( 'NONE',  ( 0.000000000000000000, 0.000000000000000000, -1.000000000000000000 ) ) ;
#2615 = AXIS2_PLACEMENT_3D ( 'NONE', #3851, #8164, #6081 ) ;
#2616 = VECTOR ( 'NONE', #8909, 1000.000000000000000 ) ;
#2617 = CARTESIAN_POINT ( 'NONE',  ( 29.60000346508387281, 7.913576301139634062, -24.87911721666104370 ) ) ;
#2618 = VERTEX_POINT ( 'NONE', #7467 ) ;
#2619 = CARTESIAN_POINT ( 'NONE',  ( -16.70460516799093753, -2.520582429040704397, -2.000000000000001776 ) ) ;
#2620 = ORIENTED_EDGE ( 'NONE', *, *, #61, .T. ) ;
#2621 = CARTESIAN_POINT ( 'NONE',  ( -32.61140092395016410, -3.520582429040413963, -25.39999999999982450 ) ) ;
#2622 = TOROIDAL_SURFACE ( 'NONE', #441, 1.000000000000000000, 0.5000000000000000000 ) ;
#2623 = ADVANCED_FACE ( 'NONE', ( #1704, #2438, #8249, #1604, #6774 ), #5281, .T. ) ;
#2624 = CIRCLE ( 'NONE', #3233, 2.999999999999999112 ) ;
#2625 = CARTESIAN_POINT ( 'NONE',  ( 20.63947976564090681, 8.479417570959272510, -23.55757895392423862 ) ) ;
#2626 = CARTESIAN_POINT ( 'NONE',  ( -28.83360472956136888, 6.349417570959293933, -75.59999999999998010 ) ) ;
#2627 = VECTOR ( 'NONE', #7099, 1000.000000000000000 ) ;
#2628 = VECTOR ( 'NONE', #362, 1000.000000000000000 ) ;
#2629 = CARTESIAN_POINT ( 'NONE',  ( 24.87942746741108024, 6.349417570959288604, -48.50000000000001421 ) ) ;
#2630 = LINE ( 'NONE', #8487, #5737 ) ;
#2631 = ORIENTED_EDGE ( 'NONE', *, *, #4965, .F. ) ;
#2632 = ORIENTED_EDGE ( 'NONE', *, *, #3624, .T. ) ;
#2633 = DIRECTION ( 'NONE',  ( -0.000000000000000000, 0.000000000000000000, 1.000000000000000000 ) ) ;
#2634 = CARTESIAN_POINT ( 'NONE',  ( -23.27474607142130836, 7.479417570959292938, -7.842648891033832115 ) ) ;
#2635 = VECTOR ( 'NONE', #5485, 1000.000000000000000 ) ;
#2636 = CIRCLE ( 'NONE', #2787, 0.5000000000000004441 ) ;
#2637 = CARTESIAN_POINT ( 'NONE',  ( 32.53882267331639611, -3.020582429040436168, -25.35691491740367454 ) ) ;
#2638 = CYLINDRICAL_SURFACE ( 'NONE', #613, 0.5000000000000004441 ) ;
#2639 = CARTESIAN_POINT ( 'NONE',  ( 32.47942746741108522, -2.520582429040426398, -2.599999999999996980 ) ) ;
#2640 = DIRECTION ( 'NONE',  ( 1.000000000000000000, 0.000000000000000000, 0.000000000000000000 ) ) ;
#2641 = CIRCLE ( 'NONE', #5411, 0.5000000000000014433 ) ;
#2642 = DIRECTION ( 'NONE',  ( -1.000000000000000000, 0.000000000000000000, 2.005460665869141288E-16 ) ) ;
#2643 = DIRECTION ( 'NONE',  ( -1.000000000000000000, 0.000000000000000000, 0.000000000000000000 ) ) ;
#2644 = ORIENTED_EDGE ( 'NONE', *, *, #5855, .F. ) ;
#2645 = CARTESIAN_POINT ( 'NONE',  ( -30.87057253258906897, -2.520582429040414851, -7.900000000000000355 ) ) ;
#2646 = CARTESIAN_POINT ( 'NONE',  ( -32.59834244531154468, 3.716627500354560354, -37.36108675193364803 ) ) ;
#2647 = EDGE_CURVE ( 'NONE', #9086, #3584, #9023, .T. ) ;
#2648 = CARTESIAN_POINT ( 'NONE',  ( 30.97942746741108166, 1.027832321093516521, -23.69999999999999929 ) ) ;
#2649 = ORIENTED_EDGE ( 'NONE', *, *, #9563, .F. ) ;
#2650 = CIRCLE ( 'NONE', #3886, 0.5000000000000004441 ) ;
#2651 = CARTESIAN_POINT ( 'NONE',  ( 24.83023379969458588, 7.479417570959294714, -13.05929437360427059 ) ) ;
#2652 = FACE_OUTER_BOUND ( 'NONE', #8101, .T. ) ;
#2653 = CARTESIAN_POINT ( 'NONE',  ( -31.57428501628886508, 5.857353040270912636, -5.551115123125782702E-14 ) ) ;
#2654 = B_SPLINE_CURVE_WITH_KNOTS ( 'NONE', 3,
 ( #8084, #1294, #7932, #1340, #8714, #9451, #5747, #4281, #5946, #5843, #9543, #5897, #6662, #3721, #8807, #8906, #6609, #2895, #2947, #3524, #7243, #8859, #5061, #1490, #2854, #7192, #3577, #2168 ),
 .UNSPECIFIED., .F., .F.,
 ( 4, 2, 2, 2, 2, 2, 2, 2, 2, 2, 2, 2, 2, 4 ),
 ( -5.999999999668090927E-08, 0.0006684777630762890090, 0.001337015526152574843, 0.002005553289228860676, 0.002674091052305146293, 0.004011166578457717527, 0.005348242104610288761, 0.006685317630762860862, 0.008022393156915432963, 0.008690930919991722917, 0.009359468683068012870, 0.01002800644614430456, 0.01036227532768244607, 0.01069654420922058757 ),
 .UNSPECIFIED. ) ;
#2655 = DIRECTION ( 'NONE',  ( 0.000000000000000000, 1.000000000000000000, 0.000000000000000000 ) ) ;
#2656 = EDGE_LOOP ( 'NONE', ( #5464, #1057, #8424, #3969 ) ) ;
#2657 = VECTOR ( 'NONE', #7660, 1000.000000000000000 ) ;
#2658 = CARTESIAN_POINT ( 'NONE',  ( 29.22942746741108166, 6.849417570959293933, -66.00000000000000000 ) ) ;
#2659 = ORIENTED_EDGE ( 'NONE', *, *, #8123, .F. ) ;
#2660 = DIRECTION ( 'NONE',  ( 0.000000000000000000, -1.000000000000000000, 0.000000000000000000 ) ) ;
#2661 = ORIENTED_EDGE ( 'NONE', *, *, #7647, .F. ) ;
#2662 = CIRCLE ( 'NONE', #6061, 0.5000000000000000000 ) ;
#2663 = DIRECTION ( 'NONE',  ( 0.000000000000000000, 0.000000000000000000, 1.000000000000000000 ) ) ;
#2664 = CARTESIAN_POINT ( 'NONE',  ( 31.85993583196356127, 6.113210846001249976, -47.94192074913650004 ) ) ;
#2665 = CARTESIAN_POINT ( 'NONE',  ( 32.97942746741108522, -2.520582429040425954, -25.39999999999999147 ) ) ;
#2666 =( BOUNDED_SURFACE ( )  B_SPLINE_SURFACE ( 3, 2, ( 
 ( #3332, #8516, #6312 ),
 ( #9157, #8463, #6273 ),
 ( #7865, #1912, #1184 ),
 ( #7080, #9245, #2601 ) ),
 .UNSPECIFIED., .F., .F., .T. ) 
 B_SPLINE_SURFACE_WITH_KNOTS ( ( 4, 4 ),
 ( 3, 3 ),
 ( 0.0006536475543904048243, 0.001228920251015189636 ),
 ( 0.000000000000000000, 1.000000000000000000 ),
 .UNSPECIFIED. ) 
 GEOMETRIC_REPRESENTATION_ITEM ( )  RATIONAL_B_SPLINE_SURFACE ( (
 ( 1.000000000000000000, 0.7071067811865473507, 1.000000000000000000),
 ( 1.000000000000000000, 0.7137018339823137936, 1.000000000000000000),
 ( 1.000000000000000000, 0.7228186183301761325, 1.000000000000000000),
 ( 1.000000000000000000, 0.7336835385858496705, 1.000000000000000000) ) ) 
 REPRESENTATION_ITEM ( '' )  SURFACE ( )  );
#2667 = CARTESIAN_POINT ( 'NONE',  ( -30.87057253258906542, 10.01696613767509625, -4.249999999999999112 ) ) ;
#2668 = ORIENTED_EDGE ( 'NONE', *, *, #1775, .F. ) ;
#2669 = CARTESIAN_POINT ( 'NONE',  ( -33.02057253258906400, -3.378349660049951630, -24.88596169655730961 ) ) ;
#2670 = VERTEX_POINT ( 'NONE', #2391 ) ;
#2671 = TOROIDAL_SURFACE ( 'NONE', #20, 2.100000000000003642, 0.5000000000000000000 ) ;
#2672 = DIRECTION ( 'NONE',  ( -2.017120320903265181E-16, -1.000000000000000000, 0.000000000000000000 ) ) ;
#2673 = CARTESIAN_POINT ( 'NONE',  ( 23.58105278701200547, 8.479417570959267181, -17.97850997930581585 ) ) ;
#2674 = DIRECTION ( 'NONE',  ( -2.017120320903265181E-16, -1.000000000000000000, 0.000000000000000000 ) ) ;
#2675 = EDGE_CURVE ( 'NONE', #2867, #5642, #3267, .T. ) ;
#2676 = ADVANCED_FACE ( 'NONE', ( #5634 ), #319, .T. ) ;
#2677 = FACE_OUTER_BOUND ( 'NONE', #3224, .T. ) ;
#2679 = EDGE_CURVE ( 'NONE', #8456, #558, #4982, .T. ) ;
#2678 = DIRECTION ( 'NONE',  ( 0.000000000000000000, 0.000000000000000000, -1.000000000000000000 ) ) ;
#2680 = EDGE_LOOP ( 'NONE', ( #728, #352, #7144, #2649, #1825, #849, #8064 ) ) ;
#2681 = EDGE_LOOP ( 'NONE', ( #158, #2659, #5076, #5590 ) ) ;
#2682 = CARTESIAN_POINT ( 'NONE',  ( 27.47942746741108877, 6.882466451305256250, -5.908445907136508524 ) ) ;
#2683 = CARTESIAN_POINT ( 'NONE',  ( 29.01771474345563462, 8.316050805820580649, -29.72402020775203724 ) ) ;
#2684 = CARTESIAN_POINT ( 'NONE',  ( 33.01903320897798721, -3.520582437258355402, -25.17123164032269855 ) ) ;
#2685 = CARTESIAN_POINT ( 'NONE',  ( 28.67942746741108806, -2.520582429040426842, -5.750000000000000888 ) ) ;
#2686 = CARTESIAN_POINT ( 'NONE',  ( -32.72037423240724507, 3.350107292314191909, -2.100000000004644374 ) ) ;
#2687 = EDGE_CURVE ( 'NONE', #2520, #7146, #8519, .T. ) ;
#2688 = CARTESIAN_POINT ( 'NONE',  ( 28.40533536441634155, 8.655466993863017322, -27.04999999999997584 ) ) ;
#2689 = DIRECTION ( 'NONE',  ( -1.000000000000000000, 0.000000000000000000, -1.613696256722612145E-15 ) ) ;
#2690 = DIRECTION ( 'NONE',  ( 0.000000000000000000, 0.000000000000000000, -1.000000000000000000 ) ) ;
#2691 = CARTESIAN_POINT ( 'NONE',  ( -33.02057253161578387, 1.974911105028152258, -30.69999999999999929 ) ) ;
#2692 = CARTESIAN_POINT ( 'NONE',  ( 30.82942746741109019, -3.020582429040425954, -2.600000000000000089 ) ) ;
#2693 = EDGE_LOOP ( 'NONE', ( #5943, #9168, #4005, #6050, #7747 ) ) ;
#2694 = DIRECTION ( 'NONE',  ( -2.017120320903264935E-16, -1.000000000000000000, 0.000000000000000000 ) ) ;
#2695 = CARTESIAN_POINT ( 'NONE',  ( 28.32119340962925236, 6.375846926405992043, -24.81252058410197492 ) ) ;
#2696 = VECTOR ( 'NONE', #7971, 1000.000000000000000 ) ;
#2697 = CARTESIAN_POINT ( 'NONE',  ( -32.67738813683465793, 3.456363422376789174, -38.41223660329880829 ) ) ;
#2698 = CARTESIAN_POINT ( 'NONE',  ( -32.77326737091333797, 3.164157827130798850, -5.551115123125782702E-14 ) ) ;
#2699 = DIRECTION ( 'NONE',  ( 0.000000000000000000, 0.000000000000000000, 1.000000000000000000 ) ) ;
#2700 = ORIENTED_EDGE ( 'NONE', *, *, #784, .F. ) ;
#2701 = DIRECTION ( 'NONE',  ( -0.000000000000000000, 0.000000000000000000, 1.000000000000000000 ) ) ;
#2702 = VERTEX_POINT ( 'NONE', #7087 ) ;
#2703 = DIRECTION ( 'NONE',  ( 1.000000000000000000, 1.257674520083184039E-14, 0.000000000000000000 ) ) ;
#2704 = ORIENTED_EDGE ( 'NONE', *, *, #2429, .T. ) ;
#2705 = CARTESIAN_POINT ( 'NONE',  ( 32.22903847237343200, 4.700611565992140584, -31.19999999999998153 ) ) ;
#2706 = CARTESIAN_POINT ( 'NONE',  ( 32.63624460303807240, 3.456915091665949902, -47.01284170406881202 ) ) ;
#2707 = CARTESIAN_POINT ( 'NONE',  ( 30.82942746741109019, -3.020582429040425954, -4.249999999999999112 ) ) ;
#2708 = CARTESIAN_POINT ( 'NONE',  ( -32.52057253258906400, -2.520582429040414407, -2.599999999999996980 ) ) ;
#2709 = ORIENTED_EDGE ( 'NONE', *, *, #4033, .F. ) ;
#2710 = CARTESIAN_POINT ( 'NONE',  ( -32.57996773849495753, -3.020582429040414851, -25.35691491740318781 ) ) ;
#2711 = B_SPLINE_CURVE_WITH_KNOTS ( 'NONE', 3,
 ( #7196, #571, #2073, #3530 ),
 .UNSPECIFIED., .F., .F.,
 ( 4, 4 ),
 ( 1.344410693882025498E-17, 0.001424504531052858420 ),
 .UNSPECIFIED. ) ;
#2712 = ORIENTED_EDGE ( 'NONE', *, *, #5108, .T. ) ;
#2713 = EDGE_CURVE ( 'NONE', #5224, #1815, #6369, .T. ) ;
#2714 = CARTESIAN_POINT ( 'NONE',  ( -33.02057253258906400, -3.366042712232976353, -30.73403830344269139 ) ) ;
#2715 = CARTESIAN_POINT ( 'NONE',  ( 22.26893651113281081, 8.479417570959274286, -8.495213734902721470 ) ) ;
#2716 = CARTESIAN_POINT ( 'NONE',  ( -25.02057253258906044, 9.479417570959293826, 0.000000000000000000 ) ) ;
#2717 = DIRECTION ( 'NONE',  ( -0.000000000000000000, -0.000000000000000000, -1.000000000000000000 ) ) ;
#2718 = CARTESIAN_POINT ( 'NONE',  ( 32.57771312759141580, -3.020582429040427286, -30.20000000000000284 ) ) ;
#2719 = ORIENTED_EDGE ( 'NONE', *, *, #1204, .F. ) ;
#2720 = ORIENTED_EDGE ( 'NONE', *, *, #7638, .T. ) ;
#2721 = CARTESIAN_POINT ( 'NONE',  ( 29.25478610595454754, 7.801316755118311796, -30.02201577395039678 ) ) ;
#2722 = ADVANCED_FACE ( 'NONE', ( #519 ), #6318, .F. ) ;
#2723 = CARTESIAN_POINT ( 'NONE',  ( 32.97942746645682632, 1.974483846361406281, -24.89999999999998792 ) ) ;
#2724 = EDGE_CURVE ( 'NONE', #7757, #2563, #4960, .T. ) ;
#2725 = ADVANCED_FACE ( 'NONE', ( #6414 ), #3519, .F. ) ;
#2726 = CARTESIAN_POINT ( 'NONE',  ( 10.94942746741108053, 7.479417570959293826, -14.89000000000000057 ) ) ;
#2727 = CARTESIAN_POINT ( 'NONE',  ( -29.77048442893877223, 4.944581517060744780, -34.57849325071934743 ) ) ;
#2728 = ORIENTED_EDGE ( 'NONE', *, *, #3100, .T. ) ;
#2729 = CARTESIAN_POINT ( 'NONE',  ( -33.02057253258906400, -2.943312570636694492, -30.46701915172134534 ) ) ;
#2730 = CARTESIAN_POINT ( 'NONE',  ( -26.70460516799094108, 60.90090145541976341, -2.000000000000002665 ) ) ;
#2731 = FACE_OUTER_BOUND ( 'NONE', #2024, .T. ) ;
#2732 = CARTESIAN_POINT ( 'NONE',  ( -30.00886793827229582, 4.602966247611352202, -76.59999999999999432 ) ) ;
#2733 = LINE ( 'NONE', #648, #9115 ) ;
#2734 = ORIENTED_EDGE ( 'NONE', *, *, #4848, .F. ) ;
#2735 = CARTESIAN_POINT ( 'NONE',  ( -30.75549643349921780, 3.456363420284988663, -79.44378340787568504 ) ) ;
#2736 = DATE_AND_TIME ( #5046, #9206 ) ;
#2737 = CARTESIAN_POINT ( 'NONE',  ( 29.22562936550399471, 5.564789077048288846, -24.10651553768411048 ) ) ;
#2738 = DIRECTION ( 'NONE',  ( 0.000000000000000000, 0.000000000000000000, 1.000000000000000000 ) ) ;
#2739 = EDGE_CURVE ( 'NONE', #5144, #4068, #9393, .T. ) ;
#2740 = ADVANCED_FACE ( 'NONE', ( #1289 ), #6603, .T. ) ;
#2741 = CARTESIAN_POINT ( 'NONE',  ( -27.17232349914927525, 7.385128735923616183, -36.51191576267035543 ) ) ;
#2742 = CARTESIAN_POINT ( 'NONE',  ( 10.94942746741108230, -6.520582429040416628, -14.89000000000000057 ) ) ;
#2743 = DIRECTION ( 'NONE',  ( -1.000000000000000000, 3.614007241618348771E-16, 0.000000000000000000 ) ) ;
#2744 = DIRECTION ( 'NONE',  ( -0.000000000000000000, -0.000000000000000000, 1.000000000000000000 ) ) ;
#2745 = LINE ( 'NONE', #9298, #676 ) ;
#2746 = ORIENTED_EDGE ( 'NONE', *, *, #922, .F. ) ;
#2747 = CARTESIAN_POINT ( 'NONE',  ( -26.19197867476021813, 7.355133729375778806, -18.13141206279354378 ) ) ;
#2748 = VERTEX_POINT ( 'NONE', #6708 ) ;
#2749 = VECTOR ( 'NONE', #7031, 1000.000000000000000 ) ;
#2750 = DIRECTION ( 'NONE',  ( -2.017120320903265428E-16, -1.000000000000000000, 0.000000000000000000 ) ) ;
#2751 = DIRECTION ( 'NONE',  ( 1.000000000000000000, 0.000000000000000000, 0.000000000000000000 ) ) ;
#2752 = LINE ( 'NONE', #3437, #2961 ) ;
#2753 = CARTESIAN_POINT ( 'NONE',  ( -33.02057253258906400, -2.520582429040414407, -2.599999999999996980 ) ) ;
#2754 = EDGE_LOOP ( 'NONE', ( #793, #7619, #411, #7521 ) ) ;
#2755 = AXIS2_PLACEMENT_3D ( 'NONE', #7612, #4745, #6153 ) ;
#2756 = ORIENTED_EDGE ( 'NONE', *, *, #6919, .F. ) ;
#2757 = CARTESIAN_POINT ( 'NONE',  ( -28.72057253258905973, -3.520582429040413963, -29.95157287525381307 ) ) ;
#2758 = ORIENTED_EDGE ( 'NONE', *, *, #4026, .T. ) ;
#2759 = EDGE_CURVE ( 'NONE', #3775, #5697, #6510, .T. ) ;
#2760 = CARTESIAN_POINT ( 'NONE',  ( 28.78816413831289722, 8.454492125258116886, -6.449594864473019662 ) ) ;
#2761 = CIRCLE ( 'NONE', #4907, 2.600000000000004974 ) ;
#2762 = CARTESIAN_POINT ( 'NONE',  ( 23.89145301383409148, 8.479417570959274286, -13.65381551336630395 ) ) ;
#2763 = AXIS2_PLACEMENT_3D ( 'NONE', #2757, #6379, #6244 ) ;
#2764 = LINE ( 'NONE', #2033, #2179 ) ;
#2765 = CARTESIAN_POINT ( 'NONE',  ( 10.94942746741108053, 9.479417570959295603, -14.89000000000000057 ) ) ;
#2766 = CARTESIAN_POINT ( 'NONE',  ( -27.46239679014537316, 7.289584256832891462, -36.59567624339668868 ) ) ;
#2767 = ORIENTED_EDGE ( 'NONE', *, *, #6416, .T. ) ;
#2768 = CIRCLE ( 'NONE', #5851, 0.5000000000000011102 ) ;
#2769 = VERTEX_POINT ( 'NONE', #616 ) ;
#2770 = CARTESIAN_POINT ( 'NONE',  ( 29.06065647662602913, 7.951177959252630600, -29.78198012894922542 ) ) ;
#2771 = DIRECTION ( 'NONE',  ( -1.250608365883192617E-15, 1.000000000000000000, -0.000000000000000000 ) ) ;
#2772 = CARTESIAN_POINT ( 'NONE',  ( -29.04747189662685614, 7.990790338763599898, -3.098095700544944542 ) ) ;
#2773 = CARTESIAN_POINT ( 'NONE',  ( 28.40533536441637352, 8.655466993863003111, -5.750000000000005329 ) ) ;
#2774 = VECTOR ( 'NONE', #8919, 1000.000000000000000 ) ;
#2775 = AXIS2_PLACEMENT_3D ( 'NONE', #7420, #792, #6690 ) ;
#2776 = DIRECTION ( 'NONE',  ( 0.000000000000000000, 0.000000000000000000, 1.000000000000000000 ) ) ;
#2777 = ORIENTED_EDGE ( 'NONE', *, *, #6819, .F. ) ;
#2778 = CARTESIAN_POINT ( 'NONE',  ( 30.82942746741109374, 5.979164254138607859, -2.099999999999999645 ) ) ;
#2779 = CARTESIAN_POINT ( 'NONE',  ( -28.89140871080432404, 8.099777304842328718, -6.606489142543107818 ) ) ;
#2780 = FACE_OUTER_BOUND ( 'NONE', #7103, .T. ) ;
#2781 = CARTESIAN_POINT ( 'NONE',  ( -25.38869986491827646, 7.469537252196785992, -2.000000000000043521 ) ) ;
#2782 = LINE ( 'NONE', #5774, #8797 ) ;
#2783 = ORIENTED_EDGE ( 'NONE', *, *, #3205, .F. ) ;
#2784 = AXIS2_PLACEMENT_3D ( 'NONE', #9533, #5935, #8896 ) ;
#2785 = CARTESIAN_POINT ( 'NONE',  ( 30.57448548687016299, 3.359199921991146365, -76.59999999999999432 ) ) ;
#2786 = APPROVAL_DATE_TIME ( #2736, #9062 ) ;
#2787 = AXIS2_PLACEMENT_3D ( 'NONE', #967, #5319, #920 ) ;
#2788 = CARTESIAN_POINT ( 'NONE',  ( 28.79262011024112411, 6.349417570959293933, -38.78000000000000114 ) ) ;
#2789 = CIRCLE ( 'NONE', #4134, 2.750000000000002665 ) ;
#2790 = CARTESIAN_POINT ( 'NONE',  ( -26.59089140592345046, 9.323305149921258916, -32.99583128175098068 ) ) ;
#2791 = CIRCLE ( 'NONE', #8667, 1.199999999999999734 ) ;
#2792 = DIRECTION ( 'NONE',  ( 0.000000000000000000, 0.000000000000000000, 1.000000000000000000 ) ) ;
#2793 = CARTESIAN_POINT ( 'NONE',  ( -32.52808643963955149, -2.991762407042436234, -7.573842705606645076 ) ) ;
#2794 = EDGE_CURVE ( 'NONE', #6230, #6143, #5429, .T. ) ;
#2795 = DIRECTION ( 'NONE',  ( 2.025677196612374621E-16, 1.000000000000000000, 0.000000000000000000 ) ) ;
#2796 = EDGE_CURVE ( 'NONE', #843, #2565, #1384, .T. ) ;
#2797 = DIRECTION ( 'NONE',  ( 1.000000000000000000, 0.000000000000000000, 0.000000000000000000 ) ) ;
#2798 = ORIENTED_EDGE ( 'NONE', *, *, #8708, .F. ) ;
#2799 = DIRECTION ( 'NONE',  ( 1.257674520083183881E-14, -1.000000000000000000, -5.204170427930416550E-15 ) ) ;
#2800 = AXIS2_PLACEMENT_3D ( 'NONE', #8430, #5414, #1748 ) ;
#2801 = ORIENTED_EDGE ( 'NONE', *, *, #1432, .T. ) ;
#2802 = CARTESIAN_POINT ( 'NONE',  ( -30.87057253258906542, -2.520582429040413963, -7.400000000000000355 ) ) ;
#2803 = CARTESIAN_POINT ( 'NONE',  ( 31.86500429640145526, 6.086151118555591211, -48.22085839618316072 ) ) ;
#2804 = CARTESIAN_POINT ( 'NONE',  ( -28.36235125237575971, 6.375851981975969807, -7.987486257667878675 ) ) ;
#2805 = CARTESIAN_POINT ( 'NONE',  ( 27.88014585768099352, 8.897818872200605966, -33.13930415760520987 ) ) ;
#2806 = AXIS2_PLACEMENT_3D ( 'NONE', #7743, #4784, #7786 ) ;
#2807 = ORIENTED_EDGE ( 'NONE', *, *, #4248, .T. ) ;
#2808 = CYLINDRICAL_SURFACE ( 'NONE', #3399, 2.149999999999999023 ) ;
#2809 = EDGE_LOOP ( 'NONE', ( #984, #5652, #8729, #3145, #8812 ) ) ;
#2810 = FACE_OUTER_BOUND ( 'NONE', #5079, .T. ) ;
#2811 = VERTEX_POINT ( 'NONE', #9492 ) ;
#2812 = ORIENTED_EDGE ( 'NONE', *, *, #3407, .F. ) ;
#2813 = AXIS2_PLACEMENT_3D ( 'NONE', #8623, #1979, #1263 ) ;
#2814 = CARTESIAN_POINT ( 'NONE',  ( 17.88671333919760187, 7.479417570959295603, -27.06868096734322293 ) ) ;
#2815 = CARTESIAN_POINT ( 'NONE',  ( -26.72057253258906329, -4.520582429040413963, -32.78000000000000824 ) ) ;
#2816 = ADVANCED_FACE ( 'NONE', ( #9587 ), #7973, .T. ) ;
#2817 = CARTESIAN_POINT ( 'NONE',  ( -30.73088850713914866, 6.940056590380874191, -1.632642381975857315 ) ) ;
#2818 = EDGE_LOOP ( 'NONE', ( #5947, #4841, #4110, #6423 ) ) ;
#2819 = ORIENTED_EDGE ( 'NONE', *, *, #1358, .F. ) ;
#2820 = DIRECTION ( 'NONE',  ( -5.647936898529106318E-15, 1.139256828920242272E-30, 1.000000000000000000 ) ) ;
#2821 = CARTESIAN_POINT ( 'NONE',  ( 32.47942744870707088, -2.973266762451534095, -25.18269671333740334 ) ) ;
#2822 = CARTESIAN_POINT ( 'NONE',  ( 28.67942747266835823, 8.516651186612048008, -5.929835484543334978 ) ) ;
#2823 = CARTESIAN_POINT ( 'NONE',  ( 32.54677887057415830, -3.020582429040426842, -30.24059726743684351 ) ) ;
#2824 = DIRECTION ( 'NONE',  ( 8.673617379883937653E-15, -4.392812341392684284E-15, -1.000000000000000000 ) ) ;
#2825 = ORIENTED_EDGE ( 'NONE', *, *, #2205, .T. ) ;
#2826 = DIRECTION ( 'NONE',  ( 0.3560255356184002240, -7.181463426563443793E-17, -0.9344762265502698506 ) ) ;
#2827 = DIRECTION ( 'NONE',  ( 1.000000000000000000, 0.000000000000000000, 0.000000000000000000 ) ) ;
#2828 = CARTESIAN_POINT ( 'NONE',  ( -26.80057253258890881, 7.183605103086229349, -14.88999999999997215 ) ) ;
#2829 = CARTESIAN_POINT ( 'NONE',  ( -26.34809871690359984, 7.326370355498181830, -76.60000000000002274 ) ) ;
#2830 = CARTESIAN_POINT ( 'NONE',  ( 32.47942746741107101, 1.027832321093518519, -7.900000000000003908 ) ) ;
#2831 = ORIENTED_EDGE ( 'NONE', *, *, #4129, .F. ) ;
#2832 = CARTESIAN_POINT ( 'NONE',  ( 30.44838326470799217, 3.678245872657061710, -2.000000000000043521 ) ) ;
#2833 = DIRECTION ( 'NONE',  ( 1.000000000000000000, 0.000000000000000000, 1.700029006457269438E-13 ) ) ;
#2834 = EDGE_CURVE ( 'NONE', #9324, #6691, #2844, .T. ) ;
#2835 = DIRECTION ( 'NONE',  ( 1.250608365883192617E-15, -1.000000000000000000, -0.000000000000000000 ) ) ;
#2836 = CC_DESIGN_DATE_AND_TIME_ASSIGNMENT ( #5146, #5670, ( #4074 ) ) ;
#2837 = CARTESIAN_POINT ( 'NONE',  ( -27.45769516388817522, 9.102865971600389017, -35.23034706422414786 ) ) ;
#2838 = CARTESIAN_POINT ( 'NONE',  ( 32.62449488970400324, 3.497326107491073977, -48.25194179516999782 ) ) ;
#2839 = DIRECTION ( 'NONE',  ( 2.017120320903265181E-16, 1.000000000000000000, -0.000000000000000000 ) ) ;
#2840 = CARTESIAN_POINT ( 'NONE',  ( 26.47942746741107811, 6.849417570959293933, -66.00000000000000000 ) ) ;
#2841 = CARTESIAN_POINT ( 'NONE',  ( 33.39609413407775662, 4.333328095299679994, -7.111805441375313563 ) ) ;
#2842 = AXIS2_PLACEMENT_3D ( 'NONE', #7337, #1382, #2211 ) ;
#2843 = ORIENTED_EDGE ( 'NONE', *, *, #6397, .F. ) ;
#2844 = LINE ( 'NONE', #1483, #5518 ) ;
#2845 = EDGE_LOOP ( 'NONE', ( #5279, #5633 ) ) ;
#2846 = EDGE_CURVE ( 'NONE', #3084, #9559, #4277, .T. ) ;
#2847 = CARTESIAN_POINT ( 'NONE',  ( -33.02057253258906400, -3.421867455903087940, -2.129692932693216800 ) ) ;
#2848 = EDGE_CURVE ( 'NONE', #130, #2220, #5158, .T. ) ;
#2849 = EDGE_CURVE ( 'NONE', #7157, #1862, #6655, .T. ) ;
#2850 = DIRECTION ( 'NONE',  ( 0.000000000000000000, 0.000000000000000000, 1.000000000000000000 ) ) ;
#2851 = DIRECTION ( 'NONE',  ( 2.017120320903265181E-16, 1.000000000000000000, -0.000000000000000000 ) ) ;
#2852 = CARTESIAN_POINT ( 'NONE',  ( -30.87057253258905121, 2.444218832230809824, -9.099999999999997868 ) ) ;
#2853 =( GEOMETRIC_REPRESENTATION_CONTEXT ( 3 ) GLOBAL_UNCERTAINTY_ASSIGNED_CONTEXT ( ( #1553 ) ) GLOBAL_UNIT_ASSIGNED_CONTEXT ( ( #2511, #370, #3280 ) ) REPRESENTATION_CONTEXT ( 'NONE', 'WORKASPACE' ) );
#2854 = CARTESIAN_POINT ( 'NONE',  ( -32.33061879752779078, 4.438411051035134669, -36.09684330295985433 ) ) ;
#2855 = ORIENTED_EDGE ( 'NONE', *, *, #1691, .F. ) ;
#2856 = FACE_OUTER_BOUND ( 'NONE', #3092, .T. ) ;
#2857 = ORIENTED_EDGE ( 'NONE', *, *, #7940, .T. ) ;
#2858 = CARTESIAN_POINT ( 'NONE',  ( 32.97942746741107101, 1.027832321093527401, -77.60000000000002274 ) ) ;
#2859 = ORIENTED_EDGE ( 'NONE', *, *, #1666, .T. ) ;
#2860 = CARTESIAN_POINT ( 'NONE',  ( 28.97316793890624709, 8.013972339853717486, -6.846614001606552868 ) ) ;
#2861 = EDGE_CURVE ( 'NONE', #3036, #3811, #8006, .T. ) ;
#2862 = CARTESIAN_POINT ( 'NONE',  ( 16.84322820551492583, 8.479417570959265404, -3.285849166070222260 ) ) ;
#2863 = CARTESIAN_POINT ( 'NONE',  ( 24.75511536335198670, 7.479417570959292050, -12.55944585377029910 ) ) ;
#2864 = LINE ( 'NONE', #8767, #4776 ) ;
#2865 = CARTESIAN_POINT ( 'NONE',  ( 32.47942746741107101, -2.943312570636706038, -30.46701915172134889 ) ) ;
#2866 = ORIENTED_EDGE ( 'NONE', *, *, #9373, .F. ) ;
#2867 = VERTEX_POINT ( 'NONE', #9197 ) ;
#2868 = CARTESIAN_POINT ( 'NONE',  ( 29.58861705234242834, 7.513383175396233682, -30.31188210037990061 ) ) ;
#2869 = CARTESIAN_POINT ( 'NONE',  ( 32.97942746741108522, -3.372277125821415034, -7.924038303442738851 ) ) ;
#2870 = DIRECTION ( 'NONE',  ( 0.000000000000000000, 0.000000000000000000, 1.000000000000000000 ) ) ;
#2871 = CARTESIAN_POINT ( 'NONE',  ( -30.04498201080344799, 4.527795267782705579, -35.49051485801800965 ) ) ;
#2872 = VERTEX_POINT ( 'NONE', #6228 ) ;
#2873 = CARTESIAN_POINT ( 'NONE',  ( -31.92057253258911231, -3.520582429040413075, -27.81000000000000227 ) ) ;
#2874 = PLANE ( 'NONE',  #473 ) ;
#2875 = DIRECTION ( 'NONE',  ( -2.017120320903265428E-16, -1.000000000000000000, -0.000000000000000000 ) ) ;
#2876 = CARTESIAN_POINT ( 'NONE',  ( -30.48093473388238905, 3.698696527242774312, -76.59999999999998010 ) ) ;
#2877 = DIRECTION ( 'NONE',  ( 1.000000000000000000, 0.000000000000000000, 0.000000000000000000 ) ) ;
#2878 = ORIENTED_EDGE ( 'NONE', *, *, #3088, .F. ) ;
#2879 = PLANE ( 'NONE',  #4509 ) ;
#2880 = PERSON_AND_ORGANIZATION_ROLE ( 'design_owner' ) ;
#2881 = CARTESIAN_POINT ( 'NONE',  ( 27.53493772474745072, 6.854338622010538451, -26.42259918318080736 ) ) ;
#2882 = CARTESIAN_POINT ( 'NONE',  ( -29.32050968808608360, 8.256876005310191502, -35.65428030981149732 ) ) ;
#2883 = DIRECTION ( 'NONE',  ( 1.000000000000000000, -3.336006684570821065E-16, 0.000000000000000000 ) ) ;
#2884 = CARTESIAN_POINT ( 'NONE',  ( 32.96761944962842250, 1.498213523398836955, -24.39999999999998792 ) ) ;
#2885 = B_SPLINE_CURVE_WITH_KNOTS ( 'NONE', 3,
 ( #4236, #4968, #9540, #9448, #564, #5788, #3522, #6462, #522, #9396, #7342, #7976 ),
 .UNSPECIFIED., .F., .F.,
 ( 4, 2, 2, 2, 2, 4 ),
 ( 1.430489624538199204E-17, 0.0002142008919791196916, 0.0004284017839582250717, 0.0008568035679164038481, 0.001285205351874582624, 0.001713607135832761509 ),
 .UNSPECIFIED. ) ;
#2886 = CARTESIAN_POINT ( 'NONE',  ( 30.97942746741108522, -4.520582429040426398, -76.59999999999999432 ) ) ;
#2887 = EDGE_LOOP ( 'NONE', ( #6268, #1800, #6025, #1679, #3066, #2313, #5741, #3713 ) ) ;
#2888 = CARTESIAN_POINT ( 'NONE',  ( -28.64665056290492018, 8.551630968195949478, -6.749406590977004683 ) ) ;
#2889 = CARTESIAN_POINT ( 'NONE',  ( 0.000000000000000000, -6.520582429040413963, -2.000000000000001776 ) ) ;
#2890 = ORIENTED_EDGE ( 'NONE', *, *, #3239, .T. ) ;
#2891 = AXIS2_PLACEMENT_3D ( 'NONE', #5159, #4923, #3393 ) ;
#2892 = CARTESIAN_POINT ( 'NONE',  ( -30.87057253258906897, -2.520582429040414851, -2.599999999999999645 ) ) ;
#2893 = DIRECTION ( 'NONE',  ( -0.000000000000000000, -1.000000000000000000, -0.000000000000000000 ) ) ;
#2894 = CARTESIAN_POINT ( 'NONE',  ( -28.02057253258906400, 1.027832321093304024, -35.78000000000001535 ) ) ;
#2895 = CARTESIAN_POINT ( 'NONE',  ( -31.63407217696911289, 5.761941261175327789, -34.79210298094393039 ) ) ;
#2896 = DIRECTION ( 'NONE',  ( 1.000000000000000000, -2.017120320903265181E-16, 0.000000000000000000 ) ) ;
#2897 = EDGE_LOOP ( 'NONE', ( #8056, #6277, #6162, #2777 ) ) ;
#2898 = DIRECTION ( 'NONE',  ( -1.000000000000000000, -1.301042606982604138E-15, 0.000000000000000000 ) ) ;
#2899 = B_SPLINE_CURVE_WITH_KNOTS ( 'NONE', 3,
 ( #2648, #7916, #413, #1908 ),
 .UNSPECIFIED., .F., .F.,
 ( 4, 4 ),
 ( 1.344410693882025498E-17, 0.001424504531052889211 ),
 .UNSPECIFIED. ) ;
#2900 = ORIENTED_EDGE ( 'NONE', *, *, #369, .T. ) ;
#2901 = CARTESIAN_POINT ( 'NONE',  ( 16.67942746741109161, 7.479417570959293826, 0.000000000000000000 ) ) ;
#2902 = VERTEX_POINT ( 'NONE', #4680 ) ;
#2903 = EDGE_CURVE ( 'NONE', #3465, #1121, #3826, .T. ) ;
#2904 = ORIENTED_EDGE ( 'NONE', *, *, #7562, .T. ) ;
#2905 = CARTESIAN_POINT ( 'NONE',  ( 20.32787775509031292, 8.479417570959276063, -5.882142279679261954 ) ) ;
#2906 = CARTESIAN_POINT ( 'NONE',  ( 22.51806625635313708, 7.479417570959292938, -22.78165483233701849 ) ) ;
#2907 = VECTOR ( 'NONE', #3757, 1000.000000000000000 ) ;
#2908 = FACE_OUTER_BOUND ( 'NONE', #9420, .T. ) ;
#2909 = CARTESIAN_POINT ( 'NONE',  ( -26.00472517649407322, 9.417787003353224051, -18.56640185982592683 ) ) ;
#2910 = ORIENTED_EDGE ( 'NONE', *, *, #7588, .T. ) ;
#2911 = EDGE_CURVE ( 'NONE', #2475, #9498, #7492, .T. ) ;
#2912 = CARTESIAN_POINT ( 'NONE',  ( -28.58236151288981475, 8.585540421736292060, -6.589492406134922931 ) ) ;
#2913 = EDGE_CURVE ( 'NONE', #4706, #5121, #8321, .T. ) ;
#2914 = ORIENTED_EDGE ( 'NONE', *, *, #3268, .T. ) ;
#2915 = CARTESIAN_POINT ( 'NONE',  ( 30.82942746741109019, -3.020582429040425954, -4.249999999999999112 ) ) ;
#2916 = CARTESIAN_POINT ( 'NONE',  ( 30.04457579049412885, 4.473879647611125776, -31.81020090729701266 ) ) ;
#2917 = CARTESIAN_POINT ( 'NONE',  ( 28.92467668846203921, 4.349417570959287715, -77.59999999999999432 ) ) ;
#2918 = CARTESIAN_POINT ( 'NONE',  ( -32.72327649463727539, 3.339222536867114233, -31.19999999999998863 ) ) ;
#2919 = AXIS2_PLACEMENT_3D ( 'NONE', #7797, #8486, #1713 ) ;
#2920 = ORIENTED_EDGE ( 'NONE', *, *, #1016, .T. ) ;
#2921 = DIRECTION ( 'NONE',  ( 2.017120320903265181E-16, 1.000000000000000000, -0.000000000000000000 ) ) ;
#2922 = DIRECTION ( 'NONE',  ( 1.000000000000000000, -2.017120320903265181E-16, 0.000000000000000000 ) ) ;
#2923 = CARTESIAN_POINT ( 'NONE',  ( -25.12385221781157796, 7.478720185576634094, -76.59999999999999432 ) ) ;
#2924 = CARTESIAN_POINT ( 'NONE',  ( 28.67942746741108806, -4.520582429040436168, -79.59999999999999432 ) ) ;
#2925 = EDGE_LOOP ( 'NONE', ( #636, #8381, #5191, #8021 ) ) ;
#2926 = DIRECTION ( 'NONE',  ( -0.000000000000000000, 1.000000000000000000, -0.000000000000000000 ) ) ;
#2927 = PERSON_AND_ORGANIZATION_ROLE ( 'creator' ) ;
#2928 = DIRECTION ( 'NONE',  ( 0.000000000000000000, 0.000000000000000000, -1.000000000000000000 ) ) ;
#2929 = CARTESIAN_POINT ( 'NONE',  ( 33.02822828019849055, -2.990705239127997128, -7.605600381988327996 ) ) ;
#2930 = VECTOR ( 'NONE', #5907, 1000.000000000000000 ) ;
#2931 = CIRCLE ( 'NONE', #6315, 8.750000000000000000 ) ;
#2932 = CARTESIAN_POINT ( 'NONE',  ( -28.01813222485933963, 8.864928997687131940, -33.15028547210994958 ) ) ;
#2933 = ADVANCED_FACE ( 'NONE', ( #861 ), #998, .T. ) ;
#2934 = DIRECTION ( 'NONE',  ( 1.000000000000000000, -3.336006684570776692E-16, 0.000000000000000000 ) ) ;
#2935 = DIRECTION ( 'NONE',  ( -2.017120320903265428E-16, -1.000000000000000000, -0.000000000000000000 ) ) ;
#2936 = CIRCLE ( 'NONE', #7733, 1.000000000000000888 ) ;
#2937 = AXIS2_PLACEMENT_3D ( 'NONE', #5639, #4189, #9398 ) ;
#2938 = CARTESIAN_POINT ( 'NONE',  ( -28.22057253258904552, 8.209584760035346207, -28.55000000000000071 ) ) ;
#2939 = VERTEX_POINT ( 'NONE', #9097 ) ;
#2940 = CARTESIAN_POINT ( 'NONE',  ( -30.19833656884848594, 7.455184882399937152, -7.811385482280826409 ) ) ;
#2941 = DIRECTION ( 'NONE',  ( -0.5833333333333243775, 0.000000000000000000, -0.8122328620674200694 ) ) ;
#2942 = ORIENTED_EDGE ( 'NONE', *, *, #1585, .F. ) ;
#2943 = ADVANCED_FACE ( 'NONE', ( #3223 ), #6754, .T. ) ;
#2944 = VECTOR ( 'NONE', #4115, 1000.000000000000000 ) ;
#2945 = CARTESIAN_POINT ( 'NONE',  ( -33.04321046823561403, -3.507758967828099816, -25.10582132779265052 ) ) ;
#2946 = LINE ( 'NONE', #4488, #5898 ) ;
#2947 = CARTESIAN_POINT ( 'NONE',  ( -31.73366994102416783, 5.603136102191782264, -34.91668487048675473 ) ) ;
#2948 = ADVANCED_FACE ( 'NONE', ( #6087 ), #329, .F. ) ;
#2949 = CARTESIAN_POINT ( 'NONE',  ( 32.97942746741108522, -3.020582429040426398, -25.39999999999999147 ) ) ;
#2950 = ORIENTED_EDGE ( 'NONE', *, *, #533, .T. ) ;
#2951 = ORIENTED_EDGE ( 'NONE', *, *, #7866, .T. ) ;
#2952 = VECTOR ( 'NONE', #9113, 1000.000000000000000 ) ;
#2953 = CIRCLE ( 'NONE', #7452, 1.199999999999999734 ) ;
#2954 = CARTESIAN_POINT ( 'NONE',  ( -33.02057253258906400, -4.520582429040413075, -30.73403830344270560 ) ) ;
#2955 = ORIENTED_EDGE ( 'NONE', *, *, #6919, .T. ) ;
#2956 = ORIENTED_EDGE ( 'NONE', *, *, #2569, .F. ) ;
#2957 = CARTESIAN_POINT ( 'NONE',  ( 20.92658936632932409, 7.479417570959292938, -24.71265214524496656 ) ) ;
#2958 = FACE_OUTER_BOUND ( 'NONE', #8008, .T. ) ;
#2959 = CARTESIAN_POINT ( 'NONE',  ( 22.88579039001229987, 7.479417570959292938, -7.566271948742227416 ) ) ;
#2960 = CARTESIAN_POINT ( 'NONE',  ( 30.82942746741109019, -2.520582429040426842, -4.249999999999999112 ) ) ;
#2961 = VECTOR ( 'NONE', #5688, 1000.000000000000000 ) ;
#2962 = CARTESIAN_POINT ( 'NONE',  ( -29.91799450484335310, 7.697326455728127570, -25.10643986377017356 ) ) ;
#2963 = ORIENTED_EDGE ( 'NONE', *, *, #3382, .F. ) ;
#2964 = CARTESIAN_POINT ( 'NONE',  ( -28.97772205460270101, 8.362420430958103168, -7.307522607752430233 ) ) ;
#2965 = ORIENTED_EDGE ( 'NONE', *, *, #1600, .F. ) ;
#2966 = VECTOR ( 'NONE', #4756, 1000.000000000000000 ) ;
#2967 = CARTESIAN_POINT ( 'NONE',  ( 29.72181894196963725, 7.817736236306646269, -0.000000000000000000 ) ) ;
#2968 = FACE_OUTER_BOUND ( 'NONE', #6284, .T. ) ;
#2969 = DIRECTION ( 'NONE',  ( 2.017120320903265181E-16, 1.000000000000000000, -0.000000000000000000 ) ) ;
#2970 = ADVANCED_FACE ( 'NONE', ( #3180 ), #8915, .T. ) ;
#2971 = CARTESIAN_POINT ( 'NONE',  ( 29.51052259525691923, 3.325838984609932769, -77.60000000000000853 ) ) ;
#2972 = ADVANCED_FACE ( 'NONE', ( #3861, #6802, #7129 ), #2595, .F. ) ;
#2973 = CARTESIAN_POINT ( 'NONE',  ( -31.55424206069890758, 5.903328027089766117, -31.19999999999999218 ) ) ;
#2974 = VERTEX_POINT ( 'NONE', #7076 ) ;
#2975 = CARTESIAN_POINT ( 'NONE',  ( 29.18018661329070440, 6.351848140341318505, -48.50000000000001421 ) ) ;
#2976 = CARTESIAN_POINT ( 'NONE',  ( -27.52057253258907465, 9.481417570959294494, -28.55000000000000426 ) ) ;
#2977 = CARTESIAN_POINT ( 'NONE',  ( 31.87942746741113353, 5.479417570959574491, -5.000000000000004441 ) ) ;
#2978 = LINE ( 'NONE', #2355, #9447 ) ;
#2979 = FACE_OUTER_BOUND ( 'NONE', #5785, .T. ) ;
#2980 = ORIENTED_EDGE ( 'NONE', *, *, #3088, .T. ) ;
#2981 = B_SPLINE_SURFACE_WITH_KNOTS ( 'NONE', 3, 1, ( 
 ( #3608, #9429 ),
 ( #8785, #4314 ),
 ( #2202, #4410 ),
 ( #2785, #7372 ),
 ( #5726, #2832 ),
 ( #6547, #4999 ),
 ( #2148, #744 ),
 ( #5096, #3652 ),
 ( #1428, #7963 ),
 ( #4266, #601 ),
 ( #5777, #2097 ),
 ( #3067, #261 ),
 ( #6026, #8352 ),
 ( #2299, #4667 ),
 ( #6790, #942 ),
 ( #7430, #106 ),
 ( #891, #3170 ),
 ( #2406, #3122 ),
 ( #8261, #59 ),
 ( #7624, #6170 ),
 ( #3211, #214 ),
 ( #985, #3940 ),
 ( #160, #6740 ),
 ( #2249, #6076 ),
 ( #5243, #5339 ),
 ( #9036, #6122 ),
 ( #8990, #5192 ),
 ( #801, #8158 ),
 ( #7573, #5384 ),
 ( #2357, #1518 ),
 ( #9087, #6885 ),
 ( #5977, #2450 ),
 ( #8308, #8213 ),
 ( #4467, #6840 ) ),
 .UNSPECIFIED., .F., .F., .F.,
 ( 4, 2, 2, 2, 2, 2, 2, 2, 2, 2, 2, 2, 2, 2, 1, 1, 1, 1, 4 ),
 ( 2, 2 ),
 ( 0.000000000000000000, 0.1249999999999830136, 0.1874999999999745204, 0.2499999999999660272, 0.3124999999999575340, 0.3749999999999490408, 0.4062499999999448219, 0.4374999999999405476, 0.4999999999999320544, 0.5624999999999236167, 0.5937499999999189537, 0.6093749999999167333, 0.6103515624999171774, 0.6113281249999176215, 0.6132812499999178435, 0.6171874999999185096, 0.6249999999999201750, 0.7499999999999468203, 1.000000000000000000 ),
 ( 0.000000000000000000, 1.000000000000000000 ),
 .UNSPECIFIED. ) ;
#2982 = DIRECTION ( 'NONE',  ( -1.000000000000000000, 2.017120320903265181E-16, 0.000000000000000000 ) ) ;
#2983 = FACE_OUTER_BOUND ( 'NONE', #5130, .T. ) ;
#2984 = CIRCLE ( 'NONE', #2525, 3.349999999999984990 ) ;
#2985 = EDGE_CURVE ( 'NONE', #1288, #2109, #4815, .T. ) ;
#2986 = EDGE_CURVE ( 'NONE', #3682, #6356, #2899, .T. ) ;
#2987 = DIRECTION ( 'NONE',  ( 2.017120320903265181E-16, 1.000000000000000000, -0.000000000000000000 ) ) ;
#2988 = CARTESIAN_POINT ( 'NONE',  ( -30.02057253258906400, 1.027832321093293810, -77.59999999999999432 ) ) ;
#2989 = CARTESIAN_POINT ( 'NONE',  ( 30.24454898224015764, 7.374844125789470795, -1.762433322035967143 ) ) ;
#2990 = CARTESIAN_POINT ( 'NONE',  ( -30.87057253258903700, 10.01696613767509625, -30.69999999999999929 ) ) ;
#2991 = LINE ( 'NONE', #6800, #6949 ) ;
#2992 = FACE_BOUND ( 'NONE', #6707, .T. ) ;
#2993 = CARTESIAN_POINT ( 'NONE',  ( -27.52057253258907821, -2.520582429040414851, -79.59999999999999432 ) ) ;
#2994 = CARTESIAN_POINT ( 'NONE',  ( 29.22274101603234087, 6.349417570959286827, -75.81506045289664542 ) ) ;
#2995 = ORIENTED_EDGE ( 'NONE', *, *, #3444, .F. ) ;
#2996 = DIRECTION ( 'NONE',  ( -2.017120320903265428E-16, -1.000000000000000000, -0.000000000000000000 ) ) ;
#2997 = CARTESIAN_POINT ( 'NONE',  ( -30.91279330289792071, 2.417233486417257549, -76.59999999999584475 ) ) ;
#2998 = CARTESIAN_POINT ( 'NONE',  ( 26.98431719662611528, 9.224251560471682154, -35.18384860118412405 ) ) ;
#2999 = ORIENTED_EDGE ( 'NONE', *, *, #9539, .F. ) ;
#3000 = TOROIDAL_SURFACE ( 'NONE', #1606, 2.100000000000003642, 0.5000000000000000000 ) ;
#3001 = CARTESIAN_POINT ( 'NONE',  ( -31.02057253258905334, 1.027832321093293810, -31.89999999999999147 ) ) ;
#3002 = ORIENTED_EDGE ( 'NONE', *, *, #961, .T. ) ;
#3003 = ORIENTED_EDGE ( 'NONE', *, *, #2317, .F. ) ;
#3004 = CARTESIAN_POINT ( 'NONE',  ( 19.99656327979142745, 8.479417570959272510, -5.553322382103341504 ) ) ;
#3005 = CARTESIAN_POINT ( 'NONE',  ( 21.27213268906755417, 7.479417570959294714, -24.34885166113618382 ) ) ;
#3006 = CARTESIAN_POINT ( 'NONE',  ( 30.97942746741108877, -4.520582429040437056, -79.59999999999999432 ) ) ;
#3007 = CARTESIAN_POINT ( 'NONE',  ( -28.47163119243220208, 8.643093301013443863, -26.64111662261603541 ) ) ;
#3008 = ORIENTED_EDGE ( 'NONE', *, *, #8722, .F. ) ;
#3009 = CARTESIAN_POINT ( 'NONE',  ( -28.85759056018896018, 8.433086773143825710, -7.140664842019626590 ) ) ;
#3010 = ORIENTED_EDGE ( 'NONE', *, *, #9000, .T. ) ;
#3011 = DIRECTION ( 'NONE',  ( -1.000000000000000000, -1.387778780781390455E-15, 0.000000000000000000 ) ) ;
#3012 = CARTESIAN_POINT ( 'NONE',  ( -28.47367877368733247, 8.642081700866516059, -26.62563538259345819 ) ) ;
#3013 = CARTESIAN_POINT ( 'NONE',  ( 28.14279457833733744, 6.495707258050062549, -30.55622322781716704 ) ) ;
#3014 = CARTESIAN_POINT ( 'NONE',  ( 29.62173609539176056, 3.049553809422777206, -77.59999999999998010 ) ) ;
#3015 = DIRECTION ( 'NONE',  ( -1.000000000000000000, 0.000000000000000000, 0.000000000000000000 ) ) ;
#3016 = CARTESIAN_POINT ( 'NONE',  ( -34.02057253258912084, -3.020582429040413075, -5.000000000000004441 ) ) ;
#3017 = VERTEX_POINT ( 'NONE', #3370 ) ;
#3018 = CARTESIAN_POINT ( 'NONE',  ( -30.75549643349920714, 2.902890495622147071, -77.52189170393783968 ) ) ;
#3019 = CARTESIAN_POINT ( 'NONE',  ( -23.21057253258958752, -6.521582429040424955, -39.31000000000022254 ) ) ;
#3020 = ORIENTED_EDGE ( 'NONE', *, *, #4561, .T. ) ;
#3021 = CARTESIAN_POINT ( 'NONE',  ( -30.99445994691396677, 1.713420095634488716, -2.000000000000071054 ) ) ;
#3022 = VERTEX_POINT ( 'NONE', #6992 ) ;
#3023 = LINE ( 'NONE', #850, #7288 ) ;
#3024 = CARTESIAN_POINT ( 'NONE',  ( -18.05057253258891947, -6.520582429040420180, -14.89000000000000057 ) ) ;
#3025 = EDGE_CURVE ( 'NONE', #2939, #5459, #5827, .T. ) ;
#3026 = EDGE_CURVE ( 'NONE', #4340, #7443, #5583, .T. ) ;
#3027 = DIRECTION ( 'NONE',  ( 0.000000000000000000, 0.000000000000000000, 1.000000000000000000 ) ) ;
#3028 = CARTESIAN_POINT ( 'NONE',  ( 32.44348831951842271, 1.915122934235036878, -30.70000000000007745 ) ) ;
#3029 = DIRECTION ( 'NONE',  ( -2.017120320903265428E-16, -1.000000000000000000, 0.000000000000000000 ) ) ;
#3030 = CARTESIAN_POINT ( 'NONE',  ( -31.92057253258911231, -3.020582429040414407, -5.000000000000004441 ) ) ;
#3031 = CARTESIAN_POINT ( 'NONE',  ( -32.52057253258906400, -2.520582429040414407, -2.599999999999996980 ) ) ;
#3032 = CARTESIAN_POINT ( 'NONE',  ( 17.40598327291174030, 8.479417570959272510, -26.24176759524018721 ) ) ;
#3033 = ADVANCED_FACE ( 'NONE', ( #7859 ), #4637, .T. ) ;
#3034 = ORIENTED_EDGE ( 'NONE', *, *, #839, .F. ) ;
#3035 = CARTESIAN_POINT ( 'NONE',  ( 32.47942746741108522, -4.520582429040437944, -8.400000000000003908 ) ) ;
#3036 = VERTEX_POINT ( 'NONE', #2372 ) ;
#3037 = DIRECTION ( 'NONE',  ( 2.005460665869141288E-16, -5.297872419427285360E-32, 1.000000000000000000 ) ) ;
#3038 = CARTESIAN_POINT ( 'NONE',  ( -31.02057253244518975, 1.732035710526574679, -77.59999999999999432 ) ) ;
#3039 = DIRECTION ( 'NONE',  ( -0.5833333333333243775, 0.000000000000000000, 0.8122328620674200694 ) ) ;
#3040 = CARTESIAN_POINT ( 'NONE',  ( 32.23206841625567876, 4.694485271084833045, -8.399999999993807975 ) ) ;
#3041 = ORIENTED_EDGE ( 'NONE', *, *, #6385, .T. ) ;
#3042 = CARTESIAN_POINT ( 'NONE',  ( -29.22057253258904197, -2.520582429040414407, -27.04999999999999361 ) ) ;
#3043 = ORIENTED_EDGE ( 'NONE', *, *, #8093, .T. ) ;
#3044 = VECTOR ( 'NONE', #8147, 1000.000000000000000 ) ;
#3045 = ORIENTED_EDGE ( 'NONE', *, *, #6508, .F. ) ;
#3046 = CARTESIAN_POINT ( 'NONE',  ( 21.04929700798869519, 7.479417570959296491, -5.189230147346918898 ) ) ;
#3047 = CARTESIAN_POINT ( 'NONE',  ( -32.52057251296903928, -2.971234598528350368, -2.378294952122760542 ) ) ;
#3048 = CARTESIAN_POINT ( 'NONE',  ( -33.02057253258907110, 1.567793465601234448, 0.000000000000000000 ) ) ;
#3049 = CARTESIAN_POINT ( 'NONE',  ( 24.28091538075555178, 7.479417570959293826, -10.60236650997033259 ) ) ;
#3050 = CARTESIAN_POINT ( 'NONE',  ( 30.97942746741108877, -4.520582429040439720, -79.59999999999999432 ) ) ;
#3051 = CARTESIAN_POINT ( 'NONE',  ( -28.87208108898026993, 8.112573760112367083, -26.24111365307206256 ) ) ;
#3052 = VERTEX_POINT ( 'NONE', #758 ) ;
#3053 = ADVANCED_FACE ( 'NONE', ( #9048 ), #8273, .F. ) ;
#3054 = ORIENTED_EDGE ( 'NONE', *, *, #5617, .T. ) ;
#3055 = CARTESIAN_POINT ( 'NONE',  ( 30.23469746727547403, 7.390794479408184792, -0.000000000000000000 ) ) ;
#3056 = CARTESIAN_POINT ( 'NONE',  ( 32.97942746741108522, -2.520582429040425954, -2.599999999999996980 ) ) ;
#3057 = CARTESIAN_POINT ( 'NONE',  ( 30.10813733916296542, 4.349417570959283275, -76.59999999999998010 ) ) ;
#3058 = CARTESIAN_POINT ( 'NONE',  ( -31.81584106054515004, 4.485974814768770358, -24.90000000000000213 ) ) ;
#3059 = CARTESIAN_POINT ( 'NONE',  ( 32.79282430576392215, 2.885632275173010353, -1.599999999999966560 ) ) ;
#3060 = CARTESIAN_POINT ( 'NONE',  ( -32.98756514304511711, 1.848914438352800449, -31.19999999999999574 ) ) ;
#3061 = ORIENTED_EDGE ( 'NONE', *, *, #1506, .F. ) ;
#3062 = CARTESIAN_POINT ( 'NONE',  ( -30.87057253258906542, 5.979163850806727964, -7.900000000000000355 ) ) ;
#3063 = CARTESIAN_POINT ( 'NONE',  ( 28.43287995130570778, 8.641705172057999818, -6.174312859734303771 ) ) ;
#3064 = EDGE_LOOP ( 'NONE', ( #9545, #8444, #3670, #7663 ) ) ;
#3065 = AXIS2_PLACEMENT_3D ( 'NONE', #8974, #4511, #4396 ) ;
#3066 = ORIENTED_EDGE ( 'NONE', *, *, #1374, .T. ) ;
#3067 = CARTESIAN_POINT ( 'NONE',  ( 28.28552096990748410, 6.397930307602216260, -76.59999999999999432 ) ) ;
#3068 = CARTESIAN_POINT ( 'NONE',  ( 33.01921351352184786, -3.520582429038272121, -2.363030665624327842 ) ) ;
#3069 = ADVANCED_FACE ( 'NONE', ( #6803 ), #5662, .T. ) ;
#3070 = CIRCLE ( 'NONE', #4290, 0.5000000000000004441 ) ;
#3071 = CIRCLE ( 'NONE', #747, 0.4999999999999993339 ) ;
#3072 = FACE_OUTER_BOUND ( 'NONE', #1160, .T. ) ;
#3073 = CARTESIAN_POINT ( 'NONE',  ( 32.19652992091614152, 3.217734595026620958, -30.70000000000000639 ) ) ;
#3074 = EDGE_CURVE ( 'NONE', #2702, #2811, #6024, .T. ) ;
#3075 = CARTESIAN_POINT ( 'NONE',  ( 30.97942746741107101, 1.027832321093501866, -79.59999999999999432 ) ) ;
#3076 = CARTESIAN_POINT ( 'NONE',  ( 27.47942746741109943, 9.481417570959283836, -4.249999999999989342 ) ) ;
#3077 = CARTESIAN_POINT ( 'NONE',  ( 32.62449488970401745, 3.497326107490983382, -48.50000000000001421 ) ) ;
#3078 = DIRECTION ( 'NONE',  ( 2.017120320903265428E-16, 1.000000000000000000, -0.000000000000000000 ) ) ;
#3079 = CARTESIAN_POINT ( 'NONE',  ( 29.66132901454968263, 2.922995079594431722, -77.59999999999999432 ) ) ;
#3080 = AXIS2_PLACEMENT_3D ( 'NONE', #3050, #8868, #3102 ) ;
#3081 = AXIS2_PLACEMENT_3D ( 'NONE', #3768, #230, #3813 ) ;
#3082 = CARTESIAN_POINT ( 'NONE',  ( 31.80280228044443902, 6.349417570959466239, -67.48715829593119508 ) ) ;
#3083 = CARTESIAN_POINT ( 'NONE',  ( 33.02053939300221685, -3.520582436666954695, -7.633413293306124281 ) ) ;
#3084 = VERTEX_POINT ( 'NONE', #1090 ) ;
#3085 = CYLINDRICAL_SURFACE ( 'NONE', #9275, 1.000000000000000888 ) ;
#3086 = EDGE_CURVE ( 'NONE', #2083, #8198, #701, .T. ) ;
#3087 = VECTOR ( 'NONE', #8268, 1000.000000000000000 ) ;
#3088 = EDGE_CURVE ( 'NONE', #5012, #8910, #5448, .T. ) ;
#3089 = CIRCLE ( 'NONE', #5548, 2.599999999999970335 ) ;
#3090 = CARTESIAN_POINT ( 'NONE',  ( 30.25950298088268298, 7.599446075914690013, -36.13593956032333665 ) ) ;
#3091 = DIRECTION ( 'NONE',  ( -1.000000000000000000, 0.000000000000000000, 0.000000000000000000 ) ) ;
#3092 = EDGE_LOOP ( 'NONE', ( #4677, #2900, #1757, #7635, #1311, #816 ) ) ;
#3093 = CARTESIAN_POINT ( 'NONE',  ( -29.04827632435122453, 7.990213835971022860, -29.70321273588088573 ) ) ;
#3094 = ORIENTED_EDGE ( 'NONE', *, *, #3745, .T. ) ;
#3095 = ORIENTED_EDGE ( 'NONE', *, *, #1898, .T. ) ;
#3096 = CIRCLE ( 'NONE', #1701, 0.5000000000000004441 ) ;
#3097 = CARTESIAN_POINT ( 'NONE',  ( 21.71652554682844638, 7.479417570959294714, -5.935622842879293870 ) ) ;
#3098 = CARTESIAN_POINT ( 'NONE',  ( 27.97943070174128621, -4.520582429040425509, -32.78000000000000114 ) ) ;
#3099 = CARTESIAN_POINT ( 'NONE',  ( -28.09765073811760772, 6.552718010624585254, -30.43565613543960424 ) ) ;
#3100 = EDGE_CURVE ( 'NONE', #1759, #5515, #275, .T. ) ;
#3101 = CIRCLE ( 'NONE', #1400, 2.149999999999999023 ) ;
#3102 = DIRECTION ( 'NONE',  ( -1.250608365883192617E-15, 1.000000000000000000, 0.000000000000000000 ) ) ;
#3103 = CARTESIAN_POINT ( 'NONE',  ( -30.71800312398167776, 6.954542171010876572, -24.43417601260535577 ) ) ;
#3104 = ORIENTED_EDGE ( 'NONE', *, *, #4819, .F. ) ;
#3105 = ORIENTED_EDGE ( 'NONE', *, *, #7542, .F. ) ;
#3106 = CARTESIAN_POINT ( 'NONE',  ( 26.67942746741109161, -3.520582429040425065, -29.95157287525381307 ) ) ;
#3107 = CARTESIAN_POINT ( 'NONE',  ( -34.02057253258906400, -4.520582429040413963, -24.88596169655730961 ) ) ;
#3108 = AXIS2_PLACEMENT_3D ( 'NONE', #8298, #7561, #8438 ) ;
#3109 = EDGE_CURVE ( 'NONE', #3682, #9443, #997, .T. ) ;
#3110 = CARTESIAN_POINT ( 'NONE',  ( 16.84322734048926407, 8.479417570959276063, -26.49415077622344938 ) ) ;
#3111 = FACE_OUTER_BOUND ( 'NONE', #4893, .T. ) ;
#3112 = B_SPLINE_CURVE_WITH_KNOTS ( 'NONE', 3,
 ( #8206, #8254, #8833, #2 ),
 .UNSPECIFIED., .F., .F.,
 ( 4, 4 ),
 ( 0.01112595003624054432, 0.01283859046704959907 ),
 .UNSPECIFIED. ) ;
#3113 = CARTESIAN_POINT ( 'NONE',  ( -31.26965845134707678, 6.280378773161305439, -24.89999999999999858 ) ) ;
#3114 = DIRECTION ( 'NONE',  ( 0.000000000000000000, -1.734723475976807094E-15, 1.000000000000000000 ) ) ;
#3115 = EDGE_LOOP ( 'NONE', ( #236, #5383, #2644, #8518 ) ) ;
#3116 = DIRECTION ( 'NONE',  ( 0.2667120343101994639, 0.9261368049636287125, 0.2667120343101840874 ) ) ;
#3117 = CARTESIAN_POINT ( 'NONE',  ( 28.51261687189793292, 8.600156086812674516, -6.480279831418351399 ) ) ;
#3118 = VERTEX_POINT ( 'NONE', #3222 ) ;
#3119 = AXIS2_PLACEMENT_3D ( 'NONE', #3623, #6713, #1488 ) ;
#3120 = CARTESIAN_POINT ( 'NONE',  ( 30.96527874436508299, 6.629124262737831508, -1.599999992166556195 ) ) ;
#3121 = ORIENTED_EDGE ( 'NONE', *, *, #6945, .F. ) ;
#3122 = CARTESIAN_POINT ( 'NONE',  ( 26.37726715356127727, 7.308179587693372170, -2.000000000000015543 ) ) ;
#3123 = CYLINDRICAL_SURFACE ( 'NONE', #8950, 2.000000000000001776 ) ;
#3124 = ADVANCED_FACE ( 'NONE', ( #8550 ), #1036, .F. ) ;
#3125 = CIRCLE ( 'NONE', #2813, 2.999999999999999112 ) ;
#3126 = EDGE_CURVE ( 'NONE', #8809, #6872, #8163, .T. ) ;
#3127 = DIRECTION ( 'NONE',  ( -0.7981718375161033219, 0.6024298447090475905, 0.000000000000000000 ) ) ;
#3128 = DIRECTION ( 'NONE',  ( 0.000000000000000000, 0.000000000000000000, 1.000000000000000000 ) ) ;
#3129 = CARTESIAN_POINT ( 'NONE',  ( 30.82942746741107598, -2.520582429040425065, -5.750000000000006217 ) ) ;
#3130 = LINE ( 'NONE', #8997, #5252 ) ;
#3131 = FACE_OUTER_BOUND ( 'NONE', #4767, .T. ) ;
#3132 = LINE ( 'NONE', #5199, #6479 ) ;
#3133 = EDGE_CURVE ( 'NONE', #3583, #4991, #3994, .T. ) ;
#3134 = CIRCLE ( 'NONE', #2038, 2.600000000000004974 ) ;
#3135 = CARTESIAN_POINT ( 'NONE',  ( -33.02057253258905689, 1.027832321093293810, -24.40000000000000568 ) ) ;
#3136 = DIRECTION ( 'NONE',  ( -2.017120320903265181E-16, -1.000000000000000000, 0.000000000000000000 ) ) ;
#3137 = CARTESIAN_POINT ( 'NONE',  ( 32.49940930145450579, 3.931808720601828622, -79.30678919121336889 ) ) ;
#3138 = VERTEX_POINT ( 'NONE', #5490 ) ;
#3139 = CARTESIAN_POINT ( 'NONE',  ( -28.47391222279468792, 8.641972713042600063, -28.97692614723792914 ) ) ;
#3140 = CARTESIAN_POINT ( 'NONE',  ( -30.44949452320594219, 6.613398261023991864, -2.127727713899882023 ) ) ;
#3141 = CARTESIAN_POINT ( 'NONE',  ( 30.40601439606466627, 7.223670116865067214, -33.86228674162205010 ) ) ;
#3142 = ORIENTED_EDGE ( 'NONE', *, *, #1821, .F. ) ;
#3143 = CARTESIAN_POINT ( 'NONE',  ( 27.62742457880502656, 9.016845120988891793, -77.60000000000002274 ) ) ;
#3144 = EDGE_LOOP ( 'NONE', ( #3188, #5507, #3798, #5450 ) ) ;
#3145 = ORIENTED_EDGE ( 'NONE', *, *, #4034, .F. ) ;
#3146 = EDGE_CURVE ( 'NONE', #6356, #843, #1633, .T. ) ;
#3147 = EDGE_CURVE ( 'NONE', #8910, #330, #509, .T. ) ;
#3148 = DIRECTION ( 'NONE',  ( 0.000000000000000000, 0.8454602831925623896, 0.5340383034426952058 ) ) ;
#3149 = DIRECTION ( 'NONE',  ( -0.000000000000000000, -0.000000000000000000, 1.000000000000000000 ) ) ;
#3150 = CARTESIAN_POINT ( 'NONE',  ( -27.71434969932708015, 8.982013451409882165, -0.000000000000000000 ) ) ;
#3151 = DIRECTION ( 'NONE',  ( -0.000000000000000000, -0.000000000000000000, -1.000000000000000000 ) ) ;
#3152 = CARTESIAN_POINT ( 'NONE',  ( 28.40533536912534629, 8.655466991478110828, -26.84291025031398448 ) ) ;
#3153 = ORIENTED_EDGE ( 'NONE', *, *, #8093, .F. ) ;
#3154 = LINE ( 'NONE', #2924, #1971 ) ;
#3155 = ORIENTED_EDGE ( 'NONE', *, *, #5023, .T. ) ;
#3156 = CYLINDRICAL_SURFACE ( 'NONE', #4343, 3.349999999999988542 ) ;
#3157 = CARTESIAN_POINT ( 'NONE',  ( -32.52057253258906400, -2.520582429040414407, -24.39999999999999147 ) ) ;
#3158 = ADVANCED_FACE ( 'NONE', ( #8011 ), #6358, .T. ) ;
#3159 = CIRCLE ( 'NONE', #2842, 1.199999999999999734 ) ;
#3160 = CARTESIAN_POINT ( 'NONE',  ( 30.88652530130296014, 2.181317436170218116, -76.59999999999998010 ) ) ;
#3161 = CARTESIAN_POINT ( 'NONE',  ( 30.97942746741107811, -2.520582429040426398, -35.78000000000000824 ) ) ;
#3162 = CARTESIAN_POINT ( 'NONE',  ( -33.02057253258905689, 1.501125943297764165, -24.40000000000928537 ) ) ;
#3163 = CARTESIAN_POINT ( 'NONE',  ( 29.18018661329070085, 6.351848140341318505, -66.26075606029809251 ) ) ;
#3164 = ORIENTED_EDGE ( 'NONE', *, *, #2535, .F. ) ;
#3165 = APPROVAL_PERSON_ORGANIZATION ( #7223, #2189, #5883 ) ;
#3166 = CARTESIAN_POINT ( 'NONE',  ( -31.95864203105938017, 4.057460493999490936, -7.900000000000027001 ) ) ;
#3167 = ORIENTED_EDGE ( 'NONE', *, *, #6944, .T. ) ;
#3168 = CARTESIAN_POINT ( 'NONE',  ( 29.70589627603190053, 7.402264917838943248, -2.412087589515085728 ) ) ;
#3169 = ORIENTED_EDGE ( 'NONE', *, *, #710, .F. ) ;
#3170 = CARTESIAN_POINT ( 'NONE',  ( 26.99104161695355941, 7.109236976100788752, -2.000000000000029310 ) ) ;
#3171 = DIRECTION ( 'NONE',  ( 1.000000000000000000, 0.000000000000000000, -0.000000000000000000 ) ) ;
#3172 = CARTESIAN_POINT ( 'NONE',  ( 29.63407763484051571, 7.887772638317585461, -30.74280752426279051 ) ) ;
#3173 = DIRECTION ( 'NONE',  ( -0.000000000000000000, 0.000000000000000000, 1.000000000000000000 ) ) ;
#3174 = CYLINDRICAL_SURFACE ( 'NONE', #4297, 0.5000000000000004441 ) ;
#3175 = CARTESIAN_POINT ( 'NONE',  ( 30.82942746741106177, -2.520582429040426842, -30.19999999999999929 ) ) ;
#3176 = DIRECTION ( 'NONE',  ( -1.000000000000000000, 0.000000000000000000, 0.000000000000000000 ) ) ;
#3177 = CARTESIAN_POINT ( 'NONE',  ( 29.30664912301171299, 7.759335251531120470, -30.07585335848252939 ) ) ;
#3178 = CARTESIAN_POINT ( 'NONE',  ( 30.81108700116561749, 2.730852808147786082, -79.60000000000002274 ) ) ;
#3179 = DIRECTION ( 'NONE',  ( 1.000000000000000000, 0.000000000000000000, -2.385244779468107546E-14 ) ) ;
#3180 = FACE_OUTER_BOUND ( 'NONE', #5357, .T. ) ;
#3181 = ORIENTED_EDGE ( 'NONE', *, *, #4661, .T. ) ;
#3182 = DIRECTION ( 'NONE',  ( -1.000000000000000000, 0.000000000000000000, 0.000000000000000000 ) ) ;
#3183 = CARTESIAN_POINT ( 'NONE',  ( -28.74273997465196118, 8.504759742121882127, -3.894160191524988157 ) ) ;
#3184 = CARTESIAN_POINT ( 'NONE',  ( 28.33032093606306034, 6.817318635881131073, -37.16440416201140096 ) ) ;
#3185 = FACE_OUTER_BOUND ( 'NONE', #4682, .T. ) ;
#3186 = ORIENTED_EDGE ( 'NONE', *, *, #7989, .T. ) ;
#3187 = CARTESIAN_POINT ( 'NONE',  ( 24.97942746741094311, 9.479417570959293826, -77.60000000000002274 ) ) ;
#3188 = ORIENTED_EDGE ( 'NONE', *, *, #1560, .T. ) ;
#3189 = ORIENTED_EDGE ( 'NONE', *, *, #8976, .T. ) ;
#3190 = CARTESIAN_POINT ( 'NONE',  ( -27.90220633298944364, 8.905443775253624850, -0.000000000000000000 ) ) ;
#3191 = CARTESIAN_POINT ( 'NONE',  ( -30.14928467219229091, 4.349417570959286827, -39.79999999999998295 ) ) ;
#3192 = EDGE_CURVE ( 'NONE', #9152, #5860, #8472, .T. ) ;
#3193 = CARTESIAN_POINT ( 'NONE',  ( 30.99115446769620519, 6.594842938554903888, -24.86403729348289460 ) ) ;
#3194 = EDGE_CURVE ( 'NONE', #3584, #4873, #6405, .T. ) ;
#3195 = VERTEX_POINT ( 'NONE', #2054 ) ;
#3196 = CARTESIAN_POINT ( 'NONE',  ( -28.64665056290425937, 8.551630968196313631, -29.54940659097345090 ) ) ;
#3197 = ORIENTED_EDGE ( 'NONE', *, *, #8981, .F. ) ;
#3198 = CARTESIAN_POINT ( 'NONE',  ( 31.82517759963905846, 5.381027264961548262, -35.10151129728241415 ) ) ;
#3199 = LINE ( 'NONE', #7704, #5563 ) ;
#3200 = CARTESIAN_POINT ( 'NONE',  ( -30.72760786783826248, 3.017970015411485463, -76.59999999999999432 ) ) ;
#3201 = FACE_OUTER_BOUND ( 'NONE', #6525, .T. ) ;
#3202 = DIRECTION ( 'NONE',  ( -1.000000000000000000, -1.250608365883192617E-15, 0.000000000000000000 ) ) ;
#3203 = EDGE_CURVE ( 'NONE', #2872, #9411, #4435, .T. ) ;
#3204 = ORIENTED_EDGE ( 'NONE', *, *, #4965, .T. ) ;
#3205 = EDGE_CURVE ( 'NONE', #8933, #6821, #7055, .T. ) ;
#3206 = CYLINDRICAL_SURFACE ( 'NONE', #5388, 10.00000000000000000 ) ;
#3207 = CARTESIAN_POINT ( 'NONE',  ( -29.13834123628921091, 4.107013440803187088, -77.59999999999999432 ) ) ;
#3208 = EDGE_LOOP ( 'NONE', ( #697, #4639, #1494, #7464 ) ) ;
#3209 = CARTESIAN_POINT ( 'NONE',  ( 28.85432802539732577, 8.415964436071380561, -3.380877611476744704 ) ) ;
#3210 = EDGE_LOOP ( 'NONE', ( #8579, #847 ) ) ;
#3211 = CARTESIAN_POINT ( 'NONE',  ( 25.41350064699109268, 7.464599207750397980, -76.59999999999998010 ) ) ;
#3212 = CARTESIAN_POINT ( 'NONE',  ( -19.84101759557331235, 7.479417570959292938, -6.301696004068310764 ) ) ;
#3213 = CIRCLE ( 'NONE', #5212, 2.600000000000004974 ) ;
#3214 = DIRECTION ( 'NONE',  ( -1.000000000000000000, 2.017120320903265181E-16, -0.000000000000000000 ) ) ;
#3215 = CIRCLE ( 'NONE', #3527, 0.5000000000000000000 ) ;
#3216 = DIRECTION ( 'NONE',  ( 1.000000000000000000, -2.017120320903265181E-16, 0.000000000000000000 ) ) ;
#3217 = CARTESIAN_POINT ( 'NONE',  ( 27.81479542044142050, 7.122805938078072607, -36.76596286051919549 ) ) ;
#3218 = FACE_OUTER_BOUND ( 'NONE', #6403, .T. ) ;
#3219 = CARTESIAN_POINT ( 'NONE',  ( -31.02057253258906755, -4.520582429040424621, -79.59999999999999432 ) ) ;
#3220 = DIRECTION ( 'NONE',  ( 8.659560562354950115E-17, -0.7071067811865463515, 0.7071067811865487940 ) ) ;
#3221 = LINE ( 'NONE', #7677, #8425 ) ;
#3222 = CARTESIAN_POINT ( 'NONE',  ( -33.14557253258908531, -3.020582429040413519, -6.705689010341599143 ) ) ;
#3223 = FACE_OUTER_BOUND ( 'NONE', #5088, .T. ) ;
#3224 = EDGE_LOOP ( 'NONE', ( #5068, #718, #833, #7341, #5379, #1593 ) ) ;
#3225 = VECTOR ( 'NONE', #4049, 1000.000000000000000 ) ;
#3226 = VECTOR ( 'NONE', #7724, 1000.000000000000000 ) ;
#3227 = ADVANCED_FACE ( 'NONE', ( #553 ), #896, .T. ) ;
#3228 = CARTESIAN_POINT ( 'NONE',  ( 30.82942746741106532, 5.979164254138646051, -24.89999999999999503 ) ) ;
#3229 = CARTESIAN_POINT ( 'NONE',  ( -29.34397753783382612, 8.126913867188349627, -2.305217115405134187 ) ) ;
#3230 = CARTESIAN_POINT ( 'NONE',  ( 31.26592584985322176, 6.787990333571339185, -37.13271960469816690 ) ) ;
#3231 = ORIENTED_EDGE ( 'NONE', *, *, #3251, .F. ) ;
#3232 = AXIS2_PLACEMENT_3D ( 'NONE', #8450, #6933, #4076 ) ;
#3233 = AXIS2_PLACEMENT_3D ( 'NONE', #8803, #6417, #5686 ) ;
#3234 = DIRECTION ( 'NONE',  ( -1.000000000000000000, 2.017120320903265181E-16, -1.613696256722612145E-15 ) ) ;
#3235 = ORIENTED_EDGE ( 'NONE', *, *, #6753, .F. ) ;
#3236 = ORIENTED_EDGE ( 'NONE', *, *, #6120, .T. ) ;
#3237 = AXIS2_PLACEMENT_3D ( 'NONE', #5678, #8650, #2011 ) ;
#3238 = AXIS2_PLACEMENT_3D ( 'NONE', #8967, #8097, #2181 ) ;
#3239 = EDGE_CURVE ( 'NONE', #3118, #6018, #6907, .T. ) ;
#3240 = FACE_OUTER_BOUND ( 'NONE', #7221, .T. ) ;
#3241 = CARTESIAN_POINT ( 'NONE',  ( 28.79262011024112411, 6.349417570959293933, -67.48715829593118087 ) ) ;
#3242 = VECTOR ( 'NONE', #2678, 1000.000000000000000 ) ;
#3243 = DIRECTION ( 'NONE',  ( 1.000000000000000000, -0.000000000000000000, 0.000000000000000000 ) ) ;
#3244 = CARTESIAN_POINT ( 'NONE',  ( -25.54972802584779146, 7.455286695951969911, -2.000000000000003109 ) ) ;
#3245 = VERTEX_POINT ( 'NONE', #2788 ) ;
#3246 = AXIS2_PLACEMENT_3D ( 'NONE', #8315, #948, #3902 ) ;
#3247 = CARTESIAN_POINT ( 'NONE',  ( -29.77848241452804956, 7.809687080843858098, -30.41805345788004544 ) ) ;
#3248 = AXIS2_PLACEMENT_3D ( 'NONE', #6023, #4464, #5975 ) ;
#3249 = AXIS2_PLACEMENT_3D ( 'NONE', #5732, #655, #2743 ) ;
#3250 = ORIENTED_EDGE ( 'NONE', *, *, #5775, .F. ) ;
#3251 = EDGE_CURVE ( 'NONE', #4553, #800, #8782, .T. ) ;
#3252 = CARTESIAN_POINT ( 'NONE',  ( 28.40533536441635576, 8.655466993863010217, -28.54999999999997939 ) ) ;
#3253 = CC_DESIGN_PERSON_AND_ORGANIZATION_ASSIGNMENT ( #8695, #4315, ( #4074 ) ) ;
#3254 = CYLINDRICAL_SURFACE ( 'NONE', #941, 0.5000000000000004441 ) ;
#3255 = AXIS2_PLACEMENT_3D ( 'NONE', #5810, #688, #6583 ) ;
#3256 = CARTESIAN_POINT ( 'NONE',  ( 27.94204971074388411, 6.630120152281254065, -2.000000000000002665 ) ) ;
#3257 = CARTESIAN_POINT ( 'NONE',  ( -32.72037423252120902, 3.350107292355289701, -24.40000000000000568 ) ) ;
#3258 = VERTEX_POINT ( 'NONE', #2000 ) ;
#3259 = FACE_OUTER_BOUND ( 'NONE', #7371, .T. ) ;
#3260 = CARTESIAN_POINT ( 'NONE',  ( -28.73290689012143062, 6.483333010814344100, -37.88696906455960800 ) ) ;
#3261 = ORIENTED_EDGE ( 'NONE', *, *, #7902, .F. ) ;
#3262 = CARTESIAN_POINT ( 'NONE',  ( 28.70168172354198077, 8.504249786469229022, -3.892595793516123504 ) ) ;
#3263 = ORIENTED_EDGE ( 'NONE', *, *, #3943, .F. ) ;
#3264 = AXIS2_PLACEMENT_3D ( 'NONE', #8775, #2136, #97 ) ;
#3265 = DIRECTION ( 'NONE',  ( -2.017120320903265181E-16, -1.000000000000000000, 0.000000000000000000 ) ) ;
#3266 = DIRECTION ( 'NONE',  ( 2.017120320903265428E-16, 1.000000000000000000, -0.000000000000000000 ) ) ;
#3267 = B_SPLINE_CURVE_WITH_KNOTS ( 'NONE', 3,
 ( #2343, #2282, #4555, #786, #6728, #7611, #6110, #9615, #5225, #834, #5325, #93, #7510, #3055, #8294, #2967, #6825, #928, #6009, #145, #5913, #5180, #8874, #2237, #1503, #4449, #7410, #7781, #975 ),
 .UNSPECIFIED., .F., .F.,
 ( 4, 2, 2, 1, 2, 2, 2, 1, 1, 2, 2, 2, 1, 1, 2, 2, 4 ),
 ( 0.000000000000000000, 0.1249999999999986955, 0.2499999999999973910, 0.3124999999999966138, 0.3437499999999959477, 0.3749999999999953371, 0.4999999999999920619, 0.5624999999999904521, 0.5937499999999898970, 0.6093749999999900080, 0.6249999999999900080, 0.7499999999999921174, 0.8124999999999932276, 0.8437499999999941158, 0.8593749999999944489, 0.8749999999999948930, 1.000000000000000000 ),
 .UNSPECIFIED. ) ;
#3268 = EDGE_CURVE ( 'NONE', #4977, #4239, #1957, .T. ) ;
#3269 = EDGE_CURVE ( 'NONE', #2356, #4934, #4120, .T. ) ;
#3270 = EDGE_CURVE ( 'NONE', #2445, #550, #7839, .T. ) ;
#3271 = DIRECTION ( 'NONE',  ( 1.000000000000000000, 0.000000000000000000, 0.000000000000000000 ) ) ;
#3272 = VECTOR ( 'NONE', #3496, 1000.000000000000000 ) ;
#3273 = CARTESIAN_POINT ( 'NONE',  ( -27.52057253258906755, 6.882612225788601990, -5.750000000000006217 ) ) ;
#3274 = CARTESIAN_POINT ( 'NONE',  ( 26.78560441465099373, 7.483248105799140681, -36.42972953970057404 ) ) ;
#3275 = CARTESIAN_POINT ( 'NONE',  ( -30.89017226309999131, 2.349417570959237089, -77.59999999999999432 ) ) ;
#3276 = DIRECTION ( 'NONE',  ( -1.000000000000000000, 2.017120320903265181E-16, 0.000000000000000000 ) ) ;
#3277 = LINE ( 'NONE', #6299, #2472 ) ;
#3278 = ORIENTED_EDGE ( 'NONE', *, *, #5355, .F. ) ;
#3279 = CARTESIAN_POINT ( 'NONE',  ( 22.57953291248330174, 7.479417570959292050, -32.77999999999997982 ) ) ;
#3280 =( NAMED_UNIT ( * ) SI_UNIT ( $, .STERADIAN. ) SOLID_ANGLE_UNIT ( ) );
#3281 = CARTESIAN_POINT ( 'NONE',  ( -32.47445955095770387, 4.076714750841792245, -36.62339683994287753 ) ) ;
#3282 = DIRECTION ( 'NONE',  ( 1.000000000000000000, -3.336006684570821065E-16, 0.000000000000000000 ) ) ;
#3283 = AXIS2_PLACEMENT_3D ( 'NONE', #6978, #3265, #7758 ) ;
#3284 = ORIENTED_EDGE ( 'NONE', *, *, #162, .T. ) ;
#3285 = ADVANCED_FACE ( 'NONE', ( #3800 ), #431, .T. ) ;
#3286 = CARTESIAN_POINT ( 'NONE',  ( -32.61497247223809381, 3.664086218298184594, -37.51017214640083353 ) ) ;
#3287 = CARTESIAN_POINT ( 'NONE',  ( -25.56357139298030745, 9.479417570959295603, -5.551115123125782702E-14 ) ) ;
#3288 = CARTESIAN_POINT ( 'NONE',  ( -33.02057253258945480, -2.520582429040413519, -9.100000000000024514 ) ) ;
#3289 = ORIENTED_EDGE ( 'NONE', *, *, #3442, .F. ) ;
#3290 = DIRECTION ( 'NONE',  ( -1.000000000000000000, 2.017120320903265181E-16, 0.000000000000000000 ) ) ;
#3291 = ORIENTED_EDGE ( 'NONE', *, *, #5672, .F. ) ;
#3292 = ORIENTED_EDGE ( 'NONE', *, *, #164, .T. ) ;
#3293 = CARTESIAN_POINT ( 'NONE',  ( -32.37911348375038756, 2.789636010327627424, -7.900000000000025224 ) ) ;
#3294 = CARTESIAN_POINT ( 'NONE',  ( -28.44613486920354362, 8.655815229973256919, -5.750000000000018652 ) ) ;
#3295 = FACE_OUTER_BOUND ( 'NONE', #7739, .T. ) ;
#3296 = CARTESIAN_POINT ( 'NONE',  ( 28.67942747150567229, 8.516651187268211132, -26.86982591893779926 ) ) ;
#3297 = ORIENTED_EDGE ( 'NONE', *, *, #7902, .T. ) ;
#3298 = CARTESIAN_POINT ( 'NONE',  ( -33.02474218783230242, -3.461499893618365409, -24.99486096089975007 ) ) ;
#3299 = VERTEX_POINT ( 'NONE', #5297 ) ;
#3300 = CARTESIAN_POINT ( 'NONE',  ( 29.32309799131149930, 8.115726586404113263, -33.44211755398050911 ) ) ;
#3301 = EDGE_CURVE ( 'NONE', #9338, #6572, #3213, .T. ) ;
#3302 = B_SPLINE_CURVE_WITH_KNOTS ( 'NONE', 3,
 ( #5385, #4668, #2451, #1077, #7667, #5570, #360, #313, #4610, #2634, #3358, #2500, #3315, #3212, #6979, #8494, #9137, #2584 ),
 .UNSPECIFIED., .F., .F.,
 ( 4, 2, 2, 2, 2, 2, 2, 2, 4 ),
 ( 0.005666001749337629644, 0.007544780635615538564, 0.009423559521893446617, 0.01130233840817135640, 0.01318111729444926619, 0.01505989618072717598, 0.01693867506700508230, 0.01881745395328299209, 0.02069623283956090187 ),
 .UNSPECIFIED. ) ;
#3303 = CARTESIAN_POINT ( 'NONE',  ( 30.67695531903126138, 6.954419729757566948, -8.365819309914842350 ) ) ;
#3304 = CARTESIAN_POINT ( 'NONE',  ( 27.88384257360738872, 6.661174507315958060, -2.641675061662462909 ) ) ;
#3305 = DIRECTION ( 'NONE',  ( -1.000000000000000000, 0.000000000000000000, 0.000000000000000000 ) ) ;
#3306 = EDGE_CURVE ( 'NONE', #6521, #5032, #8617, .T. ) ;
#3307 = CARTESIAN_POINT ( 'NONE',  ( -32.98242468441016229, 1.969061636733700826, -24.39999999999999147 ) ) ;
#3308 = ORIENTED_EDGE ( 'NONE', *, *, #4786, .T. ) ;
#3309 = DIRECTION ( 'NONE',  ( -2.025677196612374621E-16, -1.000000000000000000, -3.697785493223491743E-32 ) ) ;
#3310 = ORIENTED_EDGE ( 'NONE', *, *, #3452, .T. ) ;
#3311 = CARTESIAN_POINT ( 'NONE',  ( -32.52057253258906400, -2.520582429040413519, -7.400000000000003020 ) ) ;
#3312 = VECTOR ( 'NONE', #9339, 1000.000000000000000 ) ;
#3313 = ORIENTED_EDGE ( 'NONE', *, *, #534, .F. ) ;
#3314 = DIRECTION ( 'NONE',  ( 1.000000000000000000, 0.000000000000000000, 0.000000000000000000 ) ) ;
#3315 = CARTESIAN_POINT ( 'NONE',  ( -21.06068401125525114, 7.479417570959293826, -6.649618459312542029 ) ) ;
#3316 = CARTESIAN_POINT ( 'NONE',  ( 29.19440605966527968, 8.198863044308396297, -30.39638577859614799 ) ) ;
#3317 = PRODUCT_DEFINITION_FORMATION_WITH_SPECIFIED_SOURCE ( 'ANY', '', #3755, .NOT_KNOWN. ) ;
#3318 = DIRECTION ( 'NONE',  ( 1.000000000000000000, 1.250608365883192617E-15, -0.000000000000000000 ) ) ;
#3319 = CARTESIAN_POINT ( 'NONE',  ( 32.47942744778973889, -2.971234598528376569, -2.378294952122783634 ) ) ;
#3320 = CARTESIAN_POINT ( 'NONE',  ( 32.57025585877259743, -3.020582429040426398, -25.39999999999999147 ) ) ;
#3321 = DIRECTION ( 'NONE',  ( 0.9807238107165399121, -0.1953990969621621776, 0.000000000000000000 ) ) ;
#3322 = DIRECTION ( 'NONE',  ( 2.017120320903265181E-16, 1.000000000000000000, -0.000000000000000000 ) ) ;
#3323 = PLANE ( 'NONE',  #3693 ) ;
#3324 = ORIENTED_EDGE ( 'NONE', *, *, #6944, .F. ) ;
#3325 = ADVANCED_FACE ( 'NONE', ( #8262 ), #6741, .F. ) ;
#3326 = ADVANCED_FACE ( 'NONE', ( #6791 ), #1663, .F. ) ;
#3327 = CARTESIAN_POINT ( 'NONE',  ( 26.47942746741107811, 6.349417570959288604, -66.00000000000000000 ) ) ;
#3328 = VERTEX_POINT ( 'NONE', #1622 ) ;
#3329 = CARTESIAN_POINT ( 'NONE',  ( 24.94938643382311838, 7.479417570959292050, -15.22517341049515061 ) ) ;
#3330 = CARTESIAN_POINT ( 'NONE',  ( -28.83360472925004103, 6.349417570959228208, -38.62238711570004313 ) ) ;
#3331 = CARTESIAN_POINT ( 'NONE',  ( -29.10250449992872390, 8.304685335212100838, -77.59999999999999432 ) ) ;
#3332 = CARTESIAN_POINT ( 'NONE',  ( -32.85161988453307202, 2.740215764883550786, -77.59999999999999432 ) ) ;
#3333 = EDGE_CURVE ( 'NONE', #6694, #6521, #1210, .T. ) ;
#3334 = ORIENTED_EDGE ( 'NONE', *, *, #4732, .F. ) ;
#3335 = ADVANCED_FACE ( 'NONE', ( #2983 ), #3123, .T. ) ;
#3336 = CARTESIAN_POINT ( 'NONE',  ( 31.87942746741113353, -3.520582429040425065, -27.81000000000000227 ) ) ;
#3337 = ORIENTED_EDGE ( 'NONE', *, *, #8771, .T. ) ;
#3338 = CARTESIAN_POINT ( 'NONE',  ( -26.80057253258890881, 7.183605103086229349, -14.88999999999997215 ) ) ;
#3339 = EDGE_LOOP ( 'NONE', ( #1851, #8210, #4828, #3651 ) ) ;
#3340 = CARTESIAN_POINT ( 'NONE',  ( 31.22850509297901667, 6.280390163998746722, -31.19999999999999929 ) ) ;
#3341 = FACE_OUTER_BOUND ( 'NONE', #8620, .T. ) ;
#3342 =( BOUNDED_SURFACE ( )  B_SPLINE_SURFACE ( 3, 2, ( 
 ( #8835, #2729, #5660 ),
 ( #6692, #4461, #3694 ),
 ( #3794, #936, #1615 ),
 ( #7568, #54, #8882 ),
 ( #3893, #5334, #7518 ),
 ( #1512, #4604, #2243 ) ),
 .UNSPECIFIED., .F., .F., .F. ) 
 B_SPLINE_SURFACE_WITH_KNOTS ( ( 4, 2, 4 ),
 ( 3, 3 ),
 ( 0.000000000000000000, 0.0002862708336796120339, 0.0005725416673592240678 ),
 ( 0.000000000000000000, 1.000000000000000000 ),
 .UNSPECIFIED. ) 
 GEOMETRIC_REPRESENTATION_ITEM ( )  RATIONAL_B_SPLINE_SURFACE ( (
 ( 1.000000000000000000, 0.7071067811865472397, 1.000000000000000000),
 ( 1.000000000000000000, 0.6967925276981419280, 1.000000000000000000),
 ( 1.000000000000000000, 0.6903940771276886323, 1.000000000000000000),
 ( 1.000000000000000000, 0.6898198071407934950, 1.000000000000000000),
 ( 1.000000000000000000, 0.6957131915811997080, 1.000000000000000000),
 ( 1.000000000000000000, 0.7071067811866025288, 1.000000000000000000) ) ) 
 REPRESENTATION_ITEM ( '' )  SURFACE ( )  );
#3343 = DIRECTION ( 'NONE',  ( 1.000000000000000000, 0.000000000000000000, -3.469446951953611033E-15 ) ) ;
#3344 = ORIENTED_EDGE ( 'NONE', *, *, #233, .T. ) ;
#3345 = CARTESIAN_POINT ( 'NONE',  ( -28.72057253258903842, 8.209584760035346207, -28.54999999999999716 ) ) ;
#3346 = ORIENTED_EDGE ( 'NONE', *, *, #1585, .T. ) ;
#3347 = LINE ( 'NONE', #9537, #192 ) ;
#3348 = CARTESIAN_POINT ( 'NONE',  ( 23.75375311884909380, 8.479417570959274286, -17.13841665359756661 ) ) ;
#3349 = CARTESIAN_POINT ( 'NONE',  ( -29.22057253258907039, -3.020582429040414407, -5.750000000000000888 ) ) ;
#3350 = ADVANCED_FACE ( 'NONE', ( #5147 ), #9037, .F. ) ;
#3351 = EDGE_CURVE ( 'NONE', #8125, #8335, #5523, .T. ) ;
#3352 = B_SPLINE_CURVE_WITH_KNOTS ( 'NONE', 3,
 ( #9065, #1109, #2434, #9214, #8391, #5365, #7007, #291, #3244, #6203, #4738, #971, #7694, #1054, #6961, #8474 ),
 .UNSPECIFIED., .F., .F.,
 ( 4, 1, 1, 2, 2, 2, 2, 2, 4 ),
 ( -0.008193228984191044950, -0.002298893065986517235, -0.0008253090864353872583, -8.851709665982920860E-05, 0.0002798788982279459131, 0.0006482748931157210348, 0.001385066882891260870, 0.002121858872666800705, 0.003595442852217876906 ),
 .UNSPECIFIED. ) ;
#3353 = CARTESIAN_POINT ( 'NONE',  ( 32.95098771464886056, 1.748267599017590657, -77.59999999999998010 ) ) ;
#3354 = CARTESIAN_POINT ( 'NONE',  ( -28.66752505155049491, 6.555912530978385888, -37.68078457563765937 ) ) ;
#3355 = ORIENTED_EDGE ( 'NONE', *, *, #6864, .T. ) ;
#3356 = ORIENTED_EDGE ( 'NONE', *, *, #3909, .T. ) ;
#3357 = CARTESIAN_POINT ( 'NONE',  ( 30.82942746741108309, -2.520582429040423289, -31.89999999999999147 ) ) ;
#3358 = CARTESIAN_POINT ( 'NONE',  ( -22.74638318283975380, 7.479417570959293826, -7.480185745777881756 ) ) ;
#3359 = CARTESIAN_POINT ( 'NONE',  ( 31.76473261921992375, 5.504588585201456219, -24.89999999999998792 ) ) ;
#3360 = CARTESIAN_POINT ( 'NONE',  ( -28.72057253258906684, 8.209584760035333773, -4.249999999999999112 ) ) ;
#3361 = CARTESIAN_POINT ( 'NONE',  ( 29.78591867237219759, 7.769823529181332233, -30.83266699274121336 ) ) ;
#3362 = CARTESIAN_POINT ( 'NONE',  ( -34.02057253258906400, -3.020582429040413519, -7.924038303442734410 ) ) ;
#3363 = DIRECTION ( 'NONE',  ( -4.458571562666549545E-16, 0.5140383034426823095, 0.8577672310095372232 ) ) ;
#3364 = CARTESIAN_POINT ( 'NONE',  ( 28.71717838902800324, 6.452026769569723541, -37.99412609112814465 ) ) ;
#3365 = FACE_OUTER_BOUND ( 'NONE', #1781, .T. ) ;
#3366 = CARTESIAN_POINT ( 'NONE',  ( -33.02057253258906400, 1.027832321093304024, -8.400000000000003908 ) ) ;
#3367 = FACE_OUTER_BOUND ( 'NONE', #414, .T. ) ;
#3368 = ORIENTED_EDGE ( 'NONE', *, *, #6687, .F. ) ;
#3369 = DIRECTION ( 'NONE',  ( -1.250608365883192617E-15, 1.000000000000000000, -0.000000000000000000 ) ) ;
#3370 = CARTESIAN_POINT ( 'NONE',  ( 28.07942746741108309, 4.349417570959287715, -48.50000000000001421 ) ) ;
#3371 = ORIENTED_EDGE ( 'NONE', *, *, #3426, .F. ) ;
#3372 = CARTESIAN_POINT ( 'NONE',  ( 30.82942746741109019, -2.520582429040426842, -5.750000000000000888 ) ) ;
#3373 = VECTOR ( 'NONE', #6548, 1000.000000000000000 ) ;
#3374 = DIRECTION ( 'NONE',  ( 1.000000000000000000, 0.000000000000000000, 0.000000000000000000 ) ) ;
#3375 = CARTESIAN_POINT ( 'NONE',  ( 32.47942746741107101, 1.027832321093521184, -2.099999999999987210 ) ) ;
#3376 = CARTESIAN_POINT ( 'NONE',  ( 29.17942746741106319, -2.520582429040425509, -28.54999999999999716 ) ) ;
#3377 = CARTESIAN_POINT ( 'NONE',  ( -34.02057253258906400, -4.520582429040413963, -30.73403830344269139 ) ) ;
#3378 = CARTESIAN_POINT ( 'NONE',  ( -33.02057253258906400, -2.520582429040413519, -8.400000000000003908 ) ) ;
#3379 = ORIENTED_EDGE ( 'NONE', *, *, #3470, .F. ) ;
#3380 = CARTESIAN_POINT ( 'NONE',  ( 30.67942746741113424, 5.479417570959574491, -27.81000000000000227 ) ) ;
#3381 = ORIENTED_EDGE ( 'NONE', *, *, #1597, .T. ) ;
#3382 = EDGE_CURVE ( 'NONE', #8760, #5315, #1099, .T. ) ;
#3383 = ADVANCED_FACE ( 'NONE', ( #2358 ), #6595, .T. ) ;
#3384 = DIRECTION ( 'NONE',  ( 0.000000000000000000, 0.000000000000000000, 1.000000000000000000 ) ) ;
#3385 = DIRECTION ( 'NONE',  ( -2.017120320903265181E-16, -1.000000000000000000, 0.000000000000000000 ) ) ;
#3386 = CIRCLE ( 'NONE', #126, 1.000000000000000888 ) ;
#3387 = AXIS2_PLACEMENT_3D ( 'NONE', #5820, #8007, #2050 ) ;
#3388 = DIRECTION ( 'NONE',  ( -1.250608365883192617E-15, 1.000000000000000000, 0.000000000000000000 ) ) ;
#3389 = CYLINDRICAL_SURFACE ( 'NONE', #1536, 4.000000000000003553 ) ;
#3390 = EDGE_LOOP ( 'NONE', ( #3164, #8578, #7592, #7822, #3 ) ) ;
#3391 = CARTESIAN_POINT ( 'NONE',  ( -33.04730999030907412, -2.969737264260410292, -25.17574115690425174 ) ) ;
#3392 = EDGE_LOOP ( 'NONE', ( #6667, #7994, #5118, #7842 ) ) ;
#3393 = DIRECTION ( 'NONE',  ( 1.000000000000000000, -2.589139516383305650E-16, 0.000000000000000000 ) ) ;
#3394 = VECTOR ( 'NONE', #8631, 1000.000000000000000 ) ;
#3395 = CIRCLE ( 'NONE', #4624, 0.5000000000000012212 ) ;
#3396 = EDGE_CURVE ( 'NONE', #1956, #481, #5884, .T. ) ;
#3397 = CARTESIAN_POINT ( 'NONE',  ( 19.87925554444804632, 8.479417570959274286, -24.33895803756711373 ) ) ;
#3398 = DIRECTION ( 'NONE',  ( 2.017120320903265181E-16, 1.000000000000000000, 0.000000000000000000 ) ) ;
#3399 = AXIS2_PLACEMENT_3D ( 'NONE', #2667, #6469, #1151 ) ;
#3400 = CIRCLE ( 'NONE', #9603, 0.5000000000000002220 ) ;
#3401 = CYLINDRICAL_SURFACE ( 'NONE', #3691, 1.199999999999999734 ) ;
#3402 = B_SPLINE_CURVE_WITH_KNOTS ( 'NONE', 3,
 ( #2048, #8004, #739, #4406, #8884, #4995, #7217, #6589 ),
 .UNSPECIFIED., .F., .F.,
 ( 4, 2, 2, 4 ),
 ( 2.602085213965210642E-18, 0.001323472554940797324, 0.002646945109881592047, 0.005293890219763182359 ),
 .UNSPECIFIED. ) ;
#3403 = CARTESIAN_POINT ( 'NONE',  ( 32.98384196099112131, -3.456372478847699270, -30.62149783637877576 ) ) ;
#3404 = ORIENTED_EDGE ( 'NONE', *, *, #5617, .F. ) ;
#3405 = CARTESIAN_POINT ( 'NONE',  ( 28.71804144189149000, 6.060985904579281325, -8.365263137128835069 ) ) ;
#3406 = CARTESIAN_POINT ( 'NONE',  ( 30.40835589102112735, 6.613369351309400734, -30.67226849115661125 ) ) ;
#3407 = EDGE_CURVE ( 'NONE', #8138, #9223, #585, .T. ) ;
#3408 = AXIS2_PLACEMENT_3D ( 'NONE', #4320, #5825, #4898 ) ;
#3409 = CARTESIAN_POINT ( 'NONE',  ( -28.74255874391991483, 8.196083784929244942, -3.896905506496872729 ) ) ;
#3410 = CARTESIAN_POINT ( 'NONE',  ( -32.56125290288878205, -3.015991451029465864, -2.517553857237546211 ) ) ;
#3411 = CARTESIAN_POINT ( 'NONE',  ( -32.23742860534041910, 3.217872996333293933, -2.100000000000007194 ) ) ;
#3412 = CYLINDRICAL_SURFACE ( 'NONE', #3232, 3.000000000000000000 ) ;
#3413 = CARTESIAN_POINT ( 'NONE',  ( 28.69198882734098888, 6.483080410692671158, -37.88768847650892013 ) ) ;
#3414 = PLANE ( 'NONE',  #931 ) ;
#3415 = CIRCLE ( 'NONE', #7885, 2.100000000000004530 ) ;
#3416 = CIRCLE ( 'NONE', #1718, 3.999999999999996447 ) ;
#3417 = DIRECTION ( 'NONE',  ( 1.000000000000000000, -2.017120320903265181E-16, 0.000000000000000000 ) ) ;
#3418 = DIRECTION ( 'NONE',  ( 1.982541115402067329E-16, -3.999023970903735428E-32, 1.000000000000000000 ) ) ;
#3419 = ORIENTED_EDGE ( 'NONE', *, *, #7428, .T. ) ;
#3420 = DIRECTION ( 'NONE',  ( -1.000000000000000000, -1.982541115402065356E-16, 0.000000000000000000 ) ) ;
#3421 = DIRECTION ( 'NONE',  ( 0.000000000000000000, 0.000000000000000000, -1.000000000000000000 ) ) ;
#3422 = CIRCLE ( 'NONE', #8994, 8.750000000000000000 ) ;
#3423 = DIRECTION ( 'NONE',  ( -2.017120320903264935E-16, -1.000000000000000000, 0.000000000000000000 ) ) ;
#3424 = CARTESIAN_POINT ( 'NONE',  ( -32.62428707693665331, 3.688867681140259869, -5.551115123125782702E-14 ) ) ;
#3426 = EDGE_CURVE ( 'NONE', #9035, #3811, #6647, .T. ) ;
#3425 = CARTESIAN_POINT ( 'NONE',  ( 28.72942746741107811, 6.849417570959293933, -66.00000000000000000 ) ) ;
#3427 = ORIENTED_EDGE ( 'NONE', *, *, #9203, .T. ) ;
#3428 = VECTOR ( 'NONE', #865, 1000.000000000000000 ) ;
#3429 = VECTOR ( 'NONE', #8110, 1000.000000000000000 ) ;
#3430 = DIRECTION ( 'NONE',  ( -0.000000000000000000, 0.000000000000000000, 1.000000000000000000 ) ) ;
#3431 = ORIENTED_EDGE ( 'NONE', *, *, #3147, .F. ) ;
#3432 = DIRECTION ( 'NONE',  ( -2.017120320903265428E-16, -1.000000000000000000, -0.000000000000000000 ) ) ;
#3433 = EDGE_LOOP ( 'NONE', ( #3506, #8530, #4744, #3766, #9458, #5412, #2620, #8855 ) ) ;
#3434 = CYLINDRICAL_SURFACE ( 'NONE', #9072, 2.150000000000002576 ) ;
#3435 = CIRCLE ( 'NONE', #4187, 1.000000000000000888 ) ;
#3436 = CARTESIAN_POINT ( 'NONE',  ( 32.47942746741108522, -2.520582429040427286, -30.69999999999999929 ) ) ;
#3437 = CARTESIAN_POINT ( 'NONE',  ( 30.82942746741107953, 9.481417570959282060, -23.69999999999999929 ) ) ;
#3438 = DIRECTION ( 'NONE',  ( 0.000000000000000000, 1.149254302834633753E-14, 1.000000000000000000 ) ) ;
#3439 = LINE ( 'NONE', #7145, #5698 ) ;
#3440 = ORIENTED_EDGE ( 'NONE', *, *, #257, .F. ) ;
#3441 = CARTESIAN_POINT ( 'NONE',  ( 24.97942746741094311, 7.690846142387867346, -36.28017184264066941 ) ) ;
#3442 = EDGE_CURVE ( 'NONE', #8392, #800, #802, .T. ) ;
#3443 = VERTEX_POINT ( 'NONE', #5244 ) ;
#3444 = EDGE_CURVE ( 'NONE', #558, #4340, #3302, .T. ) ;
#3445 = AXIS2_PLACEMENT_3D ( 'NONE', #1888, #7793, #1155 ) ;
#3446 = DIRECTION ( 'NONE',  ( 1.000000000000000000, -2.017120320903265181E-16, 0.000000000000000000 ) ) ;
#3447 = CARTESIAN_POINT ( 'NONE',  ( 22.41966228774625947, 8.479417570959274286, -8.769692393668261587 ) ) ;
#3448 = DIRECTION ( 'NONE',  ( -2.017120320903265428E-16, -1.000000000000000000, -0.000000000000000000 ) ) ;
#3449 = CARTESIAN_POINT ( 'NONE',  ( -28.55346374503184848, 8.600583586393209856, -3.519634147052052686 ) ) ;
#3450 = CARTESIAN_POINT ( 'NONE',  ( 32.48604919377469713, -2.988477452086764963, -30.38261379966012399 ) ) ;
#3451 = ORIENTED_EDGE ( 'NONE', *, *, #9611, .T. ) ;
#3452 = EDGE_CURVE ( 'NONE', #6691, #1033, #6292, .T. ) ;
#3453 = EDGE_CURVE ( 'NONE', #7790, #2497, #9434, .T. ) ;
#3454 = ORIENTED_EDGE ( 'NONE', *, *, #9138, .F. ) ;
#3455 = CARTESIAN_POINT ( 'NONE',  ( 29.32598487210865557, 5.453618630384051258, -8.745573728037294714 ) ) ;
#3456 = CARTESIAN_POINT ( 'NONE',  ( 30.99036686480177849, 6.595886391878623911, -30.73608204325669035 ) ) ;
#3457 = CARTESIAN_POINT ( 'NONE',  ( 32.97942746741107101, 1.027832321093527401, -24.39999999999999147 ) ) ;
#3458 = CARTESIAN_POINT ( 'NONE',  ( 32.12359819753296364, 5.236079598586698580, -77.26548904364592829 ) ) ;
#3459 = CARTESIAN_POINT ( 'NONE',  ( -31.81584106082491914, 4.485974814916424691, -2.100000000000008082 ) ) ;
#3460 = VERTEX_POINT ( 'NONE', #8408 ) ;
#3461 = FACE_OUTER_BOUND ( 'NONE', #2754, .T. ) ;
#3462 = CARTESIAN_POINT ( 'NONE',  ( 28.67942746741109161, -3.520582429040425509, -29.95157287525381307 ) ) ;
#3463 = DIRECTION ( 'NONE',  ( -1.000000000000000000, 2.891205793294675861E-16, 2.312964634635740689E-15 ) ) ;
#3464 = DIRECTION ( 'NONE',  ( -1.000000000000000000, 0.000000000000000000, -0.000000000000000000 ) ) ;
#3465 = VERTEX_POINT ( 'NONE', #1719 ) ;
#3466 = MECHANICAL_CONTEXT ( 'NONE', #5906, 'mechanical' ) ;
#3467 = DIRECTION ( 'NONE',  ( 2.017120320903265181E-16, 1.000000000000000000, -0.000000000000000000 ) ) ;
#3468 = CARTESIAN_POINT ( 'NONE',  ( -28.27525920856571418, 6.879625325029858907, -37.07662757637785944 ) ) ;
#3469 = CARTESIAN_POINT ( 'NONE',  ( -32.97057673304583858, 2.105697193527247268, -77.59999999999999432 ) ) ;
#3470 = EDGE_CURVE ( 'NONE', #981, #9310, #741, .T. ) ;
#3471 = LINE ( 'NONE', #3288, #2465 ) ;
#3472 = ORIENTED_EDGE ( 'NONE', *, *, #782, .F. ) ;
#3473 = B_SPLINE_CURVE_WITH_KNOTS ( 'NONE', 3,
 ( #376, #9243, #3955, #6270, #6898, #5587, #4725, #7078, #5493, #2599, #9293, #4820, #276, #8418, #7680, #3228 ),
 .UNSPECIFIED., .F., .F.,
 ( 4, 2, 2, 2, 2, 2, 2, 4 ),
 ( 0.000000000000000000, 0.0005318325232619093741, 0.001063665046523818748, 0.001595497569785728122, 0.002127330093047637496, 0.002659162616309545136, 0.003190995139571453209, 0.004254660186095266319 ),
 .UNSPECIFIED. ) ;
#3474 = CARTESIAN_POINT ( 'NONE',  ( -30.72057253258911302, -3.020582429040414851, -27.81000000000000227 ) ) ;
#3475 = VERTEX_POINT ( 'NONE', #943 ) ;
#3476 = DIRECTION ( 'NONE',  ( -2.017120320903265428E-16, -1.000000000000000000, 0.000000000000000000 ) ) ;
#3477 = ORIENTED_EDGE ( 'NONE', *, *, #5284, .T. ) ;
#3478 = FACE_OUTER_BOUND ( 'NONE', #4094, .T. ) ;
#3479 = DIRECTION ( 'NONE',  ( 2.017120320903265181E-16, 1.000000000000000000, -0.000000000000000000 ) ) ;
#3480 = CARTESIAN_POINT ( 'NONE',  ( 32.47942746741108522, -2.520582429040427286, -7.400000000000003020 ) ) ;
#3481 = ORIENTED_EDGE ( 'NONE', *, *, #303, .F. ) ;
#3482 = DIRECTION ( 'NONE',  ( 0.3493588689502613587, -7.046988738473529035E-17, -0.9369889970996426731 ) ) ;
#3483 = ORIENTED_EDGE ( 'NONE', *, *, #5454, .T. ) ;
#3484 = CYLINDRICAL_SURFACE ( 'NONE', #2763, 3.000000000000000000 ) ;
#3485 = ORIENTED_EDGE ( 'NONE', *, *, #302, .F. ) ;
#3486 = EDGE_LOOP ( 'NONE', ( #1448, #2402, #271, #5214 ) ) ;
#3487 = CARTESIAN_POINT ( 'NONE',  ( 23.94938936479370639, 8.479417570959272510, -15.20123245260262124 ) ) ;
#3488 = DIRECTION ( 'NONE',  ( -2.017120320903265428E-16, -1.000000000000000000, -0.000000000000000000 ) ) ;
#3489 = CARTESIAN_POINT ( 'NONE',  ( -28.44613486920354006, 8.655815229973256919, -4.249999999999990230 ) ) ;
#3490 = CARTESIAN_POINT ( 'NONE',  ( -16.70460516799093753, 7.479417570959293826, -2.000000000000001776 ) ) ;
#3491 = ORIENTED_EDGE ( 'NONE', *, *, #3801, .T. ) ;
#3492 = ORIENTED_EDGE ( 'NONE', *, *, #3396, .T. ) ;
#3493 = DIRECTION ( 'NONE',  ( -1.387778780781445922E-16, 1.000000000000000000, -0.000000000000000000 ) ) ;
#3494 = CARTESIAN_POINT ( 'NONE',  ( 28.97316793890712461, 8.013972339853035365, -29.64661400160836280 ) ) ;
#3495 = CARTESIAN_POINT ( 'NONE',  ( -30.87057253258905831, 2.444218832226051852, -31.89999999999999147 ) ) ;
#3496 = DIRECTION ( 'NONE',  ( 1.000000000000000000, -1.958558763199616523E-16, 0.000000000000000000 ) ) ;
#3497 = CARTESIAN_POINT ( 'NONE',  ( 30.64416883489420940, 6.349417570959286827, -76.52577436232650143 ) ) ;
#3498 = EDGE_CURVE ( 'NONE', #9369, #1112, #3898, .T. ) ;
#3499 = LINE ( 'NONE', #6439, #6475 ) ;
#3500 = ORIENTED_EDGE ( 'NONE', *, *, #9607, .F. ) ;
#3501 = CARTESIAN_POINT ( 'NONE',  ( 31.33436365652024591, 5.248623259877709835, -2.099999999999986766 ) ) ;
#3502 = CARTESIAN_POINT ( 'NONE',  ( -31.13957752104788668, 5.622753543739611004, -30.69999999999999929 ) ) ;
#3503 = DIRECTION ( 'NONE',  ( 1.250608365883192617E-15, -1.000000000000000000, 2.343603989771762130E-30 ) ) ;
#3504 = CARTESIAN_POINT ( 'NONE',  ( -16.57652035379021527, 7.479417570959293826, -76.59999999999999432 ) ) ;
#3505 = CARTESIAN_POINT ( 'NONE',  ( -31.26965845134710520, 6.280378773161256589, -1.600000000000006306 ) ) ;
#3506 = ORIENTED_EDGE ( 'NONE', *, *, #7211, .T. ) ;
#3507 = B_SPLINE_SURFACE_WITH_KNOTS ( 'NONE', 3, 1, ( 
 ( #9201, #4821 ),
 ( #4128, #3287 ),
 ( #5628, #5494 ),
 ( #7079, #9343 ),
 ( #5676, #2600 ),
 ( #6232, #7132 ),
 ( #4088, #1281 ),
 ( #7035, #2005 ),
 ( #3331, #7921 ),
 ( #7817, #1233 ),
 ( #7776, #7734 ),
 ( #4178, #8462 ),
 ( #465, #6363 ),
 ( #1819, #8596 ),
 ( #4773, #4227 ),
 ( #512, #2653 ),
 ( #1096, #417 ),
 ( #1183, #1140 ),
 ( #4048, #3424 ),
 ( #6271, #2698 ),
 ( #3469, #6408 ),
 ( #6997, #377 ),
 ( #5537, #8514 ) ),
 .UNSPECIFIED., .F., .F., .F.,
 ( 4, 2, 2, 2, 2, 2, 1, 2, 2, 2, 2, 4 ),
 ( 2, 2 ),
 ( 0.000000000000000000, 0.1250000000000001388, 0.1875000000000005274, 0.2500000000000008882, 0.3750000000000019984, 0.4375000000000019429, 0.5000000000000018874, 0.5625000000000018874, 0.6250000000000013323, 0.7500000000000009992, 0.8750000000000005551, 1.000000000000000000 ),
 ( 0.000000000000000000, 1.000000000000000000 ),
 .UNSPECIFIED. ) ;
#3508 = FACE_OUTER_BOUND ( 'NONE', #209, .T. ) ;
#3509 = CALENDAR_DATE ( 2026, 11, 5 ) ;
#3510 = CARTESIAN_POINT ( 'NONE',  ( 32.47942746741108522, -2.520582429040427286, -30.19999999999999929 ) ) ;
#3511 = CARTESIAN_POINT ( 'NONE',  ( 32.97942746741107101, -3.372277125821415034, -7.924038303442738851 ) ) ;
#3512 = DIRECTION ( 'NONE',  ( -2.017120320903265181E-16, -1.000000000000000000, 0.000000000000000000 ) ) ;
#3513 = CARTESIAN_POINT ( 'NONE',  ( -31.03459224988721132, 6.607058229213334855, -34.20328905394678998 ) ) ;
#3514 = CARTESIAN_POINT ( 'NONE',  ( 31.76473261922237157, 5.504588585203553208, -1.600000000000004086 ) ) ;
#3515 = CARTESIAN_POINT ( 'NONE',  ( -32.56121366716780585, -3.015984399239626246, -7.482515125191459227 ) ) ;
#3516 = CARTESIAN_POINT ( 'NONE',  ( 32.97942746741107811, 1.144255262944387619, -24.39999999999326263 ) ) ;
#3517 = CARTESIAN_POINT ( 'NONE',  ( 33.00350258776044399, -3.506313663118396207, -30.50722505296555909 ) ) ;
#3518 = ORIENTED_EDGE ( 'NONE', *, *, #3333, .T. ) ;
#3519 = CYLINDRICAL_SURFACE ( 'NONE', #803, 2.150000000000002576 ) ;
#3520 = EDGE_LOOP ( 'NONE', ( #9246, #8047, #938, #2734 ) ) ;
#3521 = VECTOR ( 'NONE', #227, 1000.000000000000000 ) ;
#3522 = CARTESIAN_POINT ( 'NONE',  ( -29.88342265767993311, 4.349417570959300150, -77.25182270539293938 ) ) ;
#3523 = CARTESIAN_POINT ( 'NONE',  ( 30.97942746741108166, 1.027832321093516521, -79.59999999999999432 ) ) ;
#3524 = CARTESIAN_POINT ( 'NONE',  ( -31.91467598351266233, 5.294123640236159112, -35.18036850477924560 ) ) ;
#3525 = LINE ( 'NONE', #5748, #8237 ) ;
#3526 = ORIENTED_EDGE ( 'NONE', *, *, #7029, .F. ) ;
#3527 = AXIS2_PLACEMENT_3D ( 'NONE', #729, #6965, #8295 ) ;
#3528 = LINE ( 'NONE', #2025, #2627 ) ;
#3529 = ORIENTED_EDGE ( 'NONE', *, *, #3192, .T. ) ;
#3530 = CARTESIAN_POINT ( 'NONE',  ( 30.82942746741108664, 2.444417355247868517, -31.89999999999999147 ) ) ;
#3531 = ORIENTED_EDGE ( 'NONE', *, *, #840, .F. ) ;
#3532 = VERTEX_POINT ( 'NONE', #2545 ) ;
#3533 = CIRCLE ( 'NONE', #6776, 3.349999999999984990 ) ;
#3534 = CARTESIAN_POINT ( 'NONE',  ( 22.63245784647439862, 8.479417570959274286, -9.186396884951141928 ) ) ;
#3535 = CIRCLE ( 'NONE', #8958, 0.5000000000000004441 ) ;
#3536 = CARTESIAN_POINT ( 'NONE',  ( -18.05057253258892302, 7.479417570959293826, -14.89000000000000057 ) ) ;
#3537 = CARTESIAN_POINT ( 'NONE',  ( -29.82704601728906724, 7.769715092809375001, -1.967389068991791001 ) ) ;
#3538 = CARTESIAN_POINT ( 'NONE',  ( -25.31000547423740699, 9.479417570959295603, -19.79839551066574899 ) ) ;
#3539 = ORIENTED_EDGE ( 'NONE', *, *, #853, .T. ) ;
#3540 = VECTOR ( 'NONE', #2363, 1000.000000000000000 ) ;
#3541 = ORIENTED_EDGE ( 'NONE', *, *, #3086, .F. ) ;
#3542 = CARTESIAN_POINT ( 'NONE',  ( 33.39609413407775662, -4.520582429040426398, -2.888194558624693986 ) ) ;
#3543 = CARTESIAN_POINT ( 'NONE',  ( -28.82766033528518790, 8.141445143804126872, -3.557448081213188118 ) ) ;
#3544 = DIRECTION ( 'NONE',  ( 0.000000000000000000, 0.000000000000000000, -1.000000000000000000 ) ) ;
#3545 = CIRCLE ( 'NONE', #6627, 2.749999999999995559 ) ;
#3546 = AXIS2_PLACEMENT_3D ( 'NONE', #5767, #3839, #3744 ) ;
#3547 = CARTESIAN_POINT ( 'NONE',  ( -28.88487949098174923, 5.945015487634639051, -33.48506088868976605 ) ) ;
#3548 = VERTEX_POINT ( 'NONE', #8540 ) ;
#3549 = DIRECTION ( 'NONE',  ( -2.017120320903265181E-16, -1.000000000000000000, 0.000000000000000000 ) ) ;
#3550 = CARTESIAN_POINT ( 'NONE',  ( 30.97942746741108522, -4.520582429040426398, -35.78000000000002245 ) ) ;
#3551 = DIRECTION ( 'NONE',  ( -2.017120320903265428E-16, -1.000000000000000000, -0.000000000000000000 ) ) ;
#3552 = FACE_OUTER_BOUND ( 'NONE', #6884, .T. ) ;
#3553 = CARTESIAN_POINT ( 'NONE',  ( 30.82942746741109019, -3.020582429040425954, -7.400000000000000355 ) ) ;
#3554 = ORIENTED_EDGE ( 'NONE', *, *, #2443, .T. ) ;
#3555 = AXIS2_PLACEMENT_3D ( 'NONE', #5198, #8121, #8166 ) ;
#3556 = CARTESIAN_POINT ( 'NONE',  ( 30.10813733916296542, 4.349417570959282386, -36.33324374000120827 ) ) ;
#3557 = CIRCLE ( 'NONE', #7417, 3.999999999999996447 ) ;
#3558 = CARTESIAN_POINT ( 'NONE',  ( 28.13801409529969177, 6.501109370851747116, -25.03331099781133418 ) ) ;
#3559 = EDGE_CURVE ( 'NONE', #237, #373, #8328, .T. ) ;
#3560 = EDGE_CURVE ( 'NONE', #9597, #5012, #7927, .T. ) ;
#3561 = CARTESIAN_POINT ( 'NONE',  ( 29.11938508719623897, 8.251874347134688037, -7.068028579542954049 ) ) ;
#3562 = CARTESIAN_POINT ( 'NONE',  ( -25.34075233777733516, 9.479417573834853172, -35.09350088500565334 ) ) ;
#3563 = CIRCLE ( 'NONE', #7593, 0.5000000000000000000 ) ;
#3564 = CARTESIAN_POINT ( 'NONE',  ( 31.91746114648285371, 4.057357372452256250, -2.100000000000008082 ) ) ;
#3565 = DIRECTION ( 'NONE',  ( -2.017120320903265181E-16, -1.000000000000000000, 0.000000000000000000 ) ) ;
#3566 = PLANE ( 'NONE',  #1261 ) ;
#3567 = CARTESIAN_POINT ( 'NONE',  ( 32.97942746741107811, 1.027832321093519186, -24.40000000000000568 ) ) ;
#3568 = DIRECTION ( 'NONE',  ( 1.000000000000000000, 0.000000000000000000, 0.000000000000000000 ) ) ;
#3569 = ADVANCED_FACE ( 'NONE', ( #6841 ), #215, .T. ) ;
#3570 = ORIENTED_EDGE ( 'NONE', *, *, #2205, .F. ) ;
#3571 = CARTESIAN_POINT ( 'NONE',  ( -28.47173068659364858, 8.643051113550558995, -6.160692207148172450 ) ) ;
#3572 = CIRCLE ( 'NONE', #5415, 1.999999999999998224 ) ;
#3573 = ORIENTED_EDGE ( 'NONE', *, *, #6850, .F. ) ;
#3574 = CARTESIAN_POINT ( 'NONE',  ( -33.05890326583754302, -3.520582429040414851, -25.16773636475451781 ) ) ;
#3575 = CARTESIAN_POINT ( 'NONE',  ( -27.52057253258907110, -2.520582429040411299, -27.04999999999999005 ) ) ;
#3576 = CARTESIAN_POINT ( 'NONE',  ( -26.72057253258906329, -6.520582429040413963, -2.000000000000000000 ) ) ;
#3577 = CARTESIAN_POINT ( 'NONE',  ( -32.40855009077779414, 4.248759717945311820, -36.36205325387435749 ) ) ;
#3578 = CIRCLE ( 'NONE', #176, 0.5000000000000000000 ) ;
#3579 = ORIENTED_EDGE ( 'NONE', *, *, #3671, .T. ) ;
#3580 = FACE_OUTER_BOUND ( 'NONE', #7244, .T. ) ;
#3581 = VERTEX_POINT ( 'NONE', #4757 ) ;
#3582 = CARTESIAN_POINT ( 'NONE',  ( -30.87057253258906542, 5.979163850806727964, -7.900000000000000355 ) ) ;
#3583 = VERTEX_POINT ( 'NONE', #9088 ) ;
#3584 = VERTEX_POINT ( 'NONE', #7716 ) ;
#3585 = VECTOR ( 'NONE', #5033, 1000.000000000000000 ) ;
#3586 = CARTESIAN_POINT ( 'NONE',  ( 17.39175310542096398, 8.479417570959277839, -3.581477885091400193 ) ) ;
#3587 = CARTESIAN_POINT ( 'NONE',  ( 23.72942746741108166, 6.849417570959293933, -48.50000000000002132 ) ) ;
#3588 = CARTESIAN_POINT ( 'NONE',  ( 30.97942746741108877, -4.520582429040439720, -23.69999999999999929 ) ) ;
#3589 = CARTESIAN_POINT ( 'NONE',  ( 32.97942746741108522, -4.520582429040437056, -77.59999999999999432 ) ) ;
#3590 = EDGE_LOOP ( 'NONE', ( #7553, #5204, #9360, #2013 ) ) ;
#3591 = CIRCLE ( 'NONE', #6983, 1.500000000000001332 ) ;
#3592 = ORIENTED_EDGE ( 'NONE', *, *, #4402, .F. ) ;
#3593 =( BOUNDED_CURVE ( )  B_SPLINE_CURVE ( 3, ( #8936, #8259, #4567, #2296 ),
 .UNSPECIFIED., .F., .T. ) 
 B_SPLINE_CURVE_WITH_KNOTS ( ( 4, 4 ),
 ( 1.570796326794900111, 2.861196385632783556 ),
 .UNSPECIFIED. ) 
 CURVE ( )  GEOMETRIC_REPRESENTATION_ITEM ( )  RATIONAL_B_SPLINE_CURVE ( ( 1.000000000000000000, 0.8659863290551541581, 0.8659863290551541581, 1.000000000000000000 ) ) 
 REPRESENTATION_ITEM ( '' )  );
#3594 = CARTESIAN_POINT ( 'NONE',  ( 28.78816413831214405, 8.454492125257967672, -29.24959486447447432 ) ) ;
#3595 = CARTESIAN_POINT ( 'NONE',  ( -30.97059297245498755, 1.977387324637851052, -31.90000000000001990 ) ) ;
#3596 = DIRECTION ( 'NONE',  ( 1.000000000000000000, 0.000000000000000000, 0.000000000000000000 ) ) ;
#3597 = ADVANCED_FACE ( 'NONE', ( #4032 ), #9291, .T. ) ;
#3598 = CARTESIAN_POINT ( 'NONE',  ( 28.34749273821293158, 6.350091138425436377, -2.000000000000000000 ) ) ;
#3599 = LINE ( 'NONE', #5037, #1537 ) ;
#3600 = EDGE_LOOP ( 'NONE', ( #2798, #3310, #3472, #4868 ) ) ;
#3601 = CARTESIAN_POINT ( 'NONE',  ( 32.97942746741108522, -4.520582429040437056, -79.59999999999999432 ) ) ;
#3602 = DIRECTION ( 'NONE',  ( -1.000000000000000000, 0.000000000000000000, 0.000000000000000000 ) ) ;
#3603 = CARTESIAN_POINT ( 'NONE',  ( -31.02057253258905334, -4.520582429040413963, -76.59999999999999432 ) ) ;
#3604 = CARTESIAN_POINT ( 'NONE',  ( -29.40327834170989618, 5.423082788388958519, -2.000000000000043521 ) ) ;
#3605 = CARTESIAN_POINT ( 'NONE',  ( -31.02057253258906400, -4.520582429040413963, -35.78000000000001535 ) ) ;
#3606 = B_SPLINE_CURVE_WITH_KNOTS ( 'NONE', 3,
 ( #2188, #5035, #3595, #3495 ),
 .UNSPECIFIED., .F., .F.,
 ( 4, 4 ),
 ( 0.000000000000000000, 0.001424307111868372295 ),
 .UNSPECIFIED. ) ;
#3607 = ORIENTED_EDGE ( 'NONE', *, *, #1240, .F. ) ;
#3608 = CARTESIAN_POINT ( 'NONE',  ( 30.97942746741107101, 1.027832321093501866, -76.59999999999999432 ) ) ;
#3609 = DIRECTION ( 'NONE',  ( 2.017120320903265181E-16, 1.000000000000000000, -0.000000000000000000 ) ) ;
#3610 = CARTESIAN_POINT ( 'NONE',  ( -28.39120875222723939, 6.797783987513090764, -37.20184429670722182 ) ) ;
#3611 = CARTESIAN_POINT ( 'NONE',  ( 16.27014175312538669, 8.479417570959274286, -26.75128152814001936 ) ) ;
#3612 = ADVANCED_FACE ( 'NONE', ( #7063 ), #444, .F. ) ;
#3613 = FACE_OUTER_BOUND ( 'NONE', #3486, .T. ) ;
#3614 = CARTESIAN_POINT ( 'NONE',  ( 30.82942746741109374, 5.979164254138613188, -7.900000000000000355 ) ) ;
#3615 = DIRECTION ( 'NONE',  ( -2.017120320903265428E-16, -1.000000000000000000, 0.000000000000000000 ) ) ;
#3616 = AXIS2_PLACEMENT_3D ( 'NONE', #9107, #235, #914 ) ;
#3617 = ORIENTED_EDGE ( 'NONE', *, *, #3109, .T. ) ;
#3618 = CARTESIAN_POINT ( 'NONE',  ( -28.81687925014479390, 8.148436476227644221, -6.407766174369685430 ) ) ;
#3619 = LINE ( 'NONE', #4282, #7618 ) ;
#3620 = ORIENTED_EDGE ( 'NONE', *, *, #8928, .T. ) ;
#3621 = DIRECTION ( 'NONE',  ( -1.000000000000000000, 0.000000000000000000, 0.000000000000000000 ) ) ;
#3622 = EDGE_CURVE ( 'NONE', #4742, #4091, #6346, .T. ) ;
#3623 = CARTESIAN_POINT ( 'NONE',  ( -23.21057253258958752, -3.650582429040706067, -74.71000000000022112 ) ) ;
#3624 = EDGE_CURVE ( 'NONE', #7405, #2340, #282, .T. ) ;
#3625 = CARTESIAN_POINT ( 'NONE',  ( 27.94068727465620583, 8.917813162392455695, -35.30858721649302367 ) ) ;
#3626 = DIRECTION ( 'NONE',  ( 1.000000000000000000, 0.000000000000000000, 0.000000000000000000 ) ) ;
#3627 = VERTEX_POINT ( 'NONE', #3542 ) ;
#3628 = DIRECTION ( 'NONE',  ( 2.017120320903265181E-16, 1.000000000000000000, -0.000000000000000000 ) ) ;
#3629 = ORIENTED_EDGE ( 'NONE', *, *, #5358, .T. ) ;
#3630 = CARTESIAN_POINT ( 'NONE',  ( 32.72169145396617296, 3.154947633229753023, -5.551115123125782702E-14 ) ) ;
#3631 = VERTEX_POINT ( 'NONE', #2040 ) ;
#3632 = ORIENTED_EDGE ( 'NONE', *, *, #6361, .F. ) ;
#3633 = CARTESIAN_POINT ( 'NONE',  ( 24.78025252135810064, 7.479417570959296491, -17.06150187698269249 ) ) ;
#3634 = CARTESIAN_POINT ( 'NONE',  ( 23.99832164114494049, 7.479417570959294714, -19.96487264070088585 ) ) ;
#3635 = CARTESIAN_POINT ( 'NONE',  ( -33.06168445817892376, -3.520582436666206849, -7.633413293310594483 ) ) ;
#3636 = CARTESIAN_POINT ( 'NONE',  ( -28.81538480552964288, 8.149401704537300617, -26.39741899507584932 ) ) ;
#3637 = ORIENTED_EDGE ( 'NONE', *, *, #9014, .T. ) ;
#3638 = ORIENTED_EDGE ( 'NONE', *, *, #8710, .T. ) ;
#3639 = CARTESIAN_POINT ( 'NONE',  ( -30.87057253258905121, 9.481417570959296270, -9.099999999999997868 ) ) ;
#3640 = CARTESIAN_POINT ( 'NONE',  ( -30.28547923450210178, 7.374915863021273665, -8.237516172268199099 ) ) ;
#3641 = DIRECTION ( 'NONE',  ( -1.000000000000000000, 3.614007241618348771E-16, 0.000000000000000000 ) ) ;
#3642 = CARTESIAN_POINT ( 'NONE',  ( -28.72057253258905973, -4.520582429040413963, -32.78000000000000114 ) ) ;
#3643 = CARTESIAN_POINT ( 'NONE',  ( -33.00876309399965436, 1.498222370891057365, -31.20000000000002061 ) ) ;
#3644 = EDGE_LOOP ( 'NONE', ( #7060, #2390, #7980, #6839, #8687, #1502, #177, #4274, #4635 ) ) ;
#3645 = EDGE_CURVE ( 'NONE', #3532, #7157, #8730, .T. ) ;
#3646 = CARTESIAN_POINT ( 'NONE',  ( 33.00719573959482034, -2.967674994879815564, -2.371554423511556653 ) ) ;
#3647 = CARTESIAN_POINT ( 'NONE',  ( -34.02057253258906400, -3.520582429040413075, -7.924038303442734410 ) ) ;
#3648 =( BOUNDED_SURFACE ( )  B_SPLINE_SURFACE ( 3, 2, ( 
 ( #1860, #1086, #8500 ),
 ( #409, #2691, #4040 ),
 ( #1904, #4810, #9336 ),
 ( #5622, #7766, #1770 ),
 ( #4854, #1130, #6401 ),
 ( #7723, #1940, #1811 ),
 ( #8413, #8589, #4078 ),
 ( #504, #7809, #9380 ) ),
 .UNSPECIFIED., .F., .F., .T. ) 
 B_SPLINE_SURFACE_WITH_KNOTS ( ( 4, 2, 2, 4 ),
 ( 3, 3 ),
 ( 0.000000000000000000, 0.002640827650114621963, 0.003961241475171932945, 0.005281655300229243927 ),
 ( 0.000000000000000000, 1.000000000000000000 ),
 .UNSPECIFIED. ) 
 GEOMETRIC_REPRESENTATION_ITEM ( )  RATIONAL_B_SPLINE_SURFACE ( (
 ( 1.000000000000000000, 0.7071067811865450192, 1.000000000000000000),
 ( 1.000000000000000000, 0.7071067811865450192, 1.000000000000000000),
 ( 1.000000000000000000, 0.7071067811865450192, 1.000000000000000000),
 ( 1.000000000000000000, 0.7071067811865450192, 1.000000000000000000),
 ( 1.000000000000000000, 0.7071067811865450192, 1.000000000000000000),
 ( 1.000000000000000000, 0.7071067811865450192, 1.000000000000000000),
 ( 1.000000000000000000, 0.7071067811865446862, 1.000000000000000000),
 ( 1.000000000000000000, 0.7071067811865446862, 1.000000000000000000) ) ) 
 REPRESENTATION_ITEM ( '' )  SURFACE ( )  );
#3649 = CARTESIAN_POINT ( 'NONE',  ( -27.28217131364607795, 7.005250647843258349, -76.59999999999996589 ) ) ;
#3650 = DIRECTION ( 'NONE',  ( 0.8122328620674283961, 0.000000000000000000, -0.5833333333333127202 ) ) ;
#3651 = ORIENTED_EDGE ( 'NONE', *, *, #8051, .F. ) ;
#3652 = CARTESIAN_POINT ( 'NONE',  ( 29.60200533513371823, 5.129416770584490415, -2.000000000000043521 ) ) ;
#3653 = APPLICATION_PROTOCOL_DEFINITION ( 'international standard', 'config_control_design', 1994, #5906 ) ;
#3654 = CARTESIAN_POINT ( 'NONE',  ( 33.00272622967986536, -3.506974672086933253, -2.299062394218946981 ) ) ;
#3655 = ORIENTED_EDGE ( 'NONE', *, *, #7183, .T. ) ;
#3656 = CARTESIAN_POINT ( 'NONE',  ( -28.91977697964782834, 8.482763146786417963, -35.52236615629538363 ) ) ;
#3657 = CARTESIAN_POINT ( 'NONE',  ( 31.87942746741113353, -4.520582429040426398, -27.81000000000000227 ) ) ;
#3658 = DIRECTION ( 'NONE',  ( 1.000000000000000000, -2.017120320903265428E-16, 0.000000000000000000 ) ) ;
#3659 = PLANE ( 'NONE',  #5861 ) ;
#3660 = CYLINDRICAL_SURFACE ( 'NONE', #7005, 1.199999999999999734 ) ;
#3661 = CARTESIAN_POINT ( 'NONE',  ( -28.57293872055685213, 8.590494250724065139, -6.560735051856707578 ) ) ;
#3662 = DIRECTION ( 'NONE',  ( 0.000000000000000000, 1.000000000000000000, -0.000000000000000000 ) ) ;
#3663 = ORIENTED_EDGE ( 'NONE', *, *, #7395, .T. ) ;
#3664 = DIRECTION ( 'NONE',  ( 0.000000000000000000, 0.000000000000000000, -1.000000000000000000 ) ) ;
#3665 = CARTESIAN_POINT ( 'NONE',  ( -29.27941234929863867, 3.871873823151596117, -77.59999999999998010 ) ) ;
#3666 = CARTESIAN_POINT ( 'NONE',  ( 27.96350567874698712, 8.862550690507585927, -33.15188938271285224 ) ) ;
#3667 = ORIENTED_EDGE ( 'NONE', *, *, #6562, .T. ) ;
#3668 = CARTESIAN_POINT ( 'NONE',  ( 31.96000777975534390, 5.166551048974066696, -77.60000000000002274 ) ) ;
#3669 = AXIS2_PLACEMENT_3D ( 'NONE', #8938, #7373, #4525 ) ;
#3670 = ORIENTED_EDGE ( 'NONE', *, *, #3857, .F. ) ;
#3671 = EDGE_CURVE ( 'NONE', #2902, #3017, #5283, .T. ) ;
#3672 = ORIENTED_EDGE ( 'NONE', *, *, #4623, .F. ) ;
#3673 = ADVANCED_FACE ( 'NONE', ( #3683 ), #7511, .F. ) ;
#3674 = EDGE_CURVE ( 'NONE', #1198, #200, #3677, .T. ) ;
#3675 = CARTESIAN_POINT ( 'NONE',  ( 21.42243304708868123, 8.479417570959272510, -7.186743633504780959 ) ) ;
#3676 = CARTESIAN_POINT ( 'NONE',  ( 21.92445948134004752, 7.479417570959292938, -23.58827844111968020 ) ) ;
#3677 = CIRCLE ( 'NONE', #3845, 0.4999999999999997224 ) ;
#3678 = CARTESIAN_POINT ( 'NONE',  ( 30.82942746741106177, -2.520582429040426842, -30.19999999999999929 ) ) ;
#3679 = CARTESIAN_POINT ( 'NONE',  ( -31.00558038168768604, 6.630261302984363780, -24.39999999082217386 ) ) ;
#3680 = ORIENTED_EDGE ( 'NONE', *, *, #9176, .F. ) ;
#3681 = CARTESIAN_POINT ( 'NONE',  ( -29.23697518233160153, 8.198155755657397847, -7.597308788106535538 ) ) ;
#3682 = VERTEX_POINT ( 'NONE', #6632 ) ;
#3683 = FACE_OUTER_BOUND ( 'NONE', #283, .T. ) ;
#3684 = CIRCLE ( 'NONE', #5680, 2.249999999999995115 ) ;
#3685 = EDGE_CURVE ( 'NONE', #3460, #3118, #8929, .T. ) ;
#3686 = VECTOR ( 'NONE', #9381, 1000.000000000000000 ) ;
#3687 = CARTESIAN_POINT ( 'NONE',  ( 30.82942746741107953, 9.481417570959282060, -5.750000000000006217 ) ) ;
#3688 = DIRECTION ( 'NONE',  ( -0.6024518197201943481, 0.7981552511359095714, 0.000000000000000000 ) ) ;
#3689 = DIRECTION ( 'NONE',  ( -1.000000000000000000, 2.017120320903265428E-16, 0.000000000000000000 ) ) ;
#3690 = CARTESIAN_POINT ( 'NONE',  ( -31.26965845134706967, 6.280378773161309880, -31.19999999999999929 ) ) ;
#3691 = AXIS2_PLACEMENT_3D ( 'NONE', #6882, #396, #5474 ) ;
#3692 = ORIENTED_EDGE ( 'NONE', *, *, #301, .F. ) ;
#3693 = AXIS2_PLACEMENT_3D ( 'NONE', #2508, #8414, #994 ) ;
#3694 = CARTESIAN_POINT ( 'NONE',  ( -32.52057251203749644, -2.969146124132933995, -30.42612088035391693 ) ) ;
#3695 = CARTESIAN_POINT ( 'NONE',  ( -32.52057253258906400, -2.949466044545183241, -25.14298084827865054 ) ) ;
#3696 = CARTESIAN_POINT ( 'NONE',  ( -26.97454176017111038, 7.131471007947441265, -2.000000000000043521 ) ) ;
#3697 = CARTESIAN_POINT ( 'NONE',  ( -28.83102265377298679, 8.454023962688264504, -29.25513675232437549 ) ) ;
#3698 = ORIENTED_EDGE ( 'NONE', *, *, #191, .T. ) ;
#3699 = CARTESIAN_POINT ( 'NONE',  ( 27.34852445960409284, 6.957224912459238020, -32.93196563189816573 ) ) ;
#3700 = CARTESIAN_POINT ( 'NONE',  ( 32.97942746741107101, -3.417413038696426764, -2.124866541079082793 ) ) ;
#3701 = CIRCLE ( 'NONE', #1069, 1.199999999999999734 ) ;
#3702 = CIRCLE ( 'NONE', #5542, 2.250000000000001776 ) ;
#3703 = VECTOR ( 'NONE', #4250, 1000.000000000000000 ) ;
#3704 = CARTESIAN_POINT ( 'NONE',  ( 31.87942746741113353, -4.520582429040426398, -27.81000000000000227 ) ) ;
#3705 = DIRECTION ( 'NONE',  ( 0.000000000000000000, 0.000000000000000000, 1.000000000000000000 ) ) ;
#3706 = DIRECTION ( 'NONE',  ( -2.017120320903265181E-16, -1.000000000000000000, 0.000000000000000000 ) ) ;
#3707 = DIRECTION ( 'NONE',  ( 1.000000000000000000, -2.017120320903265181E-16, 0.000000000000000000 ) ) ;
#3708 = VECTOR ( 'NONE', #6297, 1000.000000000000000 ) ;
#3709 = TOROIDAL_SURFACE ( 'NONE', #8044, 2.100000000000003642, 0.5000000000000000000 ) ;
#3710 = CARTESIAN_POINT ( 'NONE',  ( -28.72057253258906329, -4.520582429040414851, -32.78000000000000114 ) ) ;
#3711 = AXIS2_PLACEMENT_3D ( 'NONE', #5573, #8543, #8497 ) ;
#3712 = FACE_OUTER_BOUND ( 'NONE', #8306, .T. ) ;
#3713 = ORIENTED_EDGE ( 'NONE', *, *, #6562, .F. ) ;
#3714 = DIRECTION ( 'NONE',  ( -1.000000000000000000, 3.336006684570821065E-16, 0.000000000000000000 ) ) ;
#3715 = CARTESIAN_POINT ( 'NONE',  ( 32.00718119072923429, 4.873317346762391367, -78.81456108049165721 ) ) ;
#3716 = EDGE_LOOP ( 'NONE', ( #3796, #6630, #2271, #3169 ) ) ;
#3717 = AXIS2_PLACEMENT_3D ( 'NONE', #7413, #8148, #789 ) ;
#3718 = EDGE_CURVE ( 'NONE', #2248, #5880, #881, .T. ) ;
#3719 = DIRECTION ( 'NONE',  ( 0.000000000000000000, 1.000000000000000000, -4.163336342344333240E-14 ) ) ;
#3720 = CARTESIAN_POINT ( 'NONE',  ( 34.47942746741109943, 4.333328095299679106, -27.81000000000000227 ) ) ;
#3721 = CARTESIAN_POINT ( 'NONE',  ( -30.21738885036581479, 7.448760264240566364, -33.74769790209413856 ) ) ;
#3722 = ORIENTED_EDGE ( 'NONE', *, *, #4302, .F. ) ;
#3723 = CIRCLE ( 'NONE', #3264, 2.600000000000004974 ) ;
#3724 = DIRECTION ( 'NONE',  ( -1.000000000000000000, 0.000000000000000000, 0.000000000000000000 ) ) ;
#3725 = ORIENTED_EDGE ( 'NONE', *, *, #8890, .F. ) ;
#3726 = ORIENTED_EDGE ( 'NONE', *, *, #839, .T. ) ;
#3727 = CARTESIAN_POINT ( 'NONE',  ( 21.14257526342085569, 8.479417570959276063, -6.815610289674726374 ) ) ;
#3728 = DIRECTION ( 'NONE',  ( -2.017120320903265181E-16, -1.000000000000000000, 0.000000000000000000 ) ) ;
#3729 = AXIS2_PLACEMENT_3D ( 'NONE', #8712, #2893, #4378 ) ;
#3730 = CARTESIAN_POINT ( 'NONE',  ( 24.78107985770173727, 7.479417570959292938, -17.06113962752323943 ) ) ;
#3731 = ADVANCED_FACE ( 'NONE', ( #2283, #2968 ), #2133, .F. ) ;
#3732 = FACE_OUTER_BOUND ( 'NONE', #1022, .T. ) ;
#3734 = EDGE_CURVE ( 'NONE', #8212, #539, #7846, .T. ) ;
#3733 = CARTESIAN_POINT ( 'NONE',  ( -29.74654278259899698, 7.402666023087661529, -25.21235259562861586 ) ) ;
#3735 = EDGE_CURVE ( 'NONE', #2449, #5697, #2297, .T. ) ;
#3736 = ORIENTED_EDGE ( 'NONE', *, *, #5500, .T. ) ;
#3737 = ORIENTED_EDGE ( 'NONE', *, *, #1177, .T. ) ;
#3738 = AXIS2_PLACEMENT_3D ( 'NONE', #3106, #3011, #3739 ) ;
#3739 = DIRECTION ( 'NONE',  ( -1.156482317317871331E-15, 1.000000000000000000, 1.156482317317871331E-15 ) ) ;
#3740 = DIRECTION ( 'NONE',  ( 1.000000000000000000, 0.000000000000000000, -1.387778780781444413E-14 ) ) ;
#3741 = PLANE ( 'NONE',  #7264 ) ;
#3742 = DIRECTION ( 'NONE',  ( -0.000000000000000000, -0.000000000000000000, 1.000000000000000000 ) ) ;
#3743 = CARTESIAN_POINT ( 'NONE',  ( 32.38614278670490876, 4.233573175531025079, -1.600000000000008082 ) ) ;
#3744 = DIRECTION ( 'NONE',  ( 1.000000000000000000, 8.673617379884027583E-16, 0.000000000000000000 ) ) ;
#3745 = EDGE_CURVE ( 'NONE', #6521, #6976, #8482, .T. ) ;
#3746 = CIRCLE ( 'NONE', #6220, 0.4999999999999995559 ) ;
#3747 = EDGE_LOOP ( 'NONE', ( #9257, #5635, #8762, #9568 ) ) ;
#3748 = EDGE_CURVE ( 'NONE', #5290, #330, #4284, .T. ) ;
#3749 = CARTESIAN_POINT ( 'NONE',  ( -32.52057253258905689, 1.027832321093293810, -7.900000000000003908 ) ) ;
#3750 = CARTESIAN_POINT ( 'NONE',  ( 30.97131900783815084, 6.621121850177179802, -8.399999999999987921 ) ) ;
#3751 = ORIENTED_EDGE ( 'NONE', *, *, #657, .T. ) ;
#3752 = CARTESIAN_POINT ( 'NONE',  ( -30.89071278238821350, 2.390136895792248861, -76.60000000000000853 ) ) ;
#3753 = CARTESIAN_POINT ( 'NONE',  ( 29.64913033365746742, 7.456576682667793499, -2.447151254117884811 ) ) ;
#3754 = ORIENTED_EDGE ( 'NONE', *, *, #4819, .T. ) ;
#3755 = PRODUCT ( 'Top_Panel', 'Top_Panel', '', ( #3466 ) ) ;
#3756 = DIRECTION ( 'NONE',  ( 0.000000000000000000, 0.000000000000000000, 1.000000000000000000 ) ) ;
#3757 = DIRECTION ( 'NONE',  ( -2.017120320903265428E-16, -1.000000000000000000, -0.000000000000000000 ) ) ;
#3758 = VECTOR ( 'NONE', #7581, 1000.000000000000000 ) ;
#3759 = CARTESIAN_POINT ( 'NONE',  ( -33.08609630604269114, -3.520582429040413519, -30.37801276781406656 ) ) ;
#3760 = DIRECTION ( 'NONE',  ( -1.000000000000000000, -0.000000000000000000, -0.000000000000000000 ) ) ;
#3761 = DIRECTION ( 'NONE',  ( 0.000000000000000000, -1.000000000000000000, -3.255019511200714601E-31 ) ) ;
#3762 = CARTESIAN_POINT ( 'NONE',  ( -30.87057253258905476, 2.444218832230807159, -23.70000000000000639 ) ) ;
#3763 = CARTESIAN_POINT ( 'NONE',  ( -32.27034559602218877, 4.700745674459615664, -24.39999999999998437 ) ) ;
#3764 = CARTESIAN_POINT ( 'NONE',  ( -28.44613486920354006, 8.655815229973258695, -5.750000000000018652 ) ) ;
#3765 = CARTESIAN_POINT ( 'NONE',  ( 30.65488963901885100, 3.870206938393543794, -79.32453905756857182 ) ) ;
#3766 = ORIENTED_EDGE ( 'NONE', *, *, #4007, .T. ) ;
#3767 = EDGE_CURVE ( 'NONE', #2242, #8538, #8773, .T. ) ;
#3768 = CARTESIAN_POINT ( 'NONE',  ( 33.97942746741107811, 4.333328095299682658, -30.73403830344269849 ) ) ;
#3769 = CARTESIAN_POINT ( 'NONE',  ( 32.47942746741107101, 1.027832321093518519, -24.89999999999999147 ) ) ;
#3770 = EDGE_CURVE ( 'NONE', #1112, #8456, #6582, .T. ) ;
#3771 = CARTESIAN_POINT ( 'NONE',  ( 28.74932096792907998, 6.410753774985123776, -38.15660525866208985 ) ) ;
#3772 = ORIENTED_EDGE ( 'NONE', *, *, #6274, .F. ) ;
#3773 = CARTESIAN_POINT ( 'NONE',  ( -32.61885819277015486, -3.020582429040413519, -30.19999999999999929 ) ) ;
#3774 = ORIENTED_EDGE ( 'NONE', *, *, #8299, .T. ) ;
#3775 = VERTEX_POINT ( 'NONE', #5181 ) ;
#3776 = CARTESIAN_POINT ( 'NONE',  ( 22.32626521328660729, 7.479417570959292938, -23.05570637460979810 ) ) ;
#3777 = CARTESIAN_POINT ( 'NONE',  ( -33.03498477095063635, -2.959537598476635889, -2.359284479975072291 ) ) ;
#3778 = CARTESIAN_POINT ( 'NONE',  ( -32.62573116283921593, 3.685221165018765177, -0.000000000000000000 ) ) ;
#3779 = DIRECTION ( 'NONE',  ( 1.000000000000000000, 0.000000000000000000, 0.000000000000000000 ) ) ;
#3780 = LINE ( 'NONE', #6622, #2930 ) ;
#3781 = CARTESIAN_POINT ( 'NONE',  ( -28.44613486920350454, 8.655815229973271130, -27.05000000000000426 ) ) ;
#3782 = ORIENTED_EDGE ( 'NONE', *, *, #1390, .F. ) ;
#3783 = CARTESIAN_POINT ( 'NONE',  ( -33.02057253258906400, 1.027832321093304024, -79.59999999999999432 ) ) ;
#3784 = VERTEX_POINT ( 'NONE', #1461 ) ;
#3785 = DIRECTION ( 'NONE',  ( 1.000000000000000000, 8.673617379884027583E-16, 0.000000000000000000 ) ) ;
#3786 = CARTESIAN_POINT ( 'NONE',  ( -28.97524915877558271, 8.363936444869123576, -25.49554526770908680 ) ) ;
#3787 = CARTESIAN_POINT ( 'NONE',  ( 33.01911487565276815, -3.520582429041222206, -7.637233883539159329 ) ) ;
#3788 = CARTESIAN_POINT ( 'NONE',  ( 28.67942746741109161, 8.209411364344761708, -5.917700154702171034 ) ) ;
#3789 = EDGE_CURVE ( 'NONE', #6773, #2445, #8875, .T. ) ;
#3790 = DIRECTION ( 'NONE',  ( 0.000000000000000000, -0.000000000000000000, 1.000000000000000000 ) ) ;
#3791 = CARTESIAN_POINT ( 'NONE',  ( 32.38356115712507233, 4.240298329750929796, -2.099999999995373567 ) ) ;
#3792 = LINE ( 'NONE', #885, #8818 ) ;
#3793 = ORIENTED_EDGE ( 'NONE', *, *, #9015, .T. ) ;
#3794 = CARTESIAN_POINT ( 'NONE',  ( -33.02498702616910009, -3.456372478847727692, -30.62149783637883615 ) ) ;
#3795 = DIRECTION ( 'NONE',  ( 1.000000000000000000, -2.017120320903265428E-16, 0.000000000000000000 ) ) ;
#3796 = ORIENTED_EDGE ( 'NONE', *, *, #1204, .T. ) ;
#3797 = CARTESIAN_POINT ( 'NONE',  ( -30.81266422231999158, 2.726529782000483682, -76.60000000000002274 ) ) ;
#3798 = ORIENTED_EDGE ( 'NONE', *, *, #4940, .F. ) ;
#3799 = DIRECTION ( 'NONE',  ( 0.000000000000000000, 0.000000000000000000, 1.000000000000000000 ) ) ;
#3800 = FACE_OUTER_BOUND ( 'NONE', #4376, .T. ) ;
#3801 = EDGE_CURVE ( 'NONE', #4235, #5278, #3215, .T. ) ;
#3802 = EDGE_CURVE ( 'NONE', #1690, #1411, #7383, .T. ) ;
#3803 = FACE_OUTER_BOUND ( 'NONE', #4568, .T. ) ;
#3804 = CARTESIAN_POINT ( 'NONE',  ( 32.47942746741105680, 1.474269398004488751, -30.69999999999999574 ) ) ;
#3805 = CARTESIAN_POINT ( 'NONE',  ( 29.63430569947792392, 7.887607825198268863, -2.057022593575998481 ) ) ;
#3806 = LINE ( 'NONE', #3947, #4928 ) ;
#3807 = CARTESIAN_POINT ( 'NONE',  ( 25.37942746741108024, 6.349417570959288604, -66.00000000000000000 ) ) ;
#3808 = DIRECTION ( 'NONE',  ( 0.000000000000000000, -0.7071067811865463515, -0.7071067811865487940 ) ) ;
#3809 = CARTESIAN_POINT ( 'NONE',  ( 30.54625153230781365, 3.417082513617013539, -77.59999999999895692 ) ) ;
#3810 = DIRECTION ( 'NONE',  ( -2.017120320903264935E-16, -1.000000000000000000, 0.000000000000000000 ) ) ;
#3811 = VERTEX_POINT ( 'NONE', #9024 ) ;
#3812 = CARTESIAN_POINT ( 'NONE',  ( 32.54413010809566487, -3.020582429040483241, -2.560019245675821509 ) ) ;
#3813 = DIRECTION ( 'NONE',  ( 1.000000000000000000, 0.000000000000000000, 0.000000000000000000 ) ) ;
#3814 = CARTESIAN_POINT ( 'NONE',  ( -30.19895506880098068, 7.454649918700711808, -2.188356106286434066 ) ) ;
#3815 = CARTESIAN_POINT ( 'NONE',  ( 28.06751927554592640, 6.987674337365829658, -36.92424036380636920 ) ) ;
#3816 = EDGE_LOOP ( 'NONE', ( #5324, #9021, #886, #9070 ) ) ;
#3817 = CARTESIAN_POINT ( 'NONE',  ( 30.88608946374112563, 6.711486550119006189, -77.60000000000002274 ) ) ;
#3818 = EDGE_CURVE ( 'NONE', #9597, #539, #2488, .T. ) ;
#3819 = EDGE_LOOP ( 'NONE', ( #2566, #8179, #3680, #1514, #6737 ) ) ;
#3820 = ORIENTED_EDGE ( 'NONE', *, *, #1547, .F. ) ;
#3821 = EDGE_CURVE ( 'NONE', #5315, #7587, #2439, .T. ) ;
#3822 = CARTESIAN_POINT ( 'NONE',  ( 24.88699344048199791, 7.479417570959294714, -13.55872439900986137 ) ) ;
#3823 = CARTESIAN_POINT ( 'NONE',  ( 16.67942746741109161, -2.520582429040704397, -2.000000000000001776 ) ) ;
#3824 = CARTESIAN_POINT ( 'NONE',  ( -25.55739787430747967, 9.465018727580117641, -0.000000000000000000 ) ) ;
#3825 = CARTESIAN_POINT ( 'NONE',  ( -29.65239979490565858, 5.106026863600480858, -31.67211544153106928 ) ) ;
#3826 = B_SPLINE_CURVE_WITH_KNOTS ( 'NONE', 3,
 ( #7590, #1583, #1037, #4534, #2462, #6134, #1731, #7532, #1773, #1630, #5258, #8224, #9151, #5348 ),
 .UNSPECIFIED., .F., .F.,
 ( 4, 2, 2, 2, 2, 2, 4 ),
 ( 0.005660058963840365089, 0.006366557660214705074, 0.007073056356589044191, 0.008486053749337724161, 0.009192552445712060677, 0.009899051142086397193, 0.01131204853483507716 ),
 .UNSPECIFIED. ) ;
#3827 = EDGE_CURVE ( 'NONE', #3581, #8440, #63, .T. ) ;
#3828 = CARTESIAN_POINT ( 'NONE',  ( 30.71443235663960891, 2.903166331312577064, -77.52181224639851109 ) ) ;
#3829 = CARTESIAN_POINT ( 'NONE',  ( -29.34397753783288465, 8.126913867189015761, -25.10521711540439327 ) ) ;
#3830 = VERTEX_POINT ( 'NONE', #3252 ) ;
#3831 = VERTEX_POINT ( 'NONE', #8480 ) ;
#3832 = EDGE_CURVE ( 'NONE', #3195, #7248, #5719, .T. ) ;
#3833 = CARTESIAN_POINT ( 'NONE',  ( -29.37821638749355202, 8.103350852053942788, -25.07608637439437516 ) ) ;
#3834 = B_SPLINE_CURVE_WITH_KNOTS ( 'NONE', 3,
 ( #3901, #1479, #8266, #2989, #6846, #856, #3805, #6747, #221, #112, #6032, #1625, #9190, #9278, #1129, #991 ),
 .UNSPECIFIED., .F., .F.,
 ( 4, 2, 2, 2, 2, 2, 2, 4 ),
 ( 0.000000000000000000, 0.001269140987927080836, 0.001903711481890621145, 0.002538281975854160804, 0.003172852469817701113, 0.003807422963781240989, 0.004441993457744780431, 0.005076563951708320740 ),
 .UNSPECIFIED. ) ;
#3835 = FACE_OUTER_BOUND ( 'NONE', #7872, .T. ) ;
#3836 = CARTESIAN_POINT ( 'NONE',  ( -32.52057253258904979, 1.474294363426497112, -24.89999999999998792 ) ) ;
#3837 = ADVANCED_FACE ( 'NONE', ( #9073 ), #8339, .T. ) ;
#3838 = CARTESIAN_POINT ( 'NONE',  ( 31.51441402612333675, 5.901605155814124259, -2.099999999982637533 ) ) ;
#3839 = DIRECTION ( 'NONE',  ( 8.673617379883908268E-16, -1.000000000000000000, 0.000000000000000000 ) ) ;
#3840 = ORIENTED_EDGE ( 'NONE', *, *, #48, .T. ) ;
#3841 = DIRECTION ( 'NONE',  ( -0.9394477390981516018, 6.938893903907212600E-15, -0.3426922022797879719 ) ) ;
#3842 = CARTESIAN_POINT ( 'NONE',  ( -30.68524463266969704, 6.281812081800031144, -7.900000000000002132 ) ) ;
#3843 = ORIENTED_EDGE ( 'NONE', *, *, #5333, .F. ) ;
#3844 = CARTESIAN_POINT ( 'NONE',  ( 33.97942746741107811, -3.520582429040425954, -2.075961696557269587 ) ) ;
#3845 = AXIS2_PLACEMENT_3D ( 'NONE', #5134, #6684, #880 ) ;
#3846 = ORIENTED_EDGE ( 'NONE', *, *, #5874, .T. ) ;
#3847 = DIRECTION ( 'NONE',  ( 0.000000000000000000, -1.000000000000000000, 0.000000000000000000 ) ) ;
#3848 = VECTOR ( 'NONE', #2699, 1000.000000000000000 ) ;
#3849 = CIRCLE ( 'NONE', #2304, 0.5000000000000007772 ) ;
#3850 = CARTESIAN_POINT ( 'NONE',  ( 24.97942746741094311, 9.479417570959293826, 0.000000000000000000 ) ) ;
#3851 = CARTESIAN_POINT ( 'NONE',  ( 32.47942746741107811, 1.027832321093518519, -1.599999999999996758 ) ) ;
#3852 = DIRECTION ( 'NONE',  ( -1.000000000000000000, 2.017120320903265181E-16, 0.000000000000000000 ) ) ;
#3853 = DIRECTION ( 'NONE',  ( 1.250608365883192617E-15, -1.000000000000000000, 2.343603989771762130E-30 ) ) ;
#3854 = DIRECTION ( 'NONE',  ( -0.000000000000000000, 1.000000000000000000, -0.000000000000000000 ) ) ;
#3855 = ADVANCED_FACE ( 'NONE', ( #4651 ), #9218, .F. ) ;
#3856 = CARTESIAN_POINT ( 'NONE',  ( -33.02057253258905689, 1.144257335136628306, -8.400000000000003908 ) ) ;
#3857 = EDGE_CURVE ( 'NONE', #7041, #83, #8172, .T. ) ;
#3858 = EDGE_CURVE ( 'NONE', #6956, #5278, #9361, .T. ) ;
#3859 = CARTESIAN_POINT ( 'NONE',  ( 29.43693764371802502, 3.475156422174853876, -77.59999999999999432 ) ) ;
#3860 = AXIS2_PLACEMENT_3D ( 'NONE', #8175, #6136, #3864 ) ;
#3861 = FACE_BOUND ( 'NONE', #8036, .T. ) ;
#3862 = CARTESIAN_POINT ( 'NONE',  ( -33.02057253258906400, -2.520582429040413519, -79.59999999999999432 ) ) ;
#3863 = ORIENTED_EDGE ( 'NONE', *, *, #1666, .F. ) ;
#3864 = DIRECTION ( 'NONE',  ( 1.000000000000000000, 0.000000000000000000, 0.000000000000000000 ) ) ;
#3865 = LINE ( 'NONE', #6091, #336 ) ;
#3866 = VECTOR ( 'NONE', #6542, 1000.000000000000000 ) ;
#3867 = AXIS2_PLACEMENT_3D ( 'NONE', #874, #8290, #8192 ) ;
#3868 = AXIS2_PLACEMENT_3D ( 'NONE', #5330, #4563, #8302 ) ;
#3869 = CARTESIAN_POINT ( 'NONE',  ( 27.12363575879080813, 7.386063873346143005, -36.51151814500111925 ) ) ;
#3870 = ORIENTED_EDGE ( 'NONE', *, *, #9153, .F. ) ;
#3871 = EDGE_CURVE ( 'NONE', #35, #7261, #3985, .T. ) ;
#3872 = AXIS2_PLACEMENT_3D ( 'NONE', #4984, #1352, #4932 ) ;
#3873 = CARTESIAN_POINT ( 'NONE',  ( 30.88608946374112563, 6.711486550119006189, -5.551115123125782702E-14 ) ) ;
#3874 = ORIENTED_EDGE ( 'NONE', *, *, #6120, .F. ) ;
#3875 = VECTOR ( 'NONE', #8220, 1000.000000000000000 ) ;
#3876 = ORIENTED_EDGE ( 'NONE', *, *, #4859, .T. ) ;
#3877 = CARTESIAN_POINT ( 'NONE',  ( 24.93761109137692600, 7.479417570959296491, -14.22496358105345138 ) ) ;
#3878 = CARTESIAN_POINT ( 'NONE',  ( -23.21057253258958752, -3.650582429040706067, -74.71000000000022112 ) ) ;
#3879 = CARTESIAN_POINT ( 'NONE',  ( 32.97942746741107811, 1.027832321093519186, -8.400000000000032330 ) ) ;
#3880 = VECTOR ( 'NONE', #4176, 1000.000000000000000 ) ;
#3881 = CARTESIAN_POINT ( 'NONE',  ( 29.01905455450076943, 8.315213645545620480, -25.87388084170103042 ) ) ;
#3882 = ORIENTED_EDGE ( 'NONE', *, *, #1489, .T. ) ;
#3883 = ORIENTED_EDGE ( 'NONE', *, *, #4371, .F. ) ;
#3884 = DIRECTION ( 'NONE',  ( -2.017120320903265428E-16, -1.000000000000000000, 0.000000000000000000 ) ) ;
#3885 = CARTESIAN_POINT ( 'NONE',  ( 29.01387573512868201, 6.350270572640990707, -47.47999706126760344 ) ) ;
#3886 = AXIS2_PLACEMENT_3D ( 'NONE', #6818, #342, #5362 ) ;
#3887 = CIRCLE ( 'NONE', #5887, 0.5000000000000004441 ) ;
#3888 = CARTESIAN_POINT ( 'NONE',  ( 18.93179825532375915, 8.479417570959274286, -25.15538875616806180 ) ) ;
#3889 = CARTESIAN_POINT ( 'NONE',  ( -30.87057253258903700, 5.979163850806762603, -30.69999999999999929 ) ) ;
#3890 = CARTESIAN_POINT ( 'NONE',  ( -32.72037423240260523, 3.350107292315958496, -24.90000000000000924 ) ) ;
#3891 = DIRECTION ( 'NONE',  ( 0.000000000000000000, 0.000000000000000000, 1.000000000000000000 ) ) ;
#3892 = ORIENTED_EDGE ( 'NONE', *, *, #640, .F. ) ;
#3893 = CARTESIAN_POINT ( 'NONE',  ( -33.06320885684723976, -3.520582436048403707, -30.43808648449750720 ) ) ;
#3894 = ORIENTED_EDGE ( 'NONE', *, *, #1601, .T. ) ;
#3895 = FACE_OUTER_BOUND ( 'NONE', #7948, .T. ) ;
#3896 = ORIENTED_EDGE ( 'NONE', *, *, #5831, .F. ) ;
#3897 = DIRECTION ( 'NONE',  ( -1.000000000000000000, 2.017120320903265181E-16, 0.000000000000000000 ) ) ;
#3898 = LINE ( 'NONE', #1764, #9414 ) ;
#3899 = CARTESIAN_POINT ( 'NONE',  ( 32.47942746698667804, 1.474270391344127962, -30.69999999999999929 ) ) ;
#3900 = FACE_OUTER_BOUND ( 'NONE', #7500, .T. ) ;
#3901 = CARTESIAN_POINT ( 'NONE',  ( 31.22850509297905575, 6.280390163998696096, -1.600000000000006306 ) ) ;
#3902 = DIRECTION ( 'NONE',  ( -1.000000000000000000, 0.000000000000000000, 0.000000000000000000 ) ) ;
#3903 = CARTESIAN_POINT ( 'NONE',  ( 28.84984102577199749, 8.099679707313644172, -29.40546024109838896 ) ) ;
#3904 = CARTESIAN_POINT ( 'NONE',  ( 30.84903816310501767, 2.349417570959201118, -79.60000000000000853 ) ) ;
#3905 = CIRCLE ( 'NONE', #4824, 4.000000000000000000 ) ;
#3906 = CARTESIAN_POINT ( 'NONE',  ( 30.97942746741106390, 1.731409880774368970, -76.60000000006665744 ) ) ;
#3907 = CARTESIAN_POINT ( 'NONE',  ( 32.62449488970399614, 3.497326107490962954, -65.99999999999998579 ) ) ;
#3908 = ORIENTED_EDGE ( 'NONE', *, *, #4506, .F. ) ;
#3909 = EDGE_CURVE ( 'NONE', #2565, #9549, #7226, .T. ) ;
#3910 = EDGE_CURVE ( 'NONE', #7059, #1917, #2369, .T. ) ;
#3911 = FACE_OUTER_BOUND ( 'NONE', #467, .T. ) ;
#3912 = CARTESIAN_POINT ( 'NONE',  ( -29.40283784737884076, 7.714195410278826159, -2.672157279171939237 ) ) ;
#3913 = CARTESIAN_POINT ( 'NONE',  ( 28.78449735302627488, 6.361924914919536711, -38.46495470261309890 ) ) ;
#3914 = VERTEX_POINT ( 'NONE', #8614 ) ;
#3915 = CARTESIAN_POINT ( 'NONE',  ( -34.52057253258912084, -3.520582429040412631, -5.000000000000004441 ) ) ;
#3916 = ORIENTED_EDGE ( 'NONE', *, *, #3735, .T. ) ;
#3917 = ORIENTED_EDGE ( 'NONE', *, *, #6450, .F. ) ;
#3918 = ADVANCED_FACE ( 'NONE', ( #485 ), #2521, .T. ) ;
#3919 = EDGE_CURVE ( 'NONE', #3245, #3195, #8572, .T. ) ;
#3920 = DIRECTION ( 'NONE',  ( -0.000000000000000000, 0.000000000000000000, 1.000000000000000000 ) ) ;
#3921 = LINE ( 'NONE', #6868, #2952 ) ;
#3922 = AXIS2_PLACEMENT_3D ( 'NONE', #4865, #2701, #5543 ) ;
#3923 = CARTESIAN_POINT ( 'NONE',  ( 28.60573626630674227, 8.551146403855495848, -26.05068812316623550 ) ) ;
#3924 = ORIENTED_EDGE ( 'NONE', *, *, #5148, .F. ) ;
#3925 = CARTESIAN_POINT ( 'NONE',  ( 30.64409090068875585, 6.281809309247608830, -2.100000000000000089 ) ) ;
#3926 = EDGE_LOOP ( 'NONE', ( #1199, #796, #3579, #3554 ) ) ;
#3927 = CARTESIAN_POINT ( 'NONE',  ( -32.96360483755255899, 2.178154278618146922, -79.59999999998774456 ) ) ;
#3928 = CARTESIAN_POINT ( 'NONE',  ( 30.97942746741107456, 6.909397134599873702, -79.59999999999999432 ) ) ;
#3929 = AXIS2_PLACEMENT_3D ( 'NONE', #7589, #812, #5347 ) ;
#3930 = FACE_OUTER_BOUND ( 'NONE', #7182, .T. ) ;
#3931 = CARTESIAN_POINT ( 'NONE',  ( -30.63613098297211934, 3.295440330303364806, -76.59999999999999432 ) ) ;
#3932 = CARTESIAN_POINT ( 'NONE',  ( 28.67942746741108806, -4.520582429040413963, -32.78000000000000114 ) ) ;
#3933 = CARTESIAN_POINT ( 'NONE',  ( -31.92057253258911231, -4.520582429040413963, -5.000000000000004441 ) ) ;
#3934 = CARTESIAN_POINT ( 'NONE',  ( 27.47942746741110653, 6.882466451305248256, -39.80000000000001137 ) ) ;
#3935 = ORIENTED_EDGE ( 'NONE', *, *, #1094, .F. ) ;
#3936 = CARTESIAN_POINT ( 'NONE',  ( -32.67738813743704895, 3.456363420285030408, -77.52189170393783968 ) ) ;
#3937 = ORIENTED_EDGE ( 'NONE', *, *, #5208, .F. ) ;
#3938 = CARTESIAN_POINT ( 'NONE',  ( 28.79262011024113477, 2.349417570959249968, -38.78000000000000114 ) ) ;
#3939 = VERTEX_POINT ( 'NONE', #6335 ) ;
#3940 = CARTESIAN_POINT ( 'NONE',  ( 25.17035527756033630, 7.476693816201704479, -2.000000000000057288 ) ) ;
#3941 = DIRECTION ( 'NONE',  ( -0.9369889970953452218, 0.000000000000000000, 0.3493588689617869725 ) ) ;
#3942 = ADVANCED_FACE ( 'NONE', ( #6604 ), #1968, .T. ) ;
#3943 = EDGE_CURVE ( 'NONE', #4589, #4706, #3347, .T. ) ;
#3944 = CARTESIAN_POINT ( 'NONE',  ( 31.87942746741113353, -3.020582429040426398, -5.000000000000004441 ) ) ;
#3945 = DIRECTION ( 'NONE',  ( -2.017120320903264935E-16, -1.000000000000000000, 0.000000000000000000 ) ) ;
#3946 = CARTESIAN_POINT ( 'NONE',  ( 32.51840262442357954, -3.016103021590955890, -25.31880201839068789 ) ) ;
#3947 = CARTESIAN_POINT ( 'NONE',  ( -33.43723919925573540, 4.333328095299691540, -25.69819455862472779 ) ) ;
#3948 = CARTESIAN_POINT ( 'NONE',  ( 28.67942746741106674, 8.209411367207941623, -28.72887506289344728 ) ) ;
#3949 = DIRECTION ( 'NONE',  ( 1.000000000000000000, -2.017120320903265181E-16, -0.000000000000000000 ) ) ;
#3950 = ORIENTED_EDGE ( 'NONE', *, *, #26, .F. ) ;
#3951 = CARTESIAN_POINT ( 'NONE',  ( 32.63624460303811503, 3.456915091665796691, -77.59999999999999432 ) ) ;
#3952 = DIRECTION ( 'NONE',  ( 1.000000000000000000, 0.000000000000000000, 0.000000000000000000 ) ) ;
#3953 = EDGE_CURVE ( 'NONE', #1046, #1815, #8081, .T. ) ;
#3954 = ORIENTED_EDGE ( 'NONE', *, *, #8892, .T. ) ;
#3955 = CARTESIAN_POINT ( 'NONE',  ( 28.70162549212178860, 8.195757302760105389, -26.69491989870773097 ) ) ;
#3956 = CARTESIAN_POINT ( 'NONE',  ( -30.10585361242900504, 7.536605236647824668, -1.830740468207555205 ) ) ;
#3957 = CARTESIAN_POINT ( 'NONE',  ( 33.10442746741108522, -3.520582429040425065, -29.51568901034156767 ) ) ;
#3958 = ORIENTED_EDGE ( 'NONE', *, *, #7202, .F. ) ;
#3959 = CARTESIAN_POINT ( 'NONE',  ( 30.33982262232891713, 7.305218303561583859, -77.60000000000002274 ) ) ;
#3960 = ORIENTED_EDGE ( 'NONE', *, *, #8299, .F. ) ;
#3961 = EDGE_CURVE ( 'NONE', #4919, #1361, #3746, .T. ) ;
#3962 = ORIENTED_EDGE ( 'NONE', *, *, #4055, .T. ) ;
#3963 = CARTESIAN_POINT ( 'NONE',  ( -30.65099471445844159, 7.011603148822798559, 0.000000000000000000 ) ) ;
#3964 = FACE_OUTER_BOUND ( 'NONE', #2329, .T. ) ;
#3965 = FACE_OUTER_BOUND ( 'NONE', #5165, .T. ) ;
#3966 = ORIENTED_EDGE ( 'NONE', *, *, #691, .T. ) ;
#3967 = EDGE_CURVE ( 'NONE', #4991, #5332, #9588, .T. ) ;
#3968 = EDGE_CURVE ( 'NONE', #6772, #1642, #7800, .T. ) ;
#3969 = ORIENTED_EDGE ( 'NONE', *, *, #6127, .F. ) ;
#3970 = ADVANCED_FACE ( 'NONE', ( #8800 ), #4876, .T. ) ;
#3971 = CARTESIAN_POINT ( 'NONE',  ( 26.87175413674536983, 9.241544018433595298, -33.02265349143051765 ) ) ;
#3972 = CARTESIAN_POINT ( 'NONE',  ( 27.47942746741110653, 6.882466451305248256, -4.250000000000003553 ) ) ;
#3973 = CARTESIAN_POINT ( 'NONE',  ( -30.87057253258906542, 10.01696613767509625, -2.099999999999999645 ) ) ;
#3974 = LINE ( 'NONE', #6250, #1570 ) ;
#3975 = EDGE_LOOP ( 'NONE', ( #3846, #673 ) ) ;
#3976 = CARTESIAN_POINT ( 'NONE',  ( -30.52677895628017524, 3.642716336119946607, -23.70447292132649864 ) ) ;
#3977 = VERTEX_POINT ( 'NONE', #2161 ) ;
#3978 = DIRECTION ( 'NONE',  ( 0.000000000000000000, 0.000000000000000000, 1.000000000000000000 ) ) ;
#3979 = EDGE_CURVE ( 'NONE', #1185, #5845, #8395, .T. ) ;
#3980 = ORIENTED_EDGE ( 'NONE', *, *, #4734, .T. ) ;
#3981 = LINE ( 'NONE', #8445, #2966 ) ;
#3982 = DIRECTION ( 'NONE',  ( -1.000000000000000000, 0.000000000000000000, -3.227392513445213640E-15 ) ) ;
#3983 = AXIS2_PLACEMENT_3D ( 'NONE', #3510, #1228, #5671 ) ;
#3984 = CARTESIAN_POINT ( 'NONE',  ( -34.02057253258906400, 4.333328095299691540, -7.924038303442734410 ) ) ;
#3985 = CIRCLE ( 'NONE', #7203, 0.5000000000000002220 ) ;
#3986 = CARTESIAN_POINT ( 'NONE',  ( 29.63430569947790971, 7.887607825198299949, -24.85702259357602628 ) ) ;
#3987 = ADVANCED_FACE ( 'NONE', ( #661 ), #8531, .T. ) ;
#3988 = DIRECTION ( 'NONE',  ( 0.000000000000000000, 0.000000000000000000, -1.000000000000000000 ) ) ;
#3989 = CARTESIAN_POINT ( 'NONE',  ( 33.07942746741112927, 5.479417570959574491, -5.000000000000004441 ) ) ;
#3990 = DIRECTION ( 'NONE',  ( -1.000000000000000000, 2.628368902995164490E-16, 0.000000000000000000 ) ) ;
#3991 = LINE ( 'NONE', #4811, #6012 ) ;
#3992 = ORIENTED_EDGE ( 'NONE', *, *, #1478, .F. ) ;
#3993 = DIRECTION ( 'NONE',  ( 0.000000000000000000, 0.000000000000000000, -1.000000000000000000 ) ) ;
#3994 = LINE ( 'NONE', #2555, #1817 ) ;
#3995 = CARTESIAN_POINT ( 'NONE',  ( 29.18018661312519768, 6.351848140357486017, -66.29114641239867467 ) ) ;
#3996 = ORIENTED_EDGE ( 'NONE', *, *, #6227, .T. ) ;
#3997 = CIRCLE ( 'NONE', #4613, 12.99999999999999822 ) ;
#3998 = PLANE ( 'NONE',  #2151 ) ;
#3999 = CARTESIAN_POINT ( 'NONE',  ( -30.87057253258906542, 5.979163850806730629, -2.100000000000004086 ) ) ;
#4000 = FACE_OUTER_BOUND ( 'NONE', #9612, .T. ) ;
#4001 = ORIENTED_EDGE ( 'NONE', *, *, #3025, .F. ) ;
#4002 = AXIS2_PLACEMENT_3D ( 'NONE', #2639, #7070, #2548 ) ;
#4003 = AXIS2_PLACEMENT_3D ( 'NONE', #4683, #3423, #6310 ) ;
#4004 = CYLINDRICAL_SURFACE ( 'NONE', #6383, 0.5000000000000004441 ) ;
#4005 = ORIENTED_EDGE ( 'NONE', *, *, #245, .F. ) ;
#4006 = ORIENTED_EDGE ( 'NONE', *, *, #9575, .F. ) ;
#4007 = EDGE_CURVE ( 'NONE', #9223, #1185, #3591, .T. ) ;
#4008 = CIRCLE ( 'NONE', #5863, 0.5000000000000000000 ) ;
#4009 = VECTOR ( 'NONE', #5691, 1000.000000000000000 ) ;
#4010 = LINE ( 'NONE', #9304, #597 ) ;
#4011 = CARTESIAN_POINT ( 'NONE',  ( -33.02057253258906400, -2.520582429040414407, -1.600000000000004086 ) ) ;
#4012 = VECTOR ( 'NONE', #7156, 1000.000000000000000 ) ;
#4013 = EDGE_CURVE ( 'NONE', #6956, #5920, #3619, .T. ) ;
#4014 = CARTESIAN_POINT ( 'NONE',  ( -18.05057253258892302, 9.479417570959292050, -14.89000000000000057 ) ) ;
#4015 = CARTESIAN_POINT ( 'NONE',  ( 30.10813733916296542, 4.349417570959283275, -39.80000000000002558 ) ) ;
#4016 = EDGE_LOOP ( 'NONE', ( #8949, #8784, #8143, #9455, #7935 ) ) ;
#4017 = VECTOR ( 'NONE', #7722, 1000.000000000000000 ) ;
#4018 = CARTESIAN_POINT ( 'NONE',  ( 29.30685520734905225, 7.759155494237536921, -2.723994526319217790 ) ) ;
#4019 = AXIS2_PLACEMENT_3D ( 'NONE', #3844, #57, #5189 ) ;
#4020 = ORIENTED_EDGE ( 'NONE', *, *, #8552, .F. ) ;
#4021 = CARTESIAN_POINT ( 'NONE',  ( 32.62738590418563689, 3.488214010755580574, -38.22382607189315706 ) ) ;
#4022 = CARTESIAN_POINT ( 'NONE',  ( 27.63867112311196195, 6.800318630774794038, -3.208609530961629375 ) ) ;
#4023 = AXIS2_PLACEMENT_3D ( 'NONE', #2726, #4939, #3544 ) ;
#4024 = CARTESIAN_POINT ( 'NONE',  ( -30.87057253258904055, -2.520582429040413963, -25.39999999999999503 ) ) ;
#4025 = EDGE_CURVE ( 'NONE', #1541, #9324, #3525, .T. ) ;
#4026 = EDGE_CURVE ( 'NONE', #2497, #312, #3435, .T. ) ;
#4027 = DIRECTION ( 'NONE',  ( -1.000000000000000000, 2.027103958809192199E-16, -0.000000000000000000 ) ) ;
#4028 = ORIENTED_EDGE ( 'NONE', *, *, #544, .T. ) ;
#4029 = CARTESIAN_POINT ( 'NONE',  ( 32.86641657741897404, 2.459144602613648534, -77.60000000000003695 ) ) ;
#4030 = CARTESIAN_POINT ( 'NONE',  ( 29.25567755001781833, 7.800585598852457281, -2.777124233676589338 ) ) ;
#4031 = ORIENTED_EDGE ( 'NONE', *, *, #9590, .F. ) ;
#4032 = FACE_OUTER_BOUND ( 'NONE', #4545, .T. ) ;
#4033 = EDGE_CURVE ( 'NONE', #4122, #3245, #8808, .T. ) ;
#4034 = EDGE_CURVE ( 'NONE', #373, #5865, #6610, .T. ) ;
#4035 = CARTESIAN_POINT ( 'NONE',  ( 30.82942746741109019, -2.520582429040426842, -7.400000000000000355 ) ) ;
#4036 = AXIS2_PLACEMENT_3D ( 'NONE', #7178, #4901, #6311 ) ;
#4037 = CARTESIAN_POINT ( 'NONE',  ( 28.93662395258942865, 8.361949394505817423, -25.49222032240379932 ) ) ;
#4038 = DIRECTION ( 'NONE',  ( -1.000000000000000000, 2.017120320903265181E-16, 0.000000000000000000 ) ) ;
#4039 = DIRECTION ( 'NONE',  ( -2.025677196612374621E-16, -1.000000000000000000, 0.000000000000000000 ) ) ;
#4040 = CARTESIAN_POINT ( 'NONE',  ( -33.02057253258905689, 1.974911105467737071, -31.19999999999999929 ) ) ;
#4041 = DIRECTION ( 'NONE',  ( 1.000000000000000000, 1.250608365883192617E-15, -0.000000000000000000 ) ) ;
#4042 = VERTEX_POINT ( 'NONE', #8085 ) ;
#4043 = DIRECTION ( 'NONE',  ( 1.000000000000000000, 0.000000000000000000, 0.000000000000000000 ) ) ;
#4044 = AXIS2_PLACEMENT_3D ( 'NONE', #5684, #470, #3476 ) ;
#4045 = EDGE_LOOP ( 'NONE', ( #3054, #9226, #1612, #2999 ) ) ;
#4046 = CARTESIAN_POINT ( 'NONE',  ( 24.78226623575612919, 7.479417570959292938, -12.72647538310668835 ) ) ;
#4047 = CARTESIAN_POINT ( 'NONE',  ( -31.30958911037422254, 6.785901729686257156, -37.13654239639726029 ) ) ;
#4048 = CARTESIAN_POINT ( 'NONE',  ( -32.62428707693665331, 3.688867681140259869, -77.59999999999999432 ) ) ;
#4049 = DIRECTION ( 'NONE',  ( 0.000000000000000000, 0.000000000000000000, 1.000000000000000000 ) ) ;
#4050 = ORIENTED_EDGE ( 'NONE', *, *, #7762, .T. ) ;
#4051 = TOROIDAL_SURFACE ( 'NONE', #5437, 2.749999999999998668, 0.5000000000000000000 ) ;
#4052 = DIRECTION ( 'NONE',  ( 2.017120320903264935E-16, 1.000000000000000000, -0.000000000000000000 ) ) ;
#4053 = EDGE_LOOP ( 'NONE', ( #7684, #1013, #4921, #8307 ) ) ;
#4054 = ORIENTED_EDGE ( 'NONE', *, *, #6688, .F. ) ;
#4055 = EDGE_CURVE ( 'NONE', #8433, #5903, #8860, .T. ) ;
#4056 = FACE_OUTER_BOUND ( 'NONE', #7778, .T. ) ;
#4057 = CARTESIAN_POINT ( 'NONE',  ( 30.72538377457506797, 6.900814492705587000, -24.86036292241813328 ) ) ;
#4058 = LINE ( 'NONE', #1832, #8358 ) ;
#4059 = EDGE_LOOP ( 'NONE', ( #2631, #5850, #5420, #70, #8079, #671, #5902 ) ) ;
#4060 = CARTESIAN_POINT ( 'NONE',  ( -28.72057253666531906, 8.517091395991414515, -28.73017647386211948 ) ) ;
#4061 = ORIENTED_EDGE ( 'NONE', *, *, #8398, .F. ) ;
#4062 = CARTESIAN_POINT ( 'NONE',  ( 29.95284812652375095, 7.635001057099805699, -33.65891318015808764 ) ) ;
#4063 = CARTESIAN_POINT ( 'NONE',  ( 20.32253038447565530, 8.479417570959274286, -23.89939015553589385 ) ) ;
#4064 = CARTESIAN_POINT ( 'NONE',  ( 26.60202674926894773, 7.240272356017091404, -1.999999999999981792 ) ) ;
#4065 = FACE_OUTER_BOUND ( 'NONE', #5976, .T. ) ;
#4066 = ADVANCED_FACE ( 'NONE', ( #7979 ), #1447, .T. ) ;
#4067 = CARTESIAN_POINT ( 'NONE',  ( -28.83360472956135823, 6.349417570959296597, -38.54960990997007286 ) ) ;
#4068 = VERTEX_POINT ( 'NONE', #5791 ) ;
#4069 = AXIS2_PLACEMENT_3D ( 'NONE', #7439, #8168, #69 ) ;
#4070 = ORIENTED_EDGE ( 'NONE', *, *, #3426, .T. ) ;
#4071 = LINE ( 'NONE', #7802, #7119 ) ;
#4072 = CARTESIAN_POINT ( 'NONE',  ( -33.08358353549375153, -3.520582429040414407, -2.425320565519154759 ) ) ;
#4073 = CARTESIAN_POINT ( 'NONE',  ( -30.48051236474080028, 6.570809438894595900, -2.123334455594570347 ) ) ;
#4074 = SECURITY_CLASSIFICATION ( '', '', #7914 ) ;
#4075 = DIRECTION ( 'NONE',  ( -2.017120320903265428E-16, -1.000000000000000000, 0.000000000000000000 ) ) ;
#4076 = DIRECTION ( 'NONE',  ( 0.000000000000000000, 1.000000000000000000, 0.000000000000000000 ) ) ;
#4077 = CARTESIAN_POINT ( 'NONE',  ( 25.43795130599263743, 7.690846142387862905, -36.28017184264066231 ) ) ;
#4078 = CARTESIAN_POINT ( 'NONE',  ( -31.55551122794172869, 5.901646480999038324, -31.19999999999999929 ) ) ;
#4079 = DIRECTION ( 'NONE',  ( -0.000000000000000000, -1.000000000000000000, -0.000000000000000000 ) ) ;
#4080 = ORIENTED_EDGE ( 'NONE', *, *, #959, .T. ) ;
#4081 = ADVANCED_FACE ( 'NONE', ( #2169 ), #8757, .F. ) ;
#4082 = CARTESIAN_POINT ( 'NONE',  ( 30.97942746741108522, -2.520582429040417516, -35.78000000000000824 ) ) ;
#4083 = CARTESIAN_POINT ( 'NONE',  ( -28.72057253258903842, 8.209584760035346207, -28.54999999999999716 ) ) ;
#4084 = ADVANCED_FACE ( 'NONE', ( #5114 ), #2671, .T. ) ;
#4085 = ORIENTED_EDGE ( 'NONE', *, *, #7056, .T. ) ;
#4086 = CARTESIAN_POINT ( 'NONE',  ( 24.42321656728487866, 7.479417570959292050, -11.08409541889162320 ) ) ;
#4087 = CYLINDRICAL_SURFACE ( 'NONE', #4003, 2.600000000000004974 ) ;
#4088 = CARTESIAN_POINT ( 'NONE',  ( -27.90643273033227345, 8.908387893835394422, -77.59999999999999432 ) ) ;
#4089 = B_SPLINE_CURVE_WITH_KNOTS ( 'NONE', 3,
 ( #4693, #238, #196, #6102 ),
 .UNSPECIFIED., .F., .F.,
 ( 4, 4 ),
 ( 1.344410693882025498E-17, 0.001424504531052881405 ),
 .UNSPECIFIED. ) ;
#4090 = DIRECTION ( 'NONE',  ( 1.000000000000000000, -0.000000000000000000, -0.000000000000000000 ) ) ;
#4091 = VERTEX_POINT ( 'NONE', #6567 ) ;
#4092 = DIRECTION ( 'NONE',  ( 0.000000000000000000, 0.000000000000000000, -1.000000000000000000 ) ) ;
#4093 = EDGE_CURVE ( 'NONE', #5776, #6526, #4969, .T. ) ;
#4094 = EDGE_LOOP ( 'NONE', ( #292, #8903, #8735, #2538 ) ) ;
#4095 = CARTESIAN_POINT ( 'NONE',  ( -25.56401828140896271, 7.457041076192387763, -19.39917208540674665 ) ) ;
#4096 = ORIENTED_EDGE ( 'NONE', *, *, #6051, .F. ) ;
#4097 = CYLINDRICAL_SURFACE ( 'NONE', #8644, 0.5000000000000000000 ) ;
#4098 = LINE ( 'NONE', #7097, #6656 ) ;
#4099 = CARTESIAN_POINT ( 'NONE',  ( -31.02057253258906400, 1.027832321093293810, -9.100000000000010303 ) ) ;
#4100 = ADVANCED_FACE ( 'NONE', ( #3185 ), #4051, .F. ) ;
#4101 = CYLINDRICAL_SURFACE ( 'NONE', #5397, 8.750000000000000000 ) ;
#4102 = VERTEX_POINT ( 'NONE', #1639 ) ;
#4103 = CARTESIAN_POINT ( 'NONE',  ( -33.08112479349650670, -3.520582429040414851, -25.22865389885242848 ) ) ;
#4104 = ORIENTED_EDGE ( 'NONE', *, *, #6125, .T. ) ;
#4105 = CARTESIAN_POINT ( 'NONE',  ( -34.02057253258906400, -3.020582429040413519, -24.88596169655730961 ) ) ;
#4106 = CARTESIAN_POINT ( 'NONE',  ( 23.93845511823651506, 8.479417570959276063, -14.27246618240678266 ) ) ;
#4107 = DIRECTION ( 'NONE',  ( 0.000000000000000000, 0.000000000000000000, 1.000000000000000000 ) ) ;
#4108 = CARTESIAN_POINT ( 'NONE',  ( 32.90859753022851919, 2.176216226117863695, -77.60000000000000853 ) ) ;
#4109 = FACE_OUTER_BOUND ( 'NONE', #7481, .T. ) ;
#4110 = ORIENTED_EDGE ( 'NONE', *, *, #1921, .T. ) ;
#4111 = CARTESIAN_POINT ( 'NONE',  ( -33.02057253258906400, -4.520582429040413075, -24.88596169655732382 ) ) ;
#4112 = CARTESIAN_POINT ( 'NONE',  ( 31.22850509297921207, 6.280390163998481157, -31.19999999999999929 ) ) ;
#4113 = CYLINDRICAL_SURFACE ( 'NONE', #6054, 0.5000000000000004441 ) ;
#4114 = EDGE_CURVE ( 'NONE', #9198, #7405, #1855, .T. ) ;
#4115 = DIRECTION ( 'NONE',  ( -1.000000000000000000, 2.017120320903265181E-16, -1.613696256722612145E-15 ) ) ;
#4116 = FACE_OUTER_BOUND ( 'NONE', #3115, .T. ) ;
#4117 = DIRECTION ( 'NONE',  ( 1.000000000000000000, 0.000000000000000000, 0.000000000000000000 ) ) ;
#4118 = FACE_OUTER_BOUND ( 'NONE', #4190, .T. ) ;
#4119 = CARTESIAN_POINT ( 'NONE',  ( 33.97942746741107811, -3.020582429040426398, -24.88596169655730250 ) ) ;
#4120 = CIRCLE ( 'NONE', #5665, 1.000000000000000888 ) ;
#4121 = DIRECTION ( 'NONE',  ( 0.000000000000000000, 0.000000000000000000, -1.000000000000000000 ) ) ;
#4122 = VERTEX_POINT ( 'NONE', #8178 ) ;
#4123 = CARTESIAN_POINT ( 'NONE',  ( -33.12057253258911516, -4.520582429040413963, -5.000000000000004441 ) ) ;
#4124 = CARTESIAN_POINT ( 'NONE',  ( 24.55107533646538798, 7.479417570959294714, -11.56987290314901351 ) ) ;
#4125 = AXIS2_PLACEMENT_3D ( 'NONE', #8446, #6123, #3982 ) ;
#4126 = CARTESIAN_POINT ( 'NONE',  ( 30.82942746741110085, 5.979164254138594536, -7.900000000000007461 ) ) ;
#4127 = DIRECTION ( 'NONE',  ( -2.017120320903264935E-16, -1.000000000000000000, 0.000000000000000000 ) ) ;
#4128 = CARTESIAN_POINT ( 'NONE',  ( -25.56357139298030745, 9.479417570959295603, -77.59999999999999432 ) ) ;
#4129 = EDGE_CURVE ( 'NONE', #5210, #1703, #6366, .T. ) ;
#4130 = DIRECTION ( 'NONE',  ( 1.000000000000000000, -2.017120320903265428E-16, 0.000000000000000000 ) ) ;
#4131 = ADVANCED_FACE ( 'NONE', ( #962 ), #6977, .T. ) ;
#4132 = ORIENTED_EDGE ( 'NONE', *, *, #534, .T. ) ;
#4133 = CYLINDRICAL_SURFACE ( 'NONE', #46, 1.000000000000000888 ) ;
#4134 = AXIS2_PLACEMENT_3D ( 'NONE', #2456, #1576, #9040 ) ;
#4135 = ORIENTED_EDGE ( 'NONE', *, *, #6372, .T. ) ;
#4136 = DIRECTION ( 'NONE',  ( -2.017120320903265428E-16, -1.000000000000000000, 0.000000000000000000 ) ) ;
#4137 = ORIENTED_EDGE ( 'NONE', *, *, #4217, .T. ) ;
#4138 = LINE ( 'NONE', #7096, #1062 ) ;
#4139 = CARTESIAN_POINT ( 'NONE',  ( 32.62449488970394640, 3.497326107491230740, -48.50000000000001421 ) ) ;
#4140 = CIRCLE ( 'NONE', #1528, 0.5000000000000004441 ) ;
#4141 = EDGE_CURVE ( 'NONE', #4122, #2811, #3905, .T. ) ;
#4142 = VECTOR ( 'NONE', #7961, 1000.000000000000000 ) ;
#4143 = DIRECTION ( 'NONE',  ( -2.017120320903264935E-16, -1.000000000000000000, 0.000000000000000000 ) ) ;
#4144 = CARTESIAN_POINT ( 'NONE',  ( 32.47942746741107101, -2.972650439016085944, -7.619403949222887107 ) ) ;
#4145 = ORIENTED_EDGE ( 'NONE', *, *, #5733, .F. ) ;
#4146 = CYLINDRICAL_SURFACE ( 'NONE', #5228, 1.199999999999999734 ) ;
#4147 = ORIENTED_EDGE ( 'NONE', *, *, #7183, .F. ) ;
#4148 = DIRECTION ( 'NONE',  ( 1.000000000000000000, -2.891205793294675861E-16, 0.000000000000000000 ) ) ;
#4149 = AXIS2_PLACEMENT_3D ( 'NONE', #8759, #9309, #2118 ) ;
#4150 = AXIS2_PLACEMENT_3D ( 'NONE', #2273, #4441, #6618 ) ;
#4151 = VECTOR ( 'NONE', #2547, 1000.000000000000000 ) ;
#4152 = CARTESIAN_POINT ( 'NONE',  ( 22.49237086086708359, 8.479417570959274286, -8.907964821902680796 ) ) ;
#4153 = DIRECTION ( 'NONE',  ( -6.938893903907295431E-15, -3.507499437909170321E-15, 1.000000000000000000 ) ) ;
#4154 = AXIS2_PLACEMENT_3D ( 'NONE', #705, #6507, #9489 ) ;
#4155 = AXIS2_PLACEMENT_3D ( 'NONE', #2507, #3628, #6569 ) ;
#4156 = CIRCLE ( 'NONE', #7877, 1.000000000000000000 ) ;
#4157 = CARTESIAN_POINT ( 'NONE',  ( -28.47367877368736444, 8.642081700866501848, -3.825635382593463696 ) ) ;
#4158 = CARTESIAN_POINT ( 'NONE',  ( -27.85583763870707941, 7.122911678075725561, -36.76583638584119740 ) ) ;
#4159 = ORIENTED_EDGE ( 'NONE', *, *, #5434, .T. ) ;
#4160 = EDGE_LOOP ( 'NONE', ( #9110, #8960, #53, #2262 ) ) ;
#4161 = CARTESIAN_POINT ( 'NONE',  ( 27.90336486289266915, 6.648637502289817647, -7.387900409738369589 ) ) ;
#4162 = AXIS2_PLACEMENT_3D ( 'NONE', #9173, #882, #8397 ) ;
#4163 = CARTESIAN_POINT ( 'NONE',  ( 32.47942746741107101, 1.027832321093521184, -24.89999999999999147 ) ) ;
#4164 = LINE ( 'NONE', #4208, #9456 ) ;
#4165 = CARTESIAN_POINT ( 'NONE',  ( -29.48124922724980834, 5.319945226538758121, -34.06802864282418142 ) ) ;
#4166 = CARTESIAN_POINT ( 'NONE',  ( 32.98372038444769316, -3.458971367907467620, -2.186693781853148888 ) ) ;
#4167 = CARTESIAN_POINT ( 'NONE',  ( -32.52057253258906400, -2.946429777430907837, -7.662019151721370491 ) ) ;
#4168 = CARTESIAN_POINT ( 'NONE',  ( -26.70460516799094108, -6.520582429040413963, -2.000000000000002665 ) ) ;
#4169 = AXIS2_PLACEMENT_3D ( 'NONE', #3973, #5470, #5328 ) ;
#4170 = FACE_OUTER_BOUND ( 'NONE', #7534, .T. ) ;
#4171 = CARTESIAN_POINT ( 'NONE',  ( -32.71769780056188637, 3.359642745324974644, -1.600000000000007416 ) ) ;
#4172 = EDGE_LOOP ( 'NONE', ( #1988, #5685 ) ) ;
#4173 = LINE ( 'NONE', #8457, #844 ) ;
#4174 = DIRECTION ( 'NONE',  ( 0.7981718375160724577, -0.6024298447090885578, 0.000000000000000000 ) ) ;
#4175 = AXIS2_PLACEMENT_3D ( 'NONE', #979, #2537, #1796 ) ;
#4176 = DIRECTION ( 'NONE',  ( -1.000000000000000000, 2.017120320903265181E-16, -1.613696256722612145E-15 ) ) ;
#4177 = CARTESIAN_POINT ( 'NONE',  ( -26.43231741318233574, 7.566055933866779881, -36.36726520297646204 ) ) ;
#4178 = CARTESIAN_POINT ( 'NONE',  ( -30.36962823146881263, 7.298139006171278531, -77.59999999999999432 ) ) ;
#4179 = LINE ( 'NONE', #8422, #5382 ) ;
#4180 = ORIENTED_EDGE ( 'NONE', *, *, #3470, .T. ) ;
#4181 = VECTOR ( 'NONE', #7139, 1000.000000000000000 ) ;
#4182 = ORIENTED_EDGE ( 'NONE', *, *, #6051, .T. ) ;
#4183 = CARTESIAN_POINT ( 'NONE',  ( -26.00478682440636291, 7.394948123582568478, -18.56627187733994333 ) ) ;
#4184 = EDGE_LOOP ( 'NONE', ( #716, #7897, #3638, #525 ) ) ;
#4185 = EDGE_CURVE ( 'NONE', #5880, #9597, #653, .T. ) ;
#4186 = CARTESIAN_POINT ( 'NONE',  ( -28.02057253258906400, -2.520582429040414407, -35.78000000000001535 ) ) ;
#4187 = AXIS2_PLACEMENT_3D ( 'NONE', #8715, #2069, #6420 ) ;
#4188 = CARTESIAN_POINT ( 'NONE',  ( -34.02057253258906400, -3.520582429040413075, -30.73403830344269139 ) ) ;
#4189 = DIRECTION ( 'NONE',  ( 2.017120320903265181E-16, 1.000000000000000000, -0.000000000000000000 ) ) ;
#4190 = EDGE_LOOP ( 'NONE', ( #7451, #3355, #2632, #4459, #2557, #940 ) ) ;
#4191 = CARTESIAN_POINT ( 'NONE',  ( 33.00201681580399793, -3.507655561119825016, -25.10555166632702750 ) ) ;
#4192 = VERTEX_POINT ( 'NONE', #4958 ) ;
#4193 = CARTESIAN_POINT ( 'NONE',  ( -33.02057253258906400, -3.425933749852116073, -24.93889690905769285 ) ) ;
#4194 = ORIENTED_EDGE ( 'NONE', *, *, #4560, .T. ) ;
#4195 = ADVANCED_FACE ( 'NONE', ( #7181 ), #3566, .F. ) ;
#4196 = VECTOR ( 'NONE', #8996, 1000.000000000000000 ) ;
#4197 = ORIENTED_EDGE ( 'NONE', *, *, #4439, .T. ) ;
#4198 = ADVANCED_FACE ( 'NONE', ( #3613 ), #7298, .T. ) ;
#4199 = CARTESIAN_POINT ( 'NONE',  ( 23.83794308436732479, 8.479417570959270734, -16.59607566223056097 ) ) ;
#4200 = FACE_OUTER_BOUND ( 'NONE', #7949, .T. ) ;
#4201 = DIRECTION ( 'NONE',  ( 1.000000000000000000, -2.027103958809192199E-16, 0.000000000000000000 ) ) ;
#4202 = CARTESIAN_POINT ( 'NONE',  ( -28.72057253258905973, -4.520582429040413963, -32.78000000000000114 ) ) ;
#4203 = ORIENTED_EDGE ( 'NONE', *, *, #7037, .T. ) ;
#4204 = ORIENTED_EDGE ( 'NONE', *, *, #3767, .T. ) ;
#4205 = LINE ( 'NONE', #8102, #3585 ) ;
#4206 = CARTESIAN_POINT ( 'NONE',  ( 29.60105412605501840, 7.912802701850737641, -30.72162212763609546 ) ) ;
#4207 = CARTESIAN_POINT ( 'NONE',  ( -29.34781407612560500, 7.759528484574700791, -2.724130962774161002 ) ) ;
#4208 = CARTESIAN_POINT ( 'NONE',  ( -23.21057253258958752, 6.349417570959293933, -74.71000000000022112 ) ) ;
#4209 = CARTESIAN_POINT ( 'NONE',  ( 32.47942746741108522, -4.520582429040437944, -31.19999999999999929 ) ) ;
#4210 = ORIENTED_EDGE ( 'NONE', *, *, #505, .T. ) ;
#4211 = VECTOR ( 'NONE', #9346, 1000.000000000000000 ) ;
#4212 = CARTESIAN_POINT ( 'NONE',  ( 33.02053939300093077, -3.520582436666220172, -2.366586706689411734 ) ) ;
#4213 = CARTESIAN_POINT ( 'NONE',  ( 33.07942746741112927, -3.020582429040426842, -27.81000000000000227 ) ) ;
#4214 = CYLINDRICAL_SURFACE ( 'NONE', #6040, 2.149999999999999023 ) ;
#4215 = CARTESIAN_POINT ( 'NONE',  ( -29.05398737528228281, 5.785168995712312245, -76.60000000000000853 ) ) ;
#4216 = CARTESIAN_POINT ( 'NONE',  ( -29.15619987621996145, 6.349417570955051104, -75.92259514665958875 ) ) ;
#4217 = EDGE_CURVE ( 'NONE', #6572, #6658, #3134, .T. ) ;
#4218 = DIRECTION ( 'NONE',  ( 1.000000000000000000, 0.000000000000000000, -6.454785026890408348E-15 ) ) ;
#4219 = ORIENTED_EDGE ( 'NONE', *, *, #84, .T. ) ;
#4220 = CARTESIAN_POINT ( 'NONE',  ( 23.38942746741041390, -6.521582429040424955, -39.31000000000022254 ) ) ;
#4221 = PERSON_AND_ORGANIZATION ( #2481, #6866 ) ;
#4222 = CARTESIAN_POINT ( 'NONE',  ( 27.56822892643831224, 6.837241671030148460, -26.26832288670596327 ) ) ;
#4223 = CARTESIAN_POINT ( 'NONE',  ( -16.70460824509878961, 7.479417570959293826, -4.122070429194213403 ) ) ;
#4224 = VECTOR ( 'NONE', #8549, 1000.000000000000000 ) ;
#4225 = EDGE_CURVE ( 'NONE', #822, #6672, #9330, .T. ) ;
#4226 = CARTESIAN_POINT ( 'NONE',  ( -30.82577508785774256, 7.184918461206680540, -36.57525340858211393 ) ) ;
#4227 = CARTESIAN_POINT ( 'NONE',  ( -31.42048492835709084, 6.081540253170764743, -5.551115123125782702E-14 ) ) ;
#4228 = DIRECTION ( 'NONE',  ( 1.000000000000000000, -2.628368902995159067E-16, 0.000000000000000000 ) ) ;
#4229 = DIRECTION ( 'NONE',  ( 1.000000000000000000, 0.000000000000000000, 0.000000000000000000 ) ) ;
#4230 = ORIENTED_EDGE ( 'NONE', *, *, #5987, .T. ) ;
#4231 = ADVANCED_FACE ( 'NONE', ( #2307 ), #6082, .T. ) ;
#4232 = CARTESIAN_POINT ( 'NONE',  ( 29.17942746741108806, -2.520582429040425509, -4.249999999999999112 ) ) ;
#4233 = ORIENTED_EDGE ( 'NONE', *, *, #2796, .T. ) ;
#4234 = CARTESIAN_POINT ( 'NONE',  ( -32.85161988453306492, 2.740215764883580096, -79.59999999999999432 ) ) ;
#4235 = VERTEX_POINT ( 'NONE', #7487 ) ;
#4236 = CARTESIAN_POINT ( 'NONE',  ( -30.14928467219229091, 4.349417570959286827, -76.59999999999998010 ) ) ;
#4237 = DIRECTION ( 'NONE',  ( -1.000000000000000000, 2.017120320903264935E-16, 3.227392513445213246E-15 ) ) ;
#4238 = CARTESIAN_POINT ( 'NONE',  ( -28.96579195171071319, 4.349417570959300150, -77.59999999999999432 ) ) ;
#4239 = VERTEX_POINT ( 'NONE', #5301 ) ;
#4240 = APPROVAL ( #9384, 'UNSPECIFIED' ) ;
#4241 = DIRECTION ( 'NONE',  ( -2.017120320903265428E-16, -1.000000000000000000, -0.000000000000000000 ) ) ;
#4242 = EDGE_LOOP ( 'NONE', ( #1135, #3284, #2147, #1015, #2661 ) ) ;
#4243 = CARTESIAN_POINT ( 'NONE',  ( -32.52057253258906400, -2.949466044545183241, -25.14298084827865054 ) ) ;
#4244 = ORIENTED_EDGE ( 'NONE', *, *, #2609, .F. ) ;
#4245 = ORIENTED_EDGE ( 'NONE', *, *, #6361, .T. ) ;
#4246 = CARTESIAN_POINT ( 'NONE',  ( 23.01196547944890014, 8.479417570959276063, -19.74707219858096963 ) ) ;
#4247 = DIRECTION ( 'NONE',  ( 1.000000000000000000, 0.000000000000000000, 6.938893903907222067E-15 ) ) ;
#4248 = EDGE_CURVE ( 'NONE', #5974, #9443, #169, .T. ) ;
#4249 = DIRECTION ( 'NONE',  ( 0.000000000000000000, 0.000000000000000000, 1.000000000000000000 ) ) ;
#4251 = ADVANCED_FACE ( 'NONE', ( #9041 ), #4574, .T. ) ;
#4250 = DIRECTION ( 'NONE',  ( -1.250608365883192617E-15, 1.000000000000000000, 0.000000000000000000 ) ) ;
#4252 = ORIENTED_EDGE ( 'NONE', *, *, #4571, .F. ) ;
#4253 = EDGE_LOOP ( 'NONE', ( #6638, #5725 ) ) ;
#4254 = CARTESIAN_POINT ( 'NONE',  ( 31.22850509297921207, 6.280390163998483821, -30.69999999999999574 ) ) ;
#4255 = LINE ( 'NONE', #7209, #6349 ) ;
#4256 = CARTESIAN_POINT ( 'NONE',  ( -30.72057253258911302, -3.020582429040414851, -5.000000000000004441 ) ) ;
#4257 = CARTESIAN_POINT ( 'NONE',  ( -31.26965845134711941, 6.280378773161277906, -2.100000000000048050 ) ) ;
#4258 = ORIENTED_EDGE ( 'NONE', *, *, #4797, .T. ) ;
#4259 = ADVANCED_FACE ( 'NONE', ( #7436 ), #1668, .T. ) ;
#4260 = CARTESIAN_POINT ( 'NONE',  ( 29.97942746741108166, 1.027832321093503865, -77.59999999999999432 ) ) ;
#4261 = CARTESIAN_POINT ( 'NONE',  ( 34.47942746741113496, 4.333328095299679106, -5.000000000000004441 ) ) ;
#4262 = CARTESIAN_POINT ( 'NONE',  ( -30.87057253258903700, 10.01696613767509625, -27.04999999999999361 ) ) ;
#4263 = CARTESIAN_POINT ( 'NONE',  ( -30.60711083252679998, 3.382743352849905794, -76.59999999999999432 ) ) ;
#4264 = LINE ( 'NONE', #7220, #3686 ) ;
#4265 = ORIENTED_EDGE ( 'NONE', *, *, #4342, .T. ) ;
#4266 = CARTESIAN_POINT ( 'NONE',  ( 28.92561454852615910, 5.878462991807600346, -76.59999999999999432 ) ) ;
#4267 = APPROVAL_STATUS ( 'not_yet_approved' ) ;
#4268 = DIRECTION ( 'NONE',  ( 0.000000000000000000, 0.000000000000000000, 1.000000000000000000 ) ) ;
#4269 = FACE_OUTER_BOUND ( 'NONE', #3819, .T. ) ;
#4270 = CARTESIAN_POINT ( 'NONE',  ( 31.33436365652102040, 5.248623259877084557, -2.100000000000007638 ) ) ;
#4271 = FACE_OUTER_BOUND ( 'NONE', #772, .T. ) ;
#4272 = CARTESIAN_POINT ( 'NONE',  ( 32.90432112533962083, 2.196025712644035011, -24.39999999999997726 ) ) ;
#4273 = LINE ( 'NONE', #7290, #2696 ) ;
#4274 = ORIENTED_EDGE ( 'NONE', *, *, #3133, .T. ) ;
#4275 = CARTESIAN_POINT ( 'NONE',  ( -28.72057253258906329, 8.517091398279587722, -5.750000000000017764 ) ) ;
#4276 = ORIENTED_EDGE ( 'NONE', *, *, #2443, .F. ) ;
#4277 = CIRCLE ( 'NONE', #731, 1.500000000000001332 ) ;
#4278 = CARTESIAN_POINT ( 'NONE',  ( 29.34556367696696810, 8.099903183264736128, -7.320716467316624509 ) ) ;
#4279 = CYLINDRICAL_SURFACE ( 'NONE', #6784, 0.5000000000000004441 ) ;
#4280 = DIRECTION ( 'NONE',  ( 1.000000000000000000, -2.017120320903264935E-16, 0.000000000000000000 ) ) ;
#4281 = CARTESIAN_POINT ( 'NONE',  ( -27.21722156590911723, 9.153793982480909364, -33.05137752360503356 ) ) ;
#4282 = CARTESIAN_POINT ( 'NONE',  ( 32.97942746741108522, -4.520582429040437056, -79.59999999999999432 ) ) ;
#4283 = ORIENTED_EDGE ( 'NONE', *, *, #3453, .F. ) ;
#4284 = CIRCLE ( 'NONE', #7703, 0.5000000000000004441 ) ;
#4285 = CARTESIAN_POINT ( 'NONE',  ( 33.01786503122463756, -3.520582429038335626, -25.16802922736162174 ) ) ;
#4286 = VERTEX_POINT ( 'NONE', #6651 ) ;
#4287 = CARTESIAN_POINT ( 'NONE',  ( 32.97942746741106390, 1.570570096557652340, -5.551115123125782702E-14 ) ) ;
#4288 = ORIENTED_EDGE ( 'NONE', *, *, #8581, .T. ) ;
#4289 = CARTESIAN_POINT ( 'NONE',  ( 28.60472446074719954, 8.551691152001589913, -6.746946001963919137 ) ) ;
#4290 = AXIS2_PLACEMENT_3D ( 'NONE', #2306, #6031, #8995 ) ;
#4291 = CARTESIAN_POINT ( 'NONE',  ( 19.65434705501001389, 8.479417570959274286, -5.233457960344471971 ) ) ;
#4292 = AXIS2_PLACEMENT_3D ( 'NONE', #8454, #2643, #4855 ) ;
#4293 = FACE_OUTER_BOUND ( 'NONE', #3644, .T. ) ;
#4294 = CARTESIAN_POINT ( 'NONE',  ( -32.58223262486753669, -3.020582429040426842, -7.444060862827915237 ) ) ;
#4295 = LINE ( 'NONE', #635, #4012 ) ;
#4296 = ORIENTED_EDGE ( 'NONE', *, *, #6743, .T. ) ;
#4297 = AXIS2_PLACEMENT_3D ( 'NONE', #6126, #3705, #16 ) ;
#4298 = VECTOR ( 'NONE', #9276, 1000.000000000000000 ) ;
#4299 = ORIENTED_EDGE ( 'NONE', *, *, #7211, .F. ) ;
#4300 = CARTESIAN_POINT ( 'NONE',  ( 29.34556367696728074, 8.099903183264949291, -30.12071646731463304 ) ) ;
#4301 = CARTESIAN_POINT ( 'NONE',  ( 28.92090043552917678, 5.872839033781624529, -31.30611297315192587 ) ) ;
#4302 = EDGE_CURVE ( 'NONE', #7041, #1690, #8219, .T. ) ;
#4303 = DIRECTION ( 'NONE',  ( -2.017120320903265181E-16, -1.000000000000000000, 0.000000000000000000 ) ) ;
#4304 = VECTOR ( 'NONE', #3854, 1000.000000000000000 ) ;
#4305 = CIRCLE ( 'NONE', #2001, 0.5000000000000004441 ) ;
#4306 = CARTESIAN_POINT ( 'NONE',  ( -32.48462919631143819, 1.915175047428052002, -2.099999999999986766 ) ) ;
#4307 = ORIENTED_EDGE ( 'NONE', *, *, #474, .F. ) ;
#4308 = CARTESIAN_POINT ( 'NONE',  ( 33.02822828019750290, -2.990705239127199544, -2.394399618010985886 ) ) ;
#4309 = CARTESIAN_POINT ( 'NONE',  ( -30.87057253258906897, -2.520582429040413963, -7.900000000000000355 ) ) ;
#4310 = CARTESIAN_POINT ( 'NONE',  ( -23.21057253258958752, 6.349417570959293933, -74.71000000000022112 ) ) ;
#4311 = CARTESIAN_POINT ( 'NONE',  ( -25.03154572833267366, 7.479416227571174858, -76.59999999999996589 ) ) ;
#4312 = CARTESIAN_POINT ( 'NONE',  ( 30.70400051660371332, 6.909397134599873702, -2.000000000000000000 ) ) ;
#4313 = ORIENTED_EDGE ( 'NONE', *, *, #1136, .F. ) ;
#4314 = CARTESIAN_POINT ( 'NONE',  ( 30.97942746741106745, 1.714536632302608998, -2.000000000000015543 ) ) ;
#4315 = PERSON_AND_ORGANIZATION_ROLE ( 'classification_officer' ) ;
#4316 = CIRCLE ( 'NONE', #4155, 2.100000000000004530 ) ;
#4317 = CARTESIAN_POINT ( 'NONE',  ( -28.22057253258906684, 8.209584760035335549, -4.249999999999999112 ) ) ;
#4318 = ADVANCED_FACE ( 'NONE', ( #1524 ), #4616, .F. ) ;
#4319 = EDGE_CURVE ( 'NONE', #8809, #8921, #808, .T. ) ;
#4320 = CARTESIAN_POINT ( 'NONE',  ( 28.17942746741105964, 8.209411367207941623, -28.54999999999999716 ) ) ;
#4321 = CARTESIAN_POINT ( 'NONE',  ( -30.66446000548370421, 7.315170236601594489, -36.42690489383325314 ) ) ;
#4322 = VECTOR ( 'NONE', #1935, 1000.000000000000000 ) ;
#4323 = CARTESIAN_POINT ( 'NONE',  ( -26.72057253258906329, -3.520582429040414407, -29.95157287525381307 ) ) ;
#4324 = CARTESIAN_POINT ( 'NONE',  ( 32.97942746741106390, -3.412863211192671997, -30.68462253175929177 ) ) ;
#4325 = ORIENTED_EDGE ( 'NONE', *, *, #4611, .F. ) ;
#4326 = CARTESIAN_POINT ( 'NONE',  ( -29.77848241452995737, 7.809687080843381146, -7.618053457876611922 ) ) ;
#4327 = CIRCLE ( 'NONE', #2498, 1.649999999999998579 ) ;
#4328 = DIRECTION ( 'NONE',  ( -1.250608365883192617E-15, 1.000000000000000000, 0.000000000000000000 ) ) ;
#4329 = EDGE_LOOP ( 'NONE', ( #3672, #6952, #1451, #1643 ) ) ;
#4330 = FACE_OUTER_BOUND ( 'NONE', #6624, .T. ) ;
#4331 = CARTESIAN_POINT ( 'NONE',  ( -29.97048083926385686, 4.664634741931404704, -77.59999999999999432 ) ) ;
#4332 = CARTESIAN_POINT ( 'NONE',  ( -30.08927705717891499, 4.467710850054090521, -9.011002720700551194 ) ) ;
#4333 = CARTESIAN_POINT ( 'NONE',  ( 26.50371544804738377, 7.542573155869857437, -36.38512698004535650 ) ) ;
#4334 = CIRCLE ( 'NONE', #9159, 2.600000000000004974 ) ;
#4335 = ORIENTED_EDGE ( 'NONE', *, *, #5069, .T. ) ;
#4336 = DIRECTION ( 'NONE',  ( -0.000000000000000000, -0.000000000000000000, -1.000000000000000000 ) ) ;
#4337 = ORIENTED_EDGE ( 'NONE', *, *, #7585, .T. ) ;
#4338 = DIRECTION ( 'NONE',  ( 0.000000000000000000, 0.000000000000000000, 1.000000000000000000 ) ) ;
#4339 = EDGE_CURVE ( 'NONE', #800, #9013, #5447, .T. ) ;
#4340 = VERTEX_POINT ( 'NONE', #4529 ) ;
#4341 = ORIENTED_EDGE ( 'NONE', *, *, #8469, .T. ) ;
#4342 = EDGE_CURVE ( 'NONE', #6140, #2327, #3834, .T. ) ;
#4343 = AXIS2_PLACEMENT_3D ( 'NONE', #7555, #5370, #8199 ) ;
#4344 = CARTESIAN_POINT ( 'NONE',  ( 21.69155820513087818, 8.479417570959274286, -7.566699040291643641 ) ) ;
#4345 = CARTESIAN_POINT ( 'NONE',  ( 23.80825044595487228, 7.479417570959295603, -20.42882952214741010 ) ) ;
#4346 = B_SPLINE_SURFACE_WITH_KNOTS ( 'NONE', 3, 1, ( 
 ( #3504, #1321 ),
 ( #6590, #7218 ),
 ( #7910, #8739 ),
 ( #6642, #9425 ),
 ( #1366, #695 ),
 ( #8839, #598 ),
 ( #7959, #5042 ),
 ( #4311, #9572 ),
 ( #7369, #9523 ),
 ( #2923, #2198 ),
 ( #8005, #8634 ),
 ( #5092, #2781 ),
 ( #1471, #2145 ),
 ( #6495, #5818 ),
 ( #2829, #9477 ),
 ( #8062, #3696 ),
 ( #3649, #1425 ),
 ( #8112, #5878 ),
 ( #7275, #647 ),
 ( #5723, #4947 ),
 ( #740, #5142 ),
 ( #2049, #4407 ),
 ( #4215, #6444 ),
 ( #8691, #3604 ),
 ( #6544, #5664 ),
 ( #2732, #4996 ),
 ( #1992, #1274 ),
 ( #2876, #7168 ),
 ( #4263, #889 ),
 ( #3797, #7480 ),
 ( #3752, #8155 ),
 ( #5294, #3021 ),
 ( #9, #8885 ),
 ( #848, #2246 ) ),
 .UNSPECIFIED., .F., .F., .F.,
 ( 4, 1, 1, 1, 2, 2, 1, 2, 2, 2, 2, 2, 2, 2, 2, 2, 2, 2, 4 ),
 ( 2, 2 ),
 ( 0.000000000000000000, 0.2499999999999947820, 0.3749999999999921729, 0.3906249999999920619, 0.3925781249999916178, 0.3945312499999912292, 0.3984374999999910072, 0.4062499999999912292, 0.4374999999999921729, 0.4999999999999934497, 0.5624999999999946709, 0.6249999999999958922, 0.6562499999999963363, 0.6874999999999966693, 0.7499999999999973355, 0.8124999999999980016, 0.8749999999999986677, 0.9374999999999994449, 1.000000000000000000 ),
 ( 0.000000000000000000, 1.000000000000000000 ),
 .UNSPECIFIED. ) ;
#4347 = DIRECTION ( 'NONE',  ( -1.000000000000000000, -1.334402673828313339E-16, 0.000000000000000000 ) ) ;
#4348 = CARTESIAN_POINT ( 'NONE',  ( -30.10585361242780067, 7.536605236648834527, -24.63074046820684515 ) ) ;
#4349 = EDGE_LOOP ( 'NONE', ( #7725, #4050, #2807, #6787 ) ) ;
#4350 = ORIENTED_EDGE ( 'NONE', *, *, #3442, .T. ) ;
#4351 = CARTESIAN_POINT ( 'NONE',  ( -29.22057253258904197, -2.520582429040414407, -28.54999999999999716 ) ) ;
#4352 = CARTESIAN_POINT ( 'NONE',  ( -31.01236798343941814, 6.621268267382775186, -8.400000000030821923 ) ) ;
#4353 = CARTESIAN_POINT ( 'NONE',  ( 27.82131493526924970, 6.700072546611932189, -30.05431169781117262 ) ) ;
#4354 = CARTESIAN_POINT ( 'NONE',  ( 30.82942746741106177, -2.520582429040426842, -27.04999999999999361 ) ) ;
#4355 = CARTESIAN_POINT ( 'NONE',  ( -29.20674823846476897, 5.629047997444769358, -33.74842393140126262 ) ) ;
#4356 = ORIENTED_EDGE ( 'NONE', *, *, #4319, .F. ) ;
#4357 = CARTESIAN_POINT ( 'NONE',  ( -32.61885819276366050, -3.520582429040413519, -30.20000000001509477 ) ) ;
#4358 = DIRECTION ( 'NONE',  ( -3.469446951953665938E-14, -1.753749718954587290E-14, 1.000000000000000000 ) ) ;
#4359 = DIRECTION ( 'NONE',  ( 1.000000000000000000, -0.000000000000000000, -0.000000000000000000 ) ) ;
#4360 = CARTESIAN_POINT ( 'NONE',  ( -30.87057253258906897, -2.520582429040413963, -7.400000000000000355 ) ) ;
#4361 = CARTESIAN_POINT ( 'NONE',  ( 32.47942746741107101, 1.474269398004487197, -7.900000000000005684 ) ) ;
#4362 = ORIENTED_EDGE ( 'NONE', *, *, #6041, .T. ) ;
#4363 = CARTESIAN_POINT ( 'NONE',  ( 26.37597648449978038, 7.309985995728560226, -32.82104711030215327 ) ) ;
#4364 = PERSON_AND_ORGANIZATION ( #2481, #6866 ) ;
#4365 = CARTESIAN_POINT ( 'NONE',  ( 27.49061265601465465, 6.876906271368933510, -26.73438931472277602 ) ) ;
#4366 = CARTESIAN_POINT ( 'NONE',  ( 32.98372038444781396, -3.458971367908625805, -7.813306218145185333 ) ) ;
#4367 = CARTESIAN_POINT ( 'NONE',  ( -25.93024444989010391, 7.641127698049014150, -36.31371415576538197 ) ) ;
#4368 = FACE_OUTER_BOUND ( 'NONE', #2076, .T. ) ;
#4369 = EDGE_CURVE ( 'NONE', #4102, #3299, #498, .T. ) ;
#4370 = CARTESIAN_POINT ( 'NONE',  ( 28.07942746741108309, 6.349417570959287715, -66.00000000000000000 ) ) ;
#4371 = EDGE_CURVE ( 'NONE', #4235, #5865, #2453, .T. ) ;
#4372 = DIRECTION ( 'NONE',  ( 0.000000000000000000, 0.000000000000000000, 1.000000000000000000 ) ) ;
#4373 = VECTOR ( 'NONE', #3430, 1000.000000000000000 ) ;
#4374 = CARTESIAN_POINT ( 'NONE',  ( -28.74001201357935287, 8.197636257108406710, -6.083203111238047356 ) ) ;
#4375 = DIRECTION ( 'NONE',  ( 0.6024298447090807862, 0.7981718375160783419, 1.666803810038334194E-14 ) ) ;
#4376 = EDGE_LOOP ( 'NONE', ( #5010, #6059, #2608, #2843 ) ) ;
#4377 = CARTESIAN_POINT ( 'NONE',  ( -31.37549341845731377, 5.248652671774967970, -7.900000000000003908 ) ) ;
#4378 = DIRECTION ( 'NONE',  ( 0.000000000000000000, 0.000000000000000000, -1.000000000000000000 ) ) ;
#4379 = CARTESIAN_POINT ( 'NONE',  ( -27.69531724204092527, 6.791768314902141945, -6.828977002615877367 ) ) ;
#4380 = CC_DESIGN_SECURITY_CLASSIFICATION ( #4074, ( #3317 ) ) ;
#4381 = CARTESIAN_POINT ( 'NONE',  ( 27.33714347739741513, 9.123381617213913941, -35.22308562951560162 ) ) ;
#4382 = CARTESIAN_POINT ( 'NONE',  ( 32.97942746741107811, 5.479417570959295603, -32.94706763282823658 ) ) ;
#4383 = EDGE_LOOP ( 'NONE', ( #1088, #4692, #9596, #2746 ) ) ;
#4384 = EDGE_CURVE ( 'NONE', #8880, #3584, #2984, .T. ) ;
#4385 = CARTESIAN_POINT ( 'NONE',  ( -27.92503992930575762, 6.661598000949478404, -2.641581702488170702 ) ) ;
#4386 = ORIENTED_EDGE ( 'NONE', *, *, #2077, .T. ) ;
#4387 = ORIENTED_EDGE ( 'NONE', *, *, #79, .F. ) ;
#4388 = CARTESIAN_POINT ( 'NONE',  ( 24.79312155314440247, 7.479417570959295603, -16.97788829425568125 ) ) ;
#4389 = CARTESIAN_POINT ( 'NONE',  ( -30.87057253258905476, 2.444218832230807159, -23.70000000000000639 ) ) ;
#4390 = ADVANCED_FACE ( 'NONE', ( #1858 ), #5484, .T. ) ;
#4391 = FACE_OUTER_BOUND ( 'NONE', #927, .T. ) ;
#4392 = CARTESIAN_POINT ( 'NONE',  ( -28.82930540250385931, 8.455018370229080205, -26.35041970088507668 ) ) ;
#4393 = ORIENTED_EDGE ( 'NONE', *, *, #4033, .T. ) ;
#4394 = DIRECTION ( 'NONE',  ( 0.000000000000000000, 0.000000000000000000, 1.000000000000000000 ) ) ;
#4395 = EDGE_LOOP ( 'NONE', ( #1620, #424, #2890, #1951, #2728, #3637, #8637, #9129, #1762 ) ) ;
#4396 = DIRECTION ( 'NONE',  ( -0.5833333333333236004, 0.000000000000000000, -0.8122328620674207356 ) ) ;
#4397 = B_SPLINE_CURVE_WITH_KNOTS ( 'NONE', 3,
 ( #308, #7620, #3976, #6252, #9131, #6290, #7057, #6971, #5427, #9225, #8536, #7016, #4799, #8441, #7753, #1758, #5565, #1893, #1847, #8347, #5378, #7708 ),
 .UNSPECIFIED., .F., .F.,
 ( 4, 2, 2, 2, 2, 2, 2, 2, 2, 2, 4 ),
 ( 4.603127968288739704E-15, 0.001860765742932242537, 0.002791148614396062912, 0.003256340050127972448, 0.003721531485859881985, 0.004651914357323702794, 0.005582297228787522735, 0.006047488664519437909, 0.006512680100251353084, 0.006977871535983268259, 0.007443062971715182566 ),
 .UNSPECIFIED. ) ;
#4398 = CARTESIAN_POINT ( 'NONE',  ( 32.47942746741107811, 1.027832321093518297, -30.69999999999999929 ) ) ;
#4399 = DIRECTION ( 'NONE',  ( -0.000000000000000000, 0.000000000000000000, 1.000000000000000000 ) ) ;
#4400 = CARTESIAN_POINT ( 'NONE',  ( 24.87942746741108024, 5.849417570959289492, -66.00000000000000000 ) ) ;
#4401 = CARTESIAN_POINT ( 'NONE',  ( -32.42733653656846116, 4.233639846539880125, -31.19999999999998153 ) ) ;
#4402 = EDGE_CURVE ( 'NONE', #8864, #3245, #9261, .T. ) ;
#4403 = VERTEX_POINT ( 'NONE', #9091 ) ;
#4404 = DIRECTION ( 'NONE',  ( 1.000000000000000000, -2.017120320903265181E-16, -1.613696256722612145E-15 ) ) ;
#4405 = CARTESIAN_POINT ( 'NONE',  ( -32.52843382811796857, -2.990712266234811789, -30.37691670017035506 ) ) ;
#4406 = CARTESIAN_POINT ( 'NONE',  ( 31.74366086161760236, 4.466949820387916326, -24.89999999999998792 ) ) ;
#4407 = CARTESIAN_POINT ( 'NONE',  ( -28.93274973478878920, 5.901227566405674807, -2.000000000000071054 ) ) ;
#4408 = CARTESIAN_POINT ( 'NONE',  ( -29.79613770936033745, 7.794344658070575527, -30.81531799415259343 ) ) ;
#4409 = VERTEX_POINT ( 'NONE', #8546 ) ;
#4410 = CARTESIAN_POINT ( 'NONE',  ( 30.87787959434041696, 2.380481011071224451, -2.000000000000029310 ) ) ;
#4411 = APPROVAL_ROLE ( '' ) ;
#4412 = CARTESIAN_POINT ( 'NONE',  ( -31.92057253258911231, 5.479417570959586037, -5.000000000000004441 ) ) ;
#4413 = EDGE_CURVE ( 'NONE', #1703, #7185, #7071, .T. ) ;
#4414 = VECTOR ( 'NONE', #6878, 1000.000000000000000 ) ;
#4415 = ADVANCED_FACE ( 'NONE', ( #1903, #4716 ), #7808, .T. ) ;
#4416 = CARTESIAN_POINT ( 'NONE',  ( 32.67940847282319794, 3.350194642481953977, -30.69999999999074092 ) ) ;
#4417 = DIRECTION ( 'NONE',  ( -2.017120320903265181E-16, -1.000000000000000000, 0.000000000000000000 ) ) ;
#4418 = DIRECTION ( 'NONE',  ( -2.017120320903265181E-16, -1.000000000000000000, 0.000000000000000000 ) ) ;
#4419 = CYLINDRICAL_SURFACE ( 'NONE', #7090, 0.5000000000000004441 ) ;
#4420 = CARTESIAN_POINT ( 'NONE',  ( 32.70290057684229623, 3.225582263632467583, -77.57315843437304181 ) ) ;
#4421 = DIRECTION ( 'NONE',  ( -2.017120320903265181E-16, -1.000000000000000000, 0.000000000000000000 ) ) ;
#4422 = ORIENTED_EDGE ( 'NONE', *, *, #679, .T. ) ;
#4423 = CARTESIAN_POINT ( 'NONE',  ( -29.79613770935977257, 7.794344658071042709, -8.015317994152598047 ) ) ;
#4424 = DIRECTION ( 'NONE',  ( 0.000000000000000000, 0.000000000000000000, -1.000000000000000000 ) ) ;
#4425 = VERTEX_POINT ( 'NONE', #7672 ) ;
#4426 = PRODUCT_DEFINITION_SHAPE ( 'NONE', 'NONE',  #1173 ) ;
#4427 = EDGE_CURVE ( 'NONE', #692, #8133, #8411, .T. ) ;
#4428 = EDGE_CURVE ( 'NONE', #6881, #4042, #8401, .T. ) ;
#4429 = CARTESIAN_POINT ( 'NONE',  ( -30.87057253258904765, 5.979163850806735958, -7.900000000000003908 ) ) ;
#4430 = CARTESIAN_POINT ( 'NONE',  ( -31.02057253258906400, -2.520582429040413963, -79.59999999999999432 ) ) ;
#4431 = CARTESIAN_POINT ( 'NONE',  ( 27.60859136277490222, 9.035028881935856404, -35.25906044808721163 ) ) ;
#4432 = ORIENTED_EDGE ( 'NONE', *, *, #1634, .F. ) ;
#4433 = ORIENTED_EDGE ( 'NONE', *, *, #257, .T. ) ;
#4434 = CARTESIAN_POINT ( 'NONE',  ( 31.87942746741113353, -3.020582429040426398, -27.81000000000000227 ) ) ;
#4435 = CIRCLE ( 'NONE', #1350, 0.5000000000000004441 ) ;
#4436 = VERTEX_POINT ( 'NONE', #1170 ) ;
#4437 = ORIENTED_EDGE ( 'NONE', *, *, #7588, .F. ) ;
#4438 = ADVANCED_FACE ( 'NONE', ( #4118 ), #8361, .F. ) ;
#4439 = EDGE_CURVE ( 'NONE', #6572, #4286, #1938, .T. ) ;
#4440 = CARTESIAN_POINT ( 'NONE',  ( 19.88394019309721372, 8.479417570959274286, -5.445483753135546223 ) ) ;
#4441 = DIRECTION ( 'NONE',  ( -2.017120320903265428E-16, -1.000000000000000000, -0.000000000000000000 ) ) ;
#4442 = CARTESIAN_POINT ( 'NONE',  ( 21.71506860388431193, 7.479417570959293826, -23.84618178485101936 ) ) ;
#4443 = AXIS2_PLACEMENT_3D ( 'NONE', #1792, #6246, #1705 ) ;
#4444 = CARTESIAN_POINT ( 'NONE',  ( -28.72057253258906684, 8.209584760035333773, -4.249999999999999112 ) ) ;
#4445 = DIRECTION ( 'NONE',  ( 4.998412181929610872E-16, -1.734723475976770412E-15, 1.000000000000000000 ) ) ;
#4446 = ORIENTED_EDGE ( 'NONE', *, *, #2191, .T. ) ;
#4447 = CARTESIAN_POINT ( 'NONE',  ( -28.83360472956136888, 6.349417570959272616, -75.59999999999996589 ) ) ;
#4448 = EDGE_LOOP ( 'NONE', ( #974, #2016, #9412, #3698 ) ) ;
#4449 = CARTESIAN_POINT ( 'NONE',  ( 26.65956679484556702, 9.288775161315268036, 0.000000000000000000 ) ) ;
#4450 = CARTESIAN_POINT ( 'NONE',  ( -31.01248048434468885, 6.621119213386437607, -24.39999999999999147 ) ) ;
#4451 = CIRCLE ( 'NONE', #4480, 1.199999999999999734 ) ;
#4452 = TOROIDAL_SURFACE ( 'NONE', #6168, 1.000000000000000000, 0.5000000000000000000 ) ;
#4453 = CARTESIAN_POINT ( 'NONE',  ( 28.05647358063120933, 6.552448437436574125, -30.43561009075141399 ) ) ;
#4454 = CARTESIAN_POINT ( 'NONE',  ( -31.02057253258905334, 1.027832321093293810, -76.59999999999999432 ) ) ;
#4455 = CARTESIAN_POINT ( 'NONE',  ( 32.19919366652605675, 4.674857385140838595, -2.100000000000006750 ) ) ;
#4456 = CARTESIAN_POINT ( 'NONE',  ( -30.87057253258905831, 9.481417570959296270, -31.89999999999999147 ) ) ;
#4457 = AXIS2_PLACEMENT_3D ( 'NONE', #1869, #4823, #9345 ) ;
#4458 = AXIS2_PLACEMENT_3D ( 'NONE', #6587, #6398, #9569 ) ;
#4459 = ORIENTED_EDGE ( 'NONE', *, *, #2041, .T. ) ;
#4460 = AXIS2_PLACEMENT_3D ( 'NONE', #5895, #6563, #2750 ) ;
#4461 = CARTESIAN_POINT ( 'NONE',  ( -33.03548779999655238, -2.957164586941805950, -30.44508928486439103 ) ) ;
#4462 = CARTESIAN_POINT ( 'NONE',  ( 28.66753279162703194, 8.516630847796077930, -6.868692284318995256 ) ) ;
#4463 = AXIS2_PLACEMENT_3D ( 'NONE', #6324, #9164, #6198 ) ;
#4464 = DIRECTION ( 'NONE',  ( -1.000000000000000000, 2.017120320903265428E-16, 0.000000000000000000 ) ) ;
#4465 = CARTESIAN_POINT ( 'NONE',  ( -29.10366812901914457, 7.950233241216853486, -29.78454080871628662 ) ) ;
#4466 = ORIENTED_EDGE ( 'NONE', *, *, #1390, .T. ) ;
#4467 = CARTESIAN_POINT ( 'NONE',  ( 16.67942746741107030, 7.479417570959299155, -76.60000000000002274 ) ) ;
#4468 = CARTESIAN_POINT ( 'NONE',  ( -31.92057253258911231, -3.020582429040413519, -27.81000000000000227 ) ) ;
#4469 = CARTESIAN_POINT ( 'NONE',  ( 33.00719573959481323, -2.967674994880075356, -7.628445576488086743 ) ) ;
#4470 = CIRCLE ( 'NONE', #305, 1.500000000000001332 ) ;
#4471 = VECTOR ( 'NONE', #5376, 1000.000000000000000 ) ;
#4472 = CARTESIAN_POINT ( 'NONE',  ( 32.47942746741107811, -2.972650446231078547, -2.380596062503300914 ) ) ;
#4473 = CARTESIAN_POINT ( 'NONE',  ( 31.79992234127316664, 5.523350904052501065, -30.69999999998760742 ) ) ;
#4474 = FACE_OUTER_BOUND ( 'NONE', #1485, .T. ) ;
#4475 = CARTESIAN_POINT ( 'NONE',  ( 26.47942746741107811, 6.349417570959288604, -66.00000000000000000 ) ) ;
#4476 = CARTESIAN_POINT ( 'NONE',  ( -31.02057253258904979, -2.520582429040393979, -32.78000000000000114 ) ) ;
#4477 = VECTOR ( 'NONE', #3761, 1000.000000000000000 ) ;
#4478 = AXIS2_PLACEMENT_3D ( 'NONE', #901, #5395, #224 ) ;
#4479 = CARTESIAN_POINT ( 'NONE',  ( 32.62449488970396771, 3.497326107491133484, -66.00000000000000000 ) ) ;
#4480 = AXIS2_PLACEMENT_3D ( 'NONE', #610, #3565, #9486 ) ;
#4481 = CARTESIAN_POINT ( 'NONE',  ( 30.97942746741107456, 1.027832321093501866, -76.59999999999999432 ) ) ;
#4482 = ORIENTED_EDGE ( 'NONE', *, *, #4895, .F. ) ;
#4483 = CARTESIAN_POINT ( 'NONE',  ( -28.89547999483993834, 8.416511652361032603, -6.619146635710028370 ) ) ;
#4484 = CARTESIAN_POINT ( 'NONE',  ( -32.43114728361527455, 4.188836649246737487, -36.45323819601200199 ) ) ;
#4485 = VERTEX_POINT ( 'NONE', #4167 ) ;
#4486 = CIRCLE ( 'NONE', #3408, 0.5000000000000004441 ) ;
#4487 = CARTESIAN_POINT ( 'NONE',  ( -28.58236151288976146, 8.585540421736322259, -29.38949240613489877 ) ) ;
#4488 = CARTESIAN_POINT ( 'NONE',  ( -30.72057253258911302, 5.479417570959586037, -5.000000000000004441 ) ) ;
#4489 = CARTESIAN_POINT ( 'NONE',  ( 32.50774416508014752, 3.873701500685353238, -36.97261675800969982 ) ) ;
#4490 = CARTESIAN_POINT ( 'NONE',  ( 31.77456037321813653, 4.485784931357190253, -7.899999999999983480 ) ) ;
#4491 = ORIENTED_EDGE ( 'NONE', *, *, #1462, .F. ) ;
#4492 = CIRCLE ( 'NONE', #1406, 4.000000000000000000 ) ;
#4493 = CARTESIAN_POINT ( 'NONE',  ( 31.38639544549840821, 6.071643843102971339, -77.60000000000002274 ) ) ;
#4494 = VERTEX_POINT ( 'NONE', #3550 ) ;
#4495 = ORIENTED_EDGE ( 'NONE', *, *, #2739, .F. ) ;
#4496 = CARTESIAN_POINT ( 'NONE',  ( 20.56616539652780418, 7.479417570959292938, -25.06580096353380682 ) ) ;
#4497 = CARTESIAN_POINT ( 'NONE',  ( -33.02057253258906400, -2.946429777430911390, -2.337980848278634838 ) ) ;
#4498 = TOROIDAL_SURFACE ( 'NONE', #7899, 1.649999999999999467, 0.5000000000000000000 ) ;
#4499 = DIRECTION ( 'NONE',  ( 1.000000000000000000, 0.000000000000000000, 0.000000000000000000 ) ) ;
#4500 = DIRECTION ( 'NONE',  ( -0.000000000000000000, 0.000000000000000000, 1.000000000000000000 ) ) ;
#4501 = LINE ( 'NONE', #9557, #2774 ) ;
#4502 = CARTESIAN_POINT ( 'NONE',  ( -29.79550942566886107, 7.794868367338385617, -24.78499273682957593 ) ) ;
#4503 = VERTEX_POINT ( 'NONE', #4213 ) ;
#4504 = EDGE_CURVE ( 'NONE', #1932, #9547, #8632, .T. ) ;
#4505 = CARTESIAN_POINT ( 'NONE',  ( -29.48416310391029072, 6.314221712046247603, -76.25055837434943840 ) ) ;
#4506 = EDGE_CURVE ( 'NONE', #9549, #2398, #7272, .T. ) ;
#4507 = EDGE_LOOP ( 'NONE', ( #1797, #3500, #4875, #7780 ) ) ;
#4508 = EDGE_CURVE ( 'NONE', #6317, #7790, #8061, .T. ) ;
#4509 = AXIS2_PLACEMENT_3D ( 'NONE', #8694, #8842, #2982 ) ;
#4510 = CARTESIAN_POINT ( 'NONE',  ( -30.87057253258903700, 10.01696613767509625, -24.89999999999999503 ) ) ;
#4511 = DIRECTION ( 'NONE',  ( 0.8122328620674212907, 0.000000000000000000, -0.5833333333333227122 ) ) ;
#4512 = CARTESIAN_POINT ( 'NONE',  ( 29.87993481801930429, 4.736640024583216757, -31.76825687208088311 ) ) ;
#4513 = CARTESIAN_POINT ( 'NONE',  ( 28.67942746741109161, 8.516651189570561442, -5.750000000000003553 ) ) ;
#4514 = DIRECTION ( 'NONE',  ( -4.632043910264400846E-16, 0.5340383034427020892, -0.8454602831925581707 ) ) ;
#4515 = DIRECTION ( 'NONE',  ( 1.250608365883192617E-15, -1.000000000000000000, 2.343603989771761779E-30 ) ) ;
#4516 = DIRECTION ( 'NONE',  ( 0.8122328620674201805, 0.000000000000000000, -0.5833333333333243775 ) ) ;
#4517 = ORIENTED_EDGE ( 'NONE', *, *, #2849, .T. ) ;
#4518 = FACE_OUTER_BOUND ( 'NONE', #6000, .T. ) ;
#4519 = CARTESIAN_POINT ( 'NONE',  ( -31.92057253258911231, -3.520582429040413075, -27.81000000000000227 ) ) ;
#4520 = ORIENTED_EDGE ( 'NONE', *, *, #3645, .T. ) ;
#4521 = CARTESIAN_POINT ( 'NONE',  ( 30.82942746741109374, 5.979164254138612300, -2.100000000000006306 ) ) ;
#4522 = VERTEX_POINT ( 'NONE', #9521 ) ;
#4523 = CIRCLE ( 'NONE', #3872, 13.99999999999998046 ) ;
#4524 = CARTESIAN_POINT ( 'NONE',  ( -32.52057253258906400, -2.520582429040414407, -1.599999999999996758 ) ) ;
#4525 = DIRECTION ( 'NONE',  ( 0.000000000000000000, 0.000000000000000000, 1.000000000000000000 ) ) ;
#4526 = CARTESIAN_POINT ( 'NONE',  ( 32.23206841625581376, 4.694485271084510636, -31.20000000001237694 ) ) ;
#4527 = EDGE_CURVE ( 'NONE', #2248, #5012, #3887, .T. ) ;
#4528 = CARTESIAN_POINT ( 'NONE',  ( 30.82942746741108664, 9.481417570959282060, -31.89999999999999147 ) ) ;
#4529 = CARTESIAN_POINT ( 'NONE',  ( -16.70460830445293965, 7.479417570959783212, -6.244140858388425031 ) ) ;
#4530 = CARTESIAN_POINT ( 'NONE',  ( 28.67942746741109161, 8.209411367207925636, -5.750000000000000888 ) ) ;
#4531 = DIRECTION ( 'NONE',  ( -1.301042606982604138E-15, 1.000000000000000000, 0.000000000000000000 ) ) ;
#4532 = DIRECTION ( 'NONE',  ( 1.000000000000000000, -2.027103958809192199E-16, 0.000000000000000000 ) ) ;
#4533 = CARTESIAN_POINT ( 'NONE',  ( 29.61017682033158493, 3.064338165543912584, -77.59999999999999432 ) ) ;
#4534 = CARTESIAN_POINT ( 'NONE',  ( -26.75217228837095362, 9.276478069487588130, -13.94093283635727865 ) ) ;
#4535 = CARTESIAN_POINT ( 'NONE',  ( 33.03475777744054653, -3.004778650785946414, -7.595279346678509569 ) ) ;
#4536 = ORIENTED_EDGE ( 'NONE', *, *, #4506, .T. ) ;
#4537 = CARTESIAN_POINT ( 'NONE',  ( -28.97772205460266193, 8.362420430958136919, -30.10752260775240075 ) ) ;
#4538 = CARTESIAN_POINT ( 'NONE',  ( -29.05888253271011124, 8.316523080711123228, -3.075943551218184968 ) ) ;
#4539 = CARTESIAN_POINT ( 'NONE',  ( 27.60449731800284212, 7.213438205846998130, -36.67240860386642964 ) ) ;
#4540 = CARTESIAN_POINT ( 'NONE',  ( 32.67940847282166317, 3.350194642481398422, -7.900000000004620659 ) ) ;
#4541 = EDGE_LOOP ( 'NONE', ( #4647, #3774, #7198, #8887 ) ) ;
#4542 = AXIS2_PLACEMENT_3D ( 'NONE', #3042, #281, #7644 ) ;
#4543 = CARTESIAN_POINT ( 'NONE',  ( -29.80630372338262291, 7.343538694698525937, -30.42250475164707524 ) ) ;
#4544 = B_SPLINE_CURVE_WITH_KNOTS ( 'NONE', 3,
 ( #5120, #1344, #8136, #8182, #8813, #7247, #4385, #6669, #2224, #9598 ),
 .UNSPECIFIED., .F., .F.,
 ( 4, 2, 2, 2, 4 ),
 ( 6.992893892674702526E-18, 0.0006326339898347388717, 0.001265267979669470804, 0.001897901969504202629, 0.002530535959338934670 ),
 .UNSPECIFIED. ) ;
#4545 = EDGE_LOOP ( 'NONE', ( #3966, #7773, #5133, #5268 ) ) ;
#4546 = ORIENTED_EDGE ( 'NONE', *, *, #1600, .T. ) ;
#4547 = CARTESIAN_POINT ( 'NONE',  ( 23.94123571108535131, 7.479417570959292050, -9.662754225158352028 ) ) ;
#4548 = DIRECTION ( 'NONE',  ( 0.000000000000000000, 0.000000000000000000, 1.000000000000000000 ) ) ;
#4549 = CARTESIAN_POINT ( 'NONE',  ( -26.35677996323655137, 9.363981081929235728, 0.000000000000000000 ) ) ;
#4550 = CARTESIAN_POINT ( 'NONE',  ( -33.02057253258906400, -3.366042712232976353, -30.73403830344269139 ) ) ;
#4551 = DIRECTION ( 'NONE',  ( 0.000000000000000000, -1.000000000000000000, 0.000000000000000000 ) ) ;
#4552 = CARTESIAN_POINT ( 'NONE',  ( -30.34240241617552059, 7.321957604818882359, -24.94581931779164208 ) ) ;
#4553 = VERTEX_POINT ( 'NONE', #546 ) ;
#4554 = ORIENTED_EDGE ( 'NONE', *, *, #8423, .T. ) ;
#4555 = CARTESIAN_POINT ( 'NONE',  ( 32.93021147948903860, 2.099953382989116157, 0.000000000000000000 ) ) ;
#4556 = DIRECTION ( 'NONE',  ( -2.017120320903265428E-16, -1.000000000000000000, 0.000000000000000000 ) ) ;
#4557 = DIRECTION ( 'NONE',  ( -1.000000000000000000, 0.000000000000000000, 0.000000000000000000 ) ) ;
#4558 = CARTESIAN_POINT ( 'NONE',  ( 29.97942746741108166, 1.027832321093503865, -77.59999999999999432 ) ) ;
#4559 = ADVANCED_FACE ( 'NONE', ( #9334 ), #2874, .T. ) ;
#4560 = EDGE_CURVE ( 'NONE', #8670, #1303, #3416, .T. ) ;
#4561 = EDGE_CURVE ( 'NONE', #9498, #8937, #2953, .T. ) ;
#4562 = LINE ( 'NONE', #5731, #1722 ) ;
#4563 = DIRECTION ( 'NONE',  ( 6.454785026890408348E-15, -1.302007804480276557E-30, -1.000000000000000000 ) ) ;
#4564 = ORIENTED_EDGE ( 'NONE', *, *, #4013, .T. ) ;
#4565 = CARTESIAN_POINT ( 'NONE',  ( -29.80630372338265133, 7.343538694698493963, -7.622504751647074528 ) ) ;
#4566 = ORIENTED_EDGE ( 'NONE', *, *, #2501, .T. ) ;
#4567 = CARTESIAN_POINT ( 'NONE',  ( -30.49926796947623941, 5.235830264551945668, -78.93132647982970695 ) ) ;
#4568 = EDGE_LOOP ( 'NONE', ( #668, #7572, #4978, #5265 ) ) ;
#4569 = CARTESIAN_POINT ( 'NONE',  ( 26.47942746741108166, 4.349417570959288604, -48.50000000000000711 ) ) ;
#4570 = DIRECTION ( 'NONE',  ( 0.000000000000000000, 0.000000000000000000, -1.000000000000000000 ) ) ;
#4571 = EDGE_CURVE ( 'NONE', #8908, #6490, #5090, .T. ) ;
#4572 = CARTESIAN_POINT ( 'NONE',  ( 32.97942746741108522, -4.520582429040437056, 0.000000000000000000 ) ) ;
#4573 = DIRECTION ( 'NONE',  ( -2.017120320903265181E-16, -1.000000000000000000, 0.000000000000000000 ) ) ;
#4574 = CYLINDRICAL_SURFACE ( 'NONE', #818, 4.000000000000000000 ) ;
#4575 = CARTESIAN_POINT ( 'NONE',  ( 30.82942746741106177, -2.520582429040426842, -24.89999999999999503 ) ) ;
#4576 = CARTESIAN_POINT ( 'NONE',  ( 29.00627340102154150, 7.990376567189421131, -29.70181767403903805 ) ) ;
#4577 = CARTESIAN_POINT ( 'NONE',  ( -32.42733653656844695, 4.233639846539851703, -8.400000000000023448 ) ) ;
#4578 = CARTESIAN_POINT ( 'NONE',  ( 30.97942746737565756, 1.731409880713596250, -77.60000000008332677 ) ) ;
#4579 = CARTESIAN_POINT ( 'NONE',  ( 31.86500429639977483, 6.086151118501216040, -65.99999999999998579 ) ) ;
#4580 =( BOUNDED_SURFACE ( )  B_SPLINE_SURFACE ( 3, 2, ( 
 ( #4521, #157, #1715 ),
 ( #1619, #7520, #3120 ),
 ( #6074, #2403, #7621 ),
 ( #7425, #5337, #7571 ),
 ( #939, #6838, #798 ),
 ( #3168, #6119, #983 ),
 ( #9085, #5924, #6166 ),
 ( #9182, #2581, #1760 ),
 ( #4030, #9134, #5431 ),
 ( #4708, #5476, #1849 ),
 ( #6883, #2542, #258 ),
 ( #6925, #3209, #311 ),
 ( #1024, #2496, #6254 ),
 ( #6215, #3262, #8406 ),
 ( #8443, #8489, #1801 ),
 ( #6975, #4754, #7710 ) ),
 .UNSPECIFIED., .F., .F., .T. ) 
 B_SPLINE_SURFACE_WITH_KNOTS ( ( 4, 2, 2, 2, 2, 2, 2, 4 ),
 ( 3, 3 ),
 ( 0.000000000000000000, 0.001221085623226482149, 0.001831628434839723332, 0.002442171246452964298, 0.003052714058066205265, 0.003663256869679446665, 0.004273799681292687197, 0.004884342492905928597 ),
 ( 0.000000000000000000, 1.000000000000000000 ),
 .UNSPECIFIED. ) 
 GEOMETRIC_REPRESENTATION_ITEM ( )  RATIONAL_B_SPLINE_SURFACE ( (
 ( 1.000000000000000000, 0.7071067811865457964, 1.000000000000000000),
 ( 1.000000000000000000, 0.7334801720477098774, 1.000000000000000000),
 ( 1.000000000000000000, 0.7575843462396043559, 1.000000000000000000),
 ( 1.000000000000000000, 0.7885373266654857050, 1.000000000000000000),
 ( 1.000000000000000000, 0.7978750383239820998, 1.000000000000000000),
 ( 1.000000000000000000, 0.8140875555592390622, 1.000000000000000000),
 ( 1.000000000000000000, 0.8211657517826852493, 1.000000000000000000),
 ( 1.000000000000000000, 0.8325252749954580311, 1.000000000000000000),
 ( 1.000000000000000000, 0.8369576911125966578, 1.000000000000000000),
 ( 1.000000000000000000, 0.8438489295540418933, 1.000000000000000000),
 ( 1.000000000000000000, 0.8463144933238649914, 1.000000000000000000),
 ( 1.000000000000000000, 0.8496681067579415769, 1.000000000000000000),
 ( 1.000000000000000000, 0.8506223445042958575, 1.000000000000000000),
 ( 1.000000000000000000, 0.8517927173258036389, 1.000000000000000000),
 ( 1.000000000000000000, 0.8519906206074147059, 1.000000000000000000),
 ( 1.000000000000000000, 0.8520022869718619773, 1.000000000000000000) ) ) 
 REPRESENTATION_ITEM ( '' )  SURFACE ( )  );
#4581 = CARTESIAN_POINT ( 'NONE',  ( 31.06270960046980534, 5.728677033405179309, -77.87008949022866489 ) ) ;
#4582 = ORIENTED_EDGE ( 'NONE', *, *, #8581, .F. ) ;
#4583 = DIRECTION ( 'NONE',  ( 1.000000000000000000, 0.000000000000000000, 0.000000000000000000 ) ) ;
#4584 = FACE_OUTER_BOUND ( 'NONE', #4329, .T. ) ;
#4585 = CARTESIAN_POINT ( 'NONE',  ( 32.55661289449751195, 3.720138278926643061, -37.32541227015223484 ) ) ;
#4586 = EDGE_LOOP ( 'NONE', ( #5799, #5062, #6592, #5894 ) ) ;
#4587 = CARTESIAN_POINT ( 'NONE',  ( 26.32938018841692696, 9.361530558500660959, -5.551115123125782702E-14 ) ) ;
#4588 = ORIENTED_EDGE ( 'NONE', *, *, #2130, .F. ) ;
#4589 = VERTEX_POINT ( 'NONE', #5771 ) ;
#4590 = CARTESIAN_POINT ( 'NONE',  ( 24.17535763781584635, 7.479417570959295603, -10.28718003493318101 ) ) ;
#4591 = CARTESIAN_POINT ( 'NONE',  ( -26.09041474260715532, 9.407423354063416454, -0.000000000000000000 ) ) ;
#4592 = CARTESIAN_POINT ( 'NONE',  ( -30.87057253258905831, 2.444218832226051852, -31.89999999999999147 ) ) ;
#4593 = DIRECTION ( 'NONE',  ( -2.017120320903265181E-16, -1.000000000000000000, 0.000000000000000000 ) ) ;
#4594 = ORIENTED_EDGE ( 'NONE', *, *, #486, .F. ) ;
#4595 = ORIENTED_EDGE ( 'NONE', *, *, #7761, .T. ) ;
#4596 = CARTESIAN_POINT ( 'NONE',  ( 32.47942746741108522, -2.520582429040427286, -8.400000000000003908 ) ) ;
#4597 = CARTESIAN_POINT ( 'NONE',  ( 25.53364260120518381, 9.479415747029026562, -32.94706884296278560 ) ) ;
#4598 = AXIS2_PLACEMENT_3D ( 'NONE', #5728, #8641, #5047 ) ;
#4599 = CARTESIAN_POINT ( 'NONE',  ( 18.17673384491182986, 8.479417570959274286, -25.70028199029711047 ) ) ;
#4600 = CARTESIAN_POINT ( 'NONE',  ( -30.14928467219229091, 4.349417570959286827, -76.59999999999998010 ) ) ;
#4601 = CARTESIAN_POINT ( 'NONE',  ( 32.82971885778350440, 2.896358892436265542, -2.100000000009276224 ) ) ;
#4602 = PLANE ( 'NONE',  #3868 ) ;
#4603 = ORIENTED_EDGE ( 'NONE', *, *, #6042, .T. ) ;
#4604 = CARTESIAN_POINT ( 'NONE',  ( -33.08609630604266982, -3.020582429040491679, -30.37801276781413051 ) ) ;
#4605 = CARTESIAN_POINT ( 'NONE',  ( -32.55957053211113816, -3.016098675290692643, -25.31882734535260582 ) ) ;
#4606 = ORIENTED_EDGE ( 'NONE', *, *, #8552, .T. ) ;
#4607 = CARTESIAN_POINT ( 'NONE',  ( 32.70003558638871510, -3.020582429040426398, -30.24660388720299409 ) ) ;
#4608 = ORIENTED_EDGE ( 'NONE', *, *, #4883, .F. ) ;
#4609 = DIRECTION ( 'NONE',  ( -1.387778780781390258E-15, 1.000000000000000000, 0.000000000000000000 ) ) ;
#4610 = CARTESIAN_POINT ( 'NONE',  ( -24.22791009733646561, 7.479417570959294714, -8.661224243236713249 ) ) ;
#4611 = EDGE_CURVE ( 'NONE', #1361, #1917, #9504, .T. ) ;
#4612 = AXIS2_PLACEMENT_3D ( 'NONE', #7907, #3549, #1271 ) ;
#4613 = AXIS2_PLACEMENT_3D ( 'NONE', #1426, #9524, #7125 ) ;
#4614 = LINE ( 'NONE', #5299, #1694 ) ;
#4615 = CARTESIAN_POINT ( 'NONE',  ( 21.18546332111803920, 8.479417570959277839, -6.779925375958908873 ) ) ;
#4616 = CYLINDRICAL_SURFACE ( 'NONE', #1267, 1.600000000000000755 ) ;
#4617 = CARTESIAN_POINT ( 'NONE',  ( 28.78650023014689907, 8.141154236230844887, -6.442503489868088629 ) ) ;
#4618 = CARTESIAN_POINT ( 'NONE',  ( 29.17942746741108806, -2.520582429040426842, -4.249999999999999112 ) ) ;
#4619 = CARTESIAN_POINT ( 'NONE',  ( 28.07942746741108309, 5.849417570959288604, -66.00000000000000000 ) ) ;
#4620 = EDGE_CURVE ( 'NONE', #1532, #4750, #6247, .T. ) ;
#4621 = CARTESIAN_POINT ( 'NONE',  ( 30.10895387502411680, 4.366493989509448781, -76.59999999999999432 ) ) ;
#4622 = CIRCLE ( 'NONE', #1372, 0.4999999999999991118 ) ;
#4623 = EDGE_CURVE ( 'NONE', #5696, #5332, #595, .T. ) ;
#4624 = AXIS2_PLACEMENT_3D ( 'NONE', #7433, #1623, #3127 ) ;
#4625 = CARTESIAN_POINT ( 'NONE',  ( 31.86500429640839371, 6.086151118708829522, -66.27914909750812456 ) ) ;
#4626 = CARTESIAN_POINT ( 'NONE',  ( 30.71443235663961957, 3.456915091665790030, -79.44362449279695682 ) ) ;
#4627 = ORIENTED_EDGE ( 'NONE', *, *, #5859, .F. ) ;
#4628 = CARTESIAN_POINT ( 'NONE',  ( -28.22057253258906684, 8.209584760035333773, -5.750000000000000888 ) ) ;
#4629 = TOROIDAL_SURFACE ( 'NONE', #456, 1.500000000000000000, 0.5000000000000000000 ) ;
#4630 = CARTESIAN_POINT ( 'NONE',  ( -30.76415933193215935, 6.903207478979335399, -2.060851929769017765 ) ) ;
#4631 = AXIS2_PLACEMENT_3D ( 'NONE', #7403, #5220, #1647 ) ;
#4632 = CIRCLE ( 'NONE', #6793, 1.649999999999998579 ) ;
#4633 = CARTESIAN_POINT ( 'NONE',  ( 31.80280228044418322, 6.349417570959507096, -38.78000000000002956 ) ) ;
#4634 = CARTESIAN_POINT ( 'NONE',  ( 28.79262011024110279, 2.349417570959350332, -67.48715829593118087 ) ) ;
#4635 = ORIENTED_EDGE ( 'NONE', *, *, #3967, .T. ) ;
#4636 = B_SPLINE_CURVE_WITH_KNOTS ( 'NONE', 3,
 ( #6736, #795, #4405, #2244, #1469, #102 ),
 .UNSPECIFIED., .F., .F.,
 ( 4, 2, 4 ),
 ( 0.000000000000000000, 0.0001514865025325701014, 0.0003029730050651402028 ),
 .UNSPECIFIED. ) ;
#4637 =( BOUNDED_SURFACE ( )  B_SPLINE_SURFACE ( 3, 2, ( 
 ( #7176, #554, #3511 ),
 ( #6303, #2556, #9287 ),
 ( #8458, #4469, #4366 ),
 ( #1326, #2929, #7329 ),
 ( #8697, #4535, #3083 ),
 ( #8226, #1733, #4681 ) ),
 .UNSPECIFIED., .F., .F., .T. ) 
 B_SPLINE_SURFACE_WITH_KNOTS ( ( 4, 2, 4 ),
 ( 3, 3 ),
 ( 5.421010862427522170E-20, 0.0002801015081574236313, 0.0005602030163148472627 ),
 ( 0.000000000000000000, 1.000000000000000000 ),
 .UNSPECIFIED. ) 
 GEOMETRIC_REPRESENTATION_ITEM ( )  RATIONAL_B_SPLINE_SURFACE ( (
 ( 1.000000000000000000, 0.7071067811865472397, 1.000000000000000000),
 ( 1.000000000000000000, 0.6971300781281648540, 1.000000000000000000),
 ( 1.000000000000000000, 0.6910082080193158394, 1.000000000000000000),
 ( 1.000000000000000000, 0.6904803751356811681, 1.000000000000000000),
 ( 1.000000000000000000, 0.6961604135278764982, 1.000000000000000000),
 ( 1.000000000000000000, 0.7071067811875931808, 1.000000000000000000) ) ) 
 REPRESENTATION_ITEM ( '' )  SURFACE ( )  );
#4638 = CARTESIAN_POINT ( 'NONE',  ( -28.72057253258903842, 8.209584760035346207, -28.54999999999999716 ) ) ;
#4639 = ORIENTED_EDGE ( 'NONE', *, *, #2359, .F. ) ;
#4640 = AXIS2_PLACEMENT_3D ( 'NONE', #447, #7953, #2870 ) ;
#4641 = EDGE_LOOP ( 'NONE', ( #3289, #2951, #310, #7338 ) ) ;
#4642 = LINE ( 'NONE', #2274, #1389 ) ;
#4643 = CARTESIAN_POINT ( 'NONE',  ( -29.92110534123596821, 4.736486976411661942, -31.76826205410183235 ) ) ;
#4644 = CIRCLE ( 'NONE', #9154, 0.5000000000000004441 ) ;
#4645 = EDGE_CURVE ( 'NONE', #4192, #4436, #2091, .T. ) ;
#4646 = CARTESIAN_POINT ( 'NONE',  ( 29.47106134956513657, 8.011412394609038756, -25.36911606395337415 ) ) ;
#4647 = ORIENTED_EDGE ( 'NONE', *, *, #2687, .T. ) ;
#4648 = CARTESIAN_POINT ( 'NONE',  ( -28.87286234064670865, 8.112056370301298003, -29.36083930997878966 ) ) ;
#4649 = VERTEX_POINT ( 'NONE', #6399 ) ;
#4650 = DIRECTION ( 'NONE',  ( 0.1951648527258582899, -0.9807704523794006368, 0.000000000000000000 ) ) ;
#4651 = FACE_OUTER_BOUND ( 'NONE', #469, .T. ) ;
#4652 = CARTESIAN_POINT ( 'NONE',  ( -30.13205343806422221, 7.513485883504280594, -8.179952291699331468 ) ) ;
#4653 = AXIS2_PLACEMENT_3D ( 'NONE', #790, #4514, #5967 ) ;
#4654 = CARTESIAN_POINT ( 'NONE',  ( 27.49972469102111461, 6.872436106186016858, -3.826072170416842333 ) ) ;
#4655 = DIRECTION ( 'NONE',  ( -1.250608365883192617E-15, 1.000000000000000000, 0.000000000000000000 ) ) ;
#4656 = LINE ( 'NONE', #3932, #4414 ) ;
#4657 = LINE ( 'NONE', #1710, #2657 ) ;
#4658 = CARTESIAN_POINT ( 'NONE',  ( 26.67942746741107385, -4.520582429040425509, -32.78000000000000114 ) ) ;
#4659 = ORIENTED_EDGE ( 'NONE', *, *, #8537, .T. ) ;
#4660 = CARTESIAN_POINT ( 'NONE',  ( 32.97942746741107811, 1.027832321093519186, -77.59999999999999432 ) ) ;
#4661 = EDGE_CURVE ( 'NONE', #7382, #8933, #1161, .T. ) ;
#4662 = ORIENTED_EDGE ( 'NONE', *, *, #5050, .T. ) ;
#4663 = VECTOR ( 'NONE', #6463, 1000.000000000000000 ) ;
#4664 = CIRCLE ( 'NONE', #7120, 1.000000000000000888 ) ;
#4665 = CARTESIAN_POINT ( 'NONE',  ( 33.04495072933389110, -3.389682644861828908, -30.37801411045411371 ) ) ;
#4666 = ORIENTED_EDGE ( 'NONE', *, *, #6615, .T. ) ;
#4667 = CARTESIAN_POINT ( 'NONE',  ( 27.87088715872037170, 6.670065204841966633, -2.000000000000029310 ) ) ;
#4668 = CARTESIAN_POINT ( 'NONE',  ( -26.80057253258890881, 7.183605103086230237, -14.25595818741436815 ) ) ;
#4669 = CARTESIAN_POINT ( 'NONE',  ( 28.93399896051026587, 8.363555171684343037, -30.10450685419987238 ) ) ;
#4670 = LINE ( 'NONE', #1901, #4151 ) ;
#4671 = CC_DESIGN_PERSON_AND_ORGANIZATION_ASSIGNMENT ( #8786, #5727, ( #3317 ) ) ;
#4672 = CARTESIAN_POINT ( 'NONE',  ( -33.02057253258870162, -2.520582429040413519, -23.69999999999998508 ) ) ;
#4673 = CARTESIAN_POINT ( 'NONE',  ( 32.54156409195233124, -3.020582429040465477, -25.36067255792668007 ) ) ;
#4674 = DIRECTION ( 'NONE',  ( 2.017120320903265181E-16, 1.000000000000000000, -0.000000000000000000 ) ) ;
#4675 = CARTESIAN_POINT ( 'NONE',  ( 29.41876599425954097, 7.665557585019391773, -30.17885971662124334 ) ) ;
#4676 = CYLINDRICAL_SURFACE ( 'NONE', #7861, 1.000000000000000888 ) ;
#4677 = ORIENTED_EDGE ( 'NONE', *, *, #218, .F. ) ;
#4678 = AXIS2_PLACEMENT_3D ( 'NONE', #4808, #9145, #2640 ) ;
#4679 = CARTESIAN_POINT ( 'NONE',  ( 29.88798413855743519, 2.211823368457337846, -77.59999999999999432 ) ) ;
#4680 = CARTESIAN_POINT ( 'NONE',  ( 28.07942746741108309, 5.849417570959289492, -48.50000000000001421 ) ) ;
#4681 = CARTESIAN_POINT ( 'NONE',  ( 33.04243847031784753, -3.520582429040427286, -7.574679434475271478 ) ) ;
#4682 = EDGE_LOOP ( 'NONE', ( #7755, #3793, #6539, #9314, #9466 ) ) ;
#4683 = CARTESIAN_POINT ( 'NONE',  ( -31.92057253258911231, 4.333328095299691540, -5.000000000000004441 ) ) ;
#4684 = CARTESIAN_POINT ( 'NONE',  ( -29.29595860201981594, 7.801576996676863551, -2.777956938803595843 ) ) ;
#4685 = EDGE_CURVE ( 'NONE', #539, #1411, #6, .T. ) ;
#4686 = CARTESIAN_POINT ( 'NONE',  ( 31.96490421634115009, 5.135579901152268256, -35.31107524547764598 ) ) ;
#4687 = EDGE_CURVE ( 'NONE', #1185, #963, #6828, .T. ) ;
#4688 = DIRECTION ( 'NONE',  ( 0.000000000000000000, 0.000000000000000000, 1.000000000000000000 ) ) ;
#4689 = ORIENTED_EDGE ( 'NONE', *, *, #5930, .F. ) ;
#4690 = CARTESIAN_POINT ( 'NONE',  ( 31.38639544549840821, 6.071643843102971339, -5.551115123125782702E-14 ) ) ;
#4691 = ORIENTED_EDGE ( 'NONE', *, *, #6260, .T. ) ;
#4692 = ORIENTED_EDGE ( 'NONE', *, *, #7092, .T. ) ;
#4693 = CARTESIAN_POINT ( 'NONE',  ( 30.97942746741108166, 1.027832321093516521, -9.100000000000038725 ) ) ;
#4694 = CARTESIAN_POINT ( 'NONE',  ( 23.72942746741107811, 6.349417570959293933, -66.00000000000000000 ) ) ;
#4695 = EDGE_CURVE ( 'NONE', #7010, #5458, #6360, .T. ) ;
#4696 = AXIS2_PLACEMENT_3D ( 'NONE', #2012, #4421, #2060 ) ;
#4697 =( BOUNDED_SURFACE ( )  B_SPLINE_SURFACE ( 3, 2, ( 
 ( #4447, #5178, #7359 ),
 ( #6580, #4216, #41 ),
 ( #1993, #4505, #5910 ),
 ( #727, #8872, #8100 ),
 ( #1458, #7465, #6726 ),
 ( #6007, #9613, #7169 ),
 ( #2234, #9560, #8144 ),
 ( #2341, #4948, #5862 ),
 ( #9383, #1225, #5669 ),
 ( #2735, #8639, #1997 ) ),
 .UNSPECIFIED., .F., .F., .F. ) 
 B_SPLINE_SURFACE_WITH_KNOTS ( ( 4, 2, 2, 2, 4 ),
 ( 3, 3 ),
 ( 1.570796326794896558, 1.893396341504367975, 2.215996356213839391, 2.538596370923310808, 2.861196385632782668 ),
 ( 0.000000000000000000, 1.000000000000000000 ),
 .UNSPECIFIED. ) 
 GEOMETRIC_REPRESENTATION_ITEM ( )  RATIONAL_B_SPLINE_SURFACE ( (
 ( 1.000000000000000000, 1.000000000000000000, 1.000000000000000000),
 ( 1.000000000000000000, 1.000071707223322726, 1.000000000000000000),
 ( 1.000000000000000000, 0.9911372701675279506, 1.000000000000000000),
 ( 1.000000000000000000, 0.9579598268450187915, 1.000000000000000000),
 ( 1.000000000000000000, 0.9336303553734652816, 1.000000000000000000),
 ( 1.000000000000000000, 0.8765454544117192714, 1.000000000000000000),
 ( 1.000000000000000000, 0.8437958651802339727, 1.000000000000000000),
 ( 1.000000000000000000, 0.7820067130795542720, 1.000000000000000000),
 ( 1.000000000000000000, 0.7531469552134109069, 1.000000000000000000),
 ( 1.000000000000000000, 0.7336835385858549996, 1.000000000000000000) ) ) 
 REPRESENTATION_ITEM ( '' )  SURFACE ( )  );
#4698 = CARTESIAN_POINT ( 'NONE',  ( 28.43093399603590044, 8.642675505232171318, -26.63935735114096559 ) ) ;
#4699 = ORIENTED_EDGE ( 'NONE', *, *, #8563, .T. ) ;
#4700 = CARTESIAN_POINT ( 'NONE',  ( 30.44102352443221804, 6.568695311759604749, -2.122903980548676461 ) ) ;
#4701 = VERTEX_POINT ( 'NONE', #5876 ) ;
#4702 = CARTESIAN_POINT ( 'NONE',  ( 32.11425226897915763, 4.830892931631642462, -35.62814189250018160 ) ) ;
#4703 = CARTESIAN_POINT ( 'NONE',  ( 26.47942746741108166, 5.849417570959289492, -48.50000000000000711 ) ) ;
#4704 = CARTESIAN_POINT ( 'NONE',  ( 21.15905172533184952, 7.479417570959292050, -2.000000000000003109 ) ) ;
#4705 = DIRECTION ( 'NONE',  ( -1.000000000000000000, 0.000000000000000000, 0.000000000000000000 ) ) ;
#4706 = VERTEX_POINT ( 'NONE', #888 ) ;
#4707 = DIRECTION ( 'NONE',  ( 0.000000000000000000, -0.000000000000000000, -1.000000000000000000 ) ) ;
#4708 = CARTESIAN_POINT ( 'NONE',  ( 29.06243235237439393, 7.949849449735863161, -3.015585122839753218 ) ) ;
#4709 = ORIENTED_EDGE ( 'NONE', *, *, #6282, .F. ) ;
#4710 = DIRECTION ( 'NONE',  ( -0.000000000000000000, 1.000000000000000000, -0.000000000000000000 ) ) ;
#4711 = CARTESIAN_POINT ( 'NONE',  ( -28.72057253258904197, 8.209584760035349760, -26.87111786782178413 ) ) ;
#4712 = CARTESIAN_POINT ( 'NONE',  ( 32.82971885778041354, 2.896358892423668063, -24.89999999999067626 ) ) ;
#4713 = DIRECTION ( 'NONE',  ( 1.000000000000000000, 1.250608365883192617E-15, -0.000000000000000000 ) ) ;
#4714 = DIRECTION ( 'NONE',  ( -2.017120320903265181E-16, -1.000000000000000000, 0.000000000000000000 ) ) ;
#4715 = CARTESIAN_POINT ( 'NONE',  ( 30.97942746741108166, 1.027832321093516521, -76.59999999999999432 ) ) ;
#4716 = FACE_OUTER_BOUND ( 'NONE', #4395, .T. ) ;
#4717 = DIRECTION ( 'NONE',  ( -7.490519751586869532E-48, -3.697785493223491743E-32, 1.000000000000000000 ) ) ;
#4718 = FACE_OUTER_BOUND ( 'NONE', #156, .T. ) ;
#4719 = LINE ( 'NONE', #7027, #5389 ) ;
#4720 = ADVANCED_FACE ( 'NONE', ( #9570 ), #5239, .T. ) ;
#4721 = DIRECTION ( 'NONE',  ( 0.000000000000000000, 0.000000000000000000, -1.000000000000000000 ) ) ;
#4722 = DIRECTION ( 'NONE',  ( -1.613696256722612145E-15, 3.255019511200713287E-31, -1.000000000000000000 ) ) ;
#4723 = CARTESIAN_POINT ( 'NONE',  ( 31.85993569624512389, 6.113211496022638691, -66.55808325518781032 ) ) ;
#4724 = ORIENTED_EDGE ( 'NONE', *, *, #5387, .T. ) ;
#4725 = CARTESIAN_POINT ( 'NONE',  ( 29.10219722048856283, 7.920345737637211947, -25.76019588040267649 ) ) ;
#4726 = CARTESIAN_POINT ( 'NONE',  ( -31.00558038168727748, 6.630261302984920668, -1.599999990816456386 ) ) ;
#4727 = DIRECTION ( 'NONE',  ( -0.000000000000000000, 1.000000000000000000, -0.000000000000000000 ) ) ;
#4728 = VERTEX_POINT ( 'NONE', #1658 ) ;
#4729 = DIRECTION ( 'NONE',  ( -1.000000000000000000, 2.017120320903265181E-16, 1.613696256722612145E-15 ) ) ;
#4730 = ORIENTED_EDGE ( 'NONE', *, *, #6831, .T. ) ;
#4731 = ORIENTED_EDGE ( 'NONE', *, *, #6097, .T. ) ;
#4732 = EDGE_CURVE ( 'NONE', #9350, #3258, #6826, .T. ) ;
#4733 = EDGE_CURVE ( 'NONE', #6679, #9057, #4636, .T. ) ;
#4734 = EDGE_CURVE ( 'NONE', #1142, #1198, #8912, .T. ) ;
#4735 = CARTESIAN_POINT ( 'NONE',  ( 32.63624460303811503, 3.456915091665796691, -67.48715829593118087 ) ) ;
#4736 = CARTESIAN_POINT ( 'NONE',  ( -30.08581895318820543, 4.473718582787686415, -31.81022400284022567 ) ) ;
#4737 = CARTESIAN_POINT ( 'NONE',  ( 28.40533536441634510, 8.655466993863015546, -27.04999999999999005 ) ) ;
#4738 = CARTESIAN_POINT ( 'NONE',  ( -26.15738584290356172, 7.365880431222465496, -2.000000000000002665 ) ) ;
#4739 = ORIENTED_EDGE ( 'NONE', *, *, #8161, .T. ) ;
#4740 = AXIS2_PLACEMENT_3D ( 'NONE', #5081, #5965, #45 ) ;
#4741 = CARTESIAN_POINT ( 'NONE',  ( -30.66964904106556489, 6.307280337588222707, -30.69999999999999929 ) ) ;
#4742 = VERTEX_POINT ( 'NONE', #8305 ) ;
#4743 = EDGE_CURVE ( 'NONE', #3460, #4826, #4664, .T. ) ;
#4744 = ORIENTED_EDGE ( 'NONE', *, *, #3407, .T. ) ;
#4745 = DIRECTION ( 'NONE',  ( 0.000000000000000000, 0.000000000000000000, 1.000000000000000000 ) ) ;
#4746 = EDGE_CURVE ( 'NONE', #5989, #1956, #55, .T. ) ;
#4747 = DIRECTION ( 'NONE',  ( 1.000000000000000000, -2.025677196612374621E-16, -7.490519751586869532E-48 ) ) ;
#4748 = DIRECTION ( 'NONE',  ( -0.000000000000000000, 1.000000000000000000, -0.000000000000000000 ) ) ;
#4749 = DIRECTION ( 'NONE',  ( -0.5833333333333243775, 0.000000000000000000, 0.8122328620674200694 ) ) ;
#4750 = VERTEX_POINT ( 'NONE', #3936 ) ;
#4751 = CARTESIAN_POINT ( 'NONE',  ( -33.02057253258906400, -3.421867455903186084, -7.870307067306892890 ) ) ;
#4752 = CARTESIAN_POINT ( 'NONE',  ( -30.02057253258904979, 1.622874358828088504, -77.60000000000002274 ) ) ;
#4753 = ORIENTED_EDGE ( 'NONE', *, *, #1954, .F. ) ;
#4754 = CARTESIAN_POINT ( 'NONE',  ( 28.67942746741109161, 8.516651189570561442, -4.250000000000015099 ) ) ;
#4755 = VERTEX_POINT ( 'NONE', #6212 ) ;
#4756 = DIRECTION ( 'NONE',  ( 7.490519751586869532E-48, 3.697785493223491743E-32, -1.000000000000000000 ) ) ;
#4757 = CARTESIAN_POINT ( 'NONE',  ( 32.63624460303811503, 3.456915091665797135, -38.78000000000000114 ) ) ;
#4758 = AXIS2_PLACEMENT_3D ( 'NONE', #6359, #8508, #7772 ) ;
#4759 = CARTESIAN_POINT ( 'NONE',  ( -26.80057253258891947, -6.520582429040421069, -14.89000000000000057 ) ) ;
#4760 = VECTOR ( 'NONE', #5928, 1000.000000000000000 ) ;
#4761 = FACE_OUTER_BOUND ( 'NONE', #1511, .T. ) ;
#4762 = CARTESIAN_POINT ( 'NONE',  ( 32.47942746741106390, -2.974560153399889550, -25.18485497346111757 ) ) ;
#4763 = CARTESIAN_POINT ( 'NONE',  ( -33.02057253258906400, -4.520582429040413075, -79.59999999999999432 ) ) ;
#4764 = CARTESIAN_POINT ( 'NONE',  ( -33.14557253258907821, -3.020582429040413519, -29.51568901034156411 ) ) ;
#4765 = EDGE_CURVE ( 'NONE', #2582, #592, #2630, .T. ) ;
#4766 = DIRECTION ( 'NONE',  ( -0.000000000000000000, -0.000000000000000000, 1.000000000000000000 ) ) ;
#4767 = EDGE_LOOP ( 'NONE', ( #7661, #7939, #3518, #3782, #1006 ) ) ;
#4768 = ORIENTED_EDGE ( 'NONE', *, *, #302, .T. ) ;
#4769 = AXIS2_PLACEMENT_3D ( 'NONE', #7486, #6845, #5249 ) ;
#4770 = AXIS2_PLACEMENT_3D ( 'NONE', #1540, #3724, #2174 ) ;
#4771 = CARTESIAN_POINT ( 'NONE',  ( 22.32620502322769340, 7.479417570959292938, -6.729307980568504099 ) ) ;
#4772 = CARTESIAN_POINT ( 'NONE',  ( -28.82559044135836857, 6.361763314485119558, -38.46663755764650716 ) ) ;
#4773 = CARTESIAN_POINT ( 'NONE',  ( -31.42048492835709084, 6.081540253170764743, -77.59999999999999432 ) ) ;
#4774 = CARTESIAN_POINT ( 'NONE',  ( 32.97942746741108522, -4.520582429040437056, -79.59999999999999432 ) ) ;
#4775 = CARTESIAN_POINT ( 'NONE',  ( -29.22057253258904197, -3.020582429040414407, -28.54999999999999716 ) ) ;
#4776 = VECTOR ( 'NONE', #4249, 1000.000000000000000 ) ;
#4777 = VECTOR ( 'NONE', #5261, 1000.000000000000000 ) ;
#4778 = CARTESIAN_POINT ( 'NONE',  ( 30.07196622989237156, 4.349417570959288604, -76.88647660276264162 ) ) ;
#4779 = EDGE_LOOP ( 'NONE', ( #7633, #5241, #8088, #6380, #4608 ) ) ;
#4780 = ORIENTED_EDGE ( 'NONE', *, *, #2236, .F. ) ;
#4781 = VECTOR ( 'NONE', #8998, 1000.000000000000000 ) ;
#4782 = VECTOR ( 'NONE', #208, 1000.000000000000000 ) ;
#4783 = CARTESIAN_POINT ( 'NONE',  ( -32.42476832500516792, 4.240347515208992668, -8.400000000003108980 ) ) ;
#4784 = DIRECTION ( 'NONE',  ( 0.000000000000000000, -0.000000000000000000, 1.000000000000000000 ) ) ;
#4785 = CARTESIAN_POINT ( 'NONE',  ( 29.73734410490578384, 7.809640147869129301, -25.18192951861017193 ) ) ;
#4786 = EDGE_CURVE ( 'NONE', #6216, #7352, #8405, .T. ) ;
#4787 = ORIENTED_EDGE ( 'NONE', *, *, #1333, .F. ) ;
#4788 = CIRCLE ( 'NONE', #5704, 0.5000000000000004441 ) ;
#4789 = AXIS2_PLACEMENT_3D ( 'NONE', #8451, #1809, #9234 ) ;
#4790 = LINE ( 'NONE', #6331, #6459 ) ;
#4791 = AXIS2_PLACEMENT_3D ( 'NONE', #9045, #5254, #8944 ) ;
#4792 = EDGE_LOOP ( 'NONE', ( #6586, #2980, #562, #4662 ) ) ;
#4793 = CARTESIAN_POINT ( 'NONE',  ( 32.63624460303811503, 3.456915091665797135, -38.78000000000000114 ) ) ;
#4794 = CARTESIAN_POINT ( 'NONE',  ( 22.37833514487402198, 8.479417570959272510, -21.08566226219481621 ) ) ;
#4795 = TOROIDAL_SURFACE ( 'NONE', #1707, 1.000000000000000000, 0.5000000000000000000 ) ;
#4796 = CARTESIAN_POINT ( 'NONE',  ( 32.97942746741108522, -3.020582429040428618, -2.075961696557269587 ) ) ;
#4797 = EDGE_CURVE ( 'NONE', #8908, #7248, #6666, .T. ) ;
#4798 = EDGE_CURVE ( 'NONE', #6313, #6872, #836, .T. ) ;
#4799 = CARTESIAN_POINT ( 'NONE',  ( -28.17917953462317371, 6.501307706134825892, -25.03329192254317803 ) ) ;
#4800 = EDGE_CURVE ( 'NONE', #538, #9324, #5513, .T. ) ;
#4801 = ORIENTED_EDGE ( 'NONE', *, *, #9315, .F. ) ;
#4802 = CIRCLE ( 'NONE', #3108, 12.99999999999999822 ) ;
#4803 = CARTESIAN_POINT ( 'NONE',  ( -28.74255874391988286, 8.196083784929260929, -26.69690550649687566 ) ) ;
#4804 = CARTESIAN_POINT ( 'NONE',  ( 28.40533536441633800, 8.655466993863019098, -28.76498256602699755 ) ) ;
#4805 = FACE_OUTER_BOUND ( 'NONE', #3390, .T. ) ;
#4806 = AXIS2_PLACEMENT_3D ( 'NONE', #9126, #2491, #8400 ) ;
#4807 = LINE ( 'NONE', #8498, #132 ) ;
#4808 = CARTESIAN_POINT ( 'NONE',  ( 28.78625978032768984, 2.371292695397495986, -66.00000000000000000 ) ) ;
#4809 = LINE ( 'NONE', #7765, #7256 ) ;
#4810 = CARTESIAN_POINT ( 'NONE',  ( -32.87060405009988528, 2.896043533927213254, -30.69999999999999929 ) ) ;
#4811 = CARTESIAN_POINT ( 'NONE',  ( 32.47942746741107811, 1.027832321093518297, -7.900000000000003908 ) ) ;
#4812 = ORIENTED_EDGE ( 'NONE', *, *, #7535, .T. ) ;
#4813 = FACE_OUTER_BOUND ( 'NONE', #7665, .T. ) ;
#4814 = DIRECTION ( 'NONE',  ( -1.000000000000000000, 0.000000000000000000, 1.613696256722612145E-15 ) ) ;
#4815 = LINE ( 'NONE', #461, #6762 ) ;
#4816 = AXIS2_PLACEMENT_3D ( 'NONE', #5927, #7172, #9526 ) ;
#4817 = VERTEX_POINT ( 'NONE', #398 ) ;
#4818 = CARTESIAN_POINT ( 'NONE',  ( 24.69494027812831760, 7.479417570959295603, -12.22739348502305390 ) ) ;
#4819 = EDGE_CURVE ( 'NONE', #4122, #8670, #1043, .T. ) ;
#4820 = CARTESIAN_POINT ( 'NONE',  ( 29.99532591769411027, 7.101839278424479929, -25.06424668131345257 ) ) ;
#4821 = CARTESIAN_POINT ( 'NONE',  ( -25.02057253258906044, 9.479417570959295603, -5.551115123125782702E-14 ) ) ;
#4822 = CARTESIAN_POINT ( 'NONE',  ( 26.47942746741108166, 6.849417570959293933, -48.50000000000000711 ) ) ;
#4823 = DIRECTION ( 'NONE',  ( 2.017120320903265181E-16, 1.000000000000000000, -0.000000000000000000 ) ) ;
#4824 = AXIS2_PLACEMENT_3D ( 'NONE', #1331, #7230, #4229 ) ;
#4825 = DIRECTION ( 'NONE',  ( -1.000000000000000000, 2.017120320903264935E-16, 0.000000000000000000 ) ) ;
#4826 = VERTEX_POINT ( 'NONE', #6531 ) ;
#4827 = CARTESIAN_POINT ( 'NONE',  ( -30.10173621279361456, 7.029080851415296927, -7.761553443303610855 ) ) ;
#4828 = ORIENTED_EDGE ( 'NONE', *, *, #3301, .F. ) ;
#4829 = CARTESIAN_POINT ( 'NONE',  ( -32.24031189351860860, 4.674918782660849814, -7.900000000000003908 ) ) ;
#4830 = CARTESIAN_POINT ( 'NONE',  ( 28.79262011024112056, 6.349417570959289492, -47.01284170406881202 ) ) ;
#4831 = DIRECTION ( 'NONE',  ( 0.000000000000000000, 0.000000000000000000, 1.000000000000000000 ) ) ;
#4832 = CARTESIAN_POINT ( 'NONE',  ( 28.90910722905163510, 8.378483557032389228, -25.52851189795917008 ) ) ;
#4833 = EDGE_LOOP ( 'NONE', ( #5909, #6319, #8171, #9479 ) ) ;
#4834 = CARTESIAN_POINT ( 'NONE',  ( -33.06017827415597310, -3.520582437258283903, -25.17123164032265947 ) ) ;
#4835 = ORIENTED_EDGE ( 'NONE', *, *, #6994, .F. ) ;
#4836 = EDGE_CURVE ( 'NONE', #4826, #1025, #2332, .T. ) ;
#4837 = DIRECTION ( 'NONE',  ( 0.000000000000000000, 1.000000000000000000, 3.255019511200713725E-31 ) ) ;
#4838 = CARTESIAN_POINT ( 'NONE',  ( 23.90492529140078659, 8.479417570959274286, -15.97591510583379737 ) ) ;
#4839 = CARTESIAN_POINT ( 'NONE',  ( 19.04756502084541125, 7.479417570959294714, -3.390674767826372893 ) ) ;
#4840 = CARTESIAN_POINT ( 'NONE',  ( 16.67942746741109161, -2.520582429040704397, -79.59999999999999432 ) ) ;
#4841 = ORIENTED_EDGE ( 'NONE', *, *, #303, .T. ) ;
#4842 = AXIS2_PLACEMENT_3D ( 'NONE', #1493, #672, #4338 ) ;
#4843 = ORIENTED_EDGE ( 'NONE', *, *, #4798, .F. ) ;
#4844 = CARTESIAN_POINT ( 'NONE',  ( 29.75433663783191918, 7.795003227256488643, -8.015056057768180864 ) ) ;
#4845 = CARTESIAN_POINT ( 'NONE',  ( 29.87687196197589756, 7.697471138769988563, -30.49356939764561147 ) ) ;
#4846 = ADVANCED_FACE ( 'NONE', ( #4109 ), #6431, .T. ) ;
#4847 = CARTESIAN_POINT ( 'NONE',  ( 32.57025585877231322, -3.020582429040426842, -25.40000000000009805 ) ) ;
#4848 = EDGE_CURVE ( 'NONE', #6143, #9198, #4523, .T. ) ;
#4849 = DIRECTION ( 'NONE',  ( 2.017120320903265181E-16, 1.000000000000000000, -0.000000000000000000 ) ) ;
#4850 = LINE ( 'NONE', #2454, #926 ) ;
#4851 = CARTESIAN_POINT ( 'NONE',  ( 33.39609413407775662, 4.333328095299679994, -2.888194558624694874 ) ) ;
#4852 = CARTESIAN_POINT ( 'NONE',  ( 28.79262011024112766, 6.349417570959294821, -38.54980582922229360 ) ) ;
#4853 = CARTESIAN_POINT ( 'NONE',  ( -26.72057253258906329, -6.520582429040413963, -79.59999999999999432 ) ) ;
#4854 = CARTESIAN_POINT ( 'NONE',  ( -31.78477880232358288, 4.467011467696706539, -30.69999999999999929 ) ) ;
#4855 = DIRECTION ( 'NONE',  ( 0.000000000000000000, 0.000000000000000000, 1.000000000000000000 ) ) ;
#4856 = ORIENTED_EDGE ( 'NONE', *, *, #5996, .T. ) ;
#4857 = DIRECTION ( 'NONE',  ( 1.387778780781390258E-15, -1.000000000000000000, 0.000000000000000000 ) ) ;
#4858 = CARTESIAN_POINT ( 'NONE',  ( -32.67738813743704895, 3.456363420285001542, -38.78000000000001535 ) ) ;
#4859 = EDGE_CURVE ( 'NONE', #6483, #5991, #1307, .T. ) ;
#4860 = CARTESIAN_POINT ( 'NONE',  ( 24.58991263884469092, 7.479417570959295603, -11.73318748255760546 ) ) ;
#4861 = CARTESIAN_POINT ( 'NONE',  ( -31.81962605797762222, 6.368451157329861445, -38.37667803607825334 ) ) ;
#4862 = FACE_OUTER_BOUND ( 'NONE', #7307, .T. ) ;
#4863 = DIRECTION ( 'NONE',  ( 0.000000000000000000, 0.000000000000000000, -1.000000000000000000 ) ) ;
#4864 = FACE_OUTER_BOUND ( 'NONE', #8521, .T. ) ;
#4865 = CARTESIAN_POINT ( 'NONE',  ( -23.21057253258958752, -6.521582429040424955, -39.31000000000022254 ) ) ;
#4866 = ORIENTED_EDGE ( 'NONE', *, *, #8954, .T. ) ;
#4867 = CARTESIAN_POINT ( 'NONE',  ( -26.76150223239383408, 7.197320249562872974, -15.84087626505655955 ) ) ;
#4868 = ORIENTED_EDGE ( 'NONE', *, *, #285, .T. ) ;
#4869 = CARTESIAN_POINT ( 'NONE',  ( -32.52057253258905689, 1.027832321093293810, -7.900000000000003908 ) ) ;
#4870 = CARTESIAN_POINT ( 'NONE',  ( 32.62701514625420884, 3.488742692807618617, -48.00423852245205580 ) ) ;
#4871 = CARTESIAN_POINT ( 'NONE',  ( 32.47942746741106390, 10.01696613767508559, -2.099999999999996980 ) ) ;
#4872 = DIRECTION ( 'NONE',  ( 0.000000000000000000, 0.000000000000000000, 1.000000000000000000 ) ) ;
#4873 = VERTEX_POINT ( 'NONE', #1931 ) ;
#4874 = B_SPLINE_CURVE_WITH_KNOTS ( 'NONE', 3,
 ( #5616, #2823, #6536, #541, #7849, #5715 ),
 .UNSPECIFIED., .F., .F.,
 ( 4, 2, 4 ),
 ( 3.496446946337351263E-18, 0.0001504603290269811090, 0.0003009206580539586944 ),
 .UNSPECIFIED. ) ;
#4875 = ORIENTED_EDGE ( 'NONE', *, *, #8001, .F. ) ;
#4876 = PLANE ( 'NONE',  #1433 ) ;
#4877 = CARTESIAN_POINT ( 'NONE',  ( 23.79420632373149758, 8.479417570959274286, -12.88101285574191834 ) ) ;
#4878 = CARTESIAN_POINT ( 'NONE',  ( 21.71655455235072907, 7.479417570959293826, -5.935654295701877636 ) ) ;
#4879 = DIRECTION ( 'NONE',  ( -1.387778780781445922E-16, 1.000000000000000000, 0.000000000000000000 ) ) ;
#4880 = CARTESIAN_POINT ( 'NONE',  ( 32.97942746741107811, -2.943312570636704262, -30.46701915172135244 ) ) ;
#4881 = ORIENTED_EDGE ( 'NONE', *, *, #9554, .F. ) ;
#4882 = VERTEX_POINT ( 'NONE', #7058 ) ;
#4883 = EDGE_CURVE ( 'NONE', #5307, #2223, #7205, .T. ) ;
#4884 = CARTESIAN_POINT ( 'NONE',  ( 29.51894183490604817, 5.223911664520544562, -8.834870986682398453 ) ) ;
#4885 = CARTESIAN_POINT ( 'NONE',  ( 29.75433663783119442, 7.795003227257089051, -30.81505605776887080 ) ) ;
#4886 = CARTESIAN_POINT ( 'NONE',  ( 33.07942746741112927, -4.520582429040426398, -27.81000000000000227 ) ) ;
#4887 = FACE_OUTER_BOUND ( 'NONE', #4507, .T. ) ;
#4888 = CARTESIAN_POINT ( 'NONE',  ( 28.40533536441636286, 8.655466993863015546, -26.83454637000275156 ) ) ;
#4889 = CARTESIAN_POINT ( 'NONE',  ( -31.37549341845670980, 5.248652671777946033, -30.69999999999999929 ) ) ;
#4890 = DIRECTION ( 'NONE',  ( -2.017120320903265181E-16, -1.000000000000000000, 0.000000000000000000 ) ) ;
#4891 = AXIS2_PLACEMENT_3D ( 'NONE', #9340, #3467, #2833 ) ;
#4892 = CARTESIAN_POINT ( 'NONE',  ( -32.83139246897223984, 2.898850479305516536, -1.599999999999967004 ) ) ;
#4893 = EDGE_LOOP ( 'NONE', ( #6756, #8680, #186, #6482 ) ) ;
#4894 = EDGE_CURVE ( 'NONE', #1303, #7475, #4295, .T. ) ;
#4895 = EDGE_CURVE ( 'NONE', #4425, #7443, #7109, .T. ) ;
#4896 = CARTESIAN_POINT ( 'NONE',  ( 29.72464552753682199, 4.949904802764116596, -77.60000000000000853 ) ) ;
#4897 = DIRECTION ( 'NONE',  ( -7.490519751586869532E-48, -3.697785493223491743E-32, 1.000000000000000000 ) ) ;
#4898 = DIRECTION ( 'NONE',  ( 0.000000000000000000, -1.000000000000000000, -4.163336342344333240E-14 ) ) ;
#4899 = VECTOR ( 'NONE', #4556, 1000.000000000000000 ) ;
#4900 = CARTESIAN_POINT ( 'NONE',  ( -27.95198612152838535, 7.075624424695766024, -36.81855245106822849 ) ) ;
#4901 = DIRECTION ( 'NONE',  ( 1.250608365883192617E-15, -1.000000000000000000, 0.000000000000000000 ) ) ;
#4902 = CARTESIAN_POINT ( 'NONE',  ( 32.63624460303811503, 3.456915091665801132, -77.52181224639851109 ) ) ;
#4903 = ADVANCED_FACE ( 'NONE', ( #9410 ), #7918, .T. ) ;
#4904 = ORIENTED_EDGE ( 'NONE', *, *, #1178, .T. ) ;
#4905 = EDGE_CURVE ( 'NONE', #7475, #3465, #5531, .T. ) ;
#4906 = LINE ( 'NONE', #1823, #2222 ) ;
#4907 = AXIS2_PLACEMENT_3D ( 'NONE', #5828, #8791, #2934 ) ;
#4908 = AXIS2_PLACEMENT_3D ( 'NONE', #9337, #410, #2590 ) ;
#4909 = ORIENTED_EDGE ( 'NONE', *, *, #2759, .F. ) ;
#4910 = CARTESIAN_POINT ( 'NONE',  ( -31.02057253258905334, 1.027832321093293810, -79.59999999999999432 ) ) ;
#4911 = ORIENTED_EDGE ( 'NONE', *, *, #959, .F. ) ;
#4912 = CARTESIAN_POINT ( 'NONE',  ( 30.82942746741108664, -2.520582429040425954, -2.599999999999999645 ) ) ;
#4913 = CYLINDRICAL_SURFACE ( 'NONE', #2806, 0.5000000000000004441 ) ;
#4914 = DIRECTION ( 'NONE',  ( 2.017120320903265181E-16, 1.000000000000000000, -0.000000000000000000 ) ) ;
#4915 = AXIS2_PLACEMENT_3D ( 'NONE', #9189, #3363, #321 ) ;
#4916 = CARTESIAN_POINT ( 'NONE',  ( 32.57394397176859968, -3.020582429040426398, -2.599999999999996980 ) ) ;
#4917 = VERTEX_POINT ( 'NONE', #5277 ) ;
#4918 = DIRECTION ( 'NONE',  ( 0.000000000000000000, -0.000000000000000000, -1.000000000000000000 ) ) ;
#4919 = VERTEX_POINT ( 'NONE', #6724 ) ;
#4920 = CARTESIAN_POINT ( 'NONE',  ( -31.92057253258911231, 5.479417570959586037, -5.000000000000004441 ) ) ;
#4921 = ORIENTED_EDGE ( 'NONE', *, *, #7039, .T. ) ;
#4922 = ORIENTED_EDGE ( 'NONE', *, *, #7880, .T. ) ;
#4923 = DIRECTION ( 'NONE',  ( 2.017120320903265181E-16, 1.000000000000000000, -0.000000000000000000 ) ) ;
#4924 = VECTOR ( 'NONE', #779, 1000.000000000000000 ) ;
#4925 = CARTESIAN_POINT ( 'NONE',  ( 22.69768692119141917, 8.479417570959272510, -20.45800406864161047 ) ) ;
#4926 = CARTESIAN_POINT ( 'NONE',  ( 0.000000000000000000, -6.520582429040413963, -79.60999999999998522 ) ) ;
#4927 = ADVANCED_FACE ( 'NONE', ( #39 ), #1295, .T. ) ;
#4928 = VECTOR ( 'NONE', #809, 1000.000000000000000 ) ;
#4929 = CIRCLE ( 'NONE', #619, 1.500000000000001332 ) ;
#4930 = VECTOR ( 'NONE', #1510, 1000.000000000000000 ) ;
#4931 = PLANE ( 'NONE',  #1060 ) ;
#4932 = DIRECTION ( 'NONE',  ( 0.000000000000000000, 0.000000000000000000, 1.000000000000000000 ) ) ;
#4933 = ORIENTED_EDGE ( 'NONE', *, *, #4413, .T. ) ;
#4934 = VERTEX_POINT ( 'NONE', #5176 ) ;
#4935 =( BOUNDED_CURVE ( )  B_SPLINE_CURVE ( 3, ( #7785, #476, #7878, #1243 ),
 .UNSPECIFIED., .F., .T. ) 
 B_SPLINE_CURVE_WITH_KNOTS ( ( 4, 4 ),
 ( 4.712388980384692339, 6.002645513241644970 ),
 .UNSPECIFIED. ) 
 CURVE ( )  GEOMETRIC_REPRESENTATION_ITEM ( )  RATIONAL_B_SPLINE_CURVE ( ( 1.000000000000000000, 0.8660150978620957396, 0.8660150978620957396, 1.000000000000000000 ) ) 
 REPRESENTATION_ITEM ( '' )  );
#4936 = CARTESIAN_POINT ( 'NONE',  ( 28.70159760354263767, 8.504291035859449011, -28.90585575120497097 ) ) ;
#4937 = AXIS2_PLACEMENT_3D ( 'NONE', #4989, #9417, #8733 ) ;
#4938 = CARTESIAN_POINT ( 'NONE',  ( -30.68523262570635879, 6.281831689674588937, -2.100000000000000533 ) ) ;
#4939 = DIRECTION ( 'NONE',  ( -0.000000000000000000, -1.000000000000000000, -0.000000000000000000 ) ) ;
#4940 = EDGE_CURVE ( 'NONE', #7623, #3195, #2325, .T. ) ;
#4941 = CARTESIAN_POINT ( 'NONE',  ( -25.02057253258904623, 7.479417570959293826, -32.77999999999999403 ) ) ;
#4942 = EDGE_LOOP ( 'NONE', ( #1341, #4132, #211, #6142 ) ) ;
#4943 = LINE ( 'NONE', #501, #3394 ) ;
#4944 = CARTESIAN_POINT ( 'NONE',  ( -28.82913691016905489, 8.140486074760426405, -6.447250909435339850 ) ) ;
#4945 = DIRECTION ( 'NONE',  ( 2.017120320903265181E-16, 1.000000000000000000, -0.000000000000000000 ) ) ;
#4946 = AXIS2_PLACEMENT_3D ( 'NONE', #2125, #9605, #8867 ) ;
#4947 = CARTESIAN_POINT ( 'NONE',  ( -28.54972693070571310, 6.229995110102927391, -2.000000000000057288 ) ) ;
#4948 = CARTESIAN_POINT ( 'NONE',  ( -32.04849886563037842, 4.872897367943400226, -78.81489413606988137 ) ) ;
#4949 = CARTESIAN_POINT ( 'NONE',  ( 33.10442746741109943, -3.020582429040426398, -3.294310989658407518 ) ) ;
#4950 = ORIENTED_EDGE ( 'NONE', *, *, #4800, .T. ) ;
#4951 = CARTESIAN_POINT ( 'NONE',  ( 29.66410380591414508, 5.034655890331455552, -34.43989725865401397 ) ) ;
#4952 = DIRECTION ( 'NONE',  ( 0.000000000000000000, 1.000000000000000000, 2.081668171172166620E-14 ) ) ;
#4953 = EDGE_CURVE ( 'NONE', #6556, #3831, #5221, .T. ) ;
#4954 = VECTOR ( 'NONE', #8755, 1000.000000000000000 ) ;
#4955 = CARTESIAN_POINT ( 'NONE',  ( -27.65049180440006182, 7.211370319093810544, -36.67450554771752991 ) ) ;
#4956 = FACE_OUTER_BOUND ( 'NONE', #5222, .T. ) ;
#4957 = LINE ( 'NONE', #1435, #8180 ) ;
#4958 = CARTESIAN_POINT ( 'NONE',  ( 29.17942746741106319, -3.020582429040425509, -28.54999999999999716 ) ) ;
#4959 = CARTESIAN_POINT ( 'NONE',  ( -32.52057253258906400, -2.520582429040413519, -7.400000000000003020 ) ) ;
#4960 = CIRCLE ( 'NONE', #14, 0.5000000000000004441 ) ;
#4961 = DIRECTION ( 'NONE',  ( 0.000000000000000000, 1.000000000000000000, 0.000000000000000000 ) ) ;
#4962 = ORIENTED_EDGE ( 'NONE', *, *, #6628, .T. ) ;
#4963 = CARTESIAN_POINT ( 'NONE',  ( 32.47942746741107101, 1.027832321093521184, -8.400000000000003908 ) ) ;
#4964 = ORIENTED_EDGE ( 'NONE', *, *, #388, .F. ) ;
#4965 = EDGE_CURVE ( 'NONE', #7443, #6432, #3352, .T. ) ;
#4966 = EDGE_CURVE ( 'NONE', #1532, #4122, #4058, .T. ) ;
#4967 = EDGE_CURVE ( 'NONE', #8693, #4701, #7254, .T. ) ;
#4968 = CARTESIAN_POINT ( 'NONE',  ( -30.14928467219229447, 4.349417570959287715, -76.67248987923819925 ) ) ;
#4969 = CIRCLE ( 'NONE', #492, 1.000000000000000888 ) ;
#4970 = CARTESIAN_POINT ( 'NONE',  ( 31.87942746741113353, -4.520582429040426398, -5.000000000000004441 ) ) ;
#4971 = CARTESIAN_POINT ( 'NONE',  ( 26.47942746741107811, 7.349417570959288604, -66.00000000000000000 ) ) ;
#4972 = CARTESIAN_POINT ( 'NONE',  ( 24.97942745859588953, 7.690846142387865569, -36.28017184264066941 ) ) ;
#4973 = VERTEX_POINT ( 'NONE', #8713 ) ;
#4974 = DIRECTION ( 'NONE',  ( -1.000000000000000000, 0.000000000000000000, 0.000000000000000000 ) ) ;
#4975 = ORIENTED_EDGE ( 'NONE', *, *, #8368, .T. ) ;
#4976 = DIRECTION ( 'NONE',  ( -0.000000000000000000, -0.000000000000000000, -1.000000000000000000 ) ) ;
#4977 = VERTEX_POINT ( 'NONE', #6464 ) ;
#4978 = ORIENTED_EDGE ( 'NONE', *, *, #5229, .T. ) ;
#4979 = EDGE_CURVE ( 'NONE', #6356, #9549, #2752, .T. ) ;
#4980 = CARTESIAN_POINT ( 'NONE',  ( 23.50213495569178335, 8.479417570959276063, -11.50566298463692227 ) ) ;
#4981 = DIRECTION ( 'NONE',  ( 1.613696256722612145E-15, -3.255019511200713287E-31, -1.000000000000000000 ) ) ;
#4982 = B_SPLINE_CURVE_WITH_KNOTS ( 'NONE', 3,
 ( #7873, #246, #4095, #4183, #2747, #1237, #8656, #4867, #8559, #3338 ),
 .UNSPECIFIED., .F., .F.,
 ( 4, 2, 2, 2, 4 ),
 ( 7.806255641895631925E-18, 0.001416500437334413266, 0.002833000874668818725, 0.004249501312003223751, 0.005666001749337629644 ),
 .UNSPECIFIED. ) ;
#4983 = CARTESIAN_POINT ( 'NONE',  ( -31.02057253258906400, 1.027832321093304024, -79.59999999999999432 ) ) ;
#4984 = CARTESIAN_POINT ( 'NONE',  ( 10.94942746741108053, 7.479417570959293826, -14.89000000000000057 ) ) ;
#4985 = ORIENTED_EDGE ( 'NONE', *, *, #6388, .F. ) ;
#4986 = ORIENTED_EDGE ( 'NONE', *, *, #8708, .T. ) ;
#4987 = CARTESIAN_POINT ( 'NONE',  ( 28.40533536441634155, 8.655466993863015546, -28.54999999999997939 ) ) ;
#4988 = CARTESIAN_POINT ( 'NONE',  ( -30.87057253258905121, 2.444218832230809824, -9.099999999999997868 ) ) ;
#4989 = CARTESIAN_POINT ( 'NONE',  ( -31.92057253258911231, -3.520582429040413075, -5.000000000000004441 ) ) ;
#4990 = CARTESIAN_POINT ( 'NONE',  ( -32.98242468441017650, 1.969061636733600462, -1.600000000003051648 ) ) ;
#4991 = VERTEX_POINT ( 'NONE', #3576 ) ;
#4992 = TOROIDAL_SURFACE ( 'NONE', #2393, 1.500000000000000000, 0.5000000000000000000 ) ;
#4993 = CARTESIAN_POINT ( 'NONE',  ( 23.38942746741041390, 6.349417570959293933, -74.71000000000022112 ) ) ;
#4994 = CARTESIAN_POINT ( 'NONE',  ( -25.02057253258906044, 5.479417570959295603, -32.94706763282823658 ) ) ;
#4995 = CARTESIAN_POINT ( 'NONE',  ( 32.33831595481261445, 2.789636620444219339, -24.89999999999999503 ) ) ;
#4996 = CARTESIAN_POINT ( 'NONE',  ( -30.00886793827229582, 4.602966247611352202, -2.000000000000071054 ) ) ;
#4997 = CARTESIAN_POINT ( 'NONE',  ( 33.10442746741109943, -3.520582429040425065, -3.294310989658407518 ) ) ;
#4998 = ORIENTED_EDGE ( 'NONE', *, *, #2985, .T. ) ;
#4999 = CARTESIAN_POINT ( 'NONE',  ( 30.15413095241513020, 4.284460685492801346, -2.000000000000057288 ) ) ;
#5000 = COORDINATED_UNIVERSAL_TIME_OFFSET ( 1, 0, .AHEAD. ) ;
#5001 = CARTESIAN_POINT ( 'NONE',  ( 30.04804423595843588, 4.467854842617599687, -23.78901781405058813 ) ) ;
#5002 = CARTESIAN_POINT ( 'NONE',  ( 29.06065647662532214, 7.951177959252783367, -6.981980128948338304 ) ) ;
#5003 = CARTESIAN_POINT ( 'NONE',  ( 30.70400051660371332, 6.909397134599873702, 0.000000000000000000 ) ) ;
#5004 = CARTESIAN_POINT ( 'NONE',  ( -31.99999783588701519, 5.138145615244515518, -35.32284668210780865 ) ) ;
#5005 = CARTESIAN_POINT ( 'NONE',  ( 32.97942746741106390, 1.144255262944386287, -1.599999999987371302 ) ) ;
#5006 = CARTESIAN_POINT ( 'NONE',  ( 30.82942746741107598, -2.520582429040426398, -9.100000000000010303 ) ) ;
#5007 = CARTESIAN_POINT ( 'NONE',  ( 32.44348831926543397, 1.915122934196058724, -7.900000000000003908 ) ) ;
#5008 = DIRECTION ( 'NONE',  ( 1.000000000000000000, 0.000000000000000000, 0.000000000000000000 ) ) ;
#5009 = LINE ( 'NONE', #2841, #8724 ) ;
#5010 = ORIENTED_EDGE ( 'NONE', *, *, #922, .T. ) ;
#5011 = CARTESIAN_POINT ( 'NONE',  ( -31.00648955091045522, 6.629056725761804714, -8.400000007911748057 ) ) ;
#5012 = VERTEX_POINT ( 'NONE', #665 ) ;
#5013 = FACE_OUTER_BOUND ( 'NONE', #1875, .T. ) ;
#5014 = CARTESIAN_POINT ( 'NONE',  ( -30.91279330573827266, 2.417233487320460394, -77.59999999999584475 ) ) ;
#5015 = CARTESIAN_POINT ( 'NONE',  ( -27.94456455155138030, 6.649036240270659093, -7.387995491354736544 ) ) ;
#5016 = DIRECTION ( 'NONE',  ( 1.000000000000000000, -2.017120320903265181E-16, 1.613696256722612145E-15 ) ) ;
#5017 = ORIENTED_EDGE ( 'NONE', *, *, #2986, .T. ) ;
#5018 = CARTESIAN_POINT ( 'NONE',  ( 32.97942746741107811, -3.421729643347712457, -24.93422000455413112 ) ) ;
#5019 = ORIENTED_EDGE ( 'NONE', *, *, #4967, .T. ) ;
#5020 = DIRECTION ( 'NONE',  ( 2.017120320903265181E-16, 1.000000000000000000, -0.000000000000000000 ) ) ;
#5021 = ORIENTED_EDGE ( 'NONE', *, *, #4428, .F. ) ;
#5022 = ADVANCED_FACE ( 'NONE', ( #2020 ), #1293, .F. ) ;
#5023 = EDGE_CURVE ( 'NONE', #8133, #7195, #6504, .T. ) ;
#5024 = ORIENTED_EDGE ( 'NONE', *, *, #5615, .F. ) ;
#5025 = CARTESIAN_POINT ( 'NONE',  ( 21.04353830117291224, 7.479417570959294714, -24.59242016750018678 ) ) ;
#5026 = CARTESIAN_POINT ( 'NONE',  ( 20.32301616932409516, 7.479417570959294714, -4.489795296130134616 ) ) ;
#5027 = CARTESIAN_POINT ( 'NONE',  ( -33.02486544962568615, -3.458971367907453409, -7.813306218146871096 ) ) ;
#5028 = CARTESIAN_POINT ( 'NONE',  ( -30.87057253258905831, 9.481417570959296270, -4.249999999999994671 ) ) ;
#5029 = ORIENTED_EDGE ( 'NONE', *, *, #7476, .T. ) ;
#5030 = EDGE_CURVE ( 'NONE', #2242, #7008, #6340, .T. ) ;
#5031 = ADVANCED_FACE ( 'NONE', ( #2958 ), #9480, .T. ) ;
#5032 = VERTEX_POINT ( 'NONE', #2384 ) ;
#5033 = DIRECTION ( 'NONE',  ( -2.017120320903264935E-16, -1.000000000000000000, 0.000000000000000000 ) ) ;
#5034 = CARTESIAN_POINT ( 'NONE',  ( -27.52057253258907465, 9.481417570959294494, -28.55000000000000426 ) ) ;
#5035 = CARTESIAN_POINT ( 'NONE',  ( -31.02057253258905334, 1.505256322939685143, -31.89999999999999147 ) ) ;
#5036 = DIRECTION ( 'NONE',  ( 0.000000000000000000, 0.000000000000000000, 1.000000000000000000 ) ) ;
#5037 = CARTESIAN_POINT ( 'NONE',  ( -25.02057253258906044, 9.479417570959293826, -79.59999999999999432 ) ) ;
#5038 = ORIENTED_EDGE ( 'NONE', *, *, #5743, .T. ) ;
#5039 = CARTESIAN_POINT ( 'NONE',  ( 33.97942746741107811, -4.520582429040427286, -7.924038303442738851 ) ) ;
#5040 = CARTESIAN_POINT ( 'NONE',  ( -31.78477880232262365, 4.467011467695682470, -30.69999999999999929 ) ) ;
#5041 = CYLINDRICAL_SURFACE ( 'NONE', #148, 0.5000000000000004441 ) ;
#5042 = CARTESIAN_POINT ( 'NONE',  ( -25.02151970029152395, 7.479417570959286721, -2.000000000000043521 ) ) ;
#5043 = CARTESIAN_POINT ( 'NONE',  ( 31.77456037239655728, 4.485784930914483937, -7.900000000000025224 ) ) ;
#5044 = ORIENTED_EDGE ( 'NONE', *, *, #3351, .T. ) ;
#5045 = CARTESIAN_POINT ( 'NONE',  ( 24.31485804338690215, 7.479417570959296491, -32.78000000000000114 ) ) ;
#5046 = CALENDAR_DATE ( 2026, 11, 5 ) ;
#5047 = DIRECTION ( 'NONE',  ( -1.000000000000000000, 2.017120320903264935E-16, 0.000000000000000000 ) ) ;
#5048 = CARTESIAN_POINT ( 'NONE',  ( -28.23968989765628024, 8.810693000432859634, -35.35651741849436291 ) ) ;
#5049 = CARTESIAN_POINT ( 'NONE',  ( 32.96761944962843671, 1.498213523398830072, -1.599999999999986766 ) ) ;
#5050 = EDGE_CURVE ( 'NONE', #330, #8212, #8287, .T. ) ;
#5051 = CARTESIAN_POINT ( 'NONE',  ( 23.38942746741041390, 4.349417570959289492, -74.71000000000022112 ) ) ;
#5052 = CARTESIAN_POINT ( 'NONE',  ( -30.72057253258911302, 5.479417570959586037, -27.81000000000000227 ) ) ;
#5053 = DIRECTION ( 'NONE',  ( 0.000000000000000000, -0.000000000000000000, -1.000000000000000000 ) ) ;
#5054 = ORIENTED_EDGE ( 'NONE', *, *, #3645, .F. ) ;
#5055 = DIRECTION ( 'NONE',  ( 2.017120320903265181E-16, 1.000000000000000000, -0.000000000000000000 ) ) ;
#5056 = CIRCLE ( 'NONE', #895, 1.000000000000000888 ) ;
#5057 = ORIENTED_EDGE ( 'NONE', *, *, #7150, .F. ) ;
#5058 = DIRECTION ( 'NONE',  ( 1.000000000000000000, -2.017120320903265181E-16, 1.613696256722612145E-15 ) ) ;
#5059 = CARTESIAN_POINT ( 'NONE',  ( -30.58734968202759674, 3.417204180674554781, -76.60000000000103171 ) ) ;
#5060 = DIRECTION ( 'NONE',  ( 2.017120320903265181E-16, 1.000000000000000000, 0.000000000000000000 ) ) ;
#5061 = CARTESIAN_POINT ( 'NONE',  ( -32.21288862444446011, 4.707255212223365959, -35.76637521444083490 ) ) ;
#5062 = ORIENTED_EDGE ( 'NONE', *, *, #9365, .F. ) ;
#5063 = AXIS2_PLACEMENT_3D ( 'NONE', #9580, #2928, #1519 ) ;
#5064 = DIRECTION ( 'NONE',  ( 0.000000000000000000, 0.000000000000000000, 1.000000000000000000 ) ) ;
#5065 = ORIENTED_EDGE ( 'NONE', *, *, #4611, .T. ) ;
#5066 = CARTESIAN_POINT ( 'NONE',  ( 32.78261996884014451, 2.893941478785455157, -5.551115123125782702E-14 ) ) ;
#5067 = ORIENTED_EDGE ( 'NONE', *, *, #5030, .F. ) ;
#5068 = ORIENTED_EDGE ( 'NONE', *, *, #4765, .T. ) ;
#5069 = EDGE_CURVE ( 'NONE', #9324, #3475, #2201, .T. ) ;
#5070 = AXIS2_PLACEMENT_3D ( 'NONE', #1588, #5538, #6951 ) ;
#5071 = CARTESIAN_POINT ( 'NONE',  ( 24.28017636941997281, 7.479417570959293826, -19.17980852567700722 ) ) ;
#5072 = CARTESIAN_POINT ( 'NONE',  ( -31.02057253258905334, 1.027832321093293810, -23.69999999999999929 ) ) ;
#5073 = EDGE_CURVE ( 'NONE', #5739, #7032, #1380, .T. ) ;
#5074 = CARTESIAN_POINT ( 'NONE',  ( 32.97942746741108522, -4.520582429040428174, -7.924038303442738851 ) ) ;
#5075 = CARTESIAN_POINT ( 'NONE',  ( -26.80057253258891947, 9.264804668315596459, -14.89000000000523194 ) ) ;
#5076 = ORIENTED_EDGE ( 'NONE', *, *, #1709, .F. ) ;
#5077 = VECTOR ( 'NONE', #9233, 1000.000000000000000 ) ;
#5078 = VECTOR ( 'NONE', #908, 1000.000000000000000 ) ;
#5079 = EDGE_LOOP ( 'NONE', ( #2070, #188, #6118, #6568, #56, #7427, #4265, #3663, #3980, #2072, #1103, #2159, #6523, #4922, #7552, #6332, #3261, #5477, #6115, #25, #8258, #8655, #1978 ) ) ;
#5080 = DIRECTION ( 'NONE',  ( -1.000000000000000000, -9.912705577010326782E-17, 0.000000000000000000 ) ) ;
#5081 = CARTESIAN_POINT ( 'NONE',  ( 25.37942746741108024, 5.849417570959289492, -66.00000000000000000 ) ) ;
#5082 = CARTESIAN_POINT ( 'NONE',  ( 29.02254305977384874, 5.774879930602303979, -31.37336152870996031 ) ) ;
#5083 = ADVANCED_FACE ( 'NONE', ( #7354 ), #7400, .F. ) ;
#5084 = CIRCLE ( 'NONE', #925, 0.4999999999999982236 ) ;
#5085 = EDGE_CURVE ( 'NONE', #7933, #878, #3701, .T. ) ;
#5086 = AXIS2_PLACEMENT_3D ( 'NONE', #2665, #3202, #7617 ) ;
#5087 = CARTESIAN_POINT ( 'NONE',  ( -32.98242468412227879, 1.969061636686927352, -2.100000000004578649 ) ) ;
#5088 = EDGE_LOOP ( 'NONE', ( #8407, #3155, #5359, #6962 ) ) ;
#5089 = CARTESIAN_POINT ( 'NONE',  ( 32.47942746741105680, 1.920746614629817772, -2.099999999999996980 ) ) ;
#5090 = LINE ( 'NONE', #8058, #6063 ) ;
#5091 = FACE_OUTER_BOUND ( 'NONE', #3816, .T. ) ;
#5092 = CARTESIAN_POINT ( 'NONE',  ( -25.38869986491827646, 7.469537252196785992, -76.59999999999998010 ) ) ;
#5093 = CARTESIAN_POINT ( 'NONE',  ( 31.36751581529098587, 5.266280623651991455, -7.900000000000000355 ) ) ;
#5094 = VERTEX_POINT ( 'NONE', #5954 ) ;
#5095 = AXIS2_PLACEMENT_3D ( 'NONE', #268, #4717, #7488 ) ;
#5096 = CARTESIAN_POINT ( 'NONE',  ( 29.60200533513371823, 5.129416770584490415, -76.59999999999999432 ) ) ;
#5097 = DIRECTION ( 'NONE',  ( 0.000000000000000000, 0.000000000000000000, -1.000000000000000000 ) ) ;
#5098 = ADVANCED_FACE ( 'NONE', ( #5216 ), #1617, .T. ) ;
#5099 = CARTESIAN_POINT ( 'NONE',  ( -30.23899103471230987, 7.421915525148599535, -33.76257011203577463 ) ) ;
#5100 = LINE ( 'NONE', #5300, #5706 ) ;
#5101 = DIRECTION ( 'NONE',  ( 0.000000000000000000, -0.000000000000000000, 1.000000000000000000 ) ) ;
#5102 = CARTESIAN_POINT ( 'NONE',  ( 16.67942746741109161, 7.479417570959293826, -32.77999999999999403 ) ) ;
#5103 = ORIENTED_EDGE ( 'NONE', *, *, #8398, .T. ) ;
#5104 = CARTESIAN_POINT ( 'NONE',  ( -30.10518377042509286, 7.537163529917400240, -8.168928144621519394 ) ) ;
#5105 = VECTOR ( 'NONE', #7606, 1000.000000000000000 ) ;
#5106 = CARTESIAN_POINT ( 'NONE',  ( -30.87057253258902989, 5.979163850806769709, -31.19999999999999929 ) ) ;
#5107 = ORIENTED_EDGE ( 'NONE', *, *, #691, .F. ) ;
#5108 = EDGE_CURVE ( 'NONE', #8613, #674, #385, .T. ) ;
#5109 = CARTESIAN_POINT ( 'NONE',  ( 29.58861705234136252, 7.513383175396104008, -7.511882100379003724 ) ) ;
#5110 = CARTESIAN_POINT ( 'NONE',  ( -31.26965845134708388, 6.280378773161282346, -8.400000000000003908 ) ) ;
#5111 = CARTESIAN_POINT ( 'NONE',  ( -29.92874902605302978, 2.211820012358154397, -77.59999999999999432 ) ) ;
#5112 = CARTESIAN_POINT ( 'NONE',  ( -28.96370769616951435, 5.878308635664674320, -8.514320996111063522 ) ) ;
#5113 = CARTESIAN_POINT ( 'NONE',  ( 25.77782331950740513, 9.479417570959293826, -32.94706763469487498 ) ) ;
#5114 = FACE_OUTER_BOUND ( 'NONE', #3339, .T. ) ;
#5115 = AXIS2_PLACEMENT_3D ( 'NONE', #2742, #7863, #9387 ) ;
#5116 = ORIENTED_EDGE ( 'NONE', *, *, #8455, .F. ) ;
#5117 = CARTESIAN_POINT ( 'NONE',  ( 28.78650023014686710, 8.141154236230862651, -29.24250348986808135 ) ) ;
#5118 = ORIENTED_EDGE ( 'NONE', *, *, #1560, .F. ) ;
#5119 = CARTESIAN_POINT ( 'NONE',  ( 30.30136728733317497, 7.321967445368264826, -7.854212484848301479 ) ) ;
#5120 = CARTESIAN_POINT ( 'NONE',  ( -27.52057253258907465, 6.882612225788601990, -4.249999999999989342 ) ) ;
#5121 = VERTEX_POINT ( 'NONE', #9255 ) ;
#5122 = ORIENTED_EDGE ( 'NONE', *, *, #8898, .F. ) ;
#5123 = ADVANCED_FACE ( 'NONE', ( #3295 ), #9306, .F. ) ;
#5124 = AXIS2_PLACEMENT_3D ( 'NONE', #8883, #8836, #7478 ) ;
#5125 = CARTESIAN_POINT ( 'NONE',  ( 21.71435974059371077, 7.479417570959294714, -23.84699533739687993 ) ) ;
#5126 = CARTESIAN_POINT ( 'NONE',  ( 24.78237303655090429, 7.479417570959292050, -12.72722056509532429 ) ) ;
#5127 = PLANE ( 'NONE',  #4631 ) ;
#5128 = EDGE_CURVE ( 'NONE', #3830, #4649, #353, .T. ) ;
#5129 = CARTESIAN_POINT ( 'NONE',  ( -29.10184714572564602, 7.951596221497353234, -25.81795685537232998 ) ) ;
#5130 = EDGE_LOOP ( 'NONE', ( #7985, #1661, #1262, #8591 ) ) ;
#5131 = DIRECTION ( 'NONE',  ( -2.017120320903265428E-16, -1.000000000000000000, 0.000000000000000000 ) ) ;
#5132 = AXIS2_PLACEMENT_3D ( 'NONE', #3129, #4418, #2365 ) ;
#5133 = ORIENTED_EDGE ( 'NONE', *, *, #969, .F. ) ;
#5134 = CARTESIAN_POINT ( 'NONE',  ( 30.82942746741102624, 5.979164254138698453, -8.400000000000005684 ) ) ;
#5135 = CARTESIAN_POINT ( 'NONE',  ( 28.61537511129070666, 6.142531535816650567, -31.06773692728780034 ) ) ;
#5136 = CARTESIAN_POINT ( 'NONE',  ( 31.22850509297904864, 6.280390163998704978, -8.400000000000005684 ) ) ;
#5137 = DIRECTION ( 'NONE',  ( -2.017120320903265181E-16, -1.000000000000000000, 0.000000000000000000 ) ) ;
#5138 = ORIENTED_EDGE ( 'NONE', *, *, #2513, .F. ) ;
#5139 = DIRECTION ( 'NONE',  ( 0.000000000000000000, 0.000000000000000000, -1.000000000000000000 ) ) ;
#5140 = CARTESIAN_POINT ( 'NONE',  ( 30.09163745992773897, 7.513019925152595313, -8.180277436534908020 ) ) ;
#5141 = CARTESIAN_POINT ( 'NONE',  ( 27.47942746741109943, 6.882466451305252697, -28.55000000000000426 ) ) ;
#5142 = CARTESIAN_POINT ( 'NONE',  ( -28.68160879801618179, 6.122837296683212749, -2.000000000000085265 ) ) ;
#5143 = CARTESIAN_POINT ( 'NONE',  ( -30.10518377042447113, 7.537163529917921601, -30.96892814462151122 ) ) ;
#5144 = VERTEX_POINT ( 'NONE', #263 ) ;
#5145 = CARTESIAN_POINT ( 'NONE',  ( 24.66214650367247430, 7.481205497385278846, -32.77960154906484291 ) ) ;
#5146 = DATE_AND_TIME ( #2203, #5318 ) ;
#5147 = FACE_OUTER_BOUND ( 'NONE', #4641, .T. ) ;
#5148 = EDGE_CURVE ( 'NONE', #6433, #4235, #8197, .T. ) ;
#5149 = ADVANCED_FACE ( 'NONE', ( #361 ), #7117, .F. ) ;
#5150 = CIRCLE ( 'NONE', #4842, 0.5000000000000004441 ) ;
#5151 = CARTESIAN_POINT ( 'NONE',  ( 32.94128332312193663, 1.969011033244729481, -30.70000000000460716 ) ) ;
#5152 = CARTESIAN_POINT ( 'NONE',  ( -16.70460516799093753, -2.520582429040704397, -79.59999999999999432 ) ) ;
#5153 = CARTESIAN_POINT ( 'NONE',  ( 30.97942746683140314, 1.475763393806238666, -79.59999999999999432 ) ) ;
#5154 = CARTESIAN_POINT ( 'NONE',  ( 32.20121294351258001, 4.670811447884192447, -24.39999999999994174 ) ) ;
#5155 = CARTESIAN_POINT ( 'NONE',  ( -26.72057253258905973, -6.520582429040420180, -16.07050836506885361 ) ) ;
#5156 = EDGE_CURVE ( 'NONE', #5032, #6291, #8094, .T. ) ;
#5157 = LOCAL_TIME ( 14, 18, 13.00000000000000000, #1370 ) ;
#5158 = LINE ( 'NONE', #8126, #2126 ) ;
#5159 = CARTESIAN_POINT ( 'NONE',  ( 30.82942746741107598, -2.520582429040425065, -27.04999999999999005 ) ) ;
#5160 = ORIENTED_EDGE ( 'NONE', *, *, #4339, .T. ) ;
#5161 = CARTESIAN_POINT ( 'NONE',  ( -33.08112479349649959, -3.520582429040414407, -25.22865389885242848 ) ) ;
#5162 = DIRECTION ( 'NONE',  ( 0.000000000000000000, 0.000000000000000000, 1.000000000000000000 ) ) ;
#5163 = CARTESIAN_POINT ( 'NONE',  ( 26.54094076318002138, 9.353779282949355789, -32.98471143137669515 ) ) ;
#5164 = EDGE_LOOP ( 'NONE', ( #4245, #1190, #1439, #1397 ) ) ;
#5165 = EDGE_LOOP ( 'NONE', ( #3917, #726, #9161, #4950, #7539, #4986, #9204, #2235, #8330, #5426, #3908, #483, #3960, #2487, #6193 ) ) ;
#5166 = DIRECTION ( 'NONE',  ( 1.000000000000000000, -2.017120320903265181E-16, -1.613696256722612145E-15 ) ) ;
#5167 = ORIENTED_EDGE ( 'NONE', *, *, #6437, .F. ) ;
#5168 = ORIENTED_EDGE ( 'NONE', *, *, #1094, .T. ) ;
#5169 = CARTESIAN_POINT ( 'NONE',  ( 18.73268048933495322, 7.479417570959292938, -26.53184214339687941 ) ) ;
#5170 = CARTESIAN_POINT ( 'NONE',  ( -27.52057253258906755, 6.882612225788602878, -5.908451286124426716 ) ) ;
#5171 = CARTESIAN_POINT ( 'NONE',  ( 23.93681207653068199, 7.479417570959292938, -20.12028104971946618 ) ) ;
#5172 = EDGE_CURVE ( 'NONE', #999, #8326, #4656, .T. ) ;
#5173 = ADVANCED_FACE ( 'NONE', ( #250 ), #7294, .T. ) ;
#5174 = B_SPLINE_CURVE_WITH_KNOTS ( 'NONE', 3,
 ( #8606, #3163, #8565, #1922, #7828, #6419 ),
 .UNSPECIFIED., .F., .F.,
 ( 4, 2, 4 ),
 ( 0.000000000000000000, 0.0007820803300860069149, 0.001564160660172013830 ),
 .UNSPECIFIED. ) ;
#5175 = DIRECTION ( 'NONE',  ( -0.000000000000000000, -0.000000000000000000, -1.000000000000000000 ) ) ;
#5176 = CARTESIAN_POINT ( 'NONE',  ( 33.39609413407774952, -4.520582429040426398, -29.92180544137528031 ) ) ;
#5177 = ORIENTED_EDGE ( 'NONE', *, *, #3718, .T. ) ;
#5178 = CARTESIAN_POINT ( 'NONE',  ( -28.83360472956136888, 6.349417570959272616, -75.59999999999996589 ) ) ;
#5179 = EDGE_LOOP ( 'NONE', ( #3736, #5044, #5408, #6460, #6835, #824, #8569, #6715 ) ) ;
#5180 = CARTESIAN_POINT ( 'NONE',  ( 27.49484638669808945, 9.054198329565723569, -0.000000000000000000 ) ) ;
#5181 = CARTESIAN_POINT ( 'NONE',  ( -33.43723919925573540, -4.520582429040413963, -29.92180544137527676 ) ) ;
#5182 = FACE_OUTER_BOUND ( 'NONE', #6804, .T. ) ;
#5183 = FACE_OUTER_BOUND ( 'NONE', #2656, .T. ) ;
#5184 = CARTESIAN_POINT ( 'NONE',  ( -33.02057253258906400, 1.027832321093304024, -24.88596169655730961 ) ) ;
#5185 = ORIENTED_EDGE ( 'NONE', *, *, #2724, .T. ) ;
#5186 = DIRECTION ( 'NONE',  ( -2.017120320903265428E-16, -1.000000000000000000, 0.000000000000000000 ) ) ;
#5187 = CARTESIAN_POINT ( 'NONE',  ( 28.62343634973723994, 8.540817759350924021, -6.775479529495839870 ) ) ;
#5188 = EDGE_LOOP ( 'NONE', ( #1539, #4137, #153, #2447 ) ) ;
#5189 = DIRECTION ( 'NONE',  ( 1.000000000000000000, 0.000000000000000000, -6.938893903907222067E-15 ) ) ;
#5190 = CARTESIAN_POINT ( 'NONE',  ( -30.19833656884656037, 7.455184882400065938, -30.61138548228139200 ) ) ;
#5191 = ORIENTED_EDGE ( 'NONE', *, *, #3685, .T. ) ;
#5192 = CARTESIAN_POINT ( 'NONE',  ( 24.98328830951546209, 7.479417570959290273, -2.000000000000043521 ) ) ;
#5193 = DIRECTION ( 'NONE',  ( -1.387778780781445922E-16, 1.000000000000000000, -0.000000000000000000 ) ) ;
#5194 = CARTESIAN_POINT ( 'NONE',  ( 32.81057906786381295, 2.739747276411011345, -77.60000000000000853 ) ) ;
#5195 = DIRECTION ( 'NONE',  ( -0.000000000000000000, -1.000000000000000000, -0.000000000000000000 ) ) ;
#5196 = ADVANCED_FACE ( 'NONE', ( #427 ), #3434, .F. ) ;
#5197 = CARTESIAN_POINT ( 'NONE',  ( 30.97942746741108877, -4.520582429040439720, -9.100000000000010303 ) ) ;
#5198 = CARTESIAN_POINT ( 'NONE',  ( 32.47942746741108522, -2.520582429040426398, -2.599999999999996980 ) ) ;
#5199 = CARTESIAN_POINT ( 'NONE',  ( -28.38863780339090326, 9.481417570959296270, -2.000000000000000000 ) ) ;
#5200 = DIRECTION ( 'NONE',  ( 0.000000000000000000, 0.000000000000000000, 1.000000000000000000 ) ) ;
#5201 = ORIENTED_EDGE ( 'NONE', *, *, #2301, .T. ) ;
#5202 = DIRECTION ( 'NONE',  ( -1.250608365883192617E-15, 1.000000000000000000, 2.343603989771762130E-30 ) ) ;
#5203 = CARTESIAN_POINT ( 'NONE',  ( 30.31780559962846056, 4.972433092630662799, -78.65037097877301164 ) ) ;
#5204 = ORIENTED_EDGE ( 'NONE', *, *, #5369, .F. ) ;
#5205 = CARTESIAN_POINT ( 'NONE',  ( 30.82942746741109374, 10.01696613767508381, -2.099999999999999645 ) ) ;
#5206 = EDGE_CURVE ( 'NONE', #5121, #4706, #9551, .T. ) ;
#5207 = CARTESIAN_POINT ( 'NONE',  ( -29.97048084312414318, 4.664634744711529279, -76.59999999999999432 ) ) ;
#5208 = EDGE_CURVE ( 'NONE', #4649, #682, #1394, .T. ) ;
#5209 = CARTESIAN_POINT ( 'NONE',  ( 27.90697062956219199, 7.077605875501636667, -36.81626147734764487 ) ) ;
#5210 = VERTEX_POINT ( 'NONE', #4735 ) ;
#5211 = DIRECTION ( 'NONE',  ( 1.000000000000000000, 1.778091562876225694E-14, 0.000000000000000000 ) ) ;
#5212 = AXIS2_PLACEMENT_3D ( 'NONE', #60, #1574, #5978 ) ;
#5213 = VERTEX_POINT ( 'NONE', #9352 ) ;
#5214 = ORIENTED_EDGE ( 'NONE', *, *, #4093, .F. ) ;
#5215 = CARTESIAN_POINT ( 'NONE',  ( 23.81132681634075254, 7.479417570959295603, -20.42930228064110665 ) ) ;
#5216 = FACE_OUTER_BOUND ( 'NONE', #625, .T. ) ;
#5217 = CARTESIAN_POINT ( 'NONE',  ( -30.06854407882558178, 7.576137384451069323, -0.000000000000000000 ) ) ;
#5218 = CARTESIAN_POINT ( 'NONE',  ( 22.51826019905063347, 7.479417570959294714, -7.003927304194023762 ) ) ;
#5219 = AXIS2_PLACEMENT_3D ( 'NONE', #4468, #8117, #745 ) ;
#5220 = DIRECTION ( 'NONE',  ( -2.025677196612374621E-16, -1.000000000000000000, -3.697785493223491743E-32 ) ) ;
#5221 = LINE ( 'NONE', #4015, #8510 ) ;
#5222 = EDGE_LOOP ( 'NONE', ( #2176, #3308, #3419, #4491, #1147, #8303 ) ) ;
#5223 = CARTESIAN_POINT ( 'NONE',  ( -28.44613486920353651, 8.655815229973255143, -5.965444348078403181 ) ) ;
#5224 = VERTEX_POINT ( 'NONE', #1048 ) ;
#5225 = CARTESIAN_POINT ( 'NONE',  ( 31.81687553197020435, 5.392380882846324219, -0.000000000000000000 ) ) ;
#5226 = CARTESIAN_POINT ( 'NONE',  ( -30.73088850713909537, 6.940056590380903501, -24.43264238197584604 ) ) ;
#5227 = CIRCLE ( 'NONE', #4769, 1.649999999999998579 ) ;
#5228 = AXIS2_PLACEMENT_3D ( 'NONE', #4920, #528, #1965 ) ;
#5229 = EDGE_CURVE ( 'NONE', #2748, #295, #4138, .T. ) ;
#5230 = CARTESIAN_POINT ( 'NONE',  ( -26.72057253258906329, -6.520582429040413075, -29.95157287525381307 ) ) ;
#5231 = CARTESIAN_POINT ( 'NONE',  ( -30.87057253258903700, 10.01696613767509625, -30.69999999999999929 ) ) ;
#5232 = EDGE_CURVE ( 'NONE', #8440, #5642, #4010, .T. ) ;
#5233 = CARTESIAN_POINT ( 'NONE',  ( 32.97942746741105680, 1.974483846614457860, -1.599999999999990319 ) ) ;
#5234 = DIRECTION ( 'NONE',  ( -0.5833333333333239334, 0.000000000000000000, 0.8122328620674204025 ) ) ;
#5235 = AXIS2_PLACEMENT_3D ( 'NONE', #5039, #7271, #5815 ) ;
#5236 = ORIENTED_EDGE ( 'NONE', *, *, #1954, .T. ) ;
#5237 = AXIS2_PLACEMENT_3D ( 'NONE', #6745, #2987, #165 ) ;
#5238 = CARTESIAN_POINT ( 'NONE',  ( -31.37549341845670270, 5.248652671777912282, -7.899999999999983480 ) ) ;
#5239 = PLANE ( 'NONE',  #1420 ) ;
#5240 = CARTESIAN_POINT ( 'NONE',  ( 32.99459511342823248, -3.259588978836482465, -30.35882870867848382 ) ) ;
#5241 = ORIENTED_EDGE ( 'NONE', *, *, #8676, .F. ) ;
#5242 = ADVANCED_FACE ( 'NONE', ( #5460 ), #4097, .F. ) ;
#5243 = CARTESIAN_POINT ( 'NONE',  ( 24.99753450738080929, 7.479390072202749096, -76.60000000000000853 ) ) ;
#5244 = CARTESIAN_POINT ( 'NONE',  ( 32.47942746741107101, 1.027832321093518519, -30.69999999999999929 ) ) ;
#5245 = CIRCLE ( 'NONE', #3238, 0.5000000000000004441 ) ;
#5246 = AXIS2_PLACEMENT_3D ( 'NONE', #6294, #3318, #1127 ) ;
#5247 = EDGE_CURVE ( 'NONE', #7185, #6789, #4935, .T. ) ;
#5248 = CARTESIAN_POINT ( 'NONE',  ( -23.21057253258958752, -3.650582429040706067, -74.71000000000022112 ) ) ;
#5249 = DIRECTION ( 'NONE',  ( 1.000000000000000000, -2.628368902995164490E-16, 0.000000000000000000 ) ) ;
#5250 = CARTESIAN_POINT ( 'NONE',  ( -30.87057253258905121, 9.481417570959296270, -5.750000000000006217 ) ) ;
#5251 = CARTESIAN_POINT ( 'NONE',  ( -32.52057253258906400, 10.01696613767509625, -7.900000000000003908 ) ) ;
#5252 = VECTOR ( 'NONE', #170, 1000.000000000000000 ) ;
#5253 = VECTOR ( 'NONE', #8331, 1000.000000000000000 ) ;
#5254 = DIRECTION ( 'NONE',  ( -2.017120320903265181E-16, -1.000000000000000000, 0.000000000000000000 ) ) ;
#5255 = EDGE_CURVE ( 'NONE', #8198, #9068, #7386, .T. ) ;
#5256 = LINE ( 'NONE', #3951, #6700 ) ;
#5257 = ORIENTED_EDGE ( 'NONE', *, *, #3622, .F. ) ;
#5258 = CARTESIAN_POINT ( 'NONE',  ( -25.89467429050442249, 9.429083110316318184, -11.00564355093168523 ) ) ;
#5259 = ORIENTED_EDGE ( 'NONE', *, *, #1125, .F. ) ;
#5260 = EDGE_CURVE ( 'NONE', #1260, #9010, #1148, .T. ) ;
#5261 = DIRECTION ( 'NONE',  ( -2.017120320903265428E-16, -1.000000000000000000, -0.000000000000000000 ) ) ;
#5262 = CARTESIAN_POINT ( 'NONE',  ( -28.94808008940578858, 8.380257993984766784, -2.731435196195206583 ) ) ;
#5263 = CARTESIAN_POINT ( 'NONE',  ( 30.82942746741107953, 2.444417355247898715, -23.69999999999999929 ) ) ;
#5264 = CARTESIAN_POINT ( 'NONE',  ( 32.19652992050534124, 3.217734594805333970, -7.899999999999983480 ) ) ;
#5265 = ORIENTED_EDGE ( 'NONE', *, *, #8248, .T. ) ;
#5266 = CARTESIAN_POINT ( 'NONE',  ( 31.53798213153818963, 5.849916293657420496, -5.551115123125782702E-14 ) ) ;
#5267 = ORIENTED_EDGE ( 'NONE', *, *, #9289, .T. ) ;
#5268 = ORIENTED_EDGE ( 'NONE', *, *, #7866, .F. ) ;
#5269 = EDGE_CURVE ( 'NONE', #1457, #3784, #1977, .T. ) ;
#5270 = EDGE_CURVE ( 'NONE', #130, #2082, #7401, .T. ) ;
#5271 = ADVANCED_FACE ( 'NONE', ( #3240 ), #2603, .T. ) ;
#5272 = CARTESIAN_POINT ( 'NONE',  ( 18.73483727628039119, 7.479417570959292938, -3.249581901137454931 ) ) ;
#5273 = AXIS2_PLACEMENT_3D ( 'NONE', #565, #9449, #2751 ) ;
#5274 = DIRECTION ( 'NONE',  ( 0.000000000000000000, 0.000000000000000000, 1.000000000000000000 ) ) ;
#5275 = CARTESIAN_POINT ( 'NONE',  ( 21.04297731042953501, 7.479417570959293826, -24.59300748915013912 ) ) ;
#5276 = DIRECTION ( 'NONE',  ( 2.017120320903265181E-16, 1.000000000000000000, -0.000000000000000000 ) ) ;
#5277 = CARTESIAN_POINT ( 'NONE',  ( -2.050572532588917696, 8.479417570959274286, -14.89000000000000057 ) ) ;
#5278 = VERTEX_POINT ( 'NONE', #7189 ) ;
#5279 = ORIENTED_EDGE ( 'NONE', *, *, #893, .F. ) ;
#5280 = VECTOR ( 'NONE', #2926, 1000.000000000000000 ) ;
#5281 = PLANE ( 'NONE',  #185 ) ;
#5282 = VECTOR ( 'NONE', #8737, 1000.000000000000000 ) ;
#5283 = LINE ( 'NONE', #835, #1824 ) ;
#5284 = EDGE_CURVE ( 'NONE', #527, #6313, #2885, .T. ) ;
#5285 = CARTESIAN_POINT ( 'NONE',  ( 30.69790760389280848, 3.059305144338089644, -31.89999999999998437 ) ) ;
#5286 = CARTESIAN_POINT ( 'NONE',  ( -32.23742860548023970, 3.217872996407297403, -24.89999999999998792 ) ) ;
#5287 = CARTESIAN_POINT ( 'NONE',  ( -32.52057253258906400, -2.520582429040414407, -2.099999999999996980 ) ) ;
#5288 = CARTESIAN_POINT ( 'NONE',  ( -33.02057253258906400, 1.144257335136629861, -31.20000000000000995 ) ) ;
#5289 = VECTOR ( 'NONE', #5844, 1000.000000000000000 ) ;
#5290 = VERTEX_POINT ( 'NONE', #8026 ) ;
#5291 = CARTESIAN_POINT ( 'NONE',  ( -32.52057253258906400, 1.027832321093293810, -2.099999999999996980 ) ) ;
#5292 = CARTESIAN_POINT ( 'NONE',  ( -29.45973790065546893, 7.665750923409190065, -7.378774494938557638 ) ) ;
#5293 = ORIENTED_EDGE ( 'NONE', *, *, #8649, .T. ) ;
#5294 = CARTESIAN_POINT ( 'NONE',  ( -30.99445994691396677, 1.713420095634488716, -76.59999999999999432 ) ) ;
#5295 = EDGE_LOOP ( 'NONE', ( #543, #7100, #1152, #8479, #8099 ) ) ;
#5296 = CARTESIAN_POINT ( 'NONE',  ( 28.67942746741109517, -9.520582429040636896, 0.000000000000000000 ) ) ;
#5297 = CARTESIAN_POINT ( 'NONE',  ( 29.18018661329070085, 6.351848140341319393, -66.00000000000000000 ) ) ;
#5298 = CARTESIAN_POINT ( 'NONE',  ( 31.74366086161678524, 4.466949820389383596, -24.89999999999999147 ) ) ;
#5299 = CARTESIAN_POINT ( 'NONE',  ( 27.97942746741108522, -4.520582429040423733, -32.78000000000000114 ) ) ;
#5300 = CARTESIAN_POINT ( 'NONE',  ( 0.000000000000000000, 6.349417570959293933, -75.59999999999998010 ) ) ;
#5301 = CARTESIAN_POINT ( 'NONE',  ( -28.44613486920354006, 8.655815229973256919, -4.249999999999990230 ) ) ;
#5302 = CARTESIAN_POINT ( 'NONE',  ( -30.02057253258906400, -4.520582429040413963, -77.59999999999999432 ) ) ;
#5303 = CARTESIAN_POINT ( 'NONE',  ( 32.97942746741107811, 1.027832321093519186, -79.59999999999999432 ) ) ;
#5304 = CARTESIAN_POINT ( 'NONE',  ( 10.94942746741108053, 7.479417570959293826, -14.89000000000000057 ) ) ;
#5305 = CARTESIAN_POINT ( 'NONE',  ( -31.26965845134707678, 6.280378773161307215, -24.39999999999999858 ) ) ;
#5306 = DIRECTION ( 'NONE',  ( -2.017120320903265428E-16, -1.000000000000000000, -0.000000000000000000 ) ) ;
#5307 = VERTEX_POINT ( 'NONE', #6607 ) ;
#5308 = ADVANCED_FACE ( 'NONE', ( #5013 ), #4279, .F. ) ;
#5309 = CARTESIAN_POINT ( 'NONE',  ( -29.23697518233156600, 8.198155755657422716, -30.39730878810651404 ) ) ;
#5310 = CARTESIAN_POINT ( 'NONE',  ( -29.51239294973034077, 8.011138801391020081, -2.568916505329689848 ) ) ;
#5311 = CARTESIAN_POINT ( 'NONE',  ( 29.46180774995536567, 8.014650384793823079, -33.48687567105298513 ) ) ;
#5312 = ORIENTED_EDGE ( 'NONE', *, *, #4687, .T. ) ;
#5313 = AXIS2_PLACEMENT_3D ( 'NONE', #1677, #9095, #7491 ) ;
#5314 = LINE ( 'NONE', #8282, #4211 ) ;
#5315 = VERTEX_POINT ( 'NONE', #2065 ) ;
#5316 = CARTESIAN_POINT ( 'NONE',  ( 20.19784323542487314, 7.479417570959294714, -4.378320843548151764 ) ) ;
#5317 = DIRECTION ( 'NONE',  ( 1.000000000000000000, -2.017120320903265181E-16, 0.000000000000000000 ) ) ;
#5318 = LOCAL_TIME ( 14, 18, 13.00000000000000000, #5000 ) ;
#5319 = DIRECTION ( 'NONE',  ( 0.000000000000000000, 0.000000000000000000, -1.000000000000000000 ) ) ;
#5320 = FACE_OUTER_BOUND ( 'NONE', #1592, .T. ) ;
#5321 = DIRECTION ( 'NONE',  ( 1.000000000000000000, -2.891205793294675861E-16, 0.000000000000000000 ) ) ;
#5322 = ADVANCED_FACE ( 'NONE', ( #5742 ), #8711, .T. ) ;
#5323 = ORIENTED_EDGE ( 'NONE', *, *, #7638, .F. ) ;
#5324 = ORIENTED_EDGE ( 'NONE', *, *, #711, .T. ) ;
#5325 = CARTESIAN_POINT ( 'NONE',  ( 31.39344854750573788, 6.084016298352503682, -0.000000000000000000 ) ) ;
#5326 = DIRECTION ( 'NONE',  ( 0.000000000000000000, 0.000000000000000000, -1.000000000000000000 ) ) ;
#5327 = CARTESIAN_POINT ( 'NONE',  ( 30.84903816310501767, 2.349417570959282386, -79.59999999999995168 ) ) ;
#5328 = DIRECTION ( 'NONE',  ( 1.000000000000000000, 0.000000000000000000, -1.613696256722612145E-15 ) ) ;
#5329 = CARTESIAN_POINT ( 'NONE',  ( -31.84096771775562829, 5.523439225167674493, -24.89999999999071534 ) ) ;
#5330 = CARTESIAN_POINT ( 'NONE',  ( 30.82942746741107953, 9.481417570959282060, -23.69999999999999929 ) ) ;
#5331 = ADVANCED_FACE ( 'NONE', ( #3478 ), #8754, .T. ) ;
#5332 = VERTEX_POINT ( 'NONE', #7239 ) ;
#5333 = EDGE_CURVE ( 'NONE', #392, #5845, #7268, .T. ) ;
#5334 = CARTESIAN_POINT ( 'NONE',  ( -33.07798126553535667, -3.004099927061013364, -30.39931278809363491 ) ) ;
#5335 = CARTESIAN_POINT ( 'NONE',  ( 30.68972558006333529, 6.940048974435173434, -8.367333929007923388 ) ) ;
#5336 = VERTEX_POINT ( 'NONE', #6515 ) ;
#5337 = CARTESIAN_POINT ( 'NONE',  ( 30.30012001746237260, 7.323200488744574521, -2.146047013896260403 ) ) ;
#5338 = ORIENTED_EDGE ( 'NONE', *, *, #191, .F. ) ;
#5339 = CARTESIAN_POINT ( 'NONE',  ( 24.99753450738080929, 7.479390072202749096, -2.000000000000057288 ) ) ;
#5340 = CARTESIAN_POINT ( 'NONE',  ( 30.93525054673188635, 1.916170716776853356, -79.60000000000003695 ) ) ;
#5341 = CARTESIAN_POINT ( 'NONE',  ( 32.79148457986868692, 2.892305815026224192, -30.69999999999543050 ) ) ;
#5342 = CARTESIAN_POINT ( 'NONE',  ( -30.87057253258905476, -2.520582429040413075, -27.04999999999999005 ) ) ;
#5343 = DIRECTION ( 'NONE',  ( 1.000000000000000000, 0.000000000000000000, 0.000000000000000000 ) ) ;
#5344 = CARTESIAN_POINT ( 'NONE',  ( 28.70141191296779937, 8.195884044408336067, -6.103075884595354772 ) ) ;
#5345 = CARTESIAN_POINT ( 'NONE',  ( 29.76274055884766767, 7.353540500094251975, -30.43872393751986394 ) ) ;
#5346 = CARTESIAN_POINT ( 'NONE',  ( 30.71443235663959825, 3.456915091665949458, -79.44362449279695682 ) ) ;
#5347 = DIRECTION ( 'NONE',  ( 0.9369889971010664231, 0.000000000000000000, 0.3493588689464429686 ) ) ;
#5348 = CARTESIAN_POINT ( 'NONE',  ( -25.02057253258905689, 9.479417570959295603, -9.600236300173884629 ) ) ;
#5349 = VERTEX_POINT ( 'NONE', #1391 ) ;
#5350 = CYLINDRICAL_SURFACE ( 'NONE', #3860, 4.000000000000000000 ) ;
#5351 = CARTESIAN_POINT ( 'NONE',  ( -29.79550942566776328, 7.794868367339299553, -1.984992736828864901 ) ) ;
#5352 = ADVANCED_FACE ( 'NONE', ( #4330 ), #9494, .F. ) ;
#5353 = DIRECTION ( 'NONE',  ( -2.017120320903265428E-16, -1.000000000000000000, 0.000000000000000000 ) ) ;
#5354 = EDGE_LOOP ( 'NONE', ( #5122, #3996, #6533, #1473 ) ) ;
#5355 = EDGE_CURVE ( 'NONE', #9035, #3583, #1216, .T. ) ;
#5356 = CARTESIAN_POINT ( 'NONE',  ( 31.96000777975534390, 5.166551048974066696, -5.551115123125782702E-14 ) ) ;
#5357 = EDGE_LOOP ( 'NONE', ( #1343, #455, #9217, #2132 ) ) ;
#5358 = EDGE_CURVE ( 'NONE', #8326, #4494, #2624, .T. ) ;
#5359 = ORIENTED_EDGE ( 'NONE', *, *, #8570, .T. ) ;
#5360 = CARTESIAN_POINT ( 'NONE',  ( 24.90150204709228987, 7.479417570959294714, -16.05944703705178966 ) ) ;
#5361 = CARTESIAN_POINT ( 'NONE',  ( 26.47942746741108166, 6.349417570959288604, -48.50000000000000711 ) ) ;
#5362 = DIRECTION ( 'NONE',  ( -1.000000000000000000, 0.000000000000000000, 0.000000000000000000 ) ) ;
#5363 = AXIS2_PLACEMENT_3D ( 'NONE', #6852, #5306, #3952 ) ;
#5364 = CARTESIAN_POINT ( 'NONE',  ( 30.30012001746127481, 7.323200488745698067, -24.94604701389716794 ) ) ;
#5365 = CARTESIAN_POINT ( 'NONE',  ( -25.05536764297405483, 7.479417570959292938, -2.000000000000003109 ) ) ;
#5366 = ORIENTED_EDGE ( 'NONE', *, *, #6397, .T. ) ;
#5367 = CARTESIAN_POINT ( 'NONE',  ( -29.20466130604387089, 8.219325836588051715, -30.36548635902820692 ) ) ;
#5368 = ORIENTED_EDGE ( 'NONE', *, *, #285, .F. ) ;
#5369 = EDGE_CURVE ( 'NONE', #2109, #2902, #919, .T. ) ;
#5370 = DIRECTION ( 'NONE',  ( -2.017120320903265428E-16, -1.000000000000000000, 0.000000000000000000 ) ) ;
#5371 = CARTESIAN_POINT ( 'NONE',  ( 27.13678909422966257, 9.167520745289703399, -33.04676930879224983 ) ) ;
#5372 = AXIS2_PLACEMENT_3D ( 'NONE', #2250, #2204, #2300 ) ;
#5373 = CARTESIAN_POINT ( 'NONE',  ( 30.97942746741108166, 1.027832321093516521, -76.59999999999999432 ) ) ;
#5374 = CARTESIAN_POINT ( 'NONE',  ( -31.02057190079653992, 1.171481598021961279, -76.59999999999999432 ) ) ;
#5375 = CARTESIAN_POINT ( 'NONE',  ( 8.836688852417701133E-16, 4.349417570959293933, -36.68424128352742741 ) ) ;
#5376 = DIRECTION ( 'NONE',  ( 0.000000000000000000, 0.000000000000000000, 1.000000000000000000 ) ) ;
#5377 = ORIENTED_EDGE ( 'NONE', *, *, #4953, .F. ) ;
#5378 = CARTESIAN_POINT ( 'NONE',  ( -27.52057253258910308, 6.882612225788594884, -26.89154871387552248 ) ) ;
#5379 = ORIENTED_EDGE ( 'NONE', *, *, #2540, .F. ) ;
#5380 = VECTOR ( 'NONE', #2602, 1000.000000000000000 ) ;
#5381 = CARTESIAN_POINT ( 'NONE',  ( 28.67942746741109161, 8.209411367207925636, -4.249999999999999112 ) ) ;
#5382 = VECTOR ( 'NONE', #4727, 1000.000000000000000 ) ;
#5383 = ORIENTED_EDGE ( 'NONE', *, *, #7880, .F. ) ;
#5384 = CARTESIAN_POINT ( 'NONE',  ( 24.92074877179249270, 7.479417570959294714, -2.000000000000001776 ) ) ;
#5385 = CARTESIAN_POINT ( 'NONE',  ( -26.80057253258890881, 7.183605103086229349, -14.88999999999997215 ) ) ;
#5386 = ADVANCED_FACE ( 'NONE', ( #7446 ), #2312, .F. ) ;
#5387 = EDGE_CURVE ( 'NONE', #7382, #6195, #9593, .T. ) ;
#5388 = AXIS2_PLACEMENT_3D ( 'NONE', #4840, #254, #439 ) ;
#5389 = VECTOR ( 'NONE', #4766, 1000.000000000000000 ) ;
#5390 = DIRECTION ( 'NONE',  ( 1.000000000000000000, 0.000000000000000000, 0.000000000000000000 ) ) ;
#5391 = CARTESIAN_POINT ( 'NONE',  ( -28.72057253258907039, -2.520582429040414851, -5.750000000000000888 ) ) ;
#5392 = CARTESIAN_POINT ( 'NONE',  ( 28.23226993961993259, 6.882248510552458676, -37.07120650295063768 ) ) ;
#5393 = CARTESIAN_POINT ( 'NONE',  ( 28.84984102577202947, 8.099679707313633514, -6.605460241098405128 ) ) ;
#5394 = DIRECTION ( 'NONE',  ( 0.000000000000000000, 0.000000000000000000, -1.000000000000000000 ) ) ;
#5395 = DIRECTION ( 'NONE',  ( 1.000000000000000000, 1.387778780781390455E-15, -0.000000000000000000 ) ) ;
#5396 = CARTESIAN_POINT ( 'NONE',  ( -32.52057253258906400, -2.520582429040414407, -30.69999999999999929 ) ) ;
#5397 = AXIS2_PLACEMENT_3D ( 'NONE', #7047, #6328, #5597 ) ;
#5398 = AXIS2_PLACEMENT_3D ( 'NONE', #8228, #6757, #2374 ) ;
#5399 = CARTESIAN_POINT ( 'NONE',  ( 26.47942746741108166, 7.349417570959288604, -48.50000000000000711 ) ) ;
#5400 = CARTESIAN_POINT ( 'NONE',  ( 29.22266701694508129, 6.279457287138890287, -76.46009381340981292 ) ) ;
#5401 = ORIENTED_EDGE ( 'NONE', *, *, #4384, .T. ) ;
#5402 = EDGE_CURVE ( 'NONE', #5094, #6611, #6660, .T. ) ;
#5403 = TOROIDAL_SURFACE ( 'NONE', #3555, 1.000000000000000000, 0.5000000000000000000 ) ;
#5404 = CARTESIAN_POINT ( 'NONE',  ( -28.64562194384350491, 8.552183652695235949, -3.253000549914812911 ) ) ;
#5405 = TOROIDAL_SURFACE ( 'NONE', #150, 1.749999999999998446, 0.5000000000000000000 ) ;
#5406 = AXIS2_PLACEMENT_3D ( 'NONE', #1766, #9089, #5390 ) ;
#5407 = CARTESIAN_POINT ( 'NONE',  ( -30.87057253258906897, -3.020582429040413963, -2.600000000000000089 ) ) ;
#5408 = ORIENTED_EDGE ( 'NONE', *, *, #7474, .T. ) ;
#5409 = CARTESIAN_POINT ( 'NONE',  ( 29.94173276706209919, 7.662002577352326149, -77.60000000000002274 ) ) ;
#5410 = ORIENTED_EDGE ( 'NONE', *, *, #9553, .T. ) ;
#5411 = AXIS2_PLACEMENT_3D ( 'NONE', #7363, #3688, #1357 ) ;
#5412 = ORIENTED_EDGE ( 'NONE', *, *, #6819, .T. ) ;
#5413 = CARTESIAN_POINT ( 'NONE',  ( -29.31800794140563582, 8.143450460078545561, -0.000000000000000000 ) ) ;
#5414 = DIRECTION ( 'NONE',  ( 0.000000000000000000, 0.000000000000000000, 1.000000000000000000 ) ) ;
#5415 = AXIS2_PLACEMENT_3D ( 'NONE', #6429, #2674, #9462 ) ;
#5416 = CARTESIAN_POINT ( 'NONE',  ( -33.02057253258906400, -2.520582429040413519, -79.59999999999999432 ) ) ;
#5417 = ORIENTED_EDGE ( 'NONE', *, *, #8796, .T. ) ;
#5418 = CARTESIAN_POINT ( 'NONE',  ( -31.03235109352428722, 6.594792229879425705, -30.73592805785148130 ) ) ;
#5419 = B_SPLINE_CURVE_WITH_KNOTS ( 'NONE', 3,
 ( #956, #9051, #8904, #6805, #760, #8375, #2420, #8275, #5309, #4537, #1533, #817, #4487, #3139, #864, #27 ),
 .UNSPECIFIED., .F., .F.,
 ( 4, 2, 2, 2, 2, 2, 2, 4 ),
 ( 0.000000000000000000, 0.001269325436933151519, 0.001903988155399725978, 0.002538650873866300870, 0.003173313592332875112, 0.003807976310799449787, 0.004442639029266024463, 0.005077301747732599138 ),
 .UNSPECIFIED. ) ;
#5420 = ORIENTED_EDGE ( 'NONE', *, *, #4623, .T. ) ;
#5421 = CARTESIAN_POINT ( 'NONE',  ( -32.52057253258905689, 1.027832321093293810, -24.39999999999999147 ) ) ;
#5422 = CARTESIAN_POINT ( 'NONE',  ( -33.02057253258906400, -2.520582429040413519, -2.000000000000001776 ) ) ;
#5423 = DIRECTION ( 'NONE',  ( 1.000000000000000000, -2.017120320903265428E-16, 0.000000000000000000 ) ) ;
#5424 = ADVANCED_FACE ( 'NONE', ( #1736 ), #5350, .T. ) ;
#5425 = CARTESIAN_POINT ( 'NONE',  ( -32.52057253216153754, 1.474294995543486309, -24.89999999999999147 ) ) ;
#5426 = ORIENTED_EDGE ( 'NONE', *, *, #7762, .F. ) ;
#5427 = CARTESIAN_POINT ( 'NONE',  ( -29.26681779574101938, 5.564758135022907837, -24.10649074020206939 ) ) ;
#5428 = CARTESIAN_POINT ( 'NONE',  ( -28.81721305577368497, 6.375659351800363694, -38.32458788537839922 ) ) ;
#5429 = CIRCLE ( 'NONE', #1254, 13.99999999999998046 ) ;
#5430 = VECTOR ( 'NONE', #7754, 1000.000000000000000 ) ;
#5431 = CARTESIAN_POINT ( 'NONE',  ( 29.16310103309026402, 8.219313403864138223, -2.434594983329107620 ) ) ;
#5432 = ORIENTED_EDGE ( 'NONE', *, *, #6743, .F. ) ;
#5433 = ADVANCED_FACE ( 'NONE', ( #9102 ), #2466, .F. ) ;
#5434 = EDGE_CURVE ( 'NONE', #9010, #1642, #7384, .T. ) ;
#5435 = LINE ( 'NONE', #1763, #6973 ) ;
#5436 = CARTESIAN_POINT ( 'NONE',  ( -33.02057253258905689, -3.417375338800369367, -2.124825693172460728 ) ) ;
#5437 = AXIS2_PLACEMENT_3D ( 'NONE', #6139, #2469, #4688 ) ;
#5438 = DIRECTION ( 'NONE',  ( 1.000000000000000000, 0.000000000000000000, 0.000000000000000000 ) ) ;
#5439 = CARTESIAN_POINT ( 'NONE',  ( 32.47942746741107101, -2.946429777430922936, -2.337980848278633061 ) ) ;
#5440 = CARTESIAN_POINT ( 'NONE',  ( 28.79262011024112411, 6.349417570959293933, 0.000000000000000000 ) ) ;
#5441 = CARTESIAN_POINT ( 'NONE',  ( 29.00627340102157348, 7.990376567189403367, -6.901817674039039119 ) ) ;
#5442 = DIRECTION ( 'NONE',  ( -0.000000000000000000, 1.000000000000000000, -3.255019511200714601E-31 ) ) ;
#5443 = EDGE_CURVE ( 'NONE', #4919, #3052, #5419, .T. ) ;
#5444 = CARTESIAN_POINT ( 'NONE',  ( 32.97942746741108522, -4.520582429040437056, -79.59999999999999432 ) ) ;
#5445 = ORIENTED_EDGE ( 'NONE', *, *, #5270, .T. ) ;
#5446 = EDGE_CURVE ( 'NONE', #2939, #237, #2263, .T. ) ;
#5447 = CIRCLE ( 'NONE', #8703, 0.5000000000000004441 ) ;
#5448 = LINE ( 'NONE', #4083, #2749 ) ;
#5449 = CARTESIAN_POINT ( 'NONE',  ( 32.62701519208886225, 3.488742535548238433, -66.49576534015827178 ) ) ;
#5450 = ORIENTED_EDGE ( 'NONE', *, *, #2094, .F. ) ;
#5451 = CARTESIAN_POINT ( 'NONE',  ( -31.74492289839506753, 6.427908843235971226, -38.07078680350056743 ) ) ;
#5452 = CARTESIAN_POINT ( 'NONE',  ( -28.89457955057172711, 8.417043950560451293, -3.382943457065023196 ) ) ;
#5453 = CARTESIAN_POINT ( 'NONE',  ( -30.87057253258904055, -2.520582429040414851, -27.04999999999999361 ) ) ;
#5454 = EDGE_CURVE ( 'NONE', #6573, #5349, #7495, .T. ) ;
#5455 = ORIENTED_EDGE ( 'NONE', *, *, #3919, .F. ) ;
#5456 = ADVANCED_FACE ( 'NONE', ( #5944 ), #6090, .F. ) ;
#5457 = CARTESIAN_POINT ( 'NONE',  ( -30.75549643349920714, 3.456363420285003318, -79.44378340787569925 ) ) ;
#5458 = VERTEX_POINT ( 'NONE', #1636 ) ;
#5459 = VERTEX_POINT ( 'NONE', #8322 ) ;
#5460 = FACE_OUTER_BOUND ( 'NONE', #6727, .T. ) ;
#5461 = CARTESIAN_POINT ( 'NONE',  ( -29.36564423103165211, 5.455363582758889329, -31.54483796772620252 ) ) ;
#5462 = VECTOR ( 'NONE', #1730, 1000.000000000000000 ) ;
#5463 = CARTESIAN_POINT ( 'NONE',  ( 28.97432453609848579, 8.013152272822518185, -25.95141459838415798 ) ) ;
#5464 = ORIENTED_EDGE ( 'NONE', *, *, #9224, .T. ) ;
#5465 = CARTESIAN_POINT ( 'NONE',  ( -29.91855158777009649, 7.696844555003618638, -30.49379276541370132 ) ) ;
#5466 = ORIENTED_EDGE ( 'NONE', *, *, #5520, .T. ) ;
#5467 = CARTESIAN_POINT ( 'NONE',  ( 24.97942746741094311, 9.479417570959293826, -32.94706763282825079 ) ) ;
#5468 = LOCAL_TIME ( 14, 18, 13.00000000000000000, #7327 ) ;
#5469 = CARTESIAN_POINT ( 'NONE',  ( -33.02057253258906400, 1.027832321093304024, -2.075961696557271363 ) ) ;
#5470 = DIRECTION ( 'NONE',  ( 1.613696256722612145E-15, -3.255019511200713287E-31, 1.000000000000000000 ) ) ;
#5471 = ADVANCED_FACE ( 'NONE', ( #3911 ), #3085, .F. ) ;
#5472 = CARTESIAN_POINT ( 'NONE',  ( 24.97942746741094311, 9.479417570959293826, -32.94706763282823658 ) ) ;
#5473 = ORIENTED_EDGE ( 'NONE', *, *, #4114, .T. ) ;
#5474 = DIRECTION ( 'NONE',  ( 1.000000000000000000, 0.000000000000000000, 0.000000000000000000 ) ) ;
#5475 = ORIENTED_EDGE ( 'NONE', *, *, #8160, .F. ) ;
#5476 = CARTESIAN_POINT ( 'NONE',  ( 29.12144581229671303, 8.250526822731691468, -2.929401724412766139 ) ) ;
#5477 = ORIENTED_EDGE ( 'NONE', *, *, #7281, .T. ) ;
#5478 = CARTESIAN_POINT ( 'NONE',  ( 32.97942746741107811, 1.027832321093519186, -24.40000000000000568 ) ) ;
#5479 = CARTESIAN_POINT ( 'NONE',  ( 29.70546227820699059, 7.402712793088949361, -7.587686992453458679 ) ) ;
#5480 = CARTESIAN_POINT ( 'NONE',  ( -30.87057253258903700, 5.979163850806762603, -24.89999999999999503 ) ) ;
#5481 = DIRECTION ( 'NONE',  ( 0.000000000000000000, 1.000000000000000000, 0.000000000000000000 ) ) ;
#5482 = CARTESIAN_POINT ( 'NONE',  ( -31.26965845134707678, 6.280378773161307215, -24.39999999999999858 ) ) ;
#5483 = FACE_OUTER_BOUND ( 'NONE', #3208, .T. ) ;
#5484 = CYLINDRICAL_SURFACE ( 'NONE', #4678, 4.000000000000000000 ) ;
#5485 = DIRECTION ( 'NONE',  ( 0.000000000000000000, 0.000000000000000000, 1.000000000000000000 ) ) ;
#5486 = CARTESIAN_POINT ( 'NONE',  ( 33.10442746741109943, -3.520582429040425065, -6.705689010341600920 ) ) ;
#5487 = CARTESIAN_POINT ( 'NONE',  ( -30.87057253258905476, -2.520582429040411299, -9.099999999999997868 ) ) ;
#5488 = ORIENTED_EDGE ( 'NONE', *, *, #8923, .F. ) ;
#5489 = PLANE ( 'NONE',  #7484 ) ;
#5490 = CARTESIAN_POINT ( 'NONE',  ( -30.14928467219229091, 4.349417570959286827, -36.68424128352742741 ) ) ;
#5491 = EDGE_LOOP ( 'NONE', ( #5559, #7975, #4689, #2185 ) ) ;
#5492 = EDGE_CURVE ( 'NONE', #1288, #7884, #1061, .T. ) ;
#5493 = CARTESIAN_POINT ( 'NONE',  ( 29.41857872050444556, 7.665746301345143898, -25.42123643894278473 ) ) ;
#5494 = CARTESIAN_POINT ( 'NONE',  ( -26.09641605153492705, 9.420828559649706335, -5.551115123125782702E-14 ) ) ;
#5495 = CARTESIAN_POINT ( 'NONE',  ( 32.30218682336690250, 2.786044351327251700, -7.900000000000003908 ) ) ;
#5496 = ORIENTED_EDGE ( 'NONE', *, *, #3444, .T. ) ;
#5497 = FACE_OUTER_BOUND ( 'NONE', #4242, .T. ) ;
#5498 = ORIENTED_EDGE ( 'NONE', *, *, #5269, .F. ) ;
#5499 = ORIENTED_EDGE ( 'NONE', *, *, #162, .F. ) ;
#5500 = EDGE_CURVE ( 'NONE', #7757, #8125, #8951, .T. ) ;
#5501 = ADVANCED_FACE ( 'NONE', ( #8595 ), #4087, .T. ) ;
#5502 = CARTESIAN_POINT ( 'NONE',  ( -32.42476832411625054, 4.240347514914313720, -7.900000000004658851 ) ) ;
#5503 = DIRECTION ( 'NONE',  ( 1.000000000000000000, -3.336006684570776692E-16, 0.000000000000000000 ) ) ;
#5504 = CARTESIAN_POINT ( 'NONE',  ( 31.22850509297920496, 6.280390163998477604, -24.89999999999999858 ) ) ;
#5505 = ORIENTED_EDGE ( 'NONE', *, *, #6088, .F. ) ;
#5506 = CARTESIAN_POINT ( 'NONE',  ( -33.02057253258906400, -4.520582429040413075, -2.075961696557299341 ) ) ;
#5507 = ORIENTED_EDGE ( 'NONE', *, *, #3832, .F. ) ;
#5508 = CARTESIAN_POINT ( 'NONE',  ( 31.03997811945921015, 6.545228020944503733, -34.24469367857363267 ) ) ;
#5509 = CARTESIAN_POINT ( 'NONE',  ( 22.89261971998863032, 8.479417570959276063, -20.03363783202388149 ) ) ;
#5510 = CARTESIAN_POINT ( 'NONE',  ( 28.15018224864753194, 6.495581207847489935, -1.999999999999961364 ) ) ;
#5511 = CARTESIAN_POINT ( 'NONE',  ( -23.21057253258958752, 4.349417570959299262, -39.31000000000022254 ) ) ;
#5512 = LINE ( 'NONE', #2629, #1841 ) ;
#5513 = LINE ( 'NONE', #6164, #6974 ) ;
#5514 = LINE ( 'NONE', #6817, #5253 ) ;
#5515 = VERTEX_POINT ( 'NONE', #1039 ) ;
#5516 = CARTESIAN_POINT ( 'NONE',  ( 30.04804423595842522, 4.467854842617635214, -9.010982185949405476 ) ) ;
#5517 = CARTESIAN_POINT ( 'NONE',  ( -33.04382689145147367, -3.506905138208648243, -2.298850567814394896 ) ) ;
#5518 = VECTOR ( 'NONE', #757, 1000.000000000000000 ) ;
#5519 = ADVANCED_FACE ( 'NONE', ( #5627 ), #7034, .F. ) ;
#5520 = EDGE_CURVE ( 'NONE', #3811, #6990, #2931, .T. ) ;
#5521 = CARTESIAN_POINT ( 'NONE',  ( -26.72057253258906329, -2.520582429040394867, -32.78000000000000114 ) ) ;
#5522 = DIRECTION ( 'NONE',  ( 1.000000000000000000, -3.614007241618348771E-16, 0.000000000000000000 ) ) ;
#5523 = CIRCLE ( 'NONE', #6155, 1.000000000000000000 ) ;
#5524 = CARTESIAN_POINT ( 'NONE',  ( 30.24454898224011146, 7.374844125789506322, -24.56243332203595742 ) ) ;
#5525 = CARTESIAN_POINT ( 'NONE',  ( 24.97942746741094311, 7.690846142387867346, -36.28017184264066941 ) ) ;
#5526 = DIRECTION ( 'NONE',  ( 1.000000000000000000, 0.000000000000000000, 0.000000000000000000 ) ) ;
#5527 = DIRECTION ( 'NONE',  ( 2.005460665869141288E-16, 0.000000000000000000, 1.000000000000000000 ) ) ;
#5528 = LINE ( 'NONE', #8502, #913 ) ;
#5529 = ORIENTED_EDGE ( 'NONE', *, *, #1691, .T. ) ;
#5530 = LINE ( 'NONE', #8592, #6540 ) ;
#5531 = B_SPLINE_CURVE_WITH_KNOTS ( 'NONE', 3,
 ( #536, #3538, #6481, #2909, #1555, #8142, #6058, #830, #780, #5075 ),
 .UNSPECIFIED., .F., .F.,
 ( 4, 2, 2, 2, 4 ),
 ( 1.250926888277100303E-17, 0.001415014740960100813, 0.002830029481920189049, 0.004245044222880276635, 0.005660058963840365089 ),
 .UNSPECIFIED. ) ;
#5532 = ORIENTED_EDGE ( 'NONE', *, *, #3827, .F. ) ;
#5533 = VECTOR ( 'NONE', #5980, 1000.000000000000000 ) ;
#5534 = AXIS2_PLACEMENT_3D ( 'NONE', #4434, #5020, #5796 ) ;
#5535 = CARTESIAN_POINT ( 'NONE',  ( 19.01090127788331685, 7.479417570959294714, -3.439010652958778280 ) ) ;
#5536 = DIRECTION ( 'NONE',  ( 1.000000000000000000, 1.387778780781390455E-15, -0.000000000000000000 ) ) ;
#5537 = CARTESIAN_POINT ( 'NONE',  ( -33.02057253258905689, 1.027832321093293810, -77.59999999999999432 ) ) ;
#5539 = EDGE_CURVE ( 'NONE', #9135, #2939, #3473, .T. ) ;
#5538 = DIRECTION ( 'NONE',  ( 0.000000000000000000, -1.000000000000000000, 0.000000000000000000 ) ) ;
#5540 = ORIENTED_EDGE ( 'NONE', *, *, #3910, .F. ) ;
#5541 = VECTOR ( 'NONE', #3216, 1000.000000000000000 ) ;
#5542 = AXIS2_PLACEMENT_3D ( 'NONE', #7627, #1721, #6984 ) ;
#5543 = DIRECTION ( 'NONE',  ( 1.000000000000000000, 0.000000000000000000, 0.000000000000000000 ) ) ;
#5544 = ORIENTED_EDGE ( 'NONE', *, *, #515, .F. ) ;
#5545 = CARTESIAN_POINT ( 'NONE',  ( -31.02057253229314071, 1.474382162670048624, -79.59999999999999432 ) ) ;
#5546 = EDGE_LOOP ( 'NONE', ( #8428, #5805, #5795, #2172 ) ) ;
#5547 = AXIS2_PLACEMENT_3D ( 'NONE', #2071, #624, #7883 ) ;
#5548 = AXIS2_PLACEMENT_3D ( 'NONE', #5970, #5137, #8106 ) ;
#5549 = CARTESIAN_POINT ( 'NONE',  ( -32.87060404833134442, 2.896043533335725506, -8.399999999993839950 ) ) ;
#5550 = CARTESIAN_POINT ( 'NONE',  ( 30.67942746741113424, -4.520582429040426398, -27.81000000000000227 ) ) ;
#5551 = CARTESIAN_POINT ( 'NONE',  ( 28.67942746741106674, 8.209411367207938071, -28.54999999999999716 ) ) ;
#5552 = AXIS2_PLACEMENT_3D ( 'NONE', #6518, #4914, #1245 ) ;
#5553 = CARTESIAN_POINT ( 'NONE',  ( 29.30239107635838280, 8.127136726632311792, -25.10530908573722897 ) ) ;
#5554 = EDGE_LOOP ( 'NONE', ( #766, #6717, #2956, #9117, #1926 ) ) ;
#5555 = VECTOR ( 'NONE', #2935, 1000.000000000000000 ) ;
#5556 = DIRECTION ( 'NONE',  ( -1.000000000000000000, -8.673617379884033500E-16, 0.000000000000000000 ) ) ;
#5557 = TOROIDAL_SURFACE ( 'NONE', #8659, 1.000000000000000000, 0.5000000000000000000 ) ;
#5558 = ADVANCED_FACE ( 'NONE', ( #2652 ), #3998, .F. ) ;
#5559 = ORIENTED_EDGE ( 'NONE', *, *, #2362, .F. ) ;
#5560 = ADVANCED_FACE ( 'NONE', ( #9155 ), #2032, .T. ) ;
#5561 = DIRECTION ( 'NONE',  ( 0.9394477390925985993, 0.000000000000000000, -0.3426922022950112390 ) ) ;
#5562 = CARTESIAN_POINT ( 'NONE',  ( 23.71178876722364137, 8.479417570959272510, -17.36922516763959834 ) ) ;
#5563 = VECTOR ( 'NONE', #8437, 1000.000000000000000 ) ;
#5564 = DIRECTION ( 'NONE',  ( 0.000000000000000000, 0.000000000000000000, 1.000000000000000000 ) ) ;
#5565 = CARTESIAN_POINT ( 'NONE',  ( -27.69531724204093592, 6.791768314902136616, -25.97102299738413578 ) ) ;
#5566 = ADVANCED_FACE ( 'NONE', ( #4269 ), #7718, .T. ) ;
#5567 = ORIENTED_EDGE ( 'NONE', *, *, #2569, .T. ) ;
#5568 = CIRCLE ( 'NONE', #5886, 0.5000000000000003331 ) ;
#5569 = CARTESIAN_POINT ( 'NONE',  ( 30.82942746741107953, 2.444417355247891166, -9.100000000000010303 ) ) ;
#5570 = CARTESIAN_POINT ( 'NONE',  ( -25.74187273239644824, 7.438239228944078185, -10.67134347957399676 ) ) ;
#5571 = B_SPLINE_CURVE_WITH_KNOTS ( 'NONE', 3,
 ( #6639, #8934, #2292, #101 ),
 .UNSPECIFIED., .F., .F.,
 ( 4, 4 ),
 ( 0.000000000000000000, 0.0007411646726247063605 ),
 .UNSPECIFIED. ) ;
#5572 = CARTESIAN_POINT ( 'NONE',  ( 33.03997972831857055, -3.520582429040426842, -25.22865389885257059 ) ) ;
#5573 = CARTESIAN_POINT ( 'NONE',  ( 29.97942746741108166, 1.027832321093503865, -76.59999999999999432 ) ) ;
#5574 = VECTOR ( 'NONE', #1065, 1000.000000000000000 ) ;
#5575 = CARTESIAN_POINT ( 'NONE',  ( 33.03997972831292174, -3.520582429040426398, -25.22865389883709852 ) ) ;
#5576 = CARTESIAN_POINT ( 'NONE',  ( 28.48883899728609848, 6.687433595743812909, -37.39272455477779289 ) ) ;
#5577 = DIRECTION ( 'NONE',  ( -2.017120320903265181E-16, -1.000000000000000000, 0.000000000000000000 ) ) ;
#5578 = DIRECTION ( 'NONE',  ( 1.000000000000000000, 0.000000000000000000, 0.000000000000000000 ) ) ;
#5579 = CARTESIAN_POINT ( 'NONE',  ( -30.87057253258905476, -2.520582429040413075, -5.750000000000006217 ) ) ;
#5580 = EDGE_LOOP ( 'NONE', ( #2131, #8528, #213, #3526 ) ) ;
#5581 = LINE ( 'NONE', #4082, #2061 ) ;
#5582 = CARTESIAN_POINT ( 'NONE',  ( -31.02057253258905334, 1.474411394314866897, -79.59999999999999432 ) ) ;
#5583 = LINE ( 'NONE', #4223, #2598 ) ;
#5584 = CIRCLE ( 'NONE', #3283, 3.349999999999984990 ) ;
#5585 = EDGE_LOOP ( 'NONE', ( #2530, #520 ) ) ;
#5586 = CARTESIAN_POINT ( 'NONE',  ( 24.46772783940567209, 7.479417570959292938, -11.24532936807053929 ) ) ;
#5587 = CARTESIAN_POINT ( 'NONE',  ( 29.00704566517046956, 7.989822877959342762, -25.89692800089576608 ) ) ;
#5588 = CARTESIAN_POINT ( 'NONE',  ( 32.97942746741107101, 1.027832321093527401, -2.099999999999986766 ) ) ;
#5589 = LINE ( 'NONE', #9344, #591 ) ;
#5590 = ORIENTED_EDGE ( 'NONE', *, *, #8404, .F. ) ;
#5591 = ORIENTED_EDGE ( 'NONE', *, *, #7741, .T. ) ;
#5592 = CARTESIAN_POINT ( 'NONE',  ( -31.26965845134709454, 6.280378773161257477, -7.900000000000050981 ) ) ;
#5593 = EDGE_LOOP ( 'NONE', ( #8416, #4911, #6763, #2405 ) ) ;
#5594 = CARTESIAN_POINT ( 'NONE',  ( 30.82942746741109374, 10.01696613767508381, -5.750000000000000888 ) ) ;
#5595 = DIRECTION ( 'NONE',  ( 1.000000000000000000, -3.336006684570776692E-16, 0.000000000000000000 ) ) ;
#5596 = DIRECTION ( 'NONE',  ( 1.000000000000000000, -0.000000000000000000, -0.000000000000000000 ) ) ;
#5597 = DIRECTION ( 'NONE',  ( -1.000000000000000000, -9.912705577010326782E-17, 0.000000000000000000 ) ) ;
#5598 = ORIENTED_EDGE ( 'NONE', *, *, #1689, .F. ) ;
#5599 = CARTESIAN_POINT ( 'NONE',  ( -28.44613487389207052, 8.655815227603278927, -28.75710690717582807 ) ) ;
#5600 = ORIENTED_EDGE ( 'NONE', *, *, #6172, .T. ) ;
#5601 = DIRECTION ( 'NONE',  ( 0.000000000000000000, 0.000000000000000000, 1.000000000000000000 ) ) ;
#5602 = CARTESIAN_POINT ( 'NONE',  ( 22.41557209949267815, 8.479417570959274286, -21.01647388339337397 ) ) ;
#5603 = CARTESIAN_POINT ( 'NONE',  ( 21.04872714276804402, 7.479417570959296491, -5.188662908996668044 ) ) ;
#5604 = CC_DESIGN_DATE_AND_TIME_ASSIGNMENT ( #6404, #7279, ( #1173 ) ) ;
#5605 = ADVANCED_FACE ( 'NONE', ( #3803 ), #894, .F. ) ;
#5606 = DIRECTION ( 'NONE',  ( -1.000000000000000000, 0.000000000000000000, 0.000000000000000000 ) ) ;
#5607 = CARTESIAN_POINT ( 'NONE',  ( 32.54338131473534190, -3.020582429040426842, -30.24505614163414435 ) ) ;
#5608 = VERTEX_POINT ( 'NONE', #1476 ) ;
#5609 = AXIS2_PLACEMENT_3D ( 'NONE', #516, #1044, #3290 ) ;
#5610 = ORIENTED_EDGE ( 'NONE', *, *, #7848, .F. ) ;
#5611 =( BOUNDED_SURFACE ( )  B_SPLINE_SURFACE ( 3, 2, ( 
 ( #3375, #5588, #8554 ),
 ( #1911, #51, #5233 ),
 ( #1654, #4601, #8205 ),
 ( #3564, #3791, #2348 ),
 ( #8253, #4455, #8015 ),
 ( #4270, #8700, #3514 ),
 ( #6015, #3838, #2102 ),
 ( #556, #8982, #1609 ) ),
 .UNSPECIFIED., .F., .F., .T. ) 
 B_SPLINE_SURFACE_WITH_KNOTS ( ( 4, 2, 2, 4 ),
 ( 3, 3 ),
 ( -2.602085213965210642E-18, 0.002640745010164424322, 0.003961117515246638000, 0.005281490020328851245 ),
 ( 0.000000000000000000, 1.000000000000000000 ),
 .UNSPECIFIED. ) 
 GEOMETRIC_REPRESENTATION_ITEM ( )  RATIONAL_B_SPLINE_SURFACE ( (
 ( 1.000000000000000000, 0.7071067811865497932, 1.000000000000000000),
 ( 1.000000000000000000, 0.7071067811865497932, 1.000000000000000000),
 ( 1.000000000000000000, 0.7071067811865452413, 1.000000000000000000),
 ( 1.000000000000000000, 0.7071067811865452413, 1.000000000000000000),
 ( 1.000000000000000000, 0.7071067811865454633, 1.000000000000000000),
 ( 1.000000000000000000, 0.7071067811865454633, 1.000000000000000000),
 ( 1.000000000000000000, 0.7071067811865475727, 1.000000000000000000),
 ( 1.000000000000000000, 0.7071067811865475727, 1.000000000000000000) ) ) 
 REPRESENTATION_ITEM ( '' )  SURFACE ( )  );
#5612 = CARTESIAN_POINT ( 'NONE',  ( 27.47942746741108877, 6.882466451305255362, -5.750000000000005329 ) ) ;
#5613 = DIRECTION ( 'NONE',  ( 1.000000000000000000, 0.000000000000000000, 5.647936898529106318E-15 ) ) ;
#5614 = DIRECTION ( 'NONE',  ( 0.000000000000000000, 0.000000000000000000, 1.000000000000000000 ) ) ;
#5615 = EDGE_CURVE ( 'NONE', #674, #2867, #5979, .T. ) ;
#5616 = CARTESIAN_POINT ( 'NONE',  ( 32.57771312759141580, -3.020582429040426398, -30.19999999999999929 ) ) ;
#5617 = EDGE_CURVE ( 'NONE', #3631, #8865, #1522, .T. ) ;
#5618 = CARTESIAN_POINT ( 'NONE',  ( -32.34331028326377577, 2.786154828223343927, -2.099999999999986766 ) ) ;
#5619 = LINE ( 'NONE', #4851, #6931 ) ;
#5620 = CARTESIAN_POINT ( 'NONE',  ( -31.92057253258911231, -4.520582429040413963, -5.000000000000004441 ) ) ;
#5621 = CARTESIAN_POINT ( 'NONE',  ( 28.22942746741108166, 6.849417570959288604, -66.00000000000000000 ) ) ;
#5622 = CARTESIAN_POINT ( 'NONE',  ( -31.95864203022252781, 4.057460493856819284, -30.69999999999999929 ) ) ;
#5623 = CARTESIAN_POINT ( 'NONE',  ( -31.02057253258906400, 1.027832321093304024, -9.100000000000010303 ) ) ;
#5624 = ORIENTED_EDGE ( 'NONE', *, *, #179, .T. ) ;
#5625 = DIRECTION ( 'NONE',  ( 1.250608365883192617E-15, -1.000000000000000000, 0.000000000000000000 ) ) ;
#5626 = CARTESIAN_POINT ( 'NONE',  ( 29.51894183490606238, 5.223911664520538345, -23.96512901331756140 ) ) ;
#5627 = FACE_OUTER_BOUND ( 'NONE', #2693, .T. ) ;
#5628 = CARTESIAN_POINT ( 'NONE',  ( -26.09641605153492705, 9.420828559649706335, -77.59999999999999432 ) ) ;
#5629 = B_SPLINE_CURVE_WITH_KNOTS ( 'NONE', 3,
 ( #842, #5288, #690, #3643, #3060, #5919, #6637, #2918, #4401, #2193, #99, #2973, #3690 ),
 .UNSPECIFIED., .F., .F.,
 ( 4, 2, 1, 2, 2, 2, 4 ),
 ( -5.999999999890644863E-08, 0.0003492150421279870218, 0.0006984900842559729284, 0.001397040168511946151, 0.002794140337023895849, 0.004191240505535845547, 0.005588340674047795678 ),
 .UNSPECIFIED. ) ;
#5630 = CARTESIAN_POINT ( 'NONE',  ( -33.02057253258906400, -2.520582429040413519, -30.19999999999999929 ) ) ;
#5631 = ORIENTED_EDGE ( 'NONE', *, *, #7535, .F. ) ;
#5632 = DIRECTION ( 'NONE',  ( 0.000000000000000000, 0.000000000000000000, -1.000000000000000000 ) ) ;
#5633 = ORIENTED_EDGE ( 'NONE', *, *, #4561, .F. ) ;
#5634 = FACE_OUTER_BOUND ( 'NONE', #8373, .T. ) ;
#5635 = ORIENTED_EDGE ( 'NONE', *, *, #6125, .F. ) ;
#5636 = CARTESIAN_POINT ( 'NONE',  ( -33.02057253258906400, -4.520582429040413075, -79.59999999999999432 ) ) ;
#5637 = CARTESIAN_POINT ( 'NONE',  ( 32.63624459919210352, 3.456915105013584455, -47.26075979356580348 ) ) ;
#5638 = CARTESIAN_POINT ( 'NONE',  ( -27.74809534394487187, 6.763033566376203787, -6.973104278538381884 ) ) ;
#5639 = CARTESIAN_POINT ( 'NONE',  ( -34.02057253258906400, -3.520582429040413075, -24.88596169655730961 ) ) ;
#5640 = ORIENTED_EDGE ( 'NONE', *, *, #1806, .F. ) ;
#5641 = DIRECTION ( 'NONE',  ( -2.025677196612374621E-16, -1.000000000000000000, -3.697785493223491743E-32 ) ) ;
#5642 = VERTEX_POINT ( 'NONE', #3850 ) ;
#5643 = CARTESIAN_POINT ( 'NONE',  ( -32.61140092395022805, -3.020582429040414851, -25.39999999999999147 ) ) ;
#5644 = ORIENTED_EDGE ( 'NONE', *, *, #2713, .F. ) ;
#5645 = DIRECTION ( 'NONE',  ( 0.3426922022950106839, -6.912514050643587086E-17, 0.9394477390925989324 ) ) ;
#5646 = EDGE_CURVE ( 'NONE', #911, #617, #3395, .T. ) ;
#5647 = CARTESIAN_POINT ( 'NONE',  ( 22.03021111731405313, 8.479417570959274286, -8.089951204664256323 ) ) ;
#5648 = DIRECTION ( 'NONE',  ( 0.000000000000000000, 1.000000000000000000, -0.000000000000000000 ) ) ;
#5649 = B_SPLINE_SURFACE_WITH_KNOTS ( 'NONE', 3, 1, ( 
 ( #2858, #7350 ),
 ( #5848, #4287 ),
 ( #5752, #8761 ),
 ( #767, #5066 ),
 ( #7984, #3630 ),
 ( #6571, #9548 ),
 ( #7391, #8863 ),
 ( #1449, #717 ),
 ( #3668, #5356 ),
 ( #1641, #5266 ),
 ( #4493, #4690 ),
 ( #7453, #868 ),
 ( #3817, #3873 ),
 ( #3959, #8327 ),
 ( #5409, #6194 ),
 ( #6902, #9160 ),
 ( #8426, #1591 ),
 ( #3143, #2473 ),
 ( #1004, #9011 ),
 ( #9056, #4587 ),
 ( #6095, #1743 ),
 ( #1688, #2426 ),
 ( #6861, #823 ),
 ( #3187, #8380 ) ),
 .UNSPECIFIED., .F., .F., .F.,
 ( 4, 2, 2, 2, 2, 2, 2, 2, 2, 2, 2, 4 ),
 ( 2, 2 ),
 ( 0.000000000000000000, 0.1249999999999985290, 0.1874999999999982514, 0.2499999999999980016, 0.3749999999999981126, 0.4374999999999988343, 0.4999999999999991118, 0.6249999999999995559, 0.7499999999999997780, 0.8750000000000001110, 0.9375000000000001110, 1.000000000000000000 ),
 ( 0.000000000000000000, 1.000000000000000000 ),
 .UNSPECIFIED. ) ;
#5650 = LINE ( 'NONE', #3588, #8962 ) ;
#5651 = CARTESIAN_POINT ( 'NONE',  ( 33.04495124086464131, -3.020582429040425954, -30.37801276781423354 ) ) ;
#5652 = ORIENTED_EDGE ( 'NONE', *, *, #5148, .T. ) ;
#5653 = ORIENTED_EDGE ( 'NONE', *, *, #6809, .F. ) ;
#5654 = CARTESIAN_POINT ( 'NONE',  ( -18.05057253258891947, -6.520582429040420180, -14.89000000000000057 ) ) ;
#5655 = CARTESIAN_POINT ( 'NONE',  ( 28.67942746741106319, 8.209411364345493567, -28.71770015470299953 ) ) ;
#5656 = CARTESIAN_POINT ( 'NONE',  ( 32.97942746741105680, 1.974483846621943428, -24.39999999999999147 ) ) ;
#5657 = CARTESIAN_POINT ( 'NONE',  ( -32.52057253258906400, -2.972650439016076174, -2.380596050777118222 ) ) ;
#5658 = CARTESIAN_POINT ( 'NONE',  ( -29.70567241148339122, 5.034086350932481579, -34.44067729747863638 ) ) ;
#5659 = ORIENTED_EDGE ( 'NONE', *, *, #8285, .T. ) ;
#5660 = CARTESIAN_POINT ( 'NONE',  ( -32.52057253258906400, -2.943312570636694936, -30.46701915172134534 ) ) ;
#5661 = DIRECTION ( 'NONE',  ( 0.000000000000000000, 0.000000000000000000, 1.000000000000000000 ) ) ;
#5662 =( BOUNDED_SURFACE ( )  B_SPLINE_SURFACE ( 3, 2, ( 
 ( #4626, #3137, #6755 ),
 ( #3765, #228, #9098 ),
 ( #6657, #3715, #6709 ),
 ( #5203, #1531, #72 ),
 ( #1631, #4581, #7591 ),
 ( #954, #7533, #8170 ),
 ( #24, #8948, #2463 ),
 ( #5400, #862, #8372 ),
 ( #905, #2315, #2994 ),
 ( #5942, #7493, #8902 ) ),
 .UNSPECIFIED., .F., .F., .T. ) 
 B_SPLINE_SURFACE_WITH_KNOTS ( ( 4, 2, 2, 2, 4 ),
 ( 3, 3 ),
 ( 6.563725101117514171, 6.886289234331756326, 7.208853367545998481, 7.531417500760240635, 7.853981633974482790 ),
 ( 0.000000000000000000, 1.000000000000000000 ),
 .UNSPECIFIED. ) 
 GEOMETRIC_REPRESENTATION_ITEM ( )  RATIONAL_B_SPLINE_SURFACE ( (
 ( 1.000000000000000000, 0.7337095550686927314, 1.000000000000000000),
 ( 1.000000000000000000, 0.7531791030533823150, 1.000000000000000000),
 ( 1.000000000000000000, 0.7820397127733113019, 1.000000000000000000),
 ( 1.000000000000000000, 0.8438247198786718029, 1.000000000000000000),
 ( 1.000000000000000000, 0.8765694569245603418, 1.000000000000000000),
 ( 1.000000000000000000, 0.9336444476117626845, 1.000000000000000000),
 ( 1.000000000000000000, 0.9579688826846372018, 1.000000000000000000),
 ( 1.000000000000000000, 0.9911392843479548409, 1.000000000000000000),
 ( 1.000000000000000000, 1.000071675085958844, 1.000000000000000000),
 ( 1.000000000000000000, 1.000000000000000000, 1.000000000000000000) ) ) 
 REPRESENTATION_ITEM ( '' )  SURFACE ( )  );
#5663 = DIRECTION ( 'NONE',  ( -1.000000000000000000, 2.017120320903265181E-16, 1.613696256722612145E-15 ) ) ;
#5664 = CARTESIAN_POINT ( 'NONE',  ( -29.61736024627345287, 5.163133871549632659, -2.000000000000057288 ) ) ;
#5665 = AXIS2_PLACEMENT_3D ( 'NONE', #652, #3609, #5824 ) ;
#5666 = CARTESIAN_POINT ( 'NONE',  ( -29.67507581231027913, 7.887865967839313264, -7.942939561936817938 ) ) ;
#5667 = CARTESIAN_POINT ( 'NONE',  ( -32.27034559602221009, 4.700745674459565926, -1.600000000000007860 ) ) ;
#5668 = ORIENTED_EDGE ( 'NONE', *, *, #5023, .F. ) ;
#5669 = CARTESIAN_POINT ( 'NONE',  ( -32.55834877650645609, 3.869718347003337389, -77.46237202346777906 ) ) ;
#5670 = DATE_TIME_ROLE ( 'classification_date' ) ;
#5671 = DIRECTION ( 'NONE',  ( -1.250608365883192814E-15, 1.000000000000000000, 0.000000000000000000 ) ) ;
#5672 = EDGE_CURVE ( 'NONE', #1714, #3022, #2478, .T. ) ;
#5673 = CARTESIAN_POINT ( 'NONE',  ( 31.22850509297926536, 6.280390163998421649, -7.900000000000003908 ) ) ;
#5674 = EDGE_CURVE ( 'NONE', #2064, #8326, #4614, .T. ) ;
#5675 = CARTESIAN_POINT ( 'NONE',  ( -30.60584093422809104, 7.361195542600335706, -36.37770873538265448 ) ) ;
#5676 = CARTESIAN_POINT ( 'NONE',  ( -27.14040218028839746, 9.178424707518264114, -77.59999999999999432 ) ) ;
#5677 = CARTESIAN_POINT ( 'NONE',  ( -32.61508903694659267, -3.020582429040413519, -7.400000000000003020 ) ) ;
#5678 = CARTESIAN_POINT ( 'NONE',  ( 32.47942746741107101, -3.372277125821414590, -7.924038303442738851 ) ) ;
#5679 = LINE ( 'NONE', #8557, #4373 ) ;
#5680 = AXIS2_PLACEMENT_3D ( 'NONE', #4822, #2655, #1041 ) ;
#5681 = ADVANCED_FACE ( 'NONE', ( #3072 ), #47, .T. ) ;
#5682 = AXIS2_PLACEMENT_3D ( 'NONE', #5304, #4079, #4121 ) ;
#5683 = ORIENTED_EDGE ( 'NONE', *, *, #1265, .T. ) ;
#5684 = CARTESIAN_POINT ( 'NONE',  ( 28.67942746741109161, 10.01696613767508381, -4.249999999999999112 ) ) ;
#5685 = ORIENTED_EDGE ( 'NONE', *, *, #6688, .T. ) ;
#5686 = DIRECTION ( 'NONE',  ( 1.000000000000000000, -2.891205793294679312E-16, 1.156482317317871764E-14 ) ) ;
#5687 = LINE ( 'NONE', #3523, #7604 ) ;
#5688 = DIRECTION ( 'NONE',  ( -2.017120320903265428E-16, -1.000000000000000000, 0.000000000000000000 ) ) ;
#5689 = VECTOR ( 'NONE', #2351, 1000.000000000000000 ) ;
#5690 = AXIS2_PLACEMENT_3D ( 'NONE', #4186, #7742, #6957 ) ;
#5691 = DIRECTION ( 'NONE',  ( 0.000000000000000000, 0.000000000000000000, 1.000000000000000000 ) ) ;
#5692 = ORIENTED_EDGE ( 'NONE', *, *, #7089, .T. ) ;
#5693 = CARTESIAN_POINT ( 'NONE',  ( 33.39609413407774952, -4.520582429040426398, -25.69819455862472424 ) ) ;
#5694 = ORIENTED_EDGE ( 'NONE', *, *, #1018, .T. ) ;
#5695 = CARTESIAN_POINT ( 'NONE',  ( -28.74001201357927471, 8.197636257108602109, -28.88320311123777628 ) ) ;
#5696 = VERTEX_POINT ( 'NONE', #64 ) ;
#5697 = VERTEX_POINT ( 'NONE', #2251 ) ;
#5698 = VECTOR ( 'NONE', #4241, 1000.000000000000000 ) ;
#5699 = VECTOR ( 'NONE', #1011, 1000.000000000000000 ) ;
#5700 = AXIS2_PLACEMENT_3D ( 'NONE', #7719, #6258, #7806 ) ;
#5701 = CARTESIAN_POINT ( 'NONE',  ( 22.48863508529265332, 8.479417570959274286, -20.87772307121792892 ) ) ;
#5702 = CARTESIAN_POINT ( 'NONE',  ( -32.52057253258906400, -2.520582429040414407, -24.89999999999999147 ) ) ;
#5703 = CARTESIAN_POINT ( 'NONE',  ( -32.58223262486812644, -3.020582429040421957, -2.555939137171548303 ) ) ;
#5704 = AXIS2_PLACEMENT_3D ( 'NONE', #5621, #1030, #6987 ) ;
#5705 = TOROIDAL_SURFACE ( 'NONE', #1544, 1.000000000000000000, 0.5000000000000000000 ) ;
#5706 = VECTOR ( 'NONE', #7435, 1000.000000000000000 ) ;
#5707 = CARTESIAN_POINT ( 'NONE',  ( -33.06937334537583695, -2.990705239127186221, -7.605600381989077619 ) ) ;
#5708 = CARTESIAN_POINT ( 'NONE',  ( -26.82725041110851194, 7.483370610983235416, -36.42963408616311227 ) ) ;
#5709 = EDGE_LOOP ( 'NONE', ( #8609, #7898 ) ) ;
#5710 = ORIENTED_EDGE ( 'NONE', *, *, #8900, .F. ) ;
#5711 = CARTESIAN_POINT ( 'NONE',  ( -30.87057253258905121, 9.481417570959296270, -9.099999999999997868 ) ) ;
#5712 = CIRCLE ( 'NONE', #1085, 1.000000000000000888 ) ;
#5713 = CARTESIAN_POINT ( 'NONE',  ( 32.97942746741107101, -3.378349660049958736, -24.88596169655730250 ) ) ;
#5714 = EDGE_CURVE ( 'NONE', #1815, #1046, #606, .T. ) ;
#5715 = CARTESIAN_POINT ( 'NONE',  ( 32.47942746741108522, -2.943312570636706482, -30.46701915172134889 ) ) ;
#5716 = CARTESIAN_POINT ( 'NONE',  ( 28.17942746741108806, 8.209411367207929189, -5.750000000000005329 ) ) ;
#5717 = ORIENTED_EDGE ( 'NONE', *, *, #3919, .T. ) ;
#5718 = CARTESIAN_POINT ( 'NONE',  ( -33.02057253258905689, 1.027832321093293810, -31.20000000000001350 ) ) ;
#5719 = B_SPLINE_CURVE_WITH_KNOTS ( 'NONE', 3,
 ( #7557, #8436, #3885, #6111, #7701, #6207 ),
 .UNSPECIFIED., .F., .F.,
 ( 4, 2, 4 ),
 ( 0.000000000000000000, 0.0007714707092935991269, 0.001542941418587198254 ),
 .UNSPECIFIED. ) ;
#5720 = DIRECTION ( 'NONE',  ( 1.703341548576824819E-16, 0.5240383034427249509, 0.8516946967809947422 ) ) ;
#5721 = CARTESIAN_POINT ( 'NONE',  ( -30.87057253258904055, -3.020582429040413963, -27.04999999999999361 ) ) ;
#5722 = AXIS2_PLACEMENT_3D ( 'NONE', #1508, #2192, #883 ) ;
#5723 = CARTESIAN_POINT ( 'NONE',  ( -28.54972693070571310, 6.229995110102927391, -76.59999999999999432 ) ) ;
#5724 = CARTESIAN_POINT ( 'NONE',  ( 30.84903816310501767, 2.349417570959282386, -79.59999999999995168 ) ) ;
#5725 = ORIENTED_EDGE ( 'NONE', *, *, #5085, .F. ) ;
#5726 = CARTESIAN_POINT ( 'NONE',  ( 30.44838326470799217, 3.678245872657061710, -76.59999999999999432 ) ) ;
#5727 = PERSON_AND_ORGANIZATION_ROLE ( 'creator' ) ;
#5728 = CARTESIAN_POINT ( 'NONE',  ( 30.82942746741106177, -2.520582429040426842, -28.54999999999999716 ) ) ;
#5729 = VECTOR ( 'NONE', #2771, 1000.000000000000000 ) ;
#5730 = CARTESIAN_POINT ( 'NONE',  ( -30.02510557238426259, 7.805098838416939522, -35.96330160458867908 ) ) ;
#5731 = CARTESIAN_POINT ( 'NONE',  ( 32.47942746741106390, 10.01696613767508559, -24.89999999999999147 ) ) ;
#5732 = CARTESIAN_POINT ( 'NONE',  ( -31.92057253258911231, -3.020582429040414407, -5.000000000000004441 ) ) ;
#5733 = EDGE_CURVE ( 'NONE', #7135, #6440, #8671, .T. ) ;
#5734 = CARTESIAN_POINT ( 'NONE',  ( 32.94128332312498486, 1.969011033245318565, -7.899999999995412914 ) ) ;
#5735 = DIRECTION ( 'NONE',  ( -2.017120320903265428E-16, -1.000000000000000000, -0.000000000000000000 ) ) ;
#5736 = AXIS2_PLACEMENT_3D ( 'NONE', #1573, #7482, #3897 ) ;
#5737 = VECTOR ( 'NONE', #937, 1000.000000000000000 ) ;
#5738 = CARTESIAN_POINT ( 'NONE',  ( 33.97942746741107811, -3.520582429040425954, -7.924038303442738851 ) ) ;
#5739 = VERTEX_POINT ( 'NONE', #5932 ) ;
#5740 = CARTESIAN_POINT ( 'NONE',  ( -31.26965845134710520, 6.280378773161268136, -8.400000000000032330 ) ) ;
#5741 = ORIENTED_EDGE ( 'NONE', *, *, #8122, .T. ) ;
#5742 = FACE_OUTER_BOUND ( 'NONE', #6105, .T. ) ;
#5743 = EDGE_CURVE ( 'NONE', #9559, #9013, #1575, .T. ) ;
#5744 = AXIS2_PLACEMENT_3D ( 'NONE', #8078, #3662, #5601 ) ;
#5745 = DIRECTION ( 'NONE',  ( 1.000000000000000000, 0.000000000000000000, -4.510281037539694659E-14 ) ) ;
#5746 = EDGE_CURVE ( 'NONE', #3977, #3118, #1373, .T. ) ;
#5747 = CARTESIAN_POINT ( 'NONE',  ( -26.79003004902772744, 9.270699163243273588, -33.01297349461511033 ) ) ;
#5748 = CARTESIAN_POINT ( 'NONE',  ( 26.67942746741108806, -2.520582429040690631, -2.000000000000001776 ) ) ;
#5749 = EDGE_LOOP ( 'NONE', ( #241, #2379, #2801, #4080 ) ) ;
#5750 = CARTESIAN_POINT ( 'NONE',  ( 0.000000000000000000, -6.520582429040413963, -79.60999999999998522 ) ) ;
#5751 = ORIENTED_EDGE ( 'NONE', *, *, #8285, .F. ) ;
#5752 = CARTESIAN_POINT ( 'NONE',  ( 32.92934547598675721, 2.104789917485623718, -77.60000000000002274 ) ) ;
#5753 = ORIENTED_EDGE ( 'NONE', *, *, #9375, .T. ) ;
#5754 = EDGE_LOOP ( 'NONE', ( #1906, #8320, #8488, #1894, #906, #8092 ) ) ;
#5755 = CARTESIAN_POINT ( 'NONE',  ( 28.85344144865252858, 8.416488818398363492, -6.617068240344996077 ) ) ;
#5756 = CARTESIAN_POINT ( 'NONE',  ( 17.90785601808616434, 7.479417570959292938, -2.667479803023957707 ) ) ;
#5757 = B_SPLINE_CURVE_WITH_KNOTS ( 'NONE', 3,
 ( #2088, #9376, #6538, #2871, #6489, #9332, #8585, #2727, #5658, #7850, #4165, #8627, #4355, #7214, #3547, #5813, #8055, #2137, #9471, #7317, #8776, #1418, #1936, #4941 ),
 .UNSPECIFIED., .F., .F.,
 ( 4, 2, 2, 2, 2, 2, 2, 2, 2, 2, 2, 4 ),
 ( 0.000000000000000000, 0.001038405085096742427, 0.001557607627645103340, 0.002076810170193464471, 0.002596012712741825601, 0.003115215255290186731, 0.003634417797838547862, 0.004153620340386908992, 0.005192025425483621712, 0.006230430510580334431, 0.007268835595677048018, 0.008307240680773760738 ),
 .UNSPECIFIED. ) ;
#5758 = CARTESIAN_POINT ( 'NONE',  ( -31.01248048434472082, 6.621119213386401192, -1.600000000000003864 ) ) ;
#5759 = CARTESIAN_POINT ( 'NONE',  ( -33.02057253258906400, -3.372277125821401711, -7.924038303442737075 ) ) ;
#5760 = ORIENTED_EDGE ( 'NONE', *, *, #8832, .F. ) ;
#5761 = ORIENTED_EDGE ( 'NONE', *, *, #9044, .T. ) ;
#5762 = FACE_OUTER_BOUND ( 'NONE', #1788, .T. ) ;
#5763 = CARTESIAN_POINT ( 'NONE',  ( 28.83091934034133885, 8.112228530242147073, -29.35884298335427900 ) ) ;
#5764 = EDGE_CURVE ( 'NONE', #911, #9084, #4670, .T. ) ;
#5765 = CARTESIAN_POINT ( 'NONE',  ( 32.98359712265428811, -3.461499893618375179, -24.99486096089963993 ) ) ;
#5766 = LINE ( 'NONE', #7267, #6645 ) ;
#5767 = CARTESIAN_POINT ( 'NONE',  ( 32.47942746741107811, -2.520582429040426398, -24.39999999999999147 ) ) ;
#5768 = ORIENTED_EDGE ( 'NONE', *, *, #5443, .T. ) ;
#5769 = CIRCLE ( 'NONE', #7636, 2.149999999999999023 ) ;
#5770 = DIRECTION ( 'NONE',  ( -0.9344762265502698506, 0.000000000000000000, -0.3560255356184003350 ) ) ;
#5771 = CARTESIAN_POINT ( 'NONE',  ( 30.67942746741113424, -3.020582429040425954, -5.000000000000004441 ) ) ;
#5772 = CARTESIAN_POINT ( 'NONE',  ( 32.47942746741106390, 10.01696613767508559, -1.599999999999996758 ) ) ;
#5773 = DIRECTION ( 'NONE',  ( -1.261617073437680020E-15, 0.000000000000000000, 1.000000000000000000 ) ) ;
#5774 = CARTESIAN_POINT ( 'NONE',  ( 30.97942746741108522, -4.520582429040426398, -77.59999999999999432 ) ) ;
#5775 = EDGE_CURVE ( 'NONE', #3548, #7059, #264, .T. ) ;
#5776 = VERTEX_POINT ( 'NONE', #7670 ) ;
#5777 = CARTESIAN_POINT ( 'NONE',  ( 28.68026576164625041, 6.098133982813110698, -76.59999999999999432 ) ) ;
#5778 = DIRECTION ( 'NONE',  ( 0.000000000000000000, 1.734723475976805517E-15, 1.000000000000000000 ) ) ;
#5779 = CARTESIAN_POINT ( 'NONE',  ( -27.68027023445092993, 9.002404414309795655, -33.10247666799071453 ) ) ;
#5780 = CARTESIAN_POINT ( 'NONE',  ( -32.23742860533887722, 3.217872996331962554, -24.90000000000001279 ) ) ;
#5781 = CARTESIAN_POINT ( 'NONE',  ( 28.34749273821293158, -2.520582429040425954, -2.000000000000001776 ) ) ;
#5782 = CARTESIAN_POINT ( 'NONE',  ( -28.02057253258906400, -2.520582429040394423, -32.78000000000000114 ) ) ;
#5783 = EDGE_CURVE ( 'NONE', #6490, #3022, #3702, .T. ) ;
#5784 = FACE_OUTER_BOUND ( 'NONE', #4448, .T. ) ;
#5785 = EDGE_LOOP ( 'NONE', ( #8871, #2194, #6070, #6512 ) ) ;
#5786 = CARTESIAN_POINT ( 'NONE',  ( -29.91855158776849066, 7.696844555003496069, -7.693792765414377399 ) ) ;
#5787 = EDGE_LOOP ( 'NONE', ( #2963, #1055, #1500, #5600 ) ) ;
#5788 = CARTESIAN_POINT ( 'NONE',  ( -29.97961072412899242, 4.349417570959301926, -77.14053986607414970 ) ) ;
#5789 = CARTESIAN_POINT ( 'NONE',  ( -31.02057253258905689, 1.027832321093293810, -76.59999999999999432 ) ) ;
#5790 = CARTESIAN_POINT ( 'NONE',  ( 28.12694581596170806, 8.790111155056859360, -33.17821609397198301 ) ) ;
#5791 = CARTESIAN_POINT ( 'NONE',  ( -28.72057253258906329, -6.520582429040413963, 0.000000000000000000 ) ) ;
#5792 = EDGE_LOOP ( 'NONE', ( #2029, #4180, #6859, #500 ) ) ;
#5793 = B_SPLINE_CURVE_WITH_KNOTS ( 'NONE', 3,
 ( #9093, #269, #171, #8087, #5345, #4675, #3177, #949, #4576, #3903, #5117, #993, #3948, #1674 ),
 .UNSPECIFIED., .F., .F.,
 ( 4, 2, 2, 2, 2, 2, 4 ),
 ( 1.734723475976806902E-18, 0.001064364326438780456, 0.002128728652877559177, 0.002660910816096949405, 0.003193092979316339633, 0.003725275142535729861, 0.004257457305755120089 ),
 .UNSPECIFIED. ) ;
#5794 = CARTESIAN_POINT ( 'NONE',  ( 33.03997972831292174, -3.520582429040426398, -25.22865389883709852 ) ) ;
#5795 = ORIENTED_EDGE ( 'NONE', *, *, #4185, .F. ) ;
#5796 = DIRECTION ( 'NONE',  ( -1.000000000000000000, 2.065146995210510826E-16, 0.000000000000000000 ) ) ;
#5797 = EDGE_LOOP ( 'NONE', ( #6532, #5753, #2245, #7972, #3876, #3297 ) ) ;
#5798 = EDGE_CURVE ( 'NONE', #5336, #2356, #449, .T. ) ;
#5799 = ORIENTED_EDGE ( 'NONE', *, *, #4225, .F. ) ;
#5800 = ADVANCED_FACE ( 'NONE', ( #9188 ), #2638, .F. ) ;
#5801 = CARTESIAN_POINT ( 'NONE',  ( 23.52851462546264472, 7.479417570959294714, -21.03775452500487120 ) ) ;
#5802 = CARTESIAN_POINT ( 'NONE',  ( 24.55288555680882112, 7.479417570959292938, -18.21532121631403811 ) ) ;
#5803 = CARTESIAN_POINT ( 'NONE',  ( -32.61508903694618056, -3.020582429040413519, -7.399999999999849365 ) ) ;
#5804 = CARTESIAN_POINT ( 'NONE',  ( 32.51840575318162507, -3.014559392741491539, -30.29088625721482231 ) ) ;
#5805 = ORIENTED_EDGE ( 'NONE', *, *, #3560, .F. ) ;
#5806 = VERTEX_POINT ( 'NONE', #1856 ) ;
#5807 = CARTESIAN_POINT ( 'NONE',  ( 28.53013308521121161, 8.591076186698158423, -29.35430614115733761 ) ) ;
#5808 = EDGE_CURVE ( 'NONE', #8394, #9502, #4850, .T. ) ;
#5809 = DIRECTION ( 'NONE',  ( -0.000000000000000000, -1.000000000000000000, -0.000000000000000000 ) ) ;
#5810 = CARTESIAN_POINT ( 'NONE',  ( -32.52057253258906400, 10.01696613767509625, -8.400000000000003908 ) ) ;
#5811 = CARTESIAN_POINT ( 'NONE',  ( 28.70159760354195910, 8.504291035859244730, -6.105855751206521020 ) ) ;
#5812 = LINE ( 'NONE', #6584, #2345 ) ;
#5813 = CARTESIAN_POINT ( 'NONE',  ( -28.52781579157075953, 6.254472580537558279, -33.26739715551310184 ) ) ;
#5814 = ORIENTED_EDGE ( 'NONE', *, *, #2075, .T. ) ;
#5815 = DIRECTION ( 'NONE',  ( 1.000000000000000000, 0.000000000000000000, 0.000000000000000000 ) ) ;
#5816 = CARTESIAN_POINT ( 'NONE',  ( 30.82942746741109374, 10.01696613767508381, -2.099999999999999645 ) ) ;
#5817 = FACE_OUTER_BOUND ( 'NONE', #3433, .T. ) ;
#5818 = CARTESIAN_POINT ( 'NONE',  ( -26.03063730674783471, 7.395256344311097685, -2.000000000000085265 ) ) ;
#5819 = ADVANCED_FACE ( 'NONE', ( #9143 ), #7022, .F. ) ;
#5820 = CARTESIAN_POINT ( 'NONE',  ( 30.82942746741108309, -2.520582429040425065, -4.249999999999994671 ) ) ;
#5821 = ORIENTED_EDGE ( 'NONE', *, *, #2759, .T. ) ;
#5822 = CARTESIAN_POINT ( 'NONE',  ( 28.08002397159236097, 6.539030147276270633, -33.11604030573987956 ) ) ;
#5823 = APPROVAL_STATUS ( 'not_yet_approved' ) ;
#5824 = DIRECTION ( 'NONE',  ( 1.000000000000000000, 0.000000000000000000, 3.469446951953611033E-15 ) ) ;
#5825 = DIRECTION ( 'NONE',  ( 0.000000000000000000, -3.889029466986713478E-14, 1.000000000000000000 ) ) ;
#5826 = CARTESIAN_POINT ( 'NONE',  ( -27.30080562727970417, 7.343354635376817541, -36.54858020355754178 ) ) ;
#5827 = CIRCLE ( 'NONE', #4758, 0.4999999999999986677 ) ;
#5828 = CARTESIAN_POINT ( 'NONE',  ( 31.87942746741113353, -4.520582429040426398, -5.000000000000004441 ) ) ;
#5829 = CARTESIAN_POINT ( 'NONE',  ( 32.97942746741106390, 1.501095065601305345, -8.399999999953537966 ) ) ;
#5830 = CARTESIAN_POINT ( 'NONE',  ( 31.76420485410105954, 5.505785396040487001, -24.39999999999995239 ) ) ;
#5831 = EDGE_CURVE ( 'NONE', #7043, #6943, #6323, .T. ) ;
#5832 = LINE ( 'NONE', #8794, #2543 ) ;
#5833 = ORIENTED_EDGE ( 'NONE', *, *, #9111, .T. ) ;
#5834 = CARTESIAN_POINT ( 'NONE',  ( 27.47942746741109232, 9.481417570959283836, -27.04999999999999005 ) ) ;
#5835 = CARTESIAN_POINT ( 'NONE',  ( -33.08609630604269114, -3.520582429040413519, -30.37801276781406656 ) ) ;
#5836 = EDGE_LOOP ( 'NONE', ( #1966, #9510, #9158, #5668 ) ) ;
#5837 = AXIS2_PLACEMENT_3D ( 'NONE', #1863, #4722, #4814 ) ;
#5838 = CARTESIAN_POINT ( 'NONE',  ( 29.36170320633542730, 7.714115702364774840, -7.327854402418469526 ) ) ;
#5839 = EDGE_CURVE ( 'NONE', #558, #3465, #989, .T. ) ;
#5840 = DIRECTION ( 'NONE',  ( -1.000000000000000000, -9.912705577010326782E-17, 0.000000000000000000 ) ) ;
#5841 = LINE ( 'NONE', #3720, #4954 ) ;
#5842 = CARTESIAN_POINT ( 'NONE',  ( -29.65346458384501460, 5.104645415975983092, -8.872535697008293809 ) ) ;
#5843 = CARTESIAN_POINT ( 'NONE',  ( -28.04449793128062396, 8.858309097515578046, -33.15277968149835885 ) ) ;
#5844 = DIRECTION ( 'NONE',  ( 1.000000000000000000, -0.000000000000000000, -0.000000000000000000 ) ) ;
#5845 = VERTEX_POINT ( 'NONE', #6124 ) ;
#5846 = LINE ( 'NONE', #1726, #6028 ) ;
#5847 = EDGE_LOOP ( 'NONE', ( #6837, #2878, #7610, #3863 ) ) ;
#5848 = CARTESIAN_POINT ( 'NONE',  ( 32.97942746741106390, 1.570570096557652340, -77.60000000000002274 ) ) ;
#5849 = ORIENTED_EDGE ( 'NONE', *, *, #8594, .T. ) ;
#5850 = ORIENTED_EDGE ( 'NONE', *, *, #8846, .T. ) ;
#5851 = AXIS2_PLACEMENT_3D ( 'NONE', #5921, #887, #3841 ) ;
#5852 = CARTESIAN_POINT ( 'NONE',  ( 18.17873657564687662, 8.479417570959272510, -4.081040336770483279 ) ) ;
#5853 = VECTOR ( 'NONE', #4976, 1000.000000000000000 ) ;
#5854 = CARTESIAN_POINT ( 'NONE',  ( 20.31825001046863832, 7.479417570959293826, -25.29855317235621115 ) ) ;
#5855 = EDGE_CURVE ( 'NONE', #9135, #5608, #8507, .T. ) ;
#5856 = CARTESIAN_POINT ( 'NONE',  ( 32.63624460303810082, 3.456915091665887285, -47.01284170406882623 ) ) ;
#5858 = ADVANCED_FACE ( 'NONE', ( #4116 ), #9232, .T. ) ;
#5857 = CARTESIAN_POINT ( 'NONE',  ( -29.77935168516322051, 7.809015070422822724, -25.18138468059077439 ) ) ;
#5859 = EDGE_CURVE ( 'NONE', #4091, #5903, #1071, .T. ) ;
#5860 = VERTEX_POINT ( 'NONE', #7069 ) ;
#5861 = AXIS2_PLACEMENT_3D ( 'NONE', #4370, #6599, #2795 ) ;
#5862 = CARTESIAN_POINT ( 'NONE',  ( -32.37209922052360866, 4.263594006683167237, -77.36924724548174481 ) ) ;
#5863 = AXIS2_PLACEMENT_3D ( 'NONE', #2708, #4974, #5064 ) ;
#5864 = AXIS2_PLACEMENT_3D ( 'NONE', #7536, #6855, #3182 ) ;
#5865 = VERTEX_POINT ( 'NONE', #8359 ) ;
#5866 = CARTESIAN_POINT ( 'NONE',  ( -25.02057253258904623, 7.479417570959293826, -79.59999999999999432 ) ) ;
#5867 = CARTESIAN_POINT ( 'NONE',  ( 30.82942746741108664, 2.444417355247868517, -31.89999999999999147 ) ) ;
#5868 = TOROIDAL_SURFACE ( 'NONE', #1699, 1.500000000000000000, 0.5000000000000000000 ) ;
#5869 = CARTESIAN_POINT ( 'NONE',  ( 29.09727716966345312, 4.107021509972699214, -77.60000000000000853 ) ) ;
#5870 = AXIS2_PLACEMENT_3D ( 'NONE', #89, #138, #5957 ) ;
#5871 = AXIS2_PLACEMENT_3D ( 'NONE', #9307, #1194, #9077 ) ;
#5872 = CARTESIAN_POINT ( 'NONE',  ( -33.02057253258905689, 1.027832321093293810, -1.600000000000018074 ) ) ;
#5873 = EDGE_LOOP ( 'NONE', ( #6060, #2200, #623, #1211 ) ) ;
#5874 = EDGE_CURVE ( 'NONE', #1239, #4589, #9440, .T. ) ;
#5875 = CYLINDRICAL_SURFACE ( 'NONE', #4458, 1.000000000000000888 ) ;
#5876 = CARTESIAN_POINT ( 'NONE',  ( 33.10442746741109943, -3.020582429040426398, -6.705689010341600920 ) ) ;
#5877 = CARTESIAN_POINT ( 'NONE',  ( -30.87057253258904055, -2.520582429040414851, -24.89999999999999503 ) ) ;
#5878 = CARTESIAN_POINT ( 'NONE',  ( -27.86704973986066491, 6.705245437550821030, -2.000000000000029310 ) ) ;
#5879 = CARTESIAN_POINT ( 'NONE',  ( 28.85023069261087514, 8.099421422835916928, -3.393594374798756697 ) ) ;
#5880 = VERTEX_POINT ( 'NONE', #5482 ) ;
#5881 = AXIS2_PLACEMENT_3D ( 'NONE', #1984, #4849, #6394 ) ;
#5882 = CARTESIAN_POINT ( 'NONE',  ( 30.97942746741108522, -2.520582429040426398, -23.69999999999999929 ) ) ;
#5883 = APPROVAL_ROLE ( '' ) ;
#5884 = LINE ( 'NONE', #6698, #4760 ) ;
#5885 = CARTESIAN_POINT ( 'NONE',  ( -32.08153488409313070, 4.979553270933495313, -35.47697161725855608 ) ) ;
#5886 = AXIS2_PLACEMENT_3D ( 'NONE', #532, #1349, #7796 ) ;
#5887 = AXIS2_PLACEMENT_3D ( 'NONE', #6351, #4358, #6492 ) ;
#5888 = DIRECTION ( 'NONE',  ( 0.000000000000000000, 0.000000000000000000, 1.000000000000000000 ) ) ;
#5889 = FACE_OUTER_BOUND ( 'NONE', #2437, .T. ) ;
#5890 = DIRECTION ( 'NONE',  ( -2.017120320903265181E-16, -1.000000000000000000, 0.000000000000000000 ) ) ;
#5891 = ORIENTED_EDGE ( 'NONE', *, *, #9433, .T. ) ;
#5892 = CARTESIAN_POINT ( 'NONE',  ( -29.29688744710984949, 7.800814133574608178, -7.222941761062264376 ) ) ;
#5893 = AXIS2_PLACEMENT_3D ( 'NONE', #6067, #151, #2792 ) ;
#5894 = ORIENTED_EDGE ( 'NONE', *, *, #6333, .T. ) ;
#5895 = CARTESIAN_POINT ( 'NONE',  ( -28.72057253258906684, 10.01696613767509625, -4.249999999999999112 ) ) ;
#5896 = FACE_OUTER_BOUND ( 'NONE', #4045, .T. ) ;
#5897 = CARTESIAN_POINT ( 'NONE',  ( -29.20342884572756148, 8.233069856663307817, -33.39195438904547331 ) ) ;
#5898 = VECTOR ( 'NONE', #7447, 1000.000000000000000 ) ;
#5899 = ORIENTED_EDGE ( 'NONE', *, *, #7940, .F. ) ;
#5900 = ORIENTED_EDGE ( 'NONE', *, *, #1478, .T. ) ;
#5901 = CARTESIAN_POINT ( 'NONE',  ( 30.82942746741106177, -3.020582429040425954, -30.19999999999999929 ) ) ;
#5902 = ORIENTED_EDGE ( 'NONE', *, *, #8431, .T. ) ;
#5903 = VERTEX_POINT ( 'NONE', #6888 ) ;
#5904 = CARTESIAN_POINT ( 'NONE',  ( 24.17426689133469253, 7.479417570959292050, -19.49596698082200419 ) ) ;
#5905 = CARTESIAN_POINT ( 'NONE',  ( 24.94948353624236503, 7.479417570959293826, -14.22404972914372578 ) ) ;
#5906 = APPLICATION_CONTEXT ( 'configuration controlled 3d designs of mechanical parts and assemblies' ) ;
#5907 = DIRECTION ( 'NONE',  ( 0.000000000000000000, 0.000000000000000000, 1.000000000000000000 ) ) ;
#5908 = CARTESIAN_POINT ( 'NONE',  ( -30.87057253258902989, 5.979163850806772373, -24.90000000000000213 ) ) ;
#5909 = ORIENTED_EDGE ( 'NONE', *, *, #1918, .F. ) ;
#5910 = CARTESIAN_POINT ( 'NONE',  ( -29.69379418408665927, 6.279441590672477425, -76.03009472726213858 ) ) ;
#5911 = VECTOR ( 'NONE', #3988, 1000.000000000000000 ) ;
#5912 = EDGE_LOOP ( 'NONE', ( #8223, #4753, #389, #582 ) ) ;
#5913 = CARTESIAN_POINT ( 'NONE',  ( 27.86948691043451376, 8.906727165395009749, -0.000000000000000000 ) ) ;
#5914 = DIRECTION ( 'NONE',  ( 2.017120320903265181E-16, 1.000000000000000000, -0.000000000000000000 ) ) ;
#5915 = ADVANCED_FACE ( 'NONE', ( #4805 ), #1027, .F. ) ;
#5916 = CARTESIAN_POINT ( 'NONE',  ( 27.52343413417327156, 6.861090847574169871, -29.17473474679688294 ) ) ;
#5917 = ADVANCED_FACE ( 'NONE', ( #6221 ), #7225, .T. ) ;
#5918 = CARTESIAN_POINT ( 'NONE',  ( -32.61140092395022805, -3.020582429040413519, -25.39999999999999147 ) ) ;
#5919 = CARTESIAN_POINT ( 'NONE',  ( -32.94546341179430726, 2.196047495006908434, -31.20000000000000284 ) ) ;
#5920 = VERTEX_POINT ( 'NONE', #641 ) ;
#5921 = CARTESIAN_POINT ( 'NONE',  ( 32.57025585876385065, -3.520582429040425509, -25.39999999997699121 ) ) ;
#5922 = CARTESIAN_POINT ( 'NONE',  ( -29.34804657768428626, 7.759326536322343593, -7.276047172009588060 ) ) ;
#5923 = DIRECTION ( 'NONE',  ( 1.000000000000000000, -2.017120320903265181E-16, 0.000000000000000000 ) ) ;
#5924 = CARTESIAN_POINT ( 'NONE',  ( 29.73734410490154545, 7.809640147867909832, -2.381929518603079998 ) ) ;
#5925 = CARTESIAN_POINT ( 'NONE',  ( 29.41857872050448108, 7.665746301345122582, -2.621236438942790681 ) ) ;
#5926 = VERTEX_POINT ( 'NONE', #7905 ) ;
#5927 = CARTESIAN_POINT ( 'NONE',  ( 24.97942746741094311, 5.479417570959293826, -32.94706763282823658 ) ) ;
#5928 = DIRECTION ( 'NONE',  ( 1.000000000000000000, 0.000000000000000000, 0.000000000000000000 ) ) ;
#5929 = EDGE_CURVE ( 'NONE', #1121, #1543, #3599, .T. ) ;
#5930 = EDGE_CURVE ( 'NONE', #3138, #1112, #5757, .T. ) ;
#5931 = CIRCLE ( 'NONE', #4069, 1.000000000000000000 ) ;
#5932 = CARTESIAN_POINT ( 'NONE',  ( 29.17942746741108806, -3.020582429040425509, -5.750000000000000888 ) ) ;
#5933 = FACE_OUTER_BOUND ( 'NONE', #662, .T. ) ;
#5934 = CARTESIAN_POINT ( 'NONE',  ( 32.97942746728357832, 1.607341670101056552, -79.59999999999999432 ) ) ;
#5935 = DIRECTION ( 'NONE',  ( 0.000000000000000000, 1.000000000000000000, -0.000000000000000000 ) ) ;
#5936 = PLANE ( 'NONE',  #4478 ) ;
#5937 = B_SPLINE_CURVE_WITH_KNOTS ( 'NONE', 3,
 ( #1843, #5510, #3256, #8484, #7705, #7751, #4064, #6113, #7615, #350, #978, #6877, #9125, #1755, #2490, #4704, #6209, #1064 ),
 .UNSPECIFIED., .F., .F.,
 ( 4, 2, 2, 2, 2, 2, 2, 1, 1, 4 ),
 ( 0.006131325701431875226, 0.006865702913404976224, 0.007600080125378078089, 0.008334457337351179954, 0.009068834549324281818, 0.009436023155310837088, 0.009803211761297392357, 0.01053758897327049422, 0.01200634339721669622, 0.01788136109300153889 ),
 .UNSPECIFIED. ) ;
#5938 = CARTESIAN_POINT ( 'NONE',  ( -34.02057253258906400, -4.520582429040413963, -2.075961696557274916 ) ) ;
#5939 = CC_DESIGN_APPROVAL ( #2189, ( #3317 ) ) ;
#5940 = CARTESIAN_POINT ( 'NONE',  ( -29.01553993493470429, 8.013547234948649844, -6.848708541532304572 ) ) ;
#5941 =( BOUNDED_SURFACE ( )  B_SPLINE_SURFACE ( 3, 2, ( 
 ( #2370, #996, #4481 ),
 ( #951, #4578, #3906 ),
 ( #4679, #860, #6706 ),
 ( #3079, #9046, #903 ),
 ( #4533, #3809, #6086 ),
 ( #6132, #8271, #1629 ),
 ( #3859, #6801, #2416 ),
 ( #174, #8318, #4621 ),
 ( #6851, #6301, #1179 ),
 ( #8504, #4896, #1814 ) ),
 .UNSPECIFIED., .F., .F., .F. ) 
 B_SPLINE_SURFACE_WITH_KNOTS ( ( 4, 2, 2, 2, 4 ),
 ( 3, 3 ),
 ( 0.000000000000000000, 0.001773848294857686188, 0.002217310368572107844, 0.002660772442286529066, 0.003547696589715372377 ),
 ( 0.000000000000000000, 1.000000000000000000 ),
 .UNSPECIFIED. ) 
 GEOMETRIC_REPRESENTATION_ITEM ( )  RATIONAL_B_SPLINE_SURFACE ( (
 ( 1.000000000000000000, 0.7071067811865475727, 1.000000000000000000),
 ( 1.000000000000000000, 0.7071067811865475727, 1.000000000000000000),
 ( 1.000000000000000000, 0.7071067811865487940, 1.000000000000000000),
 ( 1.000000000000000000, 0.7071067811865487940, 1.000000000000000000),
 ( 1.000000000000000000, 0.7071067811865485719, 1.000000000000000000),
 ( 1.000000000000000000, 0.7071067811865485719, 1.000000000000000000),
 ( 1.000000000000000000, 0.7071067811865475727, 1.000000000000000000),
 ( 1.000000000000000000, 0.7071067811865475727, 1.000000000000000000),
 ( 1.000000000000000000, 0.7071067811865475727, 1.000000000000000000),
 ( 1.000000000000000000, 0.7071067811865475727, 1.000000000000000000) ) ) 
 REPRESENTATION_ITEM ( '' )  SURFACE ( )  );
#5942 = CARTESIAN_POINT ( 'NONE',  ( 28.79262011024111700, 6.349417570959286827, -75.59999999999993747 ) ) ;
#5943 = ORIENTED_EDGE ( 'NONE', *, *, #5333, .T. ) ;
#5944 = FACE_OUTER_BOUND ( 'NONE', #32, .T. ) ;
#5945 = CARTESIAN_POINT ( 'NONE',  ( -30.64754637661570058, 3.250774517111894024, -77.60000000000103171 ) ) ;
#5946 = CARTESIAN_POINT ( 'NONE',  ( -27.42691807396607828, 9.086373778315428140, -33.07384846159955316 ) ) ;
#5947 = ORIENTED_EDGE ( 'NONE', *, *, #2911, .F. ) ;
#5948 = CARTESIAN_POINT ( 'NONE',  ( 30.22212687859533631, 7.395682438349213683, -8.229797245008182216 ) ) ;
#5949 = CARTESIAN_POINT ( 'NONE',  ( -30.72057253258911302, -4.520582429040413963, -5.000000000000004441 ) ) ;
#5950 = ADVANCED_FACE ( 'NONE', ( #4887 ), #1217, .T. ) ;
#5951 = EDGE_LOOP ( 'NONE', ( #4724, #2226, #2783, #6245 ) ) ;
#5952 = ORIENTED_EDGE ( 'NONE', *, *, #8501, .T. ) ;
#5953 = CARTESIAN_POINT ( 'NONE',  ( 19.54582677747088582, 7.479417570959292938, -25.94503404510406952 ) ) ;
#5954 = CARTESIAN_POINT ( 'NONE',  ( 30.82942746741109374, 5.979164254138607859, -2.099999999999999645 ) ) ;
#5955 = CARTESIAN_POINT ( 'NONE',  ( -31.18216987934876272, 6.406573504039785760, -0.000000000000000000 ) ) ;
#5956 = CARTESIAN_POINT ( 'NONE',  ( 24.66193071355895228, 7.479417570959292050, -12.06232771669796122 ) ) ;
#5957 = DIRECTION ( 'NONE',  ( 0.000000000000000000, 0.000000000000000000, 1.000000000000000000 ) ) ;
#5958 = CARTESIAN_POINT ( 'NONE',  ( -30.19895506879952762, 7.454649918701984568, -24.98835610628565362 ) ) ;
#5959 = ORIENTED_EDGE ( 'NONE', *, *, #3979, .T. ) ;
#5960 = PLANE ( 'NONE',  #9467 ) ;
#5961 = ORIENTED_EDGE ( 'NONE', *, *, #9184, .T. ) ;
#5962 = EDGE_CURVE ( 'NONE', #2470, #7757, #3499, .T. ) ;
#5963 = DIRECTION ( 'NONE',  ( 0.9807704523794007478, 0.1951648527258580679, 0.000000000000000000 ) ) ;
#5964 = EDGE_CURVE ( 'NONE', #1142, #2618, #4305, .T. ) ;
#5965 = DIRECTION ( 'NONE',  ( 7.490519751586869532E-48, 3.697785493223491743E-32, -1.000000000000000000 ) ) ;
#5966 = CARTESIAN_POINT ( 'NONE',  ( 33.00268182627428359, -3.506905138209898798, -7.701149432181848553 ) ) ;
#5967 = DIRECTION ( 'NONE',  ( 0.000000000000000000, 0.8454602831925580597, 0.5340383034427020892 ) ) ;
#5968 = EDGE_CURVE ( 'NONE', #6433, #8602, #6191, .T. ) ;
#5969 = CARTESIAN_POINT ( 'NONE',  ( 32.62449488970401745, 3.497326107490983382, -48.50000000000001421 ) ) ;
#5970 = CARTESIAN_POINT ( 'NONE',  ( 31.87942746741113353, -4.520582429040426398, -27.81000000000000227 ) ) ;
#5971 = ORIENTED_EDGE ( 'NONE', *, *, #6537, .F. ) ;
#5972 = CARTESIAN_POINT ( 'NONE',  ( 28.79262011024112411, 6.349417570959293933, -75.59999999999998010 ) ) ;
#5973 = DIRECTION ( 'NONE',  ( -0.000000000000000000, 1.000000000000000000, -0.000000000000000000 ) ) ;
#5974 = VERTEX_POINT ( 'NONE', #7365 ) ;
#5975 = DIRECTION ( 'NONE',  ( -2.017120320903265428E-16, -1.000000000000000000, 0.000000000000000000 ) ) ;
#5976 = EDGE_LOOP ( 'NONE', ( #4054, #9250, #6197, #8741 ) ) ;
#5977 = CARTESIAN_POINT ( 'NONE',  ( 21.12668348326615586, 7.479417570959292938, -76.59999999999998010 ) ) ;
#5978 = DIRECTION ( 'NONE',  ( 1.000000000000000000, -1.668003342285388346E-16, 0.000000000000000000 ) ) ;
#5979 = LINE ( 'NONE', #4572, #6466 ) ;
#5980 = DIRECTION ( 'NONE',  ( -1.000000000000000000, 2.017120320903264935E-16, 6.454785026890406770E-15 ) ) ;
#5981 = CARTESIAN_POINT ( 'NONE',  ( 32.97942746741107101, 1.027832321093527401, -77.59999999999999432 ) ) ;
#5982 = EDGE_CURVE ( 'NONE', #7382, #6773, #3792, .T. ) ;
#5983 = DIRECTION ( 'NONE',  ( -1.000000000000000000, 3.614007241618348771E-16, 0.000000000000000000 ) ) ;
#5984 = AXIS2_PLACEMENT_3D ( 'NONE', #3157, #6064, #5326 ) ;
#5985 = EDGE_CURVE ( 'NONE', #1025, #9193, #7578, .T. ) ;
#5986 = CARTESIAN_POINT ( 'NONE',  ( 32.62449488970396771, 3.497326107491119274, -66.24805820483003060 ) ) ;
#5987 = EDGE_CURVE ( 'NONE', #6810, #3548, #3112, .T. ) ;
#5988 = CARTESIAN_POINT ( 'NONE',  ( -32.71769780056187926, 3.359642745325004842, -24.39999999999999503 ) ) ;
#5989 = VERTEX_POINT ( 'NONE', #152 ) ;
#5990 = DIRECTION ( 'NONE',  ( -1.000000000000000000, -1.734723475976805517E-15, 0.000000000000000000 ) ) ;
#5991 = VERTEX_POINT ( 'NONE', #6585 ) ;
#5992 = DIRECTION ( 'NONE',  ( -2.017120320903264935E-16, -1.000000000000000000, 0.000000000000000000 ) ) ;
#5993 = FACE_OUTER_BOUND ( 'NONE', #2051, .T. ) ;
#5994 = CARTESIAN_POINT ( 'NONE',  ( 30.82942746741108309, -2.520582429040425065, -28.55000000000000071 ) ) ;
#5995 = VERTEX_POINT ( 'NONE', #9029 ) ;
#5996 = EDGE_CURVE ( 'NONE', #6682, #1188, #735, .T. ) ;
#5997 = CARTESIAN_POINT ( 'NONE',  ( -28.89140871080430273, 8.099777304842348258, -29.40648914254310142 ) ) ;
#5998 = AXIS2_PLACEMENT_3D ( 'NONE', #6942, #175, #119 ) ;
#5999 = VERTEX_POINT ( 'NONE', #5872 ) ;
#6000 = EDGE_LOOP ( 'NONE', ( #6425, #6920, #1975, #3924 ) ) ;
#6001 = CARTESIAN_POINT ( 'NONE',  ( 20.69249680382067424, 7.479417570959292938, -4.835116411495920197 ) ) ;
#6002 = CARTESIAN_POINT ( 'NONE',  ( -33.02057253258905689, 1.027832321093293810, 0.000000000000000000 ) ) ;
#6003 = CARTESIAN_POINT ( 'NONE',  ( 23.38251861463090009, 7.479417570959295603, -8.445546923061735711 ) ) ;
#6004 = CARTESIAN_POINT ( 'NONE',  ( 26.47942746741108166, 6.349417570959293933, -48.50000000000000711 ) ) ;
#6005 = CARTESIAN_POINT ( 'NONE',  ( -28.73993646021841997, 8.197675741654252946, -26.71826442976902882 ) ) ;
#6006 = ORIENTED_EDGE ( 'NONE', *, *, #3100, .F. ) ;
#6007 = CARTESIAN_POINT ( 'NONE',  ( -30.20815512934153801, 5.286671302892834490, -78.34910079956156892 ) ) ;
#6008 = ORIENTED_EDGE ( 'NONE', *, *, #3857, .T. ) ;
#6009 = CARTESIAN_POINT ( 'NONE',  ( 29.06958736558884837, 8.299888508562684564, -0.000000000000000000 ) ) ;
#6010 = DIRECTION ( 'NONE',  ( -1.000000000000000000, -1.250608365883192617E-15, 0.000000000000000000 ) ) ;
#6011 = CIRCLE ( 'NONE', #6612, 3.349999999999984990 ) ;
#6012 = VECTOR ( 'NONE', #326, 1000.000000000000000 ) ;
#6013 = CARTESIAN_POINT ( 'NONE',  ( 30.37673387856645135, 3.835472941058007290, -76.59999999999999432 ) ) ;
#6014 = FACE_OUTER_BOUND ( 'NONE', #2681, .T. ) ;
#6015 = CARTESIAN_POINT ( 'NONE',  ( 31.09844019051306674, 5.622764104626653214, -2.099999999999976108 ) ) ;
#6016 = CARTESIAN_POINT ( 'NONE',  ( 33.97942746741107811, -3.520582429040425954, -7.924038303442738851 ) ) ;
#6017 = VECTOR ( 'NONE', #8677, 1000.000000000000000 ) ;
#6018 = VERTEX_POINT ( 'NONE', #3016 ) ;
#6019 = AXIS2_PLACEMENT_3D ( 'NONE', #3704, #6648, #6701 ) ;
#6020 = LINE ( 'NONE', #8985, #2471 ) ;
#6021 = CARTESIAN_POINT ( 'NONE',  ( -30.87057253258906542, 5.979163850806727964, -7.900000000000000355 ) ) ;
#6022 = ORIENTED_EDGE ( 'NONE', *, *, #5050, .F. ) ;
#6023 = CARTESIAN_POINT ( 'NONE',  ( 27.47942746741109943, 9.481417570959283836, -4.249999999999989342 ) ) ;
#6024 = B_SPLINE_CURVE_WITH_KNOTS ( 'NONE', 3,
 ( #4484, #3281, #7727, #9196, #2646, #7771, #9285, #4858 ),
 .UNSPECIFIED., .F., .F.,
 ( 4, 2, 2, 4 ),
 ( -5.999999999245921765E-08, 0.0006249289041962087553, 0.001249917808392409999, 0.002499895616784810534 ),
 .UNSPECIFIED. ) ;
#6025 = ORIENTED_EDGE ( 'NONE', *, *, #6106, .T. ) ;
#6026 = CARTESIAN_POINT ( 'NONE',  ( 28.15083205097752739, 6.491807038963623988, -76.59999999999999432 ) ) ;
#6027 = DIRECTION ( 'NONE',  ( 0.000000000000000000, 1.000000000000000000, 0.000000000000000000 ) ) ;
#6028 = VECTOR ( 'NONE', #1627, 1000.000000000000000 ) ;
#6029 = AXIS2_PLACEMENT_3D ( 'NONE', #4209, #7163, #542 ) ;
#6030 = CARTESIAN_POINT ( 'NONE',  ( 31.22850509297921207, 6.280390163998482045, -30.69999999999999929 ) ) ;
#6031 = DIRECTION ( 'NONE',  ( -1.000000000000000000, 0.000000000000000000, 0.000000000000000000 ) ) ;
#6032 = CARTESIAN_POINT ( 'NONE',  ( 28.81657193957596164, 8.432562290290318785, -2.859184799442373581 ) ) ;
#6033 = CARTESIAN_POINT ( 'NONE',  ( 30.43936398962787493, 6.570772767166012329, -7.876658851795321326 ) ) ;
#6034 = CIRCLE ( 'NONE', #1853, 3.000000000000000000 ) ;
#6035 = CIRCLE ( 'NONE', #9139, 1.649999999999998579 ) ;
#6036 = PLANE ( 'NONE',  #8356 ) ;
#6037 = CARTESIAN_POINT ( 'NONE',  ( 23.94942746741108053, 8.479417570959276063, -16.13488569992977162 ) ) ;
#6038 = CARTESIAN_POINT ( 'NONE',  ( 32.63301675236853328, 3.468113246409043171, -66.99141822318169659 ) ) ;
#6039 = ORIENTED_EDGE ( 'NONE', *, *, #2409, .F. ) ;
#6040 = AXIS2_PLACEMENT_3D ( 'NONE', #4262, #3551, #7167 ) ;
#6041 = EDGE_CURVE ( 'NONE', #5806, #6265, #2397, .T. ) ;
#6042 = EDGE_CURVE ( 'NONE', #5458, #8138, #3400, .T. ) ;
#6043 = CARTESIAN_POINT ( 'NONE',  ( 32.97942746741108522, -2.520582429040426842, -8.400000000000003908 ) ) ;
#6044 = CARTESIAN_POINT ( 'NONE',  ( -28.73993646021932946, 8.197675741653881687, -3.918264429765234258 ) ) ;
#6045 = CARTESIAN_POINT ( 'NONE',  ( 30.93856865190205951, 7.059624448291083709, -36.72112724678336804 ) ) ;
#6046 = EDGE_LOOP ( 'NONE', ( #4085, #8728, #8607, #1091 ) ) ;
#6047 = VECTOR ( 'NONE', #3742, 1000.000000000000000 ) ;
#6048 = CARTESIAN_POINT ( 'NONE',  ( -30.68524463266966507, 6.281812081800061343, -30.70000000000000639 ) ) ;
#6049 = EDGE_LOOP ( 'NONE', ( #583, #7729, #6213, #7313 ) ) ;
#6050 = ORIENTED_EDGE ( 'NONE', *, *, #3735, .F. ) ;
#6051 = EDGE_CURVE ( 'NONE', #312, #1759, #2322, .T. ) ;
#6052 = ADVANCED_FACE ( 'NONE', ( #7516 ), #4602, .F. ) ;
#6053 = CARTESIAN_POINT ( 'NONE',  ( 23.53115249101771056, 7.479417570959294714, -8.747658183793548758 ) ) ;
#6054 = AXIS2_PLACEMENT_3D ( 'NONE', #7066, #5614, #7847 ) ;
#6055 = CARTESIAN_POINT ( 'NONE',  ( -25.02057253258906044, 9.479417570959293826, 0.000000000000000000 ) ) ;
#6056 = CARTESIAN_POINT ( 'NONE',  ( -30.73884422724970023, 3.059042396862799329, -31.90000000000002700 ) ) ;
#6057 = DIRECTION ( 'NONE',  ( 0.000000000000000000, -0.2768743801766375690, 0.9609061231992451768 ) ) ;
#6058 = CARTESIAN_POINT ( 'NONE',  ( -26.60960919979569184, 9.309221867935120187, -16.76816964169274371 ) ) ;
#6059 = ORIENTED_EDGE ( 'NONE', *, *, #8481, .F. ) ;
#6060 = ORIENTED_EDGE ( 'NONE', *, *, #6108, .T. ) ;
#6061 = AXIS2_PLACEMENT_3D ( 'NONE', #4524, #1662, #3756 ) ;
#6062 = CARTESIAN_POINT ( 'NONE',  ( 30.84903816310501412, 2.349417570959294821, -77.59999999999999432 ) ) ;
#6063 = VECTOR ( 'NONE', #8587, 1000.000000000000000 ) ;
#6064 = DIRECTION ( 'NONE',  ( -0.000000000000000000, -1.000000000000000000, -0.000000000000000000 ) ) ;
#6065 = CARTESIAN_POINT ( 'NONE',  ( 30.71443235663960891, 3.456915091665841988, -79.44362449279695682 ) ) ;
#6066 = CARTESIAN_POINT ( 'NONE',  ( -30.92823581091049334, 2.177814655649469966, -76.59999999999998010 ) ) ;
#6067 = CARTESIAN_POINT ( 'NONE',  ( 10.94942746741108053, 8.479417570959274286, -14.89000000000000057 ) ) ;
#6068 = DIRECTION ( 'NONE',  ( -2.017120320903265428E-16, -1.000000000000000000, 0.000000000000000000 ) ) ;
#6069 = AXIS2_PLACEMENT_3D ( 'NONE', #7923, #2010, #8648 ) ;
#6070 = ORIENTED_EDGE ( 'NONE', *, *, #1545, .F. ) ;
#6071 = LINE ( 'NONE', #5291, #8495 ) ;
#6072 = CARTESIAN_POINT ( 'NONE',  ( 28.93399896051029785, 8.363555171684318168, -7.304506854199891208 ) ) ;
#6073 = ORIENTED_EDGE ( 'NONE', *, *, #4800, .F. ) ;
#6074 = CARTESIAN_POINT ( 'NONE',  ( 30.41016922967188307, 6.611213943847186414, -2.127141083241659736 ) ) ;
#6075 = ORIENTED_EDGE ( 'NONE', *, *, #3453, .T. ) ;
#6076 = CARTESIAN_POINT ( 'NONE',  ( 25.00262547681645842, 7.479370916663700797, -2.000000000000043521 ) ) ;
#6077 = CARTESIAN_POINT ( 'NONE',  ( 32.97942746741108522, -2.520582429040426842, -7.400000000000003020 ) ) ;
#6078 = EDGE_CURVE ( 'NONE', #7059, #4919, #5629, .T. ) ;
#6079 = CARTESIAN_POINT ( 'NONE',  ( 32.38356115712662842, 4.240298329757146156, -24.90000000000458868 ) ) ;
#6080 = CARTESIAN_POINT ( 'NONE',  ( 30.82942746741106177, 5.979164254138641610, -30.69999999999999929 ) ) ;
#6081 = DIRECTION ( 'NONE',  ( -1.000000000000000000, -1.301042606982604138E-15, 0.000000000000000000 ) ) ;
#6082 = CYLINDRICAL_SURFACE ( 'NONE', #28, 3.349999999999984990 ) ;
#6083 = CARTESIAN_POINT ( 'NONE',  ( 28.22942746741108166, 6.849417570959288604, -48.50000000000001421 ) ) ;
#6084 = CARTESIAN_POINT ( 'NONE',  ( -27.52057253258906755, 6.882612225788601990, -27.04999999999999005 ) ) ;
#6085 = CARTESIAN_POINT ( 'NONE',  ( 32.49940930145444185, 3.931808720602038232, -79.30678919121334047 ) ) ;
#6086 = CARTESIAN_POINT ( 'NONE',  ( 30.54625153210418986, 3.417082513534229982, -76.59999999999895692 ) ) ;
#6087 = FACE_OUTER_BOUND ( 'NONE', #7834, .T. ) ;
#6088 = EDGE_CURVE ( 'NONE', #9310, #9338, #7251, .T. ) ;
#6089 = ORIENTED_EDGE ( 'NONE', *, *, #7259, .F. ) ;
#6090 = CYLINDRICAL_SURFACE ( 'NONE', #3081, 1.000000000000000888 ) ;
#6091 = CARTESIAN_POINT ( 'NONE',  ( -32.67738813743704895, 3.456363420285024191, -38.78000000000000114 ) ) ;
#6092 = LINE ( 'NONE', #6714, #6458 ) ;
#6093 = ORIENTED_EDGE ( 'NONE', *, *, #2429, .F. ) ;
#6094 = CIRCLE ( 'NONE', #9038, 0.5000000000000004441 ) ;
#6095 = CARTESIAN_POINT ( 'NONE',  ( 26.06019385904058794, 9.405850154226172322, -77.60000000000002274 ) ) ;
#6096 = ORIENTED_EDGE ( 'NONE', *, *, #2903, .T. ) ;
#6097 = EDGE_CURVE ( 'NONE', #8207, #7811, #3089, .T. ) ;
#6098 = VERTEX_POINT ( 'NONE', #1466 ) ;
#6099 = CARTESIAN_POINT ( 'NONE',  ( 19.81146581949556662, 7.479417570959294714, -4.050600479730555925 ) ) ;
#6100 = CARTESIAN_POINT ( 'NONE',  ( 29.17942746741108806, -2.520582429040425509, -5.750000000000000888 ) ) ;
#6101 = CIRCLE ( 'NONE', #9511, 1.100000000000000311 ) ;
#6102 = CARTESIAN_POINT ( 'NONE',  ( 30.82942746741107953, 2.444417355247891166, -9.100000000000010303 ) ) ;
#6103 = CARTESIAN_POINT ( 'NONE',  ( -28.75881266631980537, 6.056269728121066009, -31.15367151292607417 ) ) ;
#6104 = CARTESIAN_POINT ( 'NONE',  ( 30.15725411940096379, 7.455261666304217272, -24.98858775196615056 ) ) ;
#6105 = EDGE_LOOP ( 'NONE', ( #4159, #5366, #972, #3250, #7642, #6579 ) ) ;
#6106 = EDGE_CURVE ( 'NONE', #392, #2449, #2241, .T. ) ;
#6107 = FACE_OUTER_BOUND ( 'NONE', #7608, .T. ) ;
#6108 = EDGE_CURVE ( 'NONE', #8281, #5999, #774, .T. ) ;
#6109 = ORIENTED_EDGE ( 'NONE', *, *, #8455, .T. ) ;
#6110 = CARTESIAN_POINT ( 'NONE',  ( 32.13349812661977012, 4.802838653798795931, -0.000000000000000000 ) ) ;
#6111 = CARTESIAN_POINT ( 'NONE',  ( 29.14563577331282929, 6.351445171980230064, -47.97903021028054837 ) ) ;
#6112 = CARTESIAN_POINT ( 'NONE',  ( 30.82942746741106177, -2.520582429040426842, -30.69999999999999929 ) ) ;
#6113 = CARTESIAN_POINT ( 'NONE',  ( 26.12666290891077026, 7.363598342295404109, -1.999999999999981348 ) ) ;
#6114 = LINE ( 'NONE', #9356, #8653 ) ;
#6115 = ORIENTED_EDGE ( 'NONE', *, *, #5733, .T. ) ;
#6116 = CARTESIAN_POINT ( 'NONE',  ( 24.72942746741108166, 7.349417570959288604, -66.00000000000000000 ) ) ;
#6117 = CARTESIAN_POINT ( 'NONE',  ( 23.94942746741107698, -6.520582429040414851, -14.88999999999999879 ) ) ;
#6118 = ORIENTED_EDGE ( 'NONE', *, *, #5232, .T. ) ;
#6119 = CARTESIAN_POINT ( 'NONE',  ( 29.87737639761155961, 7.697032881760104139, -2.306223735621064197 ) ) ;
#6120 = EDGE_CURVE ( 'NONE', #2670, #674, #52, .T. ) ;
#6121 = EDGE_LOOP ( 'NONE', ( #4258, #5293, #6421, #4252 ) ) ;
#6122 = CARTESIAN_POINT ( 'NONE',  ( 24.98735064073051149, 7.479414215976158076, -2.000000000000043521 ) ) ;
#6123 = DIRECTION ( 'NONE',  ( 3.227392513445213640E-15, -6.510039022401403803E-31, -1.000000000000000000 ) ) ;
#6124 = CARTESIAN_POINT ( 'NONE',  ( -33.08112479349649959, -3.520582429040414407, -25.22865389885242848 ) ) ;
#6125 = EDGE_CURVE ( 'NONE', #785, #7707, #1381, .T. ) ;
#6126 = CARTESIAN_POINT ( 'NONE',  ( -28.22057253258907039, 8.209584760035333773, -5.750000000000018652 ) ) ;
#6127 = EDGE_CURVE ( 'NONE', #6279, #8567, #4632, .T. ) ;
#6128 = CARTESIAN_POINT ( 'NONE',  ( 32.81057906786377742, 2.739747276411142352, -79.60000000000000853 ) ) ;
#6129 = CARTESIAN_POINT ( 'NONE',  ( -33.43723919925574251, -3.520582429040413075, -2.888194558624698427 ) ) ;
#6130 = CARTESIAN_POINT ( 'NONE',  ( 23.38942746741041390, -3.650582429040706067, -74.71000000000022112 ) ) ;
#6131 = CARTESIAN_POINT ( 'NONE',  ( 32.62701635842677206, 3.488738531371901708, -66.49586313520350700 ) ) ;
#6132 = CARTESIAN_POINT ( 'NONE',  ( 29.49806414984470848, 3.340097775165072225, -77.59999999999999432 ) ) ;
#6133 = CARTESIAN_POINT ( 'NONE',  ( -30.02057253258906044, 1.027832321093293810, -76.59999999999999432 ) ) ;
#6134 = CARTESIAN_POINT ( 'NONE',  ( -26.60914570139005164, 9.309322974564976150, -13.00983556621826764 ) ) ;
#6135 = ORIENTED_EDGE ( 'NONE', *, *, #1891, .F. ) ;
#6136 = DIRECTION ( 'NONE',  ( 0.000000000000000000, 0.000000000000000000, 1.000000000000000000 ) ) ;
#6137 = CARTESIAN_POINT ( 'NONE',  ( -29.64197554016547898, 7.912911909548724587, -2.078420765686699756 ) ) ;
#6138 = CARTESIAN_POINT ( 'NONE',  ( 29.83851631048664288, 7.726154249830238463, -33.61729723162991235 ) ) ;
#6139 = CARTESIAN_POINT ( 'NONE',  ( 26.47942746741108166, 6.849417570959293933, -48.50000000000000711 ) ) ;
#6140 = VERTEX_POINT ( 'NONE', #8343 ) ;
#6141 = FACE_OUTER_BOUND ( 'NONE', #2809, .T. ) ;
#6142 = ORIENTED_EDGE ( 'NONE', *, *, #3818, .T. ) ;
#6143 = VERTEX_POINT ( 'NONE', #1960 ) ;
#6144 = ADVANCED_FACE ( 'NONE', ( #7788 ), #524, .T. ) ;
#6145 = CARTESIAN_POINT ( 'NONE',  ( -29.09283735730238973, 8.290793357508258410, -0.000000000000000000 ) ) ;
#6146 = CARTESIAN_POINT ( 'NONE',  ( -29.26523006367808932, 5.566462228384462030, -31.49263195027166873 ) ) ;
#6147 = B_SPLINE_CURVE_WITH_KNOTS ( 'NONE', 3,
 ( #3062, #8152, #5238, #210, #3166, #1468, #794, #3749 ),
 .UNSPECIFIED., .F., .F.,
 ( 4, 2, 2, 4 ),
 ( 8.673617379884035472E-19, 0.001323421605014283220, 0.002646843210028565572, 0.005293686420057137215 ),
 .UNSPECIFIED. ) ;
#6148 = AXIS2_PLACEMENT_3D ( 'NONE', #952, #3810, #3282 ) ;
#6149 = CARTESIAN_POINT ( 'NONE',  ( 30.96527874436363348, 6.629124262739714446, -24.39999999216227167 ) ) ;
#6150 = EDGE_LOOP ( 'NONE', ( #6570, #3481 ) ) ;
#6151 = CARTESIAN_POINT ( 'NONE',  ( 30.11016733981649196, 6.971999211106800765, -2.220618654965295313 ) ) ;
#6152 = EDGE_LOOP ( 'NONE', ( #6243, #7769, #2227, #2139 ) ) ;
#6153 = DIRECTION ( 'NONE',  ( 1.000000000000000000, 0.000000000000000000, 0.000000000000000000 ) ) ;
#6154 = CLOSED_SHELL ( 'NONE', ( #9205, #4084, #629, #573, #3326, #7362, #8583, #1680, #6226, #1113, #4100, #8534, #2006, #7843, #7134, #6144, #5322, #2331, #7599, #9301, #7683, #7343, #7814, #5123, #8174, #2411, #2009, #9025, #3383, #1850, #6561, #4259, #2676, #3053, #5605, #3970, #7397, #7509, #8561, #1431, #8419, #8527, #5558, #6229, #8952, #5149, #2623, #8770, #5819, #2528, #4438, #3325, #6435, #3335, #3350, #7412, #1727, #1487, #9515, #2404, #5196, #2722, #2948, #3124, #4559, #3731, #7812, #5331, #6875, #7282, #1346, #4415, #5433, #2725, #1283, #2610, #603, #605, #400, #2287, #3987, #8246, #4195, #6052, #8053, #2562, #3569, #4720, #4081, #6909, #7179, #8790, #9325, #4231, #3612, #4846, #2972, #6980, #8869, #1945, #6529, #1611, #669, #5022, #9610, #7105, #1919, #1983, #9487, #2943, #5386, #9104, #770, #117, #8068, #1742, #807, #9195, #8478, #902, #4318, #484, #8354, #94, #7556, #243, #805, #7334, #3673, #5501, #3837, #7821, #2933, #2140, #8891, #5083, #9252, #5915, #8622, #5519, #1783, #5456, #9221, #5471, #7960, #5800, #957, #7867, #1309, #5242, #9067, #1302, #193, #178, #7637, #2127, #6506, #1255, #7831, #720, #5308, #588, #3855, #1876, #5352, #7148, #3285, #7523, #8067, #8831, #9271, #4927, #2099, #6807, #8918, #8819, #5098, #8468, #3942, #5917, #1946, #6865, #2740, #5271, #721, #8279, #7393, #7015, #180, #537, #2018, #8269, #2256, #5173, #4131, #2816, #3033, #1070, #4903, #3227, #5950, #5681, #3597, #5858, #7648, #2258, #317, #7213, #2254, #3918, #8090, #9262, #586, #62, #2425, #577, #7094, #5031, #1066, #5566, #4198, #1892, #8300, #8041, #2228, #4251, #2970, #8421, #3069, #4390, #6451, #7696, #1838, #2360, #3158, #5424, #6320, #5560, #4066, #7752, #9101 ) ) ;
#6155 = AXIS2_PLACEMENT_3D ( 'NONE', #6077, #161, #6027 ) ;
#6156 = CARTESIAN_POINT ( 'NONE',  ( 30.76643744907853062, 3.095942641053215372, -79.54763467767480734 ) ) ;
#6157 = DIRECTION ( 'NONE',  ( -2.017120320903265181E-16, -1.000000000000000000, 0.000000000000000000 ) ) ;
#6158 = EDGE_CURVE ( 'NONE', #5278, #8602, #6636, .T. ) ;
#6159 = EDGE_CURVE ( 'NONE', #5845, #7010, #2486, .T. ) ;
#6160 = CARTESIAN_POINT ( 'NONE',  ( -33.02057253258905689, 1.027832321093293810, -24.39999999999999147 ) ) ;
#6161 = CARTESIAN_POINT ( 'NONE',  ( -28.44613486920354362, 8.655815229973256919, -5.750000000000018652 ) ) ;
#6162 = ORIENTED_EDGE ( 'NONE', *, *, #9044, .F. ) ;
#6163 = CARTESIAN_POINT ( 'NONE',  ( 32.96163017411278418, 1.605024120305407642, -77.59999999999995168 ) ) ;
#6164 = CARTESIAN_POINT ( 'NONE',  ( 26.67942746741108806, -2.520582429040425509, -79.59999999999999432 ) ) ;
#6165 = VERTEX_POINT ( 'NONE', #4658 ) ;
#6166 = CARTESIAN_POINT ( 'NONE',  ( 29.60000346508257607, 7.913576301140560432, -2.079117216655336886 ) ) ;
#6167 = CIRCLE ( 'NONE', #5070, 0.5000000000000004441 ) ;
#6168 = AXIS2_PLACEMENT_3D ( 'NONE', #7609, #201, #9118 ) ;
#6169 = ORIENTED_EDGE ( 'NONE', *, *, #5454, .F. ) ;
#6170 = CARTESIAN_POINT ( 'NONE',  ( 25.57477578353728020, 7.449389112793256551, -2.000000000000029310 ) ) ;
#6171 = CARTESIAN_POINT ( 'NONE',  ( -29.45987124381506916, 7.665608612069249261, -25.42117509909224893 ) ) ;
#6172 = EDGE_CURVE ( 'NONE', #5991, #5315, #6941, .T. ) ;
#6173 = EDGE_CURVE ( 'NONE', #2523, #8292, #6327, .T. ) ;
#6174 = AXIS2_PLACEMENT_3D ( 'NONE', #4628, #122, #3719 ) ;
#6175 = DIRECTION ( 'NONE',  ( 0.000000000000000000, 0.000000000000000000, 1.000000000000000000 ) ) ;
#6176 = CARTESIAN_POINT ( 'NONE',  ( -33.43723919925573540, -3.520582429040413075, -25.69819455862472779 ) ) ;
#6177 = DIRECTION ( 'NONE',  ( 0.000000000000000000, 0.000000000000000000, 1.000000000000000000 ) ) ;
#6178 = CYLINDRICAL_SURFACE ( 'NONE', #5095, 0.5000000000000004441 ) ;
#6179 = CARTESIAN_POINT ( 'NONE',  ( -30.87057253258904055, -3.020582429040413963, -30.19999999999999929 ) ) ;
#6180 = DIRECTION ( 'NONE',  ( 2.017120320903265181E-16, 1.000000000000000000, -0.000000000000000000 ) ) ;
#6181 = EDGE_LOOP ( 'NONE', ( #9099, #867, #3883, #3491 ) ) ;
#6182 = CARTESIAN_POINT ( 'NONE',  ( 27.97942746741098929, 73.98322401220816857, -35.78000000000000824 ) ) ;
#6183 = AXIS2_PLACEMENT_3D ( 'NONE', #3828, #6677, #6057 ) ;
#6184 = DIRECTION ( 'NONE',  ( 0.000000000000000000, 0.000000000000000000, -1.000000000000000000 ) ) ;
#6185 = AXIS2_PLACEMENT_3D ( 'NONE', #3984, #320, #3271 ) ;
#6186 = CARTESIAN_POINT ( 'NONE',  ( 31.82428522195124643, 6.274859946993802673, -67.29201803172992413 ) ) ;
#6187 = EDGE_LOOP ( 'NONE', ( #225, #8382, #4962, #4731, #2427, #4564, #8037, #630, #7325, #1839, #3236, #7517, #1648, #7292, #3629, #3008, #709, #7792, #140, #7494, #6109, #4835, #4135, #2855, #1323, #600, #4588, #3529, #4594, #3916, #4909, #1368, #6972, #8337, #1120, #3882 ) ) ;
#6188 = DIRECTION ( 'NONE',  ( -1.387778780781390455E-15, 1.000000000000000000, 0.000000000000000000 ) ) ;
#6189 = CIRCLE ( 'NONE', #8355, 0.5000000000000004441 ) ;
#6190 = CARTESIAN_POINT ( 'NONE',  ( -30.34240241617584388, 7.321957604819526289, -2.145819317794495529 ) ) ;
#6191 = CIRCLE ( 'NONE', #3546, 0.5000000000000004441 ) ;
#6192 = CARTESIAN_POINT ( 'NONE',  ( 29.97627264351932297, 7.810079347972778585, -35.95931290300619310 ) ) ;
#6193 = ORIENTED_EDGE ( 'NONE', *, *, #7622, .T. ) ;
#6194 = CARTESIAN_POINT ( 'NONE',  ( 29.94173276706209919, 7.662002577352326149, -5.551115123125782702E-14 ) ) ;
#6195 = VERTEX_POINT ( 'NONE', #6161 ) ;
#6196 = CIRCLE ( 'NONE', #2173, 0.5000000000000004441 ) ;
#6197 = ORIENTED_EDGE ( 'NONE', *, *, #5085, .T. ) ;
#6198 = DIRECTION ( 'NONE',  ( 1.000000000000000000, 0.000000000000000000, 0.000000000000000000 ) ) ;
#6199 = CARTESIAN_POINT ( 'NONE',  ( -30.52659189574813681, 3.644083143270028913, -31.89570952681046379 ) ) ;
#6200 = DIRECTION ( 'NONE',  ( -1.000000000000000000, 0.000000000000000000, -0.000000000000000000 ) ) ;
#6201 = AXIS2_PLACEMENT_3D ( 'NONE', #4926, #1305, #2079 ) ;
#6202 = DIRECTION ( 'NONE',  ( 0.000000000000000000, 0.000000000000000000, -1.000000000000000000 ) ) ;
#6203 = CARTESIAN_POINT ( 'NONE',  ( -25.91602127938946154, 7.411419555808615556, -2.000000000000002665 ) ) ;
#6204 = ORIENTED_EDGE ( 'NONE', *, *, #6172, .F. ) ;
#6205 = CARTESIAN_POINT ( 'NONE',  ( -28.95047629153522095, 8.378802858329384762, -30.07164331999982565 ) ) ;
#6206 = ORIENTED_EDGE ( 'NONE', *, *, #1489, .F. ) ;
#6207 = CARTESIAN_POINT ( 'NONE',  ( 29.18018661329070440, 6.351848140341318505, -48.50000000000001421 ) ) ;
#6208 = CARTESIAN_POINT ( 'NONE',  ( 27.47942746741108877, -2.520582429040424177, -5.750000000000006217 ) ) ;
#6209 = CARTESIAN_POINT ( 'NONE',  ( 18.67037236198943972, 7.479417570959294714, -2.000000000000002665 ) ) ;
#6210 = CARTESIAN_POINT ( 'NONE',  ( 24.87942746741108024, 5.849417570959290380, -48.50000000000001421 ) ) ;
#6211 = VERTEX_POINT ( 'NONE', #7098 ) ;
#6212 = CARTESIAN_POINT ( 'NONE',  ( -30.87057253258904055, -2.520582429040414851, -30.69999999999999929 ) ) ;
#6213 = ORIENTED_EDGE ( 'NONE', *, *, #1387, .F. ) ;
#6214 = VECTOR ( 'NONE', #2660, 1000.000000000000000 ) ;
#6215 = CARTESIAN_POINT ( 'NONE',  ( 28.69886377675199185, 8.197440676993490882, -3.916837096429953036 ) ) ;
#6216 = VERTEX_POINT ( 'NONE', #6376 ) ;
#6217 = CARTESIAN_POINT ( 'NONE',  ( -26.72057253258906329, -6.520582429040421069, -16.07050836506882519 ) ) ;
#6218 = CARTESIAN_POINT ( 'NONE',  ( 32.57394397176805256, -3.520582429040426398, -7.400000000000054534 ) ) ;
#6219 = AXIS2_PLACEMENT_3D ( 'NONE', #4971, #5060, #6565 ) ;
#6220 = AXIS2_PLACEMENT_3D ( 'NONE', #5106, #4375, #708 ) ;
#6221 = FACE_OUTER_BOUND ( 'NONE', #5873, .T. ) ;
#6222 = CARTESIAN_POINT ( 'NONE',  ( 32.97942746741107101, -3.372277125821419475, -2.075961696557269143 ) ) ;
#6223 = CARTESIAN_POINT ( 'NONE',  ( 28.62616288842955470, 6.556154170035742190, -37.68009630224219819 ) ) ;
#6224 = DIRECTION ( 'NONE',  ( 2.017120320903264935E-16, 1.000000000000000000, -0.000000000000000000 ) ) ;
#6225 = DIRECTION ( 'NONE',  ( -1.250608365883192617E-15, 1.000000000000000000, 0.000000000000000000 ) ) ;
#6226 = ADVANCED_FACE ( 'NONE', ( #6880 ), #460, .F. ) ;
#6227 = EDGE_CURVE ( 'NONE', #8600, #9135, #9127, .T. ) ;
#6228 = CARTESIAN_POINT ( 'NONE',  ( -33.02057253258906400, -2.520582429040415295, -31.19999999999999929 ) ) ;
#6229 = ADVANCED_FACE ( 'NONE', ( #8663 ), #7564, .F. ) ;
#6230 = VERTEX_POINT ( 'NONE', #1150 ) ;
#6231 = CARTESIAN_POINT ( 'NONE',  ( -32.51106737123284773, 3.975580526629288070, -36.80004287120065243 ) ) ;
#6232 = CARTESIAN_POINT ( 'NONE',  ( -27.65380675992520665, 9.007667844722437422, -77.59999999999999432 ) ) ;
#6233 = LINE ( 'NONE', #2519, #9581 ) ;
#6234 = ORIENTED_EDGE ( 'NONE', *, *, #9442, .T. ) ;
#6235 = DIRECTION ( 'NONE',  ( 0.000000000000000000, 0.000000000000000000, 1.000000000000000000 ) ) ;
#6236 = ORIENTED_EDGE ( 'NONE', *, *, #5446, .F. ) ;
#6237 = VERTEX_POINT ( 'NONE', #4099 ) ;
#6238 = CARTESIAN_POINT ( 'NONE',  ( -31.95864203021944050, 4.057460493853903394, -7.900000000000025224 ) ) ;
#6239 = CARTESIAN_POINT ( 'NONE',  ( -27.52057253258906755, 9.481417570959294494, -5.750000000000006217 ) ) ;
#6240 = TOROIDAL_SURFACE ( 'NONE', #5609, 1.750000000000000222, 0.5000000000000000000 ) ;
#6241 = EDGE_CURVE ( 'NONE', #2974, #6368, #7046, .T. ) ;
#6242 = CARTESIAN_POINT ( 'NONE',  ( 29.87737639761303754, 7.697032881759518830, -25.10622373562005549 ) ) ;
#6243 = ORIENTED_EDGE ( 'NONE', *, *, #5831, .T. ) ;
#6244 = DIRECTION ( 'NONE',  ( 0.000000000000000000, 1.000000000000000000, 0.000000000000000000 ) ) ;
#6245 = ORIENTED_EDGE ( 'NONE', *, *, #4661, .F. ) ;
#6246 = DIRECTION ( 'NONE',  ( -2.017120320903264935E-16, -1.000000000000000000, 0.000000000000000000 ) ) ;
#6247 =( BOUNDED_CURVE ( )  B_SPLINE_CURVE ( 3, ( #7122, #1272, #502, #7957 ),
 .UNSPECIFIED., .F., .T. ) 
 B_SPLINE_CURVE_WITH_KNOTS ( ( 4, 4 ),
 ( 1.570796326794898112, 2.861196385632775119 ),
 .UNSPECIFIED. ) 
 CURVE ( )  GEOMETRIC_REPRESENTATION_ITEM ( )  RATIONAL_B_SPLINE_CURVE ( ( 1.000000000000000000, 0.8659863290551552684, 0.8659863290551552684, 1.000000000000000000 ) ) 
 REPRESENTATION_ITEM ( '' )  );
#6248 = CARTESIAN_POINT ( 'NONE',  ( 30.96062953444349475, 1.609148152687918332, -76.59999999999999432 ) ) ;
#6249 = DIRECTION ( 'NONE',  ( 0.000000000000000000, 0.000000000000000000, 1.000000000000000000 ) ) ;
#6250 = CARTESIAN_POINT ( 'NONE',  ( -26.72057253258905973, -6.520582429040420180, -13.70949163493114575 ) ) ;
#6251 = ORIENTED_EDGE ( 'NONE', *, *, #5255, .T. ) ;
#6252 = CARTESIAN_POINT ( 'NONE',  ( -30.08927705717890078, 4.467710850054128713, -23.78899727929941221 ) ) ;
#6253 = ORIENTED_EDGE ( 'NONE', *, *, #7463, .T. ) ;
#6254 = CARTESIAN_POINT ( 'NONE',  ( 28.53206745809961475, 8.590060741288588986, -3.439406502455669479 ) ) ;
#6255 = ORIENTED_EDGE ( 'NONE', *, *, #3239, .F. ) ;
#6256 = CARTESIAN_POINT ( 'NONE',  ( 27.83121362378727781, 6.691462452666473659, -7.252183773685468182 ) ) ;
#6257 = CARTESIAN_POINT ( 'NONE',  ( -28.89101426749075330, 8.100038035333337660, -26.19447178945991084 ) ) ;
#6258 = DIRECTION ( 'NONE',  ( 0.000000000000000000, -3.889029466986728624E-14, 1.000000000000000000 ) ) ;
#6259 = CARTESIAN_POINT ( 'NONE',  ( 28.54153454795784128, 8.585074939110370451, -26.21048107934679905 ) ) ;
#6260 = EDGE_CURVE ( 'NONE', #1618, #7790, #4156, .T. ) ;
#6261 = CARTESIAN_POINT ( 'NONE',  ( 25.89569826383853268, 7.652552724960974828, -36.30404311005076323 ) ) ;
#6262 = DIRECTION ( 'NONE',  ( -1.156482317317871331E-15, 1.000000000000000000, 0.000000000000000000 ) ) ;
#6263 = CARTESIAN_POINT ( 'NONE',  ( 30.82942746741108664, -3.020582429040425954, -2.599999999999999645 ) ) ;
#6264 = CARTESIAN_POINT ( 'NONE',  ( -18.05057253258891947, -6.520582429040420180, -14.89000000000000057 ) ) ;
#6265 = VERTEX_POINT ( 'NONE', #6833 ) ;
#6266 = DIRECTION ( 'NONE',  ( -0.000000000000000000, -1.000000000000000000, -0.000000000000000000 ) ) ;
#6267 = DIRECTION ( 'NONE',  ( -2.017120320903265181E-16, -1.000000000000000000, 0.000000000000000000 ) ) ;
#6268 = ORIENTED_EDGE ( 'NONE', *, *, #4302, .T. ) ;
#6269 = CARTESIAN_POINT ( 'NONE',  ( 24.88651141522004551, 7.479417570959294714, -16.22637358354271342 ) ) ;
#6270 = CARTESIAN_POINT ( 'NONE',  ( 28.78796891005021763, 8.140198719791527537, -26.35281273465673024 ) ) ;
#6271 = CARTESIAN_POINT ( 'NONE',  ( -32.77326737091333797, 3.164157827130798850, -77.59999999999999432 ) ) ;
#6272 = EDGE_CURVE ( 'NONE', #3299, #1703, #5174, .T. ) ;
#6273 = CARTESIAN_POINT ( 'NONE',  ( -30.85219348278006990, 2.730654652496541157, -79.59999999999999432 ) ) ;
#6274 = EDGE_CURVE ( 'NONE', #5458, #3775, #6114, .T. ) ;
#6275 = LINE ( 'NONE', #4775, #5380 ) ;
#6276 = CARTESIAN_POINT ( 'NONE',  ( 29.06924358633046879, 4.349417570959287715, -77.60000000000002274 ) ) ;
#6277 = ORIENTED_EDGE ( 'NONE', *, *, #3734, .F. ) ;
#6278 = DIRECTION ( 'NONE',  ( 1.000000000000000000, 0.000000000000000000, 0.000000000000000000 ) ) ;
#6279 = VERTEX_POINT ( 'NONE', #478 ) ;
#6280 = CARTESIAN_POINT ( 'NONE',  ( -30.80744975623066040, 3.095555671611820880, -79.54769005333859866 ) ) ;
#6281 = CARTESIAN_POINT ( 'NONE',  ( 28.07942746741108309, 4.349417570959287715, -66.00000000000000000 ) ) ;
#6282 = EDGE_CURVE ( 'NONE', #2220, #6990, #2444, .T. ) ;
#6283 = CARTESIAN_POINT ( 'NONE',  ( 29.70589627603283489, 7.402264917838961900, -25.21208758951457440 ) ) ;
#6284 = EDGE_LOOP ( 'NONE', ( #7111, #4203, #2592, #5019, #6413, #9162, #3737, #825, #9473 ) ) ;
#6285 = DIRECTION ( 'NONE',  ( -2.017120320903265181E-16, -1.000000000000000000, 0.000000000000000000 ) ) ;
#6286 = ORIENTED_EDGE ( 'NONE', *, *, #6628, .F. ) ;
#6287 = CARTESIAN_POINT ( 'NONE',  ( 31.87942746741113353, -4.520582429040426398, -27.81000000000000227 ) ) ;
#6288 = CARTESIAN_POINT ( 'NONE',  ( 23.68109486921431284, 8.479417570959272510, -17.52228703728866677 ) ) ;
#6289 = CARTESIAN_POINT ( 'NONE',  ( 32.97942746741107811, 1.027832321093519186, -79.59999999999999432 ) ) ;
#6290 = CARTESIAN_POINT ( 'NONE',  ( -29.65346458384508566, 5.104645415975900491, -23.92746430299171934 ) ) ;
#6291 = VERTEX_POINT ( 'NONE', #4916 ) ;
#6292 = LINE ( 'NONE', #6886, #7550 ) ;
#6293 = CARTESIAN_POINT ( 'NONE',  ( 32.48568193760143430, -2.991041159821330897, -25.22465529802303763 ) ) ;
#6294 = CARTESIAN_POINT ( 'NONE',  ( 30.97942746741108877, -4.520582429040439720, -79.59999999999999432 ) ) ;
#6295 = CARTESIAN_POINT ( 'NONE',  ( -30.87057253258906542, 10.01696613767509625, -5.750000000000000888 ) ) ;
#6296 = CARTESIAN_POINT ( 'NONE',  ( 28.77566297468859347, 6.376413950940746034, -38.32050625483437756 ) ) ;
#6297 = DIRECTION ( 'NONE',  ( 0.000000000000000000, 0.000000000000000000, 1.000000000000000000 ) ) ;
#6298 = DIRECTION ( 'NONE',  ( 2.017120320903265181E-16, 1.000000000000000000, 0.000000000000000000 ) ) ;
#6299 = CARTESIAN_POINT ( 'NONE',  ( -33.02057253258906400, 1.027832321093304024, 0.000000000000000000 ) ) ;
#6300 = EDGE_LOOP ( 'NONE', ( #8154, #7868, #5591, #5961 ) ) ;
#6301 = CARTESIAN_POINT ( 'NONE',  ( 29.92961606120440621, 4.664385742144435021, -77.59999999998555609 ) ) ;
#6302 = DIRECTION ( 'NONE',  ( -1.000000000000000000, 2.891205793294675861E-16, 3.469446951953611033E-15 ) ) ;
#6303 = CARTESIAN_POINT ( 'NONE',  ( 32.47942744778973889, -2.971234598528758486, -7.621705047876597305 ) ) ;
#6304 = ORIENTED_EDGE ( 'NONE', *, *, #2861, .T. ) ;
#6305 = AXIS2_PLACEMENT_3D ( 'NONE', #5453, #7818, #4130 ) ;
#6306 = VECTOR ( 'NONE', #599, 1000.000000000000000 ) ;
#6307 = EDGE_CURVE ( 'NONE', #1303, #2702, #2654, .T. ) ;
#6308 = CARTESIAN_POINT ( 'NONE',  ( 24.66183619251241410, 7.479417570959292050, -12.06189852600545365 ) ) ;
#6309 = CARTESIAN_POINT ( 'NONE',  ( 30.99036686479609060, 6.595886391879792754, -7.936082043251375673 ) ) ;
#6310 = DIRECTION ( 'NONE',  ( 1.000000000000000000, -3.336006684570776692E-16, 0.000000000000000000 ) ) ;
#6311 = DIRECTION ( 'NONE',  ( 1.000000000000000000, 8.673617379884027583E-16, 0.000000000000000000 ) ) ;
#6312 = CARTESIAN_POINT ( 'NONE',  ( -30.89017226309998065, 2.349417570959285495, -79.59999999999999432 ) ) ;
#6313 = VERTEX_POINT ( 'NONE', #4238 ) ;
#6314 = AXIS2_PLACEMENT_3D ( 'NONE', #6889, #7763, #1857 ) ;
#6315 = AXIS2_PLACEMENT_3D ( 'NONE', #6362, #7639, #1867 ) ;
#6316 = DIRECTION ( 'NONE',  ( 0.000000000000000000, -1.000000000000000000, 0.000000000000000000 ) ) ;
#6317 = VERTEX_POINT ( 'NONE', #714 ) ;
#6318 = PLANE ( 'NONE',  #4044 ) ;
#6319 = ORIENTED_EDGE ( 'NONE', *, *, #1007, .T. ) ;
#6320 = ADVANCED_FACE ( 'NONE', ( #30 ), #7974, .T. ) ;
#6321 = AXIS2_PLACEMENT_3D ( 'NONE', #2840, #18, #7970 ) ;
#6322 = AXIS2_PLACEMENT_3D ( 'NONE', #9546, #6848, #6749 ) ;
#6323 = CIRCLE ( 'NONE', #3711, 1.000000000000000888 ) ;
#6324 = CARTESIAN_POINT ( 'NONE',  ( 31.87942746741113353, -4.520582429040426398, -5.000000000000004441 ) ) ;
#6325 = CARTESIAN_POINT ( 'NONE',  ( 28.99042950507978134, 6.350090290707222529, -47.41503847552387896 ) ) ;
#6326 = CARTESIAN_POINT ( 'NONE',  ( -32.61508903694612371, -3.020582429040414407, -2.600000000000084466 ) ) ;
#6327 = LINE ( 'NONE', #3934, #4009 ) ;
#6328 = DIRECTION ( 'NONE',  ( -1.387778780781445922E-16, 1.000000000000000000, -0.000000000000000000 ) ) ;
#6329 = VERTEX_POINT ( 'NONE', #5407 ) ;
#6330 = VECTOR ( 'NONE', #3707, 1000.000000000000000 ) ;
#6331 = CARTESIAN_POINT ( 'NONE',  ( -28.02057253258906400, -2.520582429040393979, -32.78000000000000114 ) ) ;
#6332 = ORIENTED_EDGE ( 'NONE', *, *, #5208, .T. ) ;
#6333 = EDGE_CURVE ( 'NONE', #8024, #6672, #6092, .T. ) ;
#6334 = EDGE_LOOP ( 'NONE', ( #955, #1277, #643, #1450 ) ) ;
#6335 = CARTESIAN_POINT ( 'NONE',  ( -26.70460516799094108, -2.520582429040699068, 0.000000000000000000 ) ) ;
#6336 = EDGE_CURVE ( 'NONE', #3084, #6526, #2138, .T. ) ;
#6337 = CARTESIAN_POINT ( 'NONE',  ( 23.68237842643377178, 8.479417570959272510, -12.26390577414791316 ) ) ;
#6338 = VECTOR ( 'NONE', #1706, 1000.000000000000000 ) ;
#6339 = DIRECTION ( 'NONE',  ( 0.000000000000000000, 1.000000000000000000, 0.000000000000000000 ) ) ;
#6340 = B_SPLINE_CURVE_WITH_KNOTS ( 'NONE', 3,
 ( #2852, #9542, #8028, #4332, #7191, #5842, #566, #1393, #8805, #5112, #9450, #2804, #2067, #5015, #8083, #5638, #4379, #6375, #9354, #183, #5170, #8914 ),
 .UNSPECIFIED., .F., .F.,
 ( 4, 2, 2, 2, 2, 2, 2, 2, 2, 2, 4 ),
 ( 4.598563555429748222E-15, 0.001860765742932247524, 0.002791148614396069851, 0.003256340050127980255, 0.003721531485859890225, 0.004651914357323707130, 0.005582297228787523602, 0.006047488664519432705, 0.006512680100251342676, 0.006977871535983250911, 0.007443062971715160014 ),
 .UNSPECIFIED. ) ;
#6341 = DIRECTION ( 'NONE',  ( 1.000000000000000000, -2.025677196612374621E-16, -7.490519751586869532E-48 ) ) ;
#6342 = CARTESIAN_POINT ( 'NONE',  ( 33.00541298192047179, -3.508536352727960050, -30.49919444174962990 ) ) ;
#6343 = ORIENTED_EDGE ( 'NONE', *, *, #1403, .T. ) ;
#6344 = AXIS2_PLACEMENT_3D ( 'NONE', #5231, #3790, #8203 ) ;
#6345 = CARTESIAN_POINT ( 'NONE',  ( 27.65415518793224336, 6.791427145822548361, -6.828925847435282748 ) ) ;
#6346 = LINE ( 'NONE', #7208, #6452 ) ;
#6347 = CARTESIAN_POINT ( 'NONE',  ( -28.89101426749077817, 8.100038035333319897, -3.394471789459911903 ) ) ;
#6348 = CARTESIAN_POINT ( 'NONE',  ( -31.84096771774814272, 5.523439225154103127, -2.099999999962911978 ) ) ;
#6349 = VECTOR ( 'NONE', #5809, 1000.000000000000000 ) ;
#6350 = CYLINDRICAL_SURFACE ( 'NONE', #6314, 3.349999999999984990 ) ;
#6351 = CARTESIAN_POINT ( 'NONE',  ( -28.22057253258904552, 8.209584760035344431, -27.04999999999997584 ) ) ;
#6352 = CARTESIAN_POINT ( 'NONE',  ( -31.02057253258906400, -4.520582429040413075, -77.59999999999999432 ) ) ;
#6353 = DIRECTION ( 'NONE',  ( -2.017120320903265181E-16, -1.000000000000000000, 0.000000000000000000 ) ) ;
#6354 = EDGE_CURVE ( 'NONE', #2495, #7146, #6011, .T. ) ;
#6355 = CARTESIAN_POINT ( 'NONE',  ( 28.67942746741106674, 8.209411367207938071, -28.54999999999999716 ) ) ;
#6356 = VERTEX_POINT ( 'NONE', #5263 ) ;
#6357 = CARTESIAN_POINT ( 'NONE',  ( 32.97942746741108522, -2.520582429040426842, -31.19999999999999929 ) ) ;
#6358 = CYLINDRICAL_SURFACE ( 'NONE', #7219, 4.000000000000000000 ) ;
#6359 = CARTESIAN_POINT ( 'NONE',  ( 30.82942746741105822, 5.979164254138646051, -24.39999999999999503 ) ) ;
#6360 = CIRCLE ( 'NONE', #1879, 2.599999999999973888 ) ;
#6361 = EDGE_CURVE ( 'NONE', #8987, #3914, #6167, .T. ) ;
#6362 = CARTESIAN_POINT ( 'NONE',  ( -18.05057253258891947, -2.520582429040415740, -14.89000000000000057 ) ) ;
#6363 = CARTESIAN_POINT ( 'NONE',  ( -30.75142710530802503, 6.921527718447407551, -5.551115123125782702E-14 ) ) ;
#6364 = CARTESIAN_POINT ( 'NONE',  ( 32.47942746741107811, -2.520582429040427286, -2.099999999999996980 ) ) ;
#6365 = CARTESIAN_POINT ( 'NONE',  ( 29.17942746741108806, -3.020582429040425509, -4.249999999999999112 ) ) ;
#6366 = CIRCLE ( 'NONE', #6516, 4.000000000000000000 ) ;
#6367 = CARTESIAN_POINT ( 'NONE',  ( 30.10813733916296187, 4.349417570959287715, -76.74546248496164935 ) ) ;
#6368 = VERTEX_POINT ( 'NONE', #6364 ) ;
#6369 = LINE ( 'NONE', #3380, #4181 ) ;
#6370 = ORIENTED_EDGE ( 'NONE', *, *, #8501, .F. ) ;
#6371 = B_SPLINE_CURVE_WITH_KNOTS ( 'NONE', 3,
 ( #5969, #2838, #8746, #7515, #884, #8931 ),
 .UNSPECIFIED., .F., .F.,
 ( 4, 2, 4 ),
 ( 0.000000000000000000, 0.0007438768216446234099, 0.001487753643289246820 ),
 .UNSPECIFIED. ) ;
#6372 = EDGE_CURVE ( 'NONE', #8435, #5144, #513, .T. ) ;
#6373 = CARTESIAN_POINT ( 'NONE',  ( -30.87057253258906897, -3.020582429040413963, -5.750000000000000888 ) ) ;
#6374 = FACE_BOUND ( 'NONE', #1790, .T. ) ;
#6375 = CARTESIAN_POINT ( 'NONE',  ( -27.60938243189732333, 6.837493604938384095, -6.531713924321409515 ) ) ;
#6376 = CARTESIAN_POINT ( 'NONE',  ( 23.94942746752170493, 8.479417570959276063, -14.89000000000000234 ) ) ;
#6377 = CARTESIAN_POINT ( 'NONE',  ( 32.97942746741107811, 1.027832321093519186, -8.400000000000032330 ) ) ;
#6378 = ORIENTED_EDGE ( 'NONE', *, *, #5929, .F. ) ;
#6379 = DIRECTION ( 'NONE',  ( 1.000000000000000000, -2.017120320903265181E-16, 0.000000000000000000 ) ) ;
#6380 = ORIENTED_EDGE ( 'NONE', *, *, #6994, .T. ) ;
#6381 = DIRECTION ( 'NONE',  ( 0.8122328620674201805, 0.000000000000000000, -0.5833333333333243775 ) ) ;
#6382 = CARTESIAN_POINT ( 'NONE',  ( 23.32798001927649878, 8.479417570959276063, -18.87339363098579881 ) ) ;
#6383 = AXIS2_PLACEMENT_3D ( 'NONE', #7000, #5632, #8599 ) ;
#6384 = CARTESIAN_POINT ( 'NONE',  ( -2.050572532588916363, -6.520582429040418404, -14.89000000000000057 ) ) ;
#6385 = EDGE_CURVE ( 'NONE', #4042, #8908, #3684, .T. ) ;
#6386 = CARTESIAN_POINT ( 'NONE',  ( -33.07590284261706159, -3.004778650784866390, -7.595279346679036259 ) ) ;
#6388 = EDGE_CURVE ( 'NONE', #6773, #1457, #8019, .T. ) ;
#6387 = CARTESIAN_POINT ( 'NONE',  ( 33.03683620035842949, -3.004099927060464914, -30.39931278809358872 ) ) ;
#6389 = ORIENTED_EDGE ( 'NONE', *, *, #1590, .F. ) ;
#6390 = ORIENTED_EDGE ( 'NONE', *, *, #2452, .F. ) ;
#6391 = LINE ( 'NONE', #7995, #1877 ) ;
#6392 = CARTESIAN_POINT ( 'NONE',  ( 28.60472446074651032, 8.551691152001978935, -29.54694600196104304 ) ) ;
#6393 = CARTESIAN_POINT ( 'NONE',  ( 33.02635736012212675, -2.991875647798394766, -25.19837843447347581 ) ) ;
#6394 = DIRECTION ( 'NONE',  ( -1.000000000000000000, 2.017120320903265181E-16, 0.000000000000000000 ) ) ;
#6395 = CARTESIAN_POINT ( 'NONE',  ( -32.27334912079962237, 4.694723289288116774, -1.599999999993822364 ) ) ;
#6396 = VERTEX_POINT ( 'NONE', #6998 ) ;
#6397 = EDGE_CURVE ( 'NONE', #1642, #2872, #3386, .T. ) ;
#6398 = DIRECTION ( 'NONE',  ( 0.000000000000000000, 1.000000000000000000, 0.000000000000000000 ) ) ;
#6399 = CARTESIAN_POINT ( 'NONE',  ( 31.22850509297901667, 6.280390163998746722, -31.19999999999999929 ) ) ;
#6400 = CARTESIAN_POINT ( 'NONE',  ( -29.22057253258907039, -3.020582429040414407, -5.750000000000000888 ) ) ;
#6401 = CARTESIAN_POINT ( 'NONE',  ( -32.24031189351552484, 4.674918782656924954, -31.19999999999999929 ) ) ;
#6402 = PLANE ( 'NONE',  #7559 ) ;
#6403 = EDGE_LOOP ( 'NONE', ( #5323, #5138, #877, #5971 ) ) ;
#6404 = DATE_AND_TIME ( #3509, #2399 ) ;
#6405 = LINE ( 'NONE', #7174, #110 ) ;
#6406 = DIRECTION ( 'NONE',  ( -1.000000000000000000, 2.027103958809192199E-16, 0.000000000000000000 ) ) ;
#6407 = CARTESIAN_POINT ( 'NONE',  ( -27.53958711410360749, 7.256664314530695492, -36.62967290460716896 ) ) ;
#6408 = CARTESIAN_POINT ( 'NONE',  ( -32.97057673304583858, 2.105697193527247268, -5.551115123125782702E-14 ) ) ;
#6409 = DIRECTION ( 'NONE',  ( -1.000000000000000000, 0.000000000000000000, 0.000000000000000000 ) ) ;
#6410 = CARTESIAN_POINT ( 'NONE',  ( 32.79148457986562448, 2.892305815025678850, -7.900000000004595790 ) ) ;
#6411 = CARTESIAN_POINT ( 'NONE',  ( 33.10442746741108522, -3.020582429040426398, -26.10431098965843333 ) ) ;
#6412 = DIRECTION ( 'NONE',  ( 0.000000000000000000, -1.000000000000000000, 0.000000000000000000 ) ) ;
#6413 = ORIENTED_EDGE ( 'NONE', *, *, #8832, .T. ) ;
#6414 = FACE_OUTER_BOUND ( 'NONE', #381, .T. ) ;
#6415 = ORIENTED_EDGE ( 'NONE', *, *, #8423, .F. ) ;
#6416 = EDGE_CURVE ( 'NONE', #8933, #9547, #5589, .T. ) ;
#6417 = DIRECTION ( 'NONE',  ( 2.017120320903265181E-16, 1.000000000000000000, -0.000000000000000000 ) ) ;
#6418 = CARTESIAN_POINT ( 'NONE',  ( 24.97942746741094311, 9.479417570959293826, -79.59999999999999432 ) ) ;
#6419 = CARTESIAN_POINT ( 'NONE',  ( 28.79262011024112411, 6.349417570959293933, -67.48715829593118087 ) ) ;
#6420 = DIRECTION ( 'NONE',  ( -1.000000000000000000, 0.000000000000000000, 0.000000000000000000 ) ) ;
#6421 = ORIENTED_EDGE ( 'NONE', *, *, #9203, .F. ) ;
#6422 = CARTESIAN_POINT ( 'NONE',  ( 32.48698281370600682, -2.991814290582854863, -7.573689372708329870 ) ) ;
#6423 = ORIENTED_EDGE ( 'NONE', *, *, #893, .T. ) ;
#6424 = DIRECTION ( 'NONE',  ( -0.000000000000000000, -0.000000000000000000, 1.000000000000000000 ) ) ;
#6425 = ORIENTED_EDGE ( 'NONE', *, *, #5968, .T. ) ;
#6426 = EDGE_CURVE ( 'NONE', #4553, #4192, #7558, .T. ) ;
#6427 = ORIENTED_EDGE ( 'NONE', *, *, #2476, .T. ) ;
#6428 = CARTESIAN_POINT ( 'NONE',  ( 22.18720145487494833, 8.479417570959274286, -21.42733615958986704 ) ) ;
#6429 = CARTESIAN_POINT ( 'NONE',  ( 30.97942746741108877, -4.520582429040426398, -77.59999999999999432 ) ) ;
#6430 = CARTESIAN_POINT ( 'NONE',  ( -28.70852069049803745, 8.517106412909846824, -3.131219609700620854 ) ) ;
#6431 = CYLINDRICAL_SURFACE ( 'NONE', #6985, 3.349999999999984990 ) ;
#6432 = VERTEX_POINT ( 'NONE', #7777 ) ;
#6433 = VERTEX_POINT ( 'NONE', #8597 ) ;
#6434 = CARTESIAN_POINT ( 'NONE',  ( 28.69879028705188873, 8.197479116390031351, -28.88172349466583100 ) ) ;
#6435 = ADVANCED_FACE ( 'NONE', ( #1868 ), #2561, .T. ) ;
#6436 = CARTESIAN_POINT ( 'NONE',  ( 32.97942746741107811, 9.349417570959294821, -38.78000000000000114 ) ) ;
#6437 = EDGE_CURVE ( 'NONE', #8538, #347, #3471, .T. ) ;
#6438 = CARTESIAN_POINT ( 'NONE',  ( 31.87942746741113353, -3.520582429040425065, -27.81000000000000227 ) ) ;
#6439 = CARTESIAN_POINT ( 'NONE',  ( 32.97942746741107811, 1.027832321093519186, -79.59999999999999432 ) ) ;
#6440 = VERTEX_POINT ( 'NONE', #4902 ) ;
#6441 = CARTESIAN_POINT ( 'NONE',  ( 32.57394397176818757, -3.020582429040426398, -2.600000000000150191 ) ) ;
#6442 = CARTESIAN_POINT ( 'NONE',  ( -32.52057253258905689, 1.027832321093293810, -30.69999999999999929 ) ) ;
#6443 = FACE_OUTER_BOUND ( 'NONE', #4053, .T. ) ;
#6444 = CARTESIAN_POINT ( 'NONE',  ( -29.05398737528228281, 5.785168995712312245, -2.000000000000085265 ) ) ;
#6445 = CARTESIAN_POINT ( 'NONE',  ( 32.19652992091617705, 3.217734595026614741, -7.900000000000027001 ) ) ;
#6446 = ORIENTED_EDGE ( 'NONE', *, *, #9251, .F. ) ;
#6447 = CARTESIAN_POINT ( 'NONE',  ( 25.69855464262849054, 7.442799550263962338, -32.78773887955296118 ) ) ;
#6448 = APPROVAL_DATE_TIME ( #8843, #2189 ) ;
#6449 = CARTESIAN_POINT ( 'NONE',  ( 27.70692556509405691, 6.762645044255897631, -25.82696107500705907 ) ) ;
#6450 = EDGE_CURVE ( 'NONE', #1402, #2281, #6233, .T. ) ;
#6451 = ADVANCED_FACE ( 'NONE', ( #4000 ), #2666, .T. ) ;
#6452 = VECTOR ( 'NONE', #9328, 1000.000000000000000 ) ;
#6453 = CARTESIAN_POINT ( 'NONE',  ( -27.98415260886951472, 8.916003642904186677, -35.30901712661844272 ) ) ;
#6454 = CARTESIAN_POINT ( 'NONE',  ( 32.90432112533962794, 2.196025712644021244, -1.599999999999966338 ) ) ;
#6455 = CARTESIAN_POINT ( 'NONE',  ( -32.52057253258906400, -2.946429777430907837, -7.662019151721370491 ) ) ;
#6456 = CARTESIAN_POINT ( 'NONE',  ( 32.68234651171118088, 3.339216153431916467, -24.40000000000000568 ) ) ;
#6457 = CARTESIAN_POINT ( 'NONE',  ( 33.04495046801084612, -3.520582429035798100, -30.37801479636492630 ) ) ;
#6458 = VECTOR ( 'NONE', #5353, 1000.000000000000000 ) ;
#6459 = VECTOR ( 'NONE', #1925, 1000.000000000000000 ) ;
#6460 = ORIENTED_EDGE ( 'NONE', *, *, #4013, .F. ) ;
#6461 = ORIENTED_EDGE ( 'NONE', *, *, #8173, .T. ) ;
#6462 = CARTESIAN_POINT ( 'NONE',  ( -29.65655179637206018, 4.349417570959301038, -77.42824153586474267 ) ) ;
#6463 = DIRECTION ( 'NONE',  ( 0.000000000000000000, 0.000000000000000000, 1.000000000000000000 ) ) ;
#6464 = CARTESIAN_POINT ( 'NONE',  ( -28.72057253258906684, 8.209584760035333773, -4.249999999999999112 ) ) ;
#6465 = CIRCLE ( 'NONE', #7717, 12.99999999999999822 ) ;
#6466 = VECTOR ( 'NONE', #8893, 1000.000000000000000 ) ;
#6467 = CARTESIAN_POINT ( 'NONE',  ( 25.70771337543525448, 7.665798398885634413, -36.29630490013017408 ) ) ;
#6468 = EDGE_LOOP ( 'NONE', ( #4362, #7246, #3840, #7566 ) ) ;
#6469 = DIRECTION ( 'NONE',  ( -2.017120320903265428E-16, -1.000000000000000000, -0.000000000000000000 ) ) ;
#6470 = EDGE_LOOP ( 'NONE', ( #1421, #1308, #6614, #6954 ) ) ;
#6471 = CARTESIAN_POINT ( 'NONE',  ( -30.87057253258906542, -3.020582429040413963, -2.599999999999999645 ) ) ;
#6472 = ORIENTED_EDGE ( 'NONE', *, *, #245, .T. ) ;
#6473 = ORIENTED_EDGE ( 'NONE', *, *, #1806, .T. ) ;
#6474 = AXIS2_PLACEMENT_3D ( 'NONE', #526, #5641, #7982 ) ;
#6475 = VECTOR ( 'NONE', #2776, 1000.000000000000000 ) ;
#6476 = CARTESIAN_POINT ( 'NONE',  ( 23.80428626130631997, 8.479417570959276063, -16.82875341609456044 ) ) ;
#6477 = CARTESIAN_POINT ( 'NONE',  ( 30.82942746741106532, 10.01696613767508381, -24.89999999999999503 ) ) ;
#6478 = VECTOR ( 'NONE', #2506, 1000.000000000000000 ) ;
#6479 = VECTOR ( 'NONE', #3078, 1000.000000000000000 ) ;
#6480 = CARTESIAN_POINT ( 'NONE',  ( -30.13273031641219646, 7.512917982249992299, -1.819719457361545167 ) ) ;
#6481 = CARTESIAN_POINT ( 'NONE',  ( -25.56397029628924500, 9.463026464551422379, -19.39924926810414263 ) ) ;
#6482 = ORIENTED_EDGE ( 'NONE', *, *, #5764, .T. ) ;
#6483 = VERTEX_POINT ( 'NONE', #1141 ) ;
#6484 = CARTESIAN_POINT ( 'NONE',  ( 29.94190397132470594, 7.160227917359454075, -30.51282787647563310 ) ) ;
#6485 = AXIS2_PLACEMENT_3D ( 'NONE', #8977, #2969, #3641 ) ;
#6486 = CARTESIAN_POINT ( 'NONE',  ( -28.44613486920351164, 8.655815229973271130, -27.04999999999997584 ) ) ;
#6487 = B_SPLINE_CURVE_WITH_KNOTS ( 'NONE', 3,
 ( #7549, #1049, #6958, #7650, #6767, #137, #921, #3879 ),
 .UNSPECIFIED., .F., .F.,
 ( 4, 2, 2, 4 ),
 ( 0.000000000000000000, 0.002794046763842224831, 0.004191070145763337029, 0.005588093527684450529 ),
 .UNSPECIFIED. ) ;
#6488 = FACE_OUTER_BOUND ( 'NONE', #7207, .T. ) ;
#6489 = CARTESIAN_POINT ( 'NONE',  ( -30.01138854351725627, 4.582985603188898693, -35.32689891558307238 ) ) ;
#6490 = VERTEX_POINT ( 'NONE', #3425 ) ;
#6491 = CARTESIAN_POINT ( 'NONE',  ( 31.91746114700365311, 4.057357372539277307, -2.099999999999987210 ) ) ;
#6492 = DIRECTION ( 'NONE',  ( 1.000000000000000000, 0.000000000000000000, 3.469446951953611033E-14 ) ) ;
#6493 = CARTESIAN_POINT ( 'NONE',  ( -29.22057253258907039, -3.020582429040414407, -4.249999999999999112 ) ) ;
#6494 = CIRCLE ( 'NONE', #471, 1.749999999999998002 ) ;
#6495 = CARTESIAN_POINT ( 'NONE',  ( -26.03063730674783471, 7.395256344311097685, -76.60000000000000853 ) ) ;
#6496 = CARTESIAN_POINT ( 'NONE',  ( -30.02057253258906400, -4.520582429040413075, -76.59999999999999432 ) ) ;
#6497 = VERTEX_POINT ( 'NONE', #9296 ) ;
#6498 = CARTESIAN_POINT ( 'NONE',  ( 29.97656734921522315, 4.573482386526794841, -35.31951593346784790 ) ) ;
#6499 = CARTESIAN_POINT ( 'NONE',  ( 27.83121362378728136, 6.691462452666465666, -25.54781622631449522 ) ) ;
#6500 = CARTESIAN_POINT ( 'NONE',  ( -30.45513470273201051, 7.215818071685444757, -33.86717961061395243 ) ) ;
#6501 = CARTESIAN_POINT ( 'NONE',  ( -32.27334912103870579, 4.694723289361142804, -24.90000000000000924 ) ) ;
#6502 = B_SPLINE_CURVE_WITH_KNOTS ( 'NONE', 3,
 ( #5305, #9001, #3763, #5988, #8945, #7531, #6894, #3135 ),
 .UNSPECIFIED., .F., .F.,
 ( 4, 2, 2, 4 ),
 ( 0.000000000000000000, 0.002793918934741713121, 0.004190878402112569248, 0.005587837869483426242 ),
 .UNSPECIFIED. ) ;
#6503 = CARTESIAN_POINT ( 'NONE',  ( 16.67942746741109161, 7.479417570959293826, -27.66368779953539203 ) ) ;
#6504 = CIRCLE ( 'NONE', #6219, 1.750000000000001554 ) ;
#6505 = CARTESIAN_POINT ( 'NONE',  ( 27.47942746741109943, 9.481417570959283836, -28.55000000000000426 ) ) ;
#6506 = ADVANCED_FACE ( 'NONE', ( #334 ), #9266, .F. ) ;
#6507 = DIRECTION ( 'NONE',  ( 2.017120320903265181E-16, 1.000000000000000000, -0.000000000000000000 ) ) ;
#6508 = EDGE_CURVE ( 'NONE', #2872, #7059, #4179, .T. ) ;
#6509 = EDGE_CURVE ( 'NONE', #6483, #2356, #7682, .T. ) ;
#6510 = CIRCLE ( 'NONE', #2361, 2.599999999999970335 ) ;
#6511 = CARTESIAN_POINT ( 'NONE',  ( 26.67942746741109161, -2.520582429040421513, -2.000000000000002665 ) ) ;
#6512 = ORIENTED_EDGE ( 'NONE', *, *, #5443, .F. ) ;
#6513 = CARTESIAN_POINT ( 'NONE',  ( -29.06026471748333861, 8.315658531023549571, -6.926224177622715139 ) ) ;
#6514 = ORIENTED_EDGE ( 'NONE', *, *, #8161, .F. ) ;
#6515 = CARTESIAN_POINT ( 'NONE',  ( 32.97942746741108522, -3.366042712232984790, -30.73403830344269849 ) ) ;
#6516 = AXIS2_PLACEMENT_3D ( 'NONE', #4634, #2378, #7597 ) ;
#6517 = CARTESIAN_POINT ( 'NONE',  ( -30.58734968224313633, 3.417204180762187349, -77.60000000000103171 ) ) ;
#6518 = CARTESIAN_POINT ( 'NONE',  ( 31.87942746741113353, -3.020582429040426398, -5.000000000000004441 ) ) ;
#6519 = CARTESIAN_POINT ( 'NONE',  ( 24.97942745859588953, 9.479417570959293826, -32.94706763282823658 ) ) ;
#6520 = DIRECTION ( 'NONE',  ( 0.000000000000000000, 0.000000000000000000, 1.000000000000000000 ) ) ;
#6521 = VERTEX_POINT ( 'NONE', #2209 ) ;
#6522 = FACE_OUTER_BOUND ( 'NONE', #5491, .T. ) ;
#6523 = ORIENTED_EDGE ( 'NONE', *, *, #6945, .T. ) ;
#6524 = DIRECTION ( 'NONE',  ( 0.000000000000000000, 0.000000000000000000, -1.000000000000000000 ) ) ;
#6525 = EDGE_LOOP ( 'NONE', ( #1782, #570, #7655, #5267 ) ) ;
#6526 = VERTEX_POINT ( 'NONE', #9437 ) ;
#6527 = CARTESIAN_POINT ( 'NONE',  ( 17.29659656149526370, 7.479417570959296491, -27.38677775900984912 ) ) ;
#6528 = CARTESIAN_POINT ( 'NONE',  ( 24.66036925828538884, 7.479417570959292938, -17.72515388239545331 ) ) ;
#6529 = ADVANCED_FACE ( 'NONE', ( #4271 ), #749, .F. ) ;
#6530 = DIRECTION ( 'NONE',  ( 2.017120320903265428E-16, 1.000000000000000000, 0.000000000000000000 ) ) ;
#6531 = CARTESIAN_POINT ( 'NONE',  ( -33.08358353548506869, -3.520582429040413519, -7.574679434504147046 ) ) ;
#6532 = ORIENTED_EDGE ( 'NONE', *, *, #9607, .T. ) ;
#6533 = ORIENTED_EDGE ( 'NONE', *, *, #1506, .T. ) ;
#6534 = CARTESIAN_POINT ( 'NONE',  ( 28.85344144865318583, 8.416488818399283645, -29.41706824034219281 ) ) ;
#6535 = CARTESIAN_POINT ( 'NONE',  ( 32.97942746741107811, -3.417375338801049267, -7.875174306826821180 ) ) ;
#6536 = CARTESIAN_POINT ( 'NONE',  ( 32.52178178184448143, -3.015848950439410814, -30.28384482878612616 ) ) ;
#6537 = EDGE_CURVE ( 'NONE', #7277, #6823, #4957, .T. ) ;
#6538 = CARTESIAN_POINT ( 'NONE',  ( -30.12426813521223323, 4.394882020049639237, -35.99086706640229494 ) ) ;
#6539 = ORIENTED_EDGE ( 'NONE', *, *, #8173, .F. ) ;
#6540 = VECTOR ( 'NONE', #2694, 1000.000000000000000 ) ;
#6541 = DIRECTION ( 'NONE',  ( -1.250608365883192617E-15, 1.000000000000000000, 0.000000000000000000 ) ) ;
#6542 = DIRECTION ( 'NONE',  ( -2.017120320903264935E-16, -1.000000000000000000, 0.000000000000000000 ) ) ;
#6543 = CARTESIAN_POINT ( 'NONE',  ( -31.26965845134710520, 6.280378773161256589, -1.600000000000006306 ) ) ;
#6544 = CARTESIAN_POINT ( 'NONE',  ( -29.61736024627345287, 5.163133871549632659, -76.59999999999999432 ) ) ;
#6545 = CARTESIAN_POINT ( 'NONE',  ( -25.02057253258906044, 7.690846142387865569, -36.28017184264066941 ) ) ;
#6546 = ORIENTED_EDGE ( 'NONE', *, *, #1601, .F. ) ;
#6547 = CARTESIAN_POINT ( 'NONE',  ( 30.15413095241513020, 4.284460685492801346, -76.60000000000000853 ) ) ;
#6548 = DIRECTION ( 'NONE',  ( -2.017120320903265428E-16, -1.000000000000000000, -0.000000000000000000 ) ) ;
#6549 = EDGE_CURVE ( 'NONE', #7570, #3328, #1836, .T. ) ;
#6550 = CC_DESIGN_APPROVAL ( #4240, ( #4074 ) ) ;
#6551 = CARTESIAN_POINT ( 'NONE',  ( 30.97942746741108877, -4.520582429040427286, -76.59999999999999432 ) ) ;
#6552 = CARTESIAN_POINT ( 'NONE',  ( -28.36417447682391213, 6.817695433869166877, -37.17009887281204783 ) ) ;
#6553 = CARTESIAN_POINT ( 'NONE',  ( 30.82942746741106177, -3.020582429040425954, -28.54999999999999716 ) ) ;
#6554 = LINE ( 'NONE', #7378, #6330 ) ;
#6555 = DIRECTION ( 'NONE',  ( -2.017120320903264935E-16, -1.000000000000000000, 0.000000000000000000 ) ) ;
#6556 = VERTEX_POINT ( 'NONE', #703 ) ;
#6557 = CARTESIAN_POINT ( 'NONE',  ( 10.94942746741108053, 7.479417570959293826, -14.89000000000000057 ) ) ;
#6558 = CARTESIAN_POINT ( 'NONE',  ( -32.52057253258906400, 1.027832321093304024, -1.600000000000004086 ) ) ;
#6559 = ORIENTED_EDGE ( 'NONE', *, *, #4895, .T. ) ;
#6560 = EDGE_CURVE ( 'NONE', #5290, #7929, #1546, .T. ) ;
#6561 = ADVANCED_FACE ( 'NONE', ( #4368 ), #2104, .F. ) ;
#6562 = EDGE_CURVE ( 'NONE', #7041, #3914, #7180, .T. ) ;
#6563 = DIRECTION ( 'NONE',  ( -1.000000000000000000, 2.017120320903265428E-16, 0.000000000000000000 ) ) ;
#6564 = CARTESIAN_POINT ( 'NONE',  ( -29.12681688562426885, 4.125100329495833051, -77.59999999999999432 ) ) ;
#6565 = DIRECTION ( 'NONE',  ( -1.000000000000000000, 0.000000000000000000, 0.000000000000000000 ) ) ;
#6566 = CARTESIAN_POINT ( 'NONE',  ( 28.90528337032017347, 8.387266703565327219, -33.33102644746039545 ) ) ;
#6567 = CARTESIAN_POINT ( 'NONE',  ( 24.87942746741108024, 4.349417570959288604, -66.00000000000000000 ) ) ;
#6568 = ORIENTED_EDGE ( 'NONE', *, *, #2675, .F. ) ;
#6569 = DIRECTION ( 'NONE',  ( 1.000000000000000000, -2.065146995210480258E-16, 4.543323389463056320E-15 ) ) ;
#6570 = ORIENTED_EDGE ( 'NONE', *, *, #6625, .F. ) ;
#6571 = CARTESIAN_POINT ( 'NONE',  ( 32.57536241058068782, 3.672797737428699971, -77.60000000000002274 ) ) ;
#6572 = VERTEX_POINT ( 'NONE', #557 ) ;
#6573 = VERTEX_POINT ( 'NONE', #5051 ) ;
#6574 = EDGE_CURVE ( 'NONE', #5642, #1543, #7922, .T. ) ;
#6575 = CARTESIAN_POINT ( 'NONE',  ( 24.46939619690523315, 7.479417570959293826, -18.53989944586014005 ) ) ;
#6576 = CARTESIAN_POINT ( 'NONE',  ( 21.38451397232095275, 7.479417570959295603, -24.22472257280673702 ) ) ;
#6577 = DIRECTION ( 'NONE',  ( 0.000000000000000000, 0.000000000000000000, 1.000000000000000000 ) ) ;
#6578 = CARTESIAN_POINT ( 'NONE',  ( -29.05888253270970267, 8.316523080711165861, -25.87594355121852274 ) ) ;
#6579 = ORIENTED_EDGE ( 'NONE', *, *, #5260, .T. ) ;
#6580 = CARTESIAN_POINT ( 'NONE',  ( -29.04868911327519498, 6.349417570959275281, -76.03016876743288321 ) ) ;
#6581 = ORIENTED_EDGE ( 'NONE', *, *, #5674, .T. ) ;
#6582 = LINE ( 'NONE', #5866, #1962 ) ;
#6583 = DIRECTION ( 'NONE',  ( 0.000000000000000000, 0.000000000000000000, -1.000000000000000000 ) ) ;
#6584 = CARTESIAN_POINT ( 'NONE',  ( 30.97942746741108877, -4.520582429040439720, -31.89999999999999147 ) ) ;
#6585 = CARTESIAN_POINT ( 'NONE',  ( 32.97942746741107811, 1.027832321093519186, -77.59999999999999432 ) ) ;
#6586 = ORIENTED_EDGE ( 'NONE', *, *, #7039, .F. ) ;
#6587 = CARTESIAN_POINT ( 'NONE',  ( -30.02057253258906400, 6.909397134599873702, -76.59999999999999432 ) ) ;
#6588 = DIRECTION ( 'NONE',  ( -1.000000000000000000, 0.000000000000000000, 0.000000000000000000 ) ) ;
#6589 = CARTESIAN_POINT ( 'NONE',  ( 32.47942746741107101, 1.027832321093518519, -24.89999999999999147 ) ) ;
#6590 = CARTESIAN_POINT ( 'NONE',  ( -18.36618908947261986, 7.479417570959295603, -76.59999999999999432 ) ) ;
#6591 = DIRECTION ( 'NONE',  ( 0.000000000000000000, 0.000000000000000000, -1.000000000000000000 ) ) ;
#6592 = ORIENTED_EDGE ( 'NONE', *, *, #2501, .F. ) ;
#6593 = CARTESIAN_POINT ( 'NONE',  ( 25.35580980728821388, 7.477470559462714661, -32.78043390229229459 ) ) ;
#6594 = APPLICATION_PROTOCOL_DEFINITION ( 'international standard', 'config_control_design', 1994, #9574 ) ;
#6595 = PLANE ( 'NONE',  #5063 ) ;
#6596 = CARTESIAN_POINT ( 'NONE',  ( -28.46711956723442327, 6.739745394531308165, -37.29836286372082554 ) ) ;
#6597 = AXIS2_PLACEMENT_3D ( 'NONE', #7678, #3136, #9002 ) ;
#6598 = CARTESIAN_POINT ( 'NONE',  ( -34.02057253258912084, -3.520582429040412631, -5.000000000000004441 ) ) ;
#6599 = DIRECTION ( 'NONE',  ( 1.000000000000000000, -2.025677196612374621E-16, 0.000000000000000000 ) ) ;
#6600 = DIRECTION ( 'NONE',  ( -2.017120320903265428E-16, -1.000000000000000000, -0.000000000000000000 ) ) ;
#6601 = ORIENTED_EDGE ( 'NONE', *, *, #3767, .F. ) ;
#6602 = CARTESIAN_POINT ( 'NONE',  ( -28.72057253258906684, 8.209584760035335549, -5.750000000000015099 ) ) ;
#6603 =( BOUNDED_SURFACE ( )  B_SPLINE_SURFACE ( 3, 2, ( 
 ( #9444, #5592, #5740 ),
 ( #8706, #2063, #5011 ),
 ( #1189, #9249, #2607 ),
 ( #4827, #1916, #7823 ),
 ( #9349, #2940, #5104 ),
 ( #8022, #5786, #4423 ),
 ( #1336, #4326, #2110 ),
 ( #8752, #7293, #8947 ),
 ( #5892, #8901, #71 ),
 ( #8853, #2314, #23 ),
 ( #5940, #6513, #660 ),
 ( #8077, #4483, #2888 ),
 ( #3618, #1440, #3661 ),
 ( #4374, #7339, #3571 ),
 ( #707, #2260, #7441 ),
 ( #6602, #4275, #3764 ) ),
 .UNSPECIFIED., .F., .F., .T. ) 
 B_SPLINE_SURFACE_WITH_KNOTS ( ( 4, 2, 2, 2, 2, 2, 2, 4 ),
 ( 3, 3 ),
 ( -2.081668171172168513E-17, 0.001221051113395551320, 0.001831576670093337279, 0.002442102226791123456, 0.003052627783488909632, 0.003663153340186695375, 0.004273678896884481118, 0.004884204453582267728 ),
 ( 0.000000000000000000, 1.000000000000000000 ),
 .UNSPECIFIED. ) 
 GEOMETRIC_REPRESENTATION_ITEM ( )  RATIONAL_B_SPLINE_SURFACE ( (
 ( 1.000000000000000000, 0.7071067811865604513, 1.000000000000000000),
 ( 1.000000000000000000, 0.7334844997976092129, 1.000000000000000000),
 ( 1.000000000000000000, 0.7575697468868237694, 1.000000000000000000),
 ( 1.000000000000000000, 0.7885276800102084538, 1.000000000000000000),
 ( 1.000000000000000000, 0.7978641086209060651, 1.000000000000000000),
 ( 1.000000000000000000, 0.8141223613700684369, 1.000000000000000000),
 ( 1.000000000000000000, 0.8211005610674487754, 1.000000000000000000),
 ( 1.000000000000000000, 0.8326768323743013456, 1.000000000000000000),
 ( 1.000000000000000000, 0.8371021430932521490, 1.000000000000000000),
 ( 1.000000000000000000, 0.8438998707993536907, 1.000000000000000000),
 ( 1.000000000000000000, 0.8462829478042335207, 1.000000000000000000),
 ( 1.000000000000000000, 0.8495226122176371408, 1.000000000000000000),
 ( 1.000000000000000000, 0.8504434296200550358, 1.000000000000000000),
 ( 1.000000000000000000, 0.8515877749942705188, 1.000000000000000000),
 ( 1.000000000000000000, 0.8517886543285582146, 1.000000000000000000),
 ( 1.000000000000000000, 0.8517994697195309106, 1.000000000000000000) ) ) 
 REPRESENTATION_ITEM ( '' )  SURFACE ( )  );
#6604 = FACE_OUTER_BOUND ( 'NONE', #9491, .T. ) ;
#6605 = ORIENTED_EDGE ( 'NONE', *, *, #3685, .F. ) ;
#6606 = AXIS2_PLACEMENT_3D ( 'NONE', #8353, #3171, #7574 ) ;
#6607 = CARTESIAN_POINT ( 'NONE',  ( -26.72057253258906329, -4.520582429040414851, -32.78000000000000114 ) ) ;
#6608 = CARTESIAN_POINT ( 'NONE',  ( -29.76586716840199287, 4.949762671841340556, -76.59999999999999432 ) ) ;
#6609 = CARTESIAN_POINT ( 'NONE',  ( -31.31495248960645128, 6.233919288914209211, -34.44333257067663823 ) ) ;
#6610 = LINE ( 'NONE', #2949, #1887 ) ;
#6611 = VERTEX_POINT ( 'NONE', #2057 ) ;
#6612 = AXIS2_PLACEMENT_3D ( 'NONE', #5994, #960, #2323 ) ;
#6613 = CARTESIAN_POINT ( 'NONE',  ( 16.67942746741109161, -2.520582429040704397, 0.000000000000000000 ) ) ;
#6614 = ORIENTED_EDGE ( 'NONE', *, *, #8928, .F. ) ;
#6615 = EDGE_CURVE ( 'NONE', #4485, #3977, #80, .T. ) ;
#6616 = ORIENTED_EDGE ( 'NONE', *, *, #2389, .T. ) ;
#6617 = CARTESIAN_POINT ( 'NONE',  ( 18.81055732988113505, 8.479417570959272510, -4.534958345471511443 ) ) ;
#6618 = DIRECTION ( 'NONE',  ( 1.000000000000000000, 0.000000000000000000, 0.000000000000000000 ) ) ;
#6619 = CIRCLE ( 'NONE', #1830, 3.349999999999984990 ) ;
#6620 = PLANE ( 'NONE',  #4946 ) ;
#6621 = B_SPLINE_CURVE_WITH_KNOTS ( 'NONE', 3,
 ( #6788, #4607, #212, #5240, #4665, #104 ),
 .UNSPECIFIED., .F., .F.,
 ( 4, 2, 4 ),
 ( 0.000000000000000000, 0.5000000000000000000, 1.000000000000000000 ),
 .UNSPECIFIED. ) ;
#6622 = CARTESIAN_POINT ( 'NONE',  ( 28.67942746741108806, -4.520582429040436168, -79.59999999999999432 ) ) ;
#6623 = CARTESIAN_POINT ( 'NONE',  ( -28.72057253258903842, 8.209584757179811731, -26.88229507808236818 ) ) ;
#6624 = EDGE_LOOP ( 'NONE', ( #7479, #1933, #4595, #8128, #4904 ) ) ;
#6625 = EDGE_CURVE ( 'NONE', #1110, #2475, #1520, .T. ) ;
#6626 = FACE_OUTER_BOUND ( 'NONE', #1196, .T. ) ;
#6627 = AXIS2_PLACEMENT_3D ( 'NONE', #6004, #1498, #6577 ) ;
#6628 = EDGE_CURVE ( 'NONE', #4934, #8207, #8660, .T. ) ;
#6629 = AXIS2_PLACEMENT_3D ( 'NONE', #1000, #4127, #3374 ) ;
#6630 = ORIENTED_EDGE ( 'NONE', *, *, #9375, .F. ) ;
#6631 = CARTESIAN_POINT ( 'NONE',  ( -31.02057253258905334, -4.520582429040413963, -35.78000000000002956 ) ) ;
#6632 = CARTESIAN_POINT ( 'NONE',  ( 30.97942746741108166, 1.027832321093516521, -23.69999999999999929 ) ) ;
#6633 = CARTESIAN_POINT ( 'NONE',  ( 33.04243847031784753, -3.520582429040427286, -7.574679434475272366 ) ) ;
#6634 = CARTESIAN_POINT ( 'NONE',  ( -25.02057253258906044, 9.479417570959293826, -32.94706763283064532 ) ) ;
#6635 = CIRCLE ( 'NONE', #1079, 0.4999999999999997224 ) ;
#6636 = CIRCLE ( 'NONE', #5086, 1.000000000000000000 ) ;
#6637 = CARTESIAN_POINT ( 'NONE',  ( -32.83396327071714893, 2.885666163083316249, -31.19999999999999574 ) ) ;
#6638 = ORIENTED_EDGE ( 'NONE', *, *, #9289, .F. ) ;
#6639 = CARTESIAN_POINT ( 'NONE',  ( -32.67738813743704895, 3.456363420285030408, -77.52189170393783968 ) ) ;
#6640 = CARTESIAN_POINT ( 'NONE',  ( -32.52785344745733909, -2.992901984289998207, -25.22958994193619375 ) ) ;
#6641 = CARTESIAN_POINT ( 'NONE',  ( -34.02057253258906400, -3.520582429040413075, -2.075961696557274916 ) ) ;
#6642 = CARTESIAN_POINT ( 'NONE',  ( -23.84704959249996037, 7.479417570959293826, -76.59999999999999432 ) ) ;
#6643 = CARTESIAN_POINT ( 'NONE',  ( 29.00704566517050509, 7.989822877959324110, -3.096928000895772026 ) ) ;
#6644 = ORIENTED_EDGE ( 'NONE', *, *, #7283, .T. ) ;
#6645 = VECTOR ( 'NONE', #5036, 1000.000000000000000 ) ;
#6646 = LINE ( 'NONE', #4220, #5280 ) ;
#6647 = LINE ( 'NONE', #7431, #1356 ) ;
#6648 = DIRECTION ( 'NONE',  ( -2.017120320903265181E-16, -1.000000000000000000, 0.000000000000000000 ) ) ;
#6649 = AXIS2_PLACEMENT_3D ( 'NONE', #2536, #2441, #9027 ) ;
#6650 = DIRECTION ( 'NONE',  ( -2.017120320903265428E-16, -1.000000000000000000, 0.000000000000000000 ) ) ;
#6651 = CARTESIAN_POINT ( 'NONE',  ( 34.47942746741113496, -4.520582429040427286, -5.000000000000004441 ) ) ;
#6652 = CARTESIAN_POINT ( 'NONE',  ( 31.22850509297901667, 6.280390163998747610, -24.39999999999999858 ) ) ;
#6653 = CARTESIAN_POINT ( 'NONE',  ( -25.02057253258904623, 7.479417570959293826, -20.17976369982613605 ) ) ;
#6654 = PLANE ( 'NONE',  #517 ) ;
#6655 = LINE ( 'NONE', #2993, #579 ) ;
#6656 = VECTOR ( 'NONE', #8662, 1000.000000000000000 ) ;
#6657 = CARTESIAN_POINT ( 'NONE',  ( 30.56175075217726445, 4.264014296671734705, -79.13826128387387371 ) ) ;
#6658 = VERTEX_POINT ( 'NONE', #1282 ) ;
#6659 = CARTESIAN_POINT ( 'NONE',  ( 29.25478610595531492, 7.801316755118107515, -7.222015773951333983 ) ) ;
#6660 = LINE ( 'NONE', #5205, #4777 ) ;
#6661 = FACE_OUTER_BOUND ( 'NONE', #190, .T. ) ;
#6662 = CARTESIAN_POINT ( 'NONE',  ( -29.55818199287113757, 7.986341791623869923, -33.49525732453289351 ) ) ;
#6663 = CARTESIAN_POINT ( 'NONE',  ( 31.36736240759504213, 5.266483861228559604, -7.900000000000007461 ) ) ;
#6664 = CIRCLE ( 'NONE', #3738, 3.000000000000000000 ) ;
#6665 = ORIENTED_EDGE ( 'NONE', *, *, #2008, .F. ) ;
#6666 = CIRCLE ( 'NONE', #9165, 0.5000000000000004441 ) ;
#6667 = ORIENTED_EDGE ( 'NONE', *, *, #4369, .T. ) ;
#6668 =( BOUNDED_SURFACE ( )  B_SPLINE_SURFACE ( 3, 2, ( 
 ( #3904, #9094, #6849 ),
 ( #3178, #2415, #2460 ),
 ( #7490, #1481, #4420 ),
 ( #5346, #6085, #1675 ) ),
 .UNSPECIFIED., .F., .F., .F. ) 
 B_SPLINE_SURFACE_WITH_KNOTS ( ( 4, 4 ),
 ( 3, 3 ),
 ( 0.0006537221489916443529, 0.001229260661420786879 ),
 ( 0.000000000000000000, 1.000000000000000000 ),
 .UNSPECIFIED. ) 
 GEOMETRIC_REPRESENTATION_ITEM ( )  RATIONAL_B_SPLINE_SURFACE ( (
 ( 1.000000000000000000, 0.7071067811865465735, 1.000000000000000000),
 ( 1.000000000000000000, 0.7136930541985131438, 1.000000000000000000),
 ( 1.000000000000000000, 0.7227965983945495720, 1.000000000000000000),
 ( 1.000000000000000000, 0.7337095550686968393, 1.000000000000000000) ) ) 
 REPRESENTATION_ITEM ( '' )  SURFACE ( )  );
#6669 = CARTESIAN_POINT ( 'NONE',  ( -28.13926930855143027, 6.526145382718712362, -2.299832203338028069 ) ) ;
#6670 = B_SPLINE_CURVE_WITH_KNOTS ( 'NONE', 3,
 ( #1523, #6795, #2410, #7628, #8313, #4615, #7580, #8360, #1723, #946 ),
 .UNSPECIFIED., .F., .F.,
 ( 4, 2, 2, 2, 4 ),
 ( 0.5000000000000000000, 0.6250000000000000000, 0.7499999999999998890, 0.8750000000000000000, 1.000000000000000000 ),
 .UNSPECIFIED. ) ;
#6671 = ORIENTED_EDGE ( 'NONE', *, *, #1031, .F. ) ;
#6672 = VERTEX_POINT ( 'NONE', #5006 ) ;
#6673 = EDGE_CURVE ( 'NONE', #719, #5307, #7232, .T. ) ;
#6674 = CARTESIAN_POINT ( 'NONE',  ( 20.31763675942332270, 7.479417570959294714, -25.29505856688786380 ) ) ;
#6675 = DIRECTION ( 'NONE',  ( -1.000000000000000000, 0.000000000000000000, 0.000000000000000000 ) ) ;
#6676 = CARTESIAN_POINT ( 'NONE',  ( 24.69374215347426116, 7.479417570959292938, -17.55876965417199997 ) ) ;
#6677 = DIRECTION ( 'NONE',  ( -0.2668354942459145174, 0.9260656769479489459, 0.2668354942459413848 ) ) ;
#6678 = CARTESIAN_POINT ( 'NONE',  ( -29.98297757072646519, 7.160151589601981392, -25.08720453298574071 ) ) ;
#6679 = VERTEX_POINT ( 'NONE', #7333 ) ;
#6680 = FACE_OUTER_BOUND ( 'NONE', #2887, .T. ) ;
#6681 = AXIS2_PLACEMENT_3D ( 'NONE', #364, #6177, #1724 ) ;
#6682 = VERTEX_POINT ( 'NONE', #7969 ) ;
#6683 = CARTESIAN_POINT ( 'NONE',  ( -33.02057253258906400, -4.520582429040413075, -79.59999999999999432 ) ) ;
#6684 = DIRECTION ( 'NONE',  ( 0.6024518197200137148, -0.7981552511360455737, -2.151153437845514607E-13 ) ) ;
#6685 = CARTESIAN_POINT ( 'NONE',  ( 29.61117551174276841, 5.106112944825058619, -31.67208513160618111 ) ) ;
#6686 = DIRECTION ( 'NONE',  ( 0.000000000000000000, 0.000000000000000000, -1.000000000000000000 ) ) ;
#6687 = EDGE_CURVE ( 'NONE', #9055, #6018, #1050, .T. ) ;
#6688 = EDGE_CURVE ( 'NONE', #7645, #9133, #4451, .T. ) ;
#6689 = CARTESIAN_POINT ( 'NONE',  ( 31.51310795919653174, 5.903335493858246075, -1.600000000000003642 ) ) ;
#6690 = DIRECTION ( 'NONE',  ( 0.000000000000000000, 0.000000000000000000, 1.000000000000000000 ) ) ;
#6691 = VERTEX_POINT ( 'NONE', #5781 ) ;
#6692 = CARTESIAN_POINT ( 'NONE',  ( -33.02057253258906400, -3.417688362868674723, -30.67952989828863153 ) ) ;
#6693 = CARTESIAN_POINT ( 'NONE',  ( 31.22850509297904864, 6.280390163998704978, -8.400000000000005684 ) ) ;
#6694 = VERTEX_POINT ( 'NONE', #8747 ) ;
#6695 = CARTESIAN_POINT ( 'NONE',  ( 10.94942746741108053, 8.479417570959274286, -27.88999999999999702 ) ) ;
#6696 = ORIENTED_EDGE ( 'NONE', *, *, #587, .F. ) ;
#6697 = FACE_OUTER_BOUND ( 'NONE', #2925, .T. ) ;
#6698 = CARTESIAN_POINT ( 'NONE',  ( -23.21057253258958752, 6.349417570959293933, -39.31000000000022254 ) ) ;
#6699 = EDGE_CURVE ( 'NONE', #9013, #4192, #289, .T. ) ;
#6700 = VECTOR ( 'NONE', #5200, 1000.000000000000000 ) ;
#6701 = DIRECTION ( 'NONE',  ( 1.000000000000000000, 0.000000000000000000, 0.000000000000000000 ) ) ;
#6702 = CARTESIAN_POINT ( 'NONE',  ( -32.85161988453307202, 2.740215764883560112, -77.59999999999999432 ) ) ;
#6703 = DIRECTION ( 'NONE',  ( 0.000000000000000000, 0.000000000000000000, 1.000000000000000000 ) ) ;
#6704 = CARTESIAN_POINT ( 'NONE',  ( -31.02057253258905334, 1.027832321093293810, -23.69999999999999929 ) ) ;
#6705 = CARTESIAN_POINT ( 'NONE',  ( -28.02057253258906400, -4.520582429040413963, -35.78000000000001535 ) ) ;
#6706 = CARTESIAN_POINT ( 'NONE',  ( 30.87198327930878961, 2.417529071970289323, -76.60000000000414389 ) ) ;
#6707 = EDGE_LOOP ( 'NONE', ( #685, #6696, #8548, #5692 ) ) ;
#6708 = CARTESIAN_POINT ( 'NONE',  ( -31.02057253258906400, -2.520582429040413963, -23.69999999999999929 ) ) ;
#6709 = CARTESIAN_POINT ( 'NONE',  ( 32.33088139411389506, 4.264014296673375171, -77.36913064193741718 ) ) ;
#6710 = ORIENTED_EDGE ( 'NONE', *, *, #3871, .F. ) ;
#6711 = CARTESIAN_POINT ( 'NONE',  ( 29.16192926726288803, 8.220093139964866680, -7.564345026059755561 ) ) ;
#6712 = CARTESIAN_POINT ( 'NONE',  ( 33.97942746741107811, 4.333328095299682658, -7.924038303442738851 ) ) ;
#6713 = DIRECTION ( 'NONE',  ( -1.000000000000000000, 0.000000000000000000, 0.000000000000000000 ) ) ;
#6714 = CARTESIAN_POINT ( 'NONE',  ( 30.82942746741107953, 9.481417570959282060, -9.099999999999997868 ) ) ;
#6715 = ORIENTED_EDGE ( 'NONE', *, *, #5962, .T. ) ;
#6716 = CARTESIAN_POINT ( 'NONE',  ( 30.82942746741105822, -2.520582429040425954, -25.39999999999999503 ) ) ;
#6717 = ORIENTED_EDGE ( 'NONE', *, *, #5996, .F. ) ;
#6718 = ORIENTED_EDGE ( 'NONE', *, *, #7864, .T. ) ;
#6719 = CARTESIAN_POINT ( 'NONE',  ( 19.29901795069744708, 8.479417570959274286, -4.924610935847224980 ) ) ;
#6720 = CARTESIAN_POINT ( 'NONE',  ( -32.77282173157327350, 3.166363158644919018, 0.000000000000000000 ) ) ;
#6721 = CARTESIAN_POINT ( 'NONE',  ( 23.94112934205846699, 7.479417570959292938, -9.662473864654552713 ) ) ;
#6722 = CARTESIAN_POINT ( 'NONE',  ( 28.92467668846203921, 4.349417570959287715, -77.59999999999999432 ) ) ;
#6723 = EDGE_CURVE ( 'NONE', #4728, #4286, #2761, .T. ) ;
#6724 = CARTESIAN_POINT ( 'NONE',  ( -31.26965845134706967, 6.280378773161309880, -31.19999999999999929 ) ) ;
#6725 = ORIENTED_EDGE ( 'NONE', *, *, #8370, .F. ) ;
#6726 = CARTESIAN_POINT ( 'NONE',  ( -30.89537008958140873, 5.803999787686470846, -76.63088268000896619 ) ) ;
#6727 = EDGE_LOOP ( 'NONE', ( #2183, #9614, #6970, #5475, #4386 ) ) ;
#6728 = CARTESIAN_POINT ( 'NONE',  ( 32.58607459677671159, 3.680096556532314267, 0.000000000000000000 ) ) ;
#6729 = CARTESIAN_POINT ( 'NONE',  ( 29.94190397132474502, 7.160227917359237360, -7.712827876475653710 ) ) ;
#6730 = CARTESIAN_POINT ( 'NONE',  ( -29.82704601728901395, 7.769715092809405199, -24.76738906899178616 ) ) ;
#6731 = CYLINDRICAL_SURFACE ( 'NONE', #3255, 0.5000000000000004441 ) ;
#6732 = CARTESIAN_POINT ( 'NONE',  ( 28.67942746741109161, -6.520582429040413963, -79.60999999999998522 ) ) ;
#6733 = CARTESIAN_POINT ( 'NONE',  ( -33.02057253258906400, -2.520582429040413519, -7.400000000000003020 ) ) ;
#6734 = ORIENTED_EDGE ( 'NONE', *, *, #6354, .T. ) ;
#6735 = DIRECTION ( 'NONE',  ( 1.000000000000000000, 0.000000000000000000, 0.000000000000000000 ) ) ;
#6736 = CARTESIAN_POINT ( 'NONE',  ( -32.52057253258906400, -2.943312570636694492, -30.46701915172134534 ) ) ;
#6737 = ORIENTED_EDGE ( 'NONE', *, *, #8954, .F. ) ;
#6738 = CARTESIAN_POINT ( 'NONE',  ( -30.89017226309998421, 2.349417570959270840, -79.59999999999999432 ) ) ;
#6739 = ORIENTED_EDGE ( 'NONE', *, *, #1008, .F. ) ;
#6740 = CARTESIAN_POINT ( 'NONE',  ( 25.08915594524085080, 7.478924922020022237, -2.000000000000043521 ) ) ;
#6741 = CYLINDRICAL_SURFACE ( 'NONE', #2134, 8.750000000000000000 ) ;
#6742 = CARTESIAN_POINT ( 'NONE',  ( 31.91746114648442401, 4.057357372450365318, -24.89999999999994884 ) ) ;
#6743 = EDGE_CURVE ( 'NONE', #7185, #1532, #5100, .T. ) ;
#6744 = EDGE_CURVE ( 'NONE', #4917, #8184, #6950, .T. ) ;
#6745 = CARTESIAN_POINT ( 'NONE',  ( 31.87942746741113353, -3.520582429040425065, -27.81000000000000227 ) ) ;
#6746 = DIRECTION ( 'NONE',  ( 0.000000000000000000, 0.000000000000000000, 1.000000000000000000 ) ) ;
#6747 = CARTESIAN_POINT ( 'NONE',  ( 29.33667632812989012, 8.103609096416253266, -2.276101823622410869 ) ) ;
#6748 = CARTESIAN_POINT ( 'NONE',  ( 29.76274055884769609, 7.353540500094227994, -7.638723937519877438 ) ) ;
#6749 = DIRECTION ( 'NONE',  ( 1.000000000000000000, 0.000000000000000000, 0.000000000000000000 ) ) ;
#6750 = B_SPLINE_CURVE_WITH_KNOTS ( 'NONE', 3,
 ( #1153, #7102, #1251, #8476 ),
 .UNSPECIFIED., .F., .F.,
 ( 4, 4 ),
 ( 1.084202172485504434E-18, 0.001424307111873105054 ),
 .UNSPECIFIED. ) ;
#6751 = CARTESIAN_POINT ( 'NONE',  ( -32.83396327071717735, 2.885666163083303370, -8.400000000000025224 ) ) ;
#6752 = CARTESIAN_POINT ( 'NONE',  ( 23.94942746752170493, 8.479417570959276063, -14.89000000000000234 ) ) ;
#6753 = EDGE_CURVE ( 'NONE', #1714, #1703, #2789, .T. ) ;
#6754 = PLANE ( 'NONE',  #8940 ) ;
#6755 = CARTESIAN_POINT ( 'NONE',  ( 32.63624460303811503, 3.456915091665798023, -77.52181224639848267 ) ) ;
#6756 = ORIENTED_EDGE ( 'NONE', *, *, #9142, .T. ) ;
#6757 = DIRECTION ( 'NONE',  ( 1.000000000000000000, -2.017120320903265428E-16, 0.000000000000000000 ) ) ;
#6758 = CARTESIAN_POINT ( 'NONE',  ( -31.26965845134710520, 6.280378773161272576, -1.600000000000004086 ) ) ;
#6759 = CARTESIAN_POINT ( 'NONE',  ( 28.53504773320623400, 8.653713459170210953, -35.43346950813982232 ) ) ;
#6760 = VERTEX_POINT ( 'NONE', #8265 ) ;
#6761 = CARTESIAN_POINT ( 'NONE',  ( -30.15126331085735600, 6.971940658172253613, -30.57936540206266685 ) ) ;
#6762 = VECTOR ( 'NONE', #4897, 1000.000000000000000 ) ;
#6763 = ORIENTED_EDGE ( 'NONE', *, *, #5073, .F. ) ;
#6764 = ORIENTED_EDGE ( 'NONE', *, *, #8235, .T. ) ;
#6765 = CARTESIAN_POINT ( 'NONE',  ( 23.60373146678589862, 7.479417570959292938, -8.898626428718477754 ) ) ;
#6766 = PLANE ( 'NONE',  #6798 ) ;
#6767 = CARTESIAN_POINT ( 'NONE',  ( 32.79025755978936729, 2.898796844673554141, -8.400000000000025224 ) ) ;
#6768 = VECTOR ( 'NONE', #6913, 1000.000000000000000 ) ;
#6769 = EDGE_CURVE ( 'NONE', #1862, #9502, #3533, .T. ) ;
#6770 = DIRECTION ( 'NONE',  ( 1.000000000000000000, 0.000000000000000000, 0.000000000000000000 ) ) ;
#6771 = CARTESIAN_POINT ( 'NONE',  ( -29.64197554016632452, 7.912911909548107303, -24.87842076568738747 ) ) ;
#6772 = VERTEX_POINT ( 'NONE', #3759 ) ;
#6773 = VERTEX_POINT ( 'NONE', #5391 ) ;
#6774 = FACE_OUTER_BOUND ( 'NONE', #6187, .T. ) ;
#6775 = CARTESIAN_POINT ( 'NONE',  ( -30.28634908277434334, 7.374058304180628021, -24.56223987636998984 ) ) ;
#6776 = AXIS2_PLACEMENT_3D ( 'NONE', #5342, #4573, #1671 ) ;
#6777 = CIRCLE ( 'NONE', #1051, 1.000000000000000888 ) ;
#6778 = CARTESIAN_POINT ( 'NONE',  ( 16.27014175312536892, 8.479417570959268957, -26.75128152813998028 ) ) ;
#6779 = CARTESIAN_POINT ( 'NONE',  ( -30.87057253258903700, 5.979163850806762603, -24.89999999999999503 ) ) ;
#6780 = CARTESIAN_POINT ( 'NONE',  ( 32.97942746741107811, 1.027832321093519186, -1.600000000000018074 ) ) ;
#6781 = CARTESIAN_POINT ( 'NONE',  ( 28.67942746741108451, -6.520582429040413963, -29.95157287525381307 ) ) ;
#6782 = CIRCLE ( 'NONE', #8806, 1.999999999999998890 ) ;
#6783 = ORIENTED_EDGE ( 'NONE', *, *, #8537, .F. ) ;
#6784 = AXIS2_PLACEMENT_3D ( 'NONE', #2802, #5058, #3664 ) ;
#6785 = CARTESIAN_POINT ( 'NONE',  ( -30.87057253258904055, -3.020582429040413963, -30.19999999999999929 ) ) ;
#6786 = CARTESIAN_POINT ( 'NONE',  ( 28.40533536441638063, 8.655466993862997782, -5.964982566027023481 ) ) ;
#6787 = ORIENTED_EDGE ( 'NONE', *, *, #3109, .F. ) ;
#6788 = CARTESIAN_POINT ( 'NONE',  ( 32.57771312759141580, -3.020582429040426398, -30.19999999999999929 ) ) ;
#6789 = VERTEX_POINT ( 'NONE', #855 ) ;
#6790 = CARTESIAN_POINT ( 'NONE',  ( 27.72670362487888340, 6.753719157748346191, -76.59999999999998010 ) ) ;
#6791 = FACE_OUTER_BOUND ( 'NONE', #2532, .T. ) ;
#6792 = AXIS2_PLACEMENT_3D ( 'NONE', #4014, #240, #7006 ) ;
#6793 = AXIS2_PLACEMENT_3D ( 'NONE', #2707, #7881, #252 ) ;
#6794 = DIRECTION ( 'NONE',  ( -1.000000000000000000, 0.000000000000000000, 0.000000000000000000 ) ) ;
#6795 = CARTESIAN_POINT ( 'NONE',  ( 23.94942746741106987, 8.479417570959276063, -13.64511430007023485 ) ) ;
#6796 = CARTESIAN_POINT ( 'NONE',  ( -28.72057253258904197, -2.520582429040414851, -28.54999999999999716 ) ) ;
#6797 = VECTOR ( 'NONE', #1480, 1000.000000000000000 ) ;
#6798 = AXIS2_PLACEMENT_3D ( 'NONE', #3878, #3920, #4499 ) ;
#6799 = LINE ( 'NONE', #3807, #3087 ) ;
#6800 = CARTESIAN_POINT ( 'NONE',  ( 8.836688852417701133E-16, 4.349417570959293933, -74.71000000000022112 ) ) ;
#6801 = CARTESIAN_POINT ( 'NONE',  ( 30.34282266971454689, 3.899490767828527105, -77.59999999999999432 ) ) ;
#6802 = FACE_BOUND ( 'NONE', #256, .T. ) ;
#6803 = FACE_OUTER_BOUND ( 'NONE', #7688, .T. ) ;
#6804 = EDGE_LOOP ( 'NONE', ( #8475, #6993, #1744, #4299, #7889 ) ) ;
#6805 = CARTESIAN_POINT ( 'NONE',  ( -30.28547923450204848, 7.374915863021312745, -31.03751617226818382 ) ) ;
#6806 = DIRECTION ( 'NONE',  ( -0.000000000000000000, -0.000000000000000000, -1.000000000000000000 ) ) ;
#6807 = ADVANCED_FACE ( 'NONE', ( #4474 ), #8218, .T. ) ;
#6808 = CARTESIAN_POINT ( 'NONE',  ( 31.78229035546924308, 5.472837059224669787, -35.01027637919855096 ) ) ;
#6809 = EDGE_CURVE ( 'NONE', #4409, #2495, #65, .T. ) ;
#6810 = VERTEX_POINT ( 'NONE', #6702 ) ;
#6811 = CIRCLE ( 'NONE', #8838, 0.5000000000000004441 ) ;
#6812 = CYLINDRICAL_SURFACE ( 'NONE', #7787, 0.5000000000000004441 ) ;
#6813 = ORIENTED_EDGE ( 'NONE', *, *, #6042, .F. ) ;
#6814 = EDGE_LOOP ( 'NONE', ( #6390, #144, #4432, #4520 ) ) ;
#6815 = DIRECTION ( 'NONE',  ( 0.000000000000000000, 0.5340383034426947617, -0.8454602831925627227 ) ) ;
#6816 = CIRCLE ( 'NONE', #2503, 1.000000000000000888 ) ;
#6817 = CARTESIAN_POINT ( 'NONE',  ( -27.52057253258907465, 6.882612225788600213, -39.80000000000001137 ) ) ;
#6818 = CARTESIAN_POINT ( 'NONE',  ( 24.72942746741108166, 6.849417570959288604, -66.00000000000000000 ) ) ;
#6819 = EDGE_CURVE ( 'NONE', #1826, #1290, #5227, .T. ) ;
#6820 = CARTESIAN_POINT ( 'NONE',  ( 28.78985334462172929, 8.453513082853378435, -26.34493847949766376 ) ) ;
#6821 = VERTEX_POINT ( 'NONE', #1624 ) ;
#6822 = CARTESIAN_POINT ( 'NONE',  ( 28.70162549212182057, 8.195757302760087626, -3.894919898707735140 ) ) ;
#6823 = VERTEX_POINT ( 'NONE', #220 ) ;
#6824 = VECTOR ( 'NONE', #4136, 1000.000000000000000 ) ;
#6825 = CARTESIAN_POINT ( 'NONE',  ( 29.61606479042539419, 7.899152533038798829, -0.000000000000000000 ) ) ;
#6826 = CIRCLE ( 'NONE', #5124, 1.000000000000000888 ) ;
#6827 = CARTESIAN_POINT ( 'NONE',  ( 32.59222271713077390, 3.605503183289502811, -37.68668528693626740 ) ) ;
#6828 = B_SPLINE_CURVE_WITH_KNOTS ( 'NONE', 3,
 ( #8209, #8153, #4605, #6640, #1513, #3695 ),
 .UNSPECIFIED., .F., .F.,
 ( 4, 2, 4 ),
 ( 0.000000000000000000, 0.0001437524749722421489, 0.0002875049499444842977 ),
 .UNSPECIFIED. ) ;
#6829 = EDGE_CURVE ( 'NONE', #3443, #8392, #7945, .T. ) ;
#6830 = CARTESIAN_POINT ( 'NONE',  ( 19.17537833805046077, 8.479417570959276063, -24.96130162080072878 ) ) ;
#6831 = EDGE_CURVE ( 'NONE', #963, #1411, #3070, .T. ) ;
#6832 = DIRECTION ( 'NONE',  ( 0.000000000000000000, -0.8516946967809891911, -0.5240383034427339437 ) ) ;
#6833 = CARTESIAN_POINT ( 'NONE',  ( -30.87057253258906186, -2.520582429040411299, -31.89999999999999147 ) ) ;
#6834 = AXIS2_PLACEMENT_3D ( 'NONE', #2621, #5645, #5561 ) ;
#6835 = ORIENTED_EDGE ( 'NONE', *, *, #3858, .T. ) ;
#6836 = CARTESIAN_POINT ( 'NONE',  ( 30.82942746741109019, -2.520582429040425954, -7.400000000000000355 ) ) ;
#6837 = ORIENTED_EDGE ( 'NONE', *, *, #1545, .T. ) ;
#6838 = CARTESIAN_POINT ( 'NONE',  ( 30.15725411940231737, 7.455261666303744761, -2.188587751965213712 ) ) ;
#6839 = ORIENTED_EDGE ( 'NONE', *, *, #8676, .T. ) ;
#6840 = CARTESIAN_POINT ( 'NONE',  ( 16.67942746741107030, 7.479417570959299155, -2.000000000000071054 ) ) ;
#6841 = FACE_OUTER_BOUND ( 'NONE', #507, .T. ) ;
#6842 = CARTESIAN_POINT ( 'NONE',  ( 29.33694383521601878, 8.103415658276597711, -30.52409709109677038 ) ) ;
#6843 = EDGE_CURVE ( 'NONE', #9502, #2748, #7526, .T. ) ;
#6844 = CARTESIAN_POINT ( 'NONE',  ( 32.97942746703933636, 1.501095065638188952, -30.69999999999999929 ) ) ;
#6845 = DIRECTION ( 'NONE',  ( 2.017120320903265181E-16, 1.000000000000000000, -0.000000000000000000 ) ) ;
#6846 = CARTESIAN_POINT ( 'NONE',  ( 30.09116177705184469, 7.513409230737787325, -1.819969955672114725 ) ) ;
#6847 = CARTESIAN_POINT ( 'NONE',  ( 30.64408666988648378, 6.281816217929096169, -7.899999999999999467 ) ) ;
#6848 = DIRECTION ( 'NONE',  ( -2.017120320903264935E-16, -1.000000000000000000, 0.000000000000000000 ) ) ;
#6849 = CARTESIAN_POINT ( 'NONE',  ( 32.81057906786381295, 2.739747276411002019, -77.60000000000000853 ) ) ;
#6850 = EDGE_CURVE ( 'NONE', #5926, #2974, #8333, .T. ) ;
#6851 = CARTESIAN_POINT ( 'NONE',  ( 29.08574821211244199, 4.125119157730440023, -77.60000000000000853 ) ) ;
#6852 = CARTESIAN_POINT ( 'NONE',  ( 30.82942746741109374, 10.01696613767508381, -4.249999999999999112 ) ) ;
#6853 = ORIENTED_EDGE ( 'NONE', *, *, #8431, .F. ) ;
#6854 = B_SPLINE_CURVE_WITH_KNOTS ( 'NONE', 3,
 ( #4638, #7540, #7601, #78, #5997, #3093, #8959, #2326, #187, #8233, #4543, #7499, #6761, #129, #6048, #2380 ),
 .UNSPECIFIED., .F., .F.,
 ( 4, 2, 2, 2, 2, 2, 2, 4 ),
 ( 0.000000000000000000, 0.0005319141856096328913, 0.001063828371219265783, 0.001595742556828898566, 0.002127656742438530264, 0.002659570928048160879, 0.003191485113657790626, 0.004255313484877052722 ),
 .UNSPECIFIED. ) ;
#6855 = DIRECTION ( 'NONE',  ( 0.000000000000000000, 0.000000000000000000, -1.000000000000000000 ) ) ;
#6856 = FACE_OUTER_BOUND ( 'NONE', #863, .T. ) ;
#6857 = B_SPLINE_CURVE_WITH_KNOTS ( 'NONE', 3,
 ( #5141, #8111, #5916, #639, #4353, #4453, #3013, #2239, #8927, #5135, #8827, #4301, #5082, #9516, #7266, #8052, #6685, #4512, #2916, #8104, #5285, #5867 ),
 .UNSPECIFIED., .F., .F.,
 ( 4, 2, 2, 2, 2, 2, 2, 2, 2, 2, 4 ),
 ( 6.992893892674702526E-18, 0.0009361530849933998033, 0.001872306169986792668, 0.002340382712483489100, 0.002808459254980185532, 0.003276535797476881964, 0.003744612339973578397, 0.004212688882470274829, 0.004680765424966971261, 0.005616918509960364125, 0.007489224679947149854 ),
 .UNSPECIFIED. ) ;
#6858 = CARTESIAN_POINT ( 'NONE',  ( 28.79262011018758827, 6.349417570959507096, -38.62274328001581125 ) ) ;
#6859 = ORIENTED_EDGE ( 'NONE', *, *, #700, .F. ) ;
#6860 = AXIS2_PLACEMENT_3D ( 'NONE', #4232, #5053, #753 ) ;
#6861 = CARTESIAN_POINT ( 'NONE',  ( 25.25123640232978417, 9.479417570959293826, -77.60000000000002274 ) ) ;
#6862 = ORIENTED_EDGE ( 'NONE', *, *, #7698, .T. ) ;
#6863 = ORIENTED_EDGE ( 'NONE', *, *, #7346, .F. ) ;
#6864 = EDGE_CURVE ( 'NONE', #6216, #7405, #6670, .T. ) ;
#6865 = ADVANCED_FACE ( 'NONE', ( #3900 ), #3174, .T. ) ;
#6866 = ORGANIZATION ( 'UNSPECIFIED', 'UNSPECIFIED', '' ) ;
#6867 = CARTESIAN_POINT ( 'NONE',  ( -30.87057253258906897, -3.020582429040413963, -4.249999999999999112 ) ) ;
#6868 = CARTESIAN_POINT ( 'NONE',  ( -33.02057253258906400, -4.520582429040413075, 0.000000000000000000 ) ) ;
#6869 = CARTESIAN_POINT ( 'NONE',  ( 28.67942746741106319, 8.516651189570575653, -27.04999999999999361 ) ) ;
#6870 = ORIENTED_EDGE ( 'NONE', *, *, #1952, .F. ) ;
#6871 = CARTESIAN_POINT ( 'NONE',  ( -29.29688744710892934, 7.800814133574633935, -30.02294176106117618 ) ) ;
#6872 = VERTEX_POINT ( 'NONE', #2988 ) ;
#6873 = CARTESIAN_POINT ( 'NONE',  ( -30.97674208600920309, 1.914916662180641493, -79.59999999999999432 ) ) ;
#6874 = CARTESIAN_POINT ( 'NONE',  ( 32.36431256866201522, 4.255528721324230546, -36.35104687302627013 ) ) ;
#6875 = ADVANCED_FACE ( 'NONE', ( #5933 ), #8894, .F. ) ;
#6876 = CYLINDRICAL_SURFACE ( 'NONE', #4162, 0.5000000000000004441 ) ;
#6877 = CARTESIAN_POINT ( 'NONE',  ( 25.14086206850711136, 7.478448902467656367, -2.000000000000023981 ) ) ;
#6878 = DIRECTION ( 'NONE',  ( -1.000000000000000000, 2.017120320903265181E-16, -0.000000000000000000 ) ) ;
#6879 = DIRECTION ( 'NONE',  ( 2.017120320903265181E-16, 1.000000000000000000, -0.000000000000000000 ) ) ;
#6880 = FACE_OUTER_BOUND ( 'NONE', #4016, .T. ) ;
#6881 = VERTEX_POINT ( 'NONE', #9277 ) ;
#6882 = CARTESIAN_POINT ( 'NONE',  ( -31.92057253258911231, 5.479417570959586037, -27.81000000000000227 ) ) ;
#6883 = CARTESIAN_POINT ( 'NONE',  ( 28.97432453609868830, 8.013152272822505751, -3.151414598383771803 ) ) ;
#6884 = EDGE_LOOP ( 'NONE', ( #5598, #2295, #338, #9394, #5496, #2028, #3204, #3197, #5338, #5067, #6910, #2483, #3894, #6927, #5659, #8260, #1176, #4356, #120 ) ) ;
#6885 = CARTESIAN_POINT ( 'NONE',  ( 23.85062779297735958, 7.479417570959295603, -2.000000000000029310 ) ) ;
#6886 = CARTESIAN_POINT ( 'NONE',  ( 28.34749273821293158, 9.481417570959282060, -2.000000000000000000 ) ) ;
#6887 = CARTESIAN_POINT ( 'NONE',  ( 31.22850509297901667, 6.280390163998746722, -31.19999999999999929 ) ) ;
#6888 = CARTESIAN_POINT ( 'NONE',  ( 28.07942746741108309, 4.349417570959287715, -66.00000000000000000 ) ) ;
#6889 = CARTESIAN_POINT ( 'NONE',  ( -30.87057253258905121, 9.481417570959296270, -27.04999999999999005 ) ) ;
#6890 = CARTESIAN_POINT ( 'NONE',  ( 27.99578959060121619, 7.029735095968841385, -36.87037522848884663 ) ) ;
#6891 = CARTESIAN_POINT ( 'NONE',  ( 30.00062494134730429, 7.105473507966048707, -7.746976154442017481 ) ) ;
#6892 = DIRECTION ( 'NONE',  ( 1.000000000000000000, 0.000000000000000000, 0.000000000000000000 ) ) ;
#6893 = CARTESIAN_POINT ( 'NONE',  ( 10.94942746741108230, 7.479417570959293826, -0.8900000000000192202 ) ) ;
#6894 = CARTESIAN_POINT ( 'NONE',  ( -33.02057253258905689, 1.500198152959249631, -24.39999999999999147 ) ) ;
#6895 = DIRECTION ( 'NONE',  ( 0.000000000000000000, 0.000000000000000000, 1.000000000000000000 ) ) ;
#6896 = CARTESIAN_POINT ( 'NONE',  ( 28.79262011024111345, 6.349417570959496437, -67.48715829593119508 ) ) ;
#6897 = EDGE_LOOP ( 'NONE', ( #1250, #8816, #6286, #765 ) ) ;
#6898 = CARTESIAN_POINT ( 'NONE',  ( 28.85023069261084316, 8.099421422835931139, -26.19359437479876362 ) ) ;
#6899 = CARTESIAN_POINT ( 'NONE',  ( -28.72057253258906329, 8.517091398279587722, -4.250000000000002665 ) ) ;
#6900 = CARTESIAN_POINT ( 'NONE',  ( 28.86618768318446726, 8.486939900311027074, -35.52145210207178394 ) ) ;
#6901 = EDGE_LOOP ( 'NONE', ( #7187, #7653, #8378, #8466 ) ) ;
#6902 = CARTESIAN_POINT ( 'NONE',  ( 29.07581259474885371, 8.295291158337105841, -77.60000000000002274 ) ) ;
#6903 = ORIENTED_EDGE ( 'NONE', *, *, #8981, .T. ) ;
#6904 = EDGE_LOOP ( 'NONE', ( #3186, #2493, #3573, #813 ) ) ;
#6905 = DIRECTION ( 'NONE',  ( -2.025677196612374621E-16, -1.000000000000000000, -3.697785493223491743E-32 ) ) ;
#6906 = CYLINDRICAL_SURFACE ( 'NONE', #7284, 2.149999999999995470 ) ;
#6907 = CIRCLE ( 'NONE', #2284, 2.100000000000004530 ) ;
#6908 = CYLINDRICAL_SURFACE ( 'NONE', #761, 4.000000000000003553 ) ;
#6909 = ADVANCED_FACE ( 'NONE', ( #5483 ), #6350, .T. ) ;
#6910 = ORIENTED_EDGE ( 'NONE', *, *, #8892, .F. ) ;
#6911 = DIRECTION ( 'NONE',  ( 1.000000000000000000, -2.017120320903264935E-16, 0.000000000000000000 ) ) ;
#6912 = ORIENTED_EDGE ( 'NONE', *, *, #4141, .T. ) ;
#6913 = DIRECTION ( 'NONE',  ( -2.017120320903265428E-16, -1.000000000000000000, -0.000000000000000000 ) ) ;
#6914 =( BOUNDED_SURFACE ( )  B_SPLINE_SURFACE ( 3, 2, ( 
 ( #4163, #497, #3457 ),
 ( #9372, #2723, #5656 ),
 ( #1982, #4712, #852 ),
 ( #6742, #6079, #108 ),
 ( #5298, #163, #7575 ),
 ( #6929, #3359, #1165 ),
 ( #496, #7065, #9371 ),
 ( #8447, #1463, #8731 ) ),
 .UNSPECIFIED., .F., .F., .T. ) 
 B_SPLINE_SURFACE_WITH_KNOTS ( ( 4, 2, 2, 4 ),
 ( 3, 3 ),
 ( -2.602085213965210642E-18, 0.002640745010164398301, 0.003961117515246598969, 0.005281490020328799204 ),
 ( 0.000000000000000000, 1.000000000000000000 ),
 .UNSPECIFIED. ) 
 GEOMETRIC_REPRESENTATION_ITEM ( )  RATIONAL_B_SPLINE_SURFACE ( (
 ( 1.000000000000000000, 0.7071067811865475727, 1.000000000000000000),
 ( 1.000000000000000000, 0.7071067811865475727, 1.000000000000000000),
 ( 1.000000000000000000, 0.7071067811865573427, 1.000000000000000000),
 ( 1.000000000000000000, 0.7071067811865573427, 1.000000000000000000),
 ( 1.000000000000000000, 0.7071067811865475727, 1.000000000000000000),
 ( 1.000000000000000000, 0.7071067811865475727, 1.000000000000000000),
 ( 1.000000000000000000, 0.7071067811865523467, 1.000000000000000000),
 ( 1.000000000000000000, 0.7071067811865523467, 1.000000000000000000) ) ) 
 REPRESENTATION_ITEM ( '' )  SURFACE ( )  );
#6915 = AXIS2_PLACEMENT_3D ( 'NONE', #3107, #5914, #3740 ) ;
#6916 = CARTESIAN_POINT ( 'NONE',  ( 28.34749273821293158, 6.350091138425436377, -2.000000000000000000 ) ) ;
#6917 = CARTESIAN_POINT ( 'NONE',  ( -32.34331028302114674, 2.786154828188837307, -2.099999999999986766 ) ) ;
#6918 = DIRECTION ( 'NONE',  ( -1.387778780781445922E-16, 1.000000000000000000, -0.000000000000000000 ) ) ;
#6919 = EDGE_CURVE ( 'NONE', #1288, #4091, #9144, .T. ) ;
#6920 = ORIENTED_EDGE ( 'NONE', *, *, #6158, .F. ) ;
#6921 = EDGE_CURVE ( 'NONE', #6368, #5032, #1208, .T. ) ;
#6922 = CARTESIAN_POINT ( 'NONE',  ( -28.72057253258906684, 8.209584760035333773, -5.750000000000000888 ) ) ;
#6923 = CARTESIAN_POINT ( 'NONE',  ( 29.22942746741108166, 6.849417570959293933, -48.50000000000001421 ) ) ;
#6924 = ORIENTED_EDGE ( 'NONE', *, *, #3268, .F. ) ;
#6925 = CARTESIAN_POINT ( 'NONE',  ( 28.83168849711771742, 8.111718126433986598, -3.439237533565275395 ) ) ;
#6926 = AXIS2_PLACEMENT_3D ( 'NONE', #806, #5195, #3128 ) ;
#6927 = ORIENTED_EDGE ( 'NONE', *, *, #7291, .T. ) ;
#6928 = DIRECTION ( 'NONE',  ( -1.000000000000000000, 0.000000000000000000, -2.483923453229668132E-48 ) ) ;
#6929 = CARTESIAN_POINT ( 'NONE',  ( 31.33436365652103461, 5.248623259876273650, -24.89999999999999147 ) ) ;
#6930 = CARTESIAN_POINT ( 'NONE',  ( 28.62343634973718309, 8.540817759350941785, -29.57547952949582637 ) ) ;
#6931 = VECTOR ( 'NONE', #3945, 1000.000000000000000 ) ;
#6932 = DIRECTION ( 'NONE',  ( -2.017120320903265181E-16, -1.000000000000000000, 0.000000000000000000 ) ) ;
#6933 = DIRECTION ( 'NONE',  ( 1.000000000000000000, -2.017120320903265181E-16, 0.000000000000000000 ) ) ;
#6934 = CARTESIAN_POINT ( 'NONE',  ( 27.21530777083167152, 7.361019299845649400, -36.53219395305457340 ) ) ;
#6935 = CARTESIAN_POINT ( 'NONE',  ( 23.38942746741041390, 6.349417570959293933, -39.31000000000022254 ) ) ;
#6936 = CARTESIAN_POINT ( 'NONE',  ( 32.97942746741108522, -2.520582429040426842, -8.400000000000003908 ) ) ;
#6937 = DIRECTION ( 'NONE',  ( 1.000000000000000000, -2.589139516383305650E-16, 0.000000000000000000 ) ) ;
#6938 = VERTEX_POINT ( 'NONE', #5575 ) ;
#6939 = VECTOR ( 'NONE', #5735, 1000.000000000000000 ) ;
#6940 = DIRECTION ( 'NONE',  ( -1.000000000000000000, 0.000000000000000000, 0.000000000000000000 ) ) ;
#6941 = CIRCLE ( 'NONE', #7728, 2.000000000000001776 ) ;
#6942 = CARTESIAN_POINT ( 'NONE',  ( -18.05057253258891947, -2.520582429040415740, -14.89000000000000057 ) ) ;
#6943 = VERTEX_POINT ( 'NONE', #4715 ) ;
#6944 = EDGE_CURVE ( 'NONE', #8670, #8864, #4807, .T. ) ;
#6945 = EDGE_CURVE ( 'NONE', #5459, #5608, #2419, .T. ) ;
#6946 = CARTESIAN_POINT ( 'NONE',  ( -31.71383560650335554, 6.452825098686099103, -37.96844932804477679 ) ) ;
#6947 = VECTOR ( 'NONE', #1220, 1000.000000000000000 ) ;
#6948 = CARTESIAN_POINT ( 'NONE',  ( -30.10276799629883371, 7.027852143914444127, -2.238113377787954938 ) ) ;
#6949 = VECTOR ( 'NONE', #4532, 1000.000000000000000 ) ;
#6950 = CIRCLE ( 'NONE', #6926, 12.99999999999999822 ) ;
#6951 = DIRECTION ( 'NONE',  ( 0.000000000000000000, 0.000000000000000000, -1.000000000000000000 ) ) ;
#6952 = ORIENTED_EDGE ( 'NONE', *, *, #8535, .T. ) ;
#6953 = CARTESIAN_POINT ( 'NONE',  ( 29.48394399846934988, 4.349417570959287715, -77.49431375279193901 ) ) ;
#6954 = ORIENTED_EDGE ( 'NONE', *, *, #544, .F. ) ;
#6955 = TOROIDAL_SURFACE ( 'NONE', #5881, 1.500000000000000000, 0.5000000000000000000 ) ;
#6956 = VERTEX_POINT ( 'NONE', #7807 ) ;
#6957 = DIRECTION ( 'NONE',  ( 1.000000000000000000, -1.445602896647339656E-16, 0.000000000000000000 ) ) ;
#6958 = CARTESIAN_POINT ( 'NONE',  ( 32.22903847237342490, 4.700611565992090846, -8.400000000000027001 ) ) ;
#6959 = VECTOR ( 'NONE', #9018, 1000.000000000000000 ) ;
#6960 = CARTESIAN_POINT ( 'NONE',  ( 30.06062588299340277, 7.029176943723626003, -25.03843444392423123 ) ) ;
#6961 = CARTESIAN_POINT ( 'NONE',  ( -27.98944153807400426, 6.644521893162786519, -2.000000000000002665 ) ) ;
#6962 = ORIENTED_EDGE ( 'NONE', *, *, #1547, .T. ) ;
#6963 = CARTESIAN_POINT ( 'NONE',  ( -31.02057253258905334, 1.027832321093293810, -76.59999999999999432 ) ) ;
#6964 = ORIENTED_EDGE ( 'NONE', *, *, #9140, .T. ) ;
#6965 = DIRECTION ( 'NONE',  ( 4.458571562666610682E-16, -0.5140383034426894149, -0.8577672310095330044 ) ) ;
#6966 = CIRCLE ( 'NONE', #5893, 12.99999999999999822 ) ;
#6967 = DIRECTION ( 'NONE',  ( 2.017120320903265181E-16, 1.000000000000000000, -0.000000000000000000 ) ) ;
#6968 = CARTESIAN_POINT ( 'NONE',  ( -30.87342283848235169, 2.459916990103498957, -76.59999999999999432 ) ) ;
#6969 = LINE ( 'NONE', #5375, #5574 ) ;
#6970 = ORIENTED_EDGE ( 'NONE', *, *, #5156, .T. ) ;
#6971 = CARTESIAN_POINT ( 'NONE',  ( -29.36719097692987290, 5.453596836674310389, -24.05439543650771839 ) ) ;
#6972 = ORIENTED_EDGE ( 'NONE', *, *, #5260, .F. ) ;
#6973 = VECTOR ( 'NONE', #4710, 1000.000000000000000 ) ;
#6974 = VECTOR ( 'NONE', #9132, 1000.000000000000000 ) ;
#6975 = CARTESIAN_POINT ( 'NONE',  ( 28.67942746741109161, 8.209411367207925636, -4.250000000000014211 ) ) ;
#6976 = VERTEX_POINT ( 'NONE', #406 ) ;
#6977 =( BOUNDED_SURFACE ( )  B_SPLINE_SURFACE ( 3, 2, ( 
 ( #7449, #8907, #764 ),
 ( #6663, #31, #2266 ),
 ( #4490, #821, #3040 ),
 ( #5264, #4540, #8280 ),
 ( #5495, #6410, #9389 ),
 ( #5007, #5734, #1284 ),
 ( #7335, #2105, #5829 ),
 ( #704, #2058, #9488 ) ),
 .UNSPECIFIED., .F., .F., .T. ) 
 B_SPLINE_SURFACE_WITH_KNOTS ( ( 4, 2, 2, 4 ),
 ( 3, 3 ),
 ( -1.062518129035794345E-16, 0.002640756487212981944, 0.003961134730819526259, 0.005281512974426069706 ),
 ( 0.000000000000000000, 1.000000000000000000 ),
 .UNSPECIFIED. ) 
 GEOMETRIC_REPRESENTATION_ITEM ( )  RATIONAL_B_SPLINE_SURFACE ( (
 ( 1.000000000000000000, 0.7071067811865487940, 1.000000000000000000),
 ( 1.000000000000000000, 0.7071067811865487940, 1.000000000000000000),
 ( 1.000000000000000000, 0.7071067811865425767, 1.000000000000000000),
 ( 1.000000000000000000, 0.7071067811865425767, 1.000000000000000000),
 ( 1.000000000000000000, 0.7071067811865475727, 1.000000000000000000),
 ( 1.000000000000000000, 0.7071067811865475727, 1.000000000000000000),
 ( 1.000000000000000000, 0.7071067811865475727, 1.000000000000000000),
 ( 1.000000000000000000, 0.7071067811865475727, 1.000000000000000000) ) ) 
 REPRESENTATION_ITEM ( '' )  SURFACE ( )  );
#6978 = CARTESIAN_POINT ( 'NONE',  ( -30.87057253258906186, -2.520582429040413075, -28.55000000000000071 ) ) ;
#6979 = CARTESIAN_POINT ( 'NONE',  ( -19.22006965087101094, 7.479417570959293826, -6.195893434411880563 ) ) ;
#6980 = ADVANCED_FACE ( 'NONE', ( #2586 ), #3412, .T. ) ;
#6981 = EDGE_CURVE ( 'NONE', #963, #392, #1686, .T. ) ;
#6982 = EDGE_CURVE ( 'NONE', #6658, #3627, #5619, .T. ) ;
#6983 = AXIS2_PLACEMENT_3D ( 'NONE', #4105, #1200, #4148 ) ;
#6984 = DIRECTION ( 'NONE',  ( 0.000000000000000000, 0.000000000000000000, 1.000000000000000000 ) ) ;
#6985 = AXIS2_PLACEMENT_3D ( 'NONE', #5028, #440, #7947 ) ;
#6986 = DIRECTION ( 'NONE',  ( -1.387778780781445922E-16, 1.000000000000000000, -0.000000000000000000 ) ) ;
#6987 = DIRECTION ( 'NONE',  ( -1.000000000000000000, 0.000000000000000000, 0.000000000000000000 ) ) ;
#6988 = LINE ( 'NONE', #9280, #1854 ) ;
#6989 = DIRECTION ( 'NONE',  ( -1.000000000000000000, 0.000000000000000000, -8.673617379884027583E-15 ) ) ;
#6990 = VERTEX_POINT ( 'NONE', #1169 ) ;
#6991 = CARTESIAN_POINT ( 'NONE',  ( 30.82942746741106532, 10.01696613767508381, -30.69999999999999929 ) ) ;
#6992 = CARTESIAN_POINT ( 'NONE',  ( 24.22942746741107811, 6.849417570959293933, -66.00000000000000000 ) ) ;
#6993 = ORIENTED_EDGE ( 'NONE', *, *, #8481, .T. ) ;
#6994 = EDGE_CURVE ( 'NONE', #8435, #2223, #266, .T. ) ;
#6995 = CARTESIAN_POINT ( 'NONE',  ( 19.54842156709490553, 7.479417570959292938, -3.840764439061421509 ) ) ;
#6996 = CARTESIAN_POINT ( 'NONE',  ( -28.62561823685712881, 6.601197150920451229, -37.56746427007718836 ) ) ;
#6997 = CARTESIAN_POINT ( 'NONE',  ( -33.02057253258905689, 1.570057497020746817, -77.59999999999999432 ) ) ;
#6998 = CARTESIAN_POINT ( 'NONE',  ( 28.67942746741109161, -6.520582429040413963, 0.000000000000000000 ) ) ;
#6999 = CARTESIAN_POINT ( 'NONE',  ( -31.02057253258906400, 1.027832321093304024, -31.89999999999999147 ) ) ;
#7000 = CARTESIAN_POINT ( 'NONE',  ( 29.22942746741108166, 6.849417570959293933, -48.50000000000001421 ) ) ;
#7001 = ORIENTED_EDGE ( 'NONE', *, *, #2861, .F. ) ;
#7002 = VERTEX_POINT ( 'NONE', #1808 ) ;
#7003 = CARTESIAN_POINT ( 'NONE',  ( 32.97942746741106390, 1.500186136094756595, -31.19999999999999929 ) ) ;
#7004 = CYLINDRICAL_SURFACE ( 'NONE', #5273, 1.000000000000000888 ) ;
#7005 = AXIS2_PLACEMENT_3D ( 'NONE', #8851, #6600, #9585 ) ;
#7006 = DIRECTION ( 'NONE',  ( -1.000000000000000000, -1.982541115402065356E-16, 0.000000000000000000 ) ) ;
#7007 = CARTESIAN_POINT ( 'NONE',  ( -25.17984994609220095, 7.478520234268889233, -2.000000000000023981 ) ) ;
#7008 = VERTEX_POINT ( 'NONE', #3273 ) ;
#7009 = CARTESIAN_POINT ( 'NONE',  ( 33.97942746741107811, -3.020582429040426398, -7.924038303442738851 ) ) ;
#7010 = VERTEX_POINT ( 'NONE', #6176 ) ;
#7011 = ORIENTED_EDGE ( 'NONE', *, *, #6159, .F. ) ;
#7012 = CARTESIAN_POINT ( 'NONE',  ( 29.09800272650894826, 8.265061253518013018, -33.38147963409090124 ) ) ;
#7013 = CARTESIAN_POINT ( 'NONE',  ( 22.63000839988754720, 8.479417570959276063, -20.59862920179024925 ) ) ;
#7014 = CARTESIAN_POINT ( 'NONE',  ( -30.98346549054541654, 1.750073257563746321, -76.59999999999999432 ) ) ;
#7015 = ADVANCED_FACE ( 'NONE', ( #4761 ), #8975, .T. ) ;
#7016 = CARTESIAN_POINT ( 'NONE',  ( -28.36235125237573484, 6.375851981975987570, -24.81251374233211138 ) ) ;
#7017 = CARTESIAN_POINT ( 'NONE',  ( -28.75865827790066476, 6.451570350744649573, -37.99569073489210780 ) ) ;
#7018 = ORIENTED_EDGE ( 'NONE', *, *, #216, .T. ) ;
#7019 = ORIENTED_EDGE ( 'NONE', *, *, #6981, .T. ) ;
#7020 = CARTESIAN_POINT ( 'NONE',  ( -29.14260362938745885, 7.921344814552054636, -25.76112719593288958 ) ) ;
#7021 = CARTESIAN_POINT ( 'NONE',  ( 28.66753279162698576, 8.516630847796097470, -29.66869228431897199 ) ) ;
#7022 = PLANE ( 'NONE',  #5246 ) ;
#7023 = CARTESIAN_POINT ( 'NONE',  ( 29.19588013107712143, 8.197875539168414605, -25.20229785591199700 ) ) ;
#7024 = CARTESIAN_POINT ( 'NONE',  ( 26.56529678625170021, 7.533420861806592761, -36.39157286923705215 ) ) ;
#7025 = LINE ( 'NONE', #3989, #2157 ) ;
#7026 = CARTESIAN_POINT ( 'NONE',  ( 30.82942746741107953, 9.481417570959282060, -27.04999999999999005 ) ) ;
#7027 = CARTESIAN_POINT ( 'NONE',  ( -26.70460516799094108, -2.520582429040704397, 0.000000000000000000 ) ) ;
#7028 = ORIENTED_EDGE ( 'NONE', *, *, #8001, .T. ) ;
#7029 = EDGE_CURVE ( 'NONE', #1873, #4553, #7165, .T. ) ;
#7030 = DIRECTION ( 'NONE',  ( -1.387778780781445922E-16, 1.000000000000000000, 0.000000000000000000 ) ) ;
#7031 = DIRECTION ( 'NONE',  ( 0.000000000000000000, 0.000000000000000000, -1.000000000000000000 ) ) ;
#7032 = VERTEX_POINT ( 'NONE', #7852 ) ;
#7033 = CARTESIAN_POINT ( 'NONE',  ( -30.87057253258906542, 5.979163850806729741, -2.099999999999999645 ) ) ;
#7034 = CYLINDRICAL_SURFACE ( 'NONE', #6629, 1.000000000000000888 ) ;
#7035 = CARTESIAN_POINT ( 'NONE',  ( -28.64018543993905652, 8.575207435956311741, -77.59999999999999432 ) ) ;
#7036 = DIRECTION ( 'NONE',  ( 0.000000000000000000, 0.000000000000000000, 1.000000000000000000 ) ) ;
#7037 = EDGE_CURVE ( 'NONE', #6291, #8777, #9121, .T. ) ;
#7038 = CARTESIAN_POINT ( 'NONE',  ( -33.12057253258911516, 5.479417570959586037, -27.81000000000000227 ) ) ;
#7039 = EDGE_CURVE ( 'NONE', #5012, #8212, #4943, .T. ) ;
#7040 = FACE_OUTER_BOUND ( 'NONE', #5836, .T. ) ;
#7041 = VERTEX_POINT ( 'NONE', #8057 ) ;
#7042 = CARTESIAN_POINT ( 'NONE',  ( -32.96360483474899183, 2.178154277260908156, -77.59999999998773035 ) ) ;
#7043 = VERTEX_POINT ( 'NONE', #4260 ) ;
#7044 = CARTESIAN_POINT ( 'NONE',  ( -33.02057253258904979, 1.027832321093293810, -7.900000000000003908 ) ) ;
#7045 = CARTESIAN_POINT ( 'NONE',  ( 28.89245823811623382, 6.349417570959289492, -47.19556922183311087 ) ) ;
#7046 = LINE ( 'NONE', #4871, #4782 ) ;
#7047 = CARTESIAN_POINT ( 'NONE',  ( -18.05057253258891947, -6.520582429040420180, -14.89000000000000057 ) ) ;
#7048 = B_SPLINE_CURVE_WITH_KNOTS ( 'NONE', 3,
 ( #1214, #4938, #4073, #7903, #9416, #404, #4207, #7162, #2772, #6347, #3543, #3409, #7997, #3360 ),
 .UNSPECIFIED., .F., .F.,
 ( 4, 2, 2, 2, 2, 2, 4 ),
 ( 4.906538933386797396E-18, 0.001064403558855784790, 0.002128807117711564376, 0.002661008897139455470, 0.003193210676567348298, 0.003725412455995241127, 0.004257614235423133955 ),
 .UNSPECIFIED. ) ;
#7049 = ORIENTED_EDGE ( 'NONE', *, *, #5964, .T. ) ;
#7050 = CARTESIAN_POINT ( 'NONE',  ( -33.04466974726401673, -3.509398494088141085, -25.11212729718549497 ) ) ;
#7051 = EDGE_LOOP ( 'NONE', ( #3483, #7388, #401, #935 ) ) ;
#7052 = DIRECTION ( 'NONE',  ( -1.000000000000000000, 0.000000000000000000, -0.000000000000000000 ) ) ;
#7053 = CARTESIAN_POINT ( 'NONE',  ( 21.51363394572409149, 8.479417570959274286, -22.47244163356625535 ) ) ;
#7054 = CARTESIAN_POINT ( 'NONE',  ( 26.67942746741109517, -2.520582429040685302, 0.000000000000000000 ) ) ;
#7055 = CIRCLE ( 'NONE', #1664, 0.4999999999999988898 ) ;
#7056 = EDGE_CURVE ( 'NONE', #5094, #2974, #265, .T. ) ;
#7057 = CARTESIAN_POINT ( 'NONE',  ( -29.56016020116840082, 5.223884436447047364, -23.96509767993008566 ) ) ;
#7058 = CARTESIAN_POINT ( 'NONE',  ( -28.72057253258906329, -6.520582429040413963, -29.95157287525380951 ) ) ;
#7059 = VERTEX_POINT ( 'NONE', #5718 ) ;
#7060 = ORIENTED_EDGE ( 'NONE', *, *, #510, .F. ) ;
#7061 = CARTESIAN_POINT ( 'NONE',  ( -33.08358353549375153, -3.520582429040414407, -2.425320565519154759 ) ) ;
#7062 = VECTOR ( 'NONE', #8598, 1000.000000000000000 ) ;
#7063 = FACE_OUTER_BOUND ( 'NONE', #9058, .T. ) ;
#7064 = AXIS2_PLACEMENT_3D ( 'NONE', #8682, #1934, #584 ) ;
#7065 = CARTESIAN_POINT ( 'NONE',  ( 31.51441402613561138, 5.901605155823776094, -24.89999999999767155 ) ) ;
#7066 = CARTESIAN_POINT ( 'NONE',  ( 28.17942746741109161, 8.209411367207925636, -4.250000000000003553 ) ) ;
#7067 = B_SPLINE_CURVE_WITH_KNOTS ( 'NONE', 3,
 ( #1972, #5756, #4839, #8725, #5026, #1157, #9320, #5603, #8575, #4878, #7838, #489, #777, #5218, #1454, #2959, #1407, #6003, #88, #1497, #6721, #7309, #3049, #8096, #2230, #5956, #7402, #2863, #5126, #9556, #5905, #8191, #9507, #3730, #8140, #6676, #6528, #5802, #37, #8917, #1596, #3634, #5171, #4345, #7355, #8966, #2336, #7255, #678, #2906, #2275, #3676, #4442, #6576, #3005, #5275, #7460, #1551, #5854, #8820, #8241, #633, #2180, #8766 ),
 .UNSPECIFIED., .F., .F.,
 ( 4, 2, 2, 2, 2, 2, 2, 2, 2, 2, 2, 2, 2, 2, 2, 2, 2, 2, 2, 2, 2, 2, 2, 2, 2, 2, 2, 2, 2, 2, 2, 4 ),
 ( 0.000000000000000000, 0.1249999999999999167, 0.1406249999999999167, 0.1562499999999998890, 0.1874999999999996947, 0.2187499999999994726, 0.2343749999999993894, 0.2499999999999993339, 0.2812499999999992784, 0.3124999999999991673, 0.3437499999999991118, 0.3749999999999990563, 0.4062499999999989453, 0.4218749999999990008, 0.4374999999999990563, 0.4999999999999990563, 0.5624999999999991118, 0.5781249999999991118, 0.5937499999999990008, 0.6249999999999990008, 0.6562499999999990008, 0.6718749999999990008, 0.6874999999999990008, 0.7187499999999991118, 0.7499999999999992228, 0.7812499999999992228, 0.8124999999999993339, 0.8281249999999994449, 0.8437499999999995559, 0.8749999999999996669, 0.9374999999999997780, 1.000000000000000000 ),
 .UNSPECIFIED. ) ;
#7068 = CARTESIAN_POINT ( 'NONE',  ( -32.58529936622369405, -3.020582429040445938, -2.560051688716459939 ) ) ;
#7069 = CARTESIAN_POINT ( 'NONE',  ( -33.02057253258906400, -4.520582429040413075, -7.924038303442765496 ) ) ;
#7070 = DIRECTION ( 'NONE',  ( 1.000000000000000000, 1.250608365883192617E-15, -0.000000000000000000 ) ) ;
#7071 = LINE ( 'NONE', #5440, #7136 ) ;
#7072 = FACE_OUTER_BOUND ( 'NONE', #8612, .T. ) ;
#7073 = DIRECTION ( 'NONE',  ( -1.250608365883192617E-15, 1.000000000000000000, 0.000000000000000000 ) ) ;
#7074 = ORIENTED_EDGE ( 'NONE', *, *, #3748, .T. ) ;
#7075 = CARTESIAN_POINT ( 'NONE',  ( 32.57771312759141580, -3.020582429040426398, -30.19999999999999929 ) ) ;
#7076 = CARTESIAN_POINT ( 'NONE',  ( 32.47942746741107101, 1.027832321093518519, -2.099999999999996980 ) ) ;
#7077 = TOROIDAL_SURFACE ( 'NONE', #7398, 1.100000000000000755, 0.5000000000000000000 ) ;
#7078 = CARTESIAN_POINT ( 'NONE',  ( 29.30685520734901672, 7.759155494237559125, -25.52399452631921406 ) ) ;
#7079 = CARTESIAN_POINT ( 'NONE',  ( -26.88122668046467822, 9.249532895788926012, -77.59999999999999432 ) ) ;
#7080 = CARTESIAN_POINT ( 'NONE',  ( -32.67738813743705606, 3.456363420285021970, -77.52189170393788231 ) ) ;
#7081 = ORIENTED_EDGE ( 'NONE', *, *, #7238, .T. ) ;
#7082 = AXIS2_PLACEMENT_3D ( 'NONE', #2338, #5276, #3343 ) ;
#7083 = AXIS2_PLACEMENT_3D ( 'NONE', #1881, #2614, #6200 ) ;
#7084 = VECTOR ( 'NONE', #3384, 1000.000000000000000 ) ;
#7085 = CARTESIAN_POINT ( 'NONE',  ( -31.92057253258911231, -3.520582429040413075, -5.000000000000004441 ) ) ;
#7086 = ORIENTED_EDGE ( 'NONE', *, *, #5229, .F. ) ;
#7087 = CARTESIAN_POINT ( 'NONE',  ( -32.43114728361527455, 4.188836649246737487, -36.45323819601200199 ) ) ;
#7088 = ORIENTED_EDGE ( 'NONE', *, *, #7237, .F. ) ;
#7089 = EDGE_CURVE ( 'NONE', #6211, #481, #693, .T. ) ;
#7090 = AXIS2_PLACEMENT_3D ( 'NONE', #8849, #1378, #656 ) ;
#7091 = AXIS2_PLACEMENT_3D ( 'NONE', #6867, #136, #1645 ) ;
#7092 = EDGE_CURVE ( 'NONE', #6772, #9057, #4622, .T. ) ;
#7093 = VECTOR ( 'NONE', #2290, 1000.000000000000000 ) ;
#7094 = ADVANCED_FACE ( 'NONE', ( #2090 ), #2150, .T. ) ;
#7095 = EDGE_CURVE ( 'NONE', #5920, #4728, #754, .T. ) ;
#7096 = CARTESIAN_POINT ( 'NONE',  ( -31.02057253258906400, 1.027832321093304024, -23.69999999999999929 ) ) ;
#7097 = CARTESIAN_POINT ( 'NONE',  ( 28.67942746741109161, 8.209411367207925636, -4.249999999999999112 ) ) ;
#7098 = CARTESIAN_POINT ( 'NONE',  ( 23.38942746741041390, 6.349417570959293933, -74.71000000000022112 ) ) ;
#7099 = DIRECTION ( 'NONE',  ( -2.017120320903265428E-16, -1.000000000000000000, -0.000000000000000000 ) ) ;
#7100 = ORIENTED_EDGE ( 'NONE', *, *, #1590, .T. ) ;
#7101 = CIRCLE ( 'NONE', #6485, 1.199999999999999734 ) ;
#7102 = CARTESIAN_POINT ( 'NONE',  ( -31.02057253258905334, 1.505256322941271430, -9.100000000000010303 ) ) ;
#7103 = EDGE_LOOP ( 'NONE', ( #8464, #8076, #1074, #8861 ) ) ;
#7104 = CARTESIAN_POINT ( 'NONE',  ( -33.04470257001206335, -3.506400122149922360, -30.50696758419488219 ) ) ;
#7105 = ADVANCED_FACE ( 'NONE', ( #3461 ), #5875, .F. ) ;
#7106 = CARTESIAN_POINT ( 'NONE',  ( 22.02711745972476365, 8.479417570959274286, -21.69507993972474935 ) ) ;
#7107 = DIRECTION ( 'NONE',  ( -1.387778780781445922E-16, 1.000000000000000000, -0.000000000000000000 ) ) ;
#7108 = CARTESIAN_POINT ( 'NONE',  ( -32.55812282222657927, -3.014777033191852418, -7.489137161316736346 ) ) ;
#7109 = LINE ( 'NONE', #3490, #3242 ) ;
#7110 = ORIENTED_EDGE ( 'NONE', *, *, #4979, .T. ) ;
#7111 = ORIENTED_EDGE ( 'NONE', *, *, #8160, .T. ) ;
#7112 = CIRCLE ( 'NONE', #487, 1.000000000000000888 ) ;
#7113 = CARTESIAN_POINT ( 'NONE',  ( 28.92259614276085244, 5.878369133220890497, -8.514339129997315680 ) ) ;
#7114 = CARTESIAN_POINT ( 'NONE',  ( 30.06169025108831150, 7.027910668856527820, -30.56191097514845723 ) ) ;
#7115 = CARTESIAN_POINT ( 'NONE',  ( 33.00352468208606638, -3.509398494088210807, -25.11212729718574010 ) ) ;
#7116 = CARTESIAN_POINT ( 'NONE',  ( 25.37942746741108024, 6.349417570959288604, -48.50000000000001421 ) ) ;
#7117 = PLANE ( 'NONE',  #9079 ) ;
#7118 = CARTESIAN_POINT ( 'NONE',  ( -31.84096772368728168, 5.523439229580104914, -1.599999999975274534 ) ) ;
#7119 = VECTOR ( 'NONE', #2633, 1000.000000000000000 ) ;
#7120 = AXIS2_PLACEMENT_3D ( 'NONE', #3647, #2921, #6588 ) ;
#7121 = CARTESIAN_POINT ( 'NONE',  ( 32.48586682963488670, -2.989776896794835714, -2.421029913872001060 ) ) ;
#7122 = CARTESIAN_POINT ( 'NONE',  ( -28.83360472956136888, 6.349417570959293933, -75.59999999999998010 ) ) ;
#7123 = CARTESIAN_POINT ( 'NONE',  ( -30.14928467219229091, 4.349417570959286827, -76.59999999999998010 ) ) ;
#7124 = CYLINDRICAL_SURFACE ( 'NONE', #9602, 3.349999999999988542 ) ;
#7125 = DIRECTION ( 'NONE',  ( -1.000000000000000000, -1.334402673828313339E-16, 0.000000000000000000 ) ) ;
#7126 = ORIENTED_EDGE ( 'NONE', *, *, #8311, .T. ) ;
#7127 = DIRECTION ( 'NONE',  ( -1.250608365883192617E-15, 1.000000000000000000, 0.000000000000000000 ) ) ;
#7128 = DIRECTION ( 'NONE',  ( 2.017120320903265181E-16, 1.000000000000000000, -0.000000000000000000 ) ) ;
#7129 = FACE_OUTER_BOUND ( 'NONE', #1779, .T. ) ;
#7130 = CARTESIAN_POINT ( 'NONE',  ( 28.67942746741108806, -4.520582429040413963, -32.78000000000000114 ) ) ;
#7131 = CARTESIAN_POINT ( 'NONE',  ( -25.81521257188310869, 9.447535649624761334, -32.95671537980648225 ) ) ;
#7132 = CARTESIAN_POINT ( 'NONE',  ( -27.65380675992520665, 9.007667844722437422, -5.551115123125782702E-14 ) ) ;
#7134 = ADVANCED_FACE ( 'NONE', ( #644 ), #7320, .T. ) ;
#7133 = DIRECTION ( 'NONE',  ( -1.000000000000000000, -1.301042606982606504E-15, 0.000000000000000000 ) ) ;
#7135 = VERTEX_POINT ( 'NONE', #2142 ) ;
#7136 = VECTOR ( 'NONE', #322, 1000.000000000000000 ) ;
#7137 = CARTESIAN_POINT ( 'NONE',  ( -27.52057253258907465, 6.882612225788601990, -4.249999999999989342 ) ) ;
#7138 = ORIENTED_EDGE ( 'NONE', *, *, #4979, .F. ) ;
#7139 = DIRECTION ( 'NONE',  ( -2.017120320903265428E-16, -1.000000000000000000, -0.000000000000000000 ) ) ;
#7140 = ORIENTED_EDGE ( 'NONE', *, *, #8763, .T. ) ;
#7141 = CARTESIAN_POINT ( 'NONE',  ( 32.67676970523912416, 3.359593135302178624, -31.19999999999997442 ) ) ;
#7142 = DIRECTION ( 'NONE',  ( -1.000000000000000000, 2.017120320903264935E-16, 0.000000000000000000 ) ) ;
#7143 = DIRECTION ( 'NONE',  ( 1.000000000000000000, 1.250608365883192617E-15, -0.000000000000000000 ) ) ;
#7144 = ORIENTED_EDGE ( 'NONE', *, *, #4894, .T. ) ;
#7145 = CARTESIAN_POINT ( 'NONE',  ( 28.67942746741109161, 10.01696613767508381, -4.249999999999999112 ) ) ;
#7146 = VERTEX_POINT ( 'NONE', #9377 ) ;
#7147 = CARTESIAN_POINT ( 'NONE',  ( -32.52682700277942018, -2.991041159821306472, -25.22465529802301276 ) ) ;
#7148 = ADVANCED_FACE ( 'NONE', ( #1422 ), #3342, .T. ) ;
#7149 = ORIENTED_EDGE ( 'NONE', *, *, #429, .F. ) ;
#7150 = EDGE_CURVE ( 'NONE', #9068, #4750, #6782, .T. ) ;
#7151 = EDGE_LOOP ( 'NONE', ( #2596, #5455, #22, #7986 ) ) ;
#7152 = CARTESIAN_POINT ( 'NONE',  ( 22.52449824957539803, 8.479417570959272510, -20.80809627569054499 ) ) ;
#7153 = AXIS2_PLACEMENT_3D ( 'NONE', #3336, #380, #337 ) ;
#7154 = PLANE ( 'NONE',  #7600 ) ;
#7155 = CARTESIAN_POINT ( 'NONE',  ( -28.44613486920353296, 8.655815229973255143, -4.034992952039623937 ) ) ;
#7156 = DIRECTION ( 'NONE',  ( 0.000000000000000000, 0.000000000000000000, 1.000000000000000000 ) ) ;
#7157 = VERTEX_POINT ( 'NONE', #1657 ) ;
#7158 = EDGE_CURVE ( 'NONE', #8721, #11, #1976, .T. ) ;
#7159 = ORIENTED_EDGE ( 'NONE', *, *, #9395, .T. ) ;
#7160 = FACE_OUTER_BOUND ( 'NONE', #8236, .T. ) ;
#7161 = CARTESIAN_POINT ( 'NONE',  ( 28.67942746741106319, 8.209411367207939847, -28.54999999999998295 ) ) ;
#7162 = CARTESIAN_POINT ( 'NONE',  ( -29.14260362938749083, 7.921344814552038649, -2.961127195932898193 ) ) ;
#7163 = DIRECTION ( 'NONE',  ( -1.250608365883192617E-15, 1.000000000000000000, 0.000000000000000000 ) ) ;
#7164 = ORIENTED_EDGE ( 'NONE', *, *, #4620, .F. ) ;
#7165 = LINE ( 'NONE', #2046, #8643 ) ;
#7166 = CARTESIAN_POINT ( 'NONE',  ( -32.52057253258906400, -3.372277125821409260, -2.075961696557271807 ) ) ;
#7167 = DIRECTION ( 'NONE',  ( 1.000000000000000000, 0.000000000000000000, 0.000000000000000000 ) ) ;
#7168 = CARTESIAN_POINT ( 'NONE',  ( -30.48093473388238905, 3.698696527242774312, -2.000000000000043521 ) ) ;
#7169 = CARTESIAN_POINT ( 'NONE',  ( -31.58270552912152596, 5.286671302893934055, -76.97455039978110847 ) ) ;
#7170 = CARTESIAN_POINT ( 'NONE',  ( 28.67942746741109161, 8.209411367207925636, -4.249999999999999112 ) ) ;
#7171 = ORIENTED_EDGE ( 'NONE', *, *, #5615, .T. ) ;
#7172 = DIRECTION ( 'NONE',  ( -1.000000000000000000, 0.000000000000000000, 0.000000000000000000 ) ) ;
#7173 = APPROVAL_ROLE ( '' ) ;
#7174 = CARTESIAN_POINT ( 'NONE',  ( -27.52057253258907821, -2.520582429040414851, -79.59999999999999432 ) ) ;
#7175 = CARTESIAN_POINT ( 'NONE',  ( 31.22850509297926180, 6.280390163998420761, -8.400000000000003908 ) ) ;
#7176 = CARTESIAN_POINT ( 'NONE',  ( 32.47942746741107101, -2.946429777430920716, -7.662019151721370491 ) ) ;
#7177 = CARTESIAN_POINT ( 'NONE',  ( -28.30621429049846327, 6.858614119520773933, -37.10748788194069903 ) ) ;
#7178 = CARTESIAN_POINT ( 'NONE',  ( 29.97942746741107456, 6.909397134599872814, -76.59999999999999432 ) ) ;
#7179 = ADVANCED_FACE ( 'NONE', ( #9082 ), #8109, .T. ) ;
#7180 = LINE ( 'NONE', #8119, #1969 ) ;
#7181 = FACE_OUTER_BOUND ( 'NONE', #4541, .T. ) ;
#7182 = EDGE_LOOP ( 'NONE', ( #4546, #7351, #3291, #4964 ) ) ;
#7183 = EDGE_CURVE ( 'NONE', #8933, #8987, #6147, .T. ) ;
#7184 = DIRECTION ( 'NONE',  ( 0.000000000000000000, -0.000000000000000000, 1.000000000000000000 ) ) ;
#7185 = VERTEX_POINT ( 'NONE', #5972 ) ;
#7186 = CARTESIAN_POINT ( 'NONE',  ( -32.85161988453307202, 2.740215764883580096, -77.59999999999999432 ) ) ;
#7187 = ORIENTED_EDGE ( 'NONE', *, *, #9111, .F. ) ;
#7188 = CARTESIAN_POINT ( 'NONE',  ( -32.52701189481286548, -2.989776896794821059, -2.421029913872002393 ) ) ;
#7189 = CARTESIAN_POINT ( 'NONE',  ( 32.97942746741108522, -3.378349660049958736, -24.88596169655730250 ) ) ;
#7190 = CARTESIAN_POINT ( 'NONE',  ( 29.18018661329070795, 6.351848140341357585, -48.50000000000001421 ) ) ;
#7191 = CARTESIAN_POINT ( 'NONE',  ( -29.92267184717344009, 4.734165077810675193, -8.968743239610200035 ) ) ;
#7192 = CARTESIAN_POINT ( 'NONE',  ( -32.38340880048284021, 4.310483704458274445, -36.27094493816969134 ) ) ;
#7193 = ORIENTED_EDGE ( 'NONE', *, *, #7992, .F. ) ;
#7194 = LINE ( 'NONE', #9499, #1845 ) ;
#7195 = VERTEX_POINT ( 'NONE', #6116 ) ;
#7196 = CARTESIAN_POINT ( 'NONE',  ( 30.97942746741108166, 1.027832321093516521, -31.90000000000000568 ) ) ;
#7197 = ORIENTED_EDGE ( 'NONE', *, *, #7202, .T. ) ;
#7198 = ORIENTED_EDGE ( 'NONE', *, *, #2796, .F. ) ;
#7199 = CARTESIAN_POINT ( 'NONE',  ( 28.77423078043631932, 8.149120893085235906, -6.402550265565610133 ) ) ;
#7200 = CARTESIAN_POINT ( 'NONE',  ( 22.89417496674527186, 8.479417570959277839, -9.750011565918256906 ) ) ;
#7201 = DIRECTION ( 'NONE',  ( -1.000000000000000000, 0.000000000000000000, 0.000000000000000000 ) ) ;
#7202 = EDGE_CURVE ( 'NONE', #4750, #6810, #5571, .T. ) ;
#7203 = AXIS2_PLACEMENT_3D ( 'NONE', #8023, #6381, #2941 ) ;
#7204 = CARTESIAN_POINT ( 'NONE',  ( -29.37821638749358399, 8.103350852053914366, -2.276086374394403755 ) ) ;
#7205 = LINE ( 'NONE', #4202, #462 ) ;
#7206 = ORIENTED_EDGE ( 'NONE', *, *, #2112, .T. ) ;
#7207 = EDGE_LOOP ( 'NONE', ( #6089, #5499, #6710, #3153 ) ) ;
#7208 = CARTESIAN_POINT ( 'NONE',  ( 24.87942746741108024, 4.349417570959288604, -48.50000000000001421 ) ) ;
#7209 = CARTESIAN_POINT ( 'NONE',  ( -26.70460516799094108, 60.90090145541976341, 0.000000000000000000 ) ) ;
#7210 = CYLINDRICAL_SURFACE ( 'NONE', #8070, 3.000000000000002665 ) ;
#7211 = EDGE_CURVE ( 'NONE', #7929, #9057, #8304, .T. ) ;
#7212 = CARTESIAN_POINT ( 'NONE',  ( -25.02057253258904623, 7.479417570959293826, -32.77999999999999403 ) ) ;
#7213 = ADVANCED_FACE ( 'NONE', ( #4518 ), #2622, .T. ) ;
#7214 = CARTESIAN_POINT ( 'NONE',  ( -28.99678446861742032, 5.840036079348889686, -33.56615875236958146 ) ) ;
#7215 = ORIENTED_EDGE ( 'NONE', *, *, #8570, .F. ) ;
#7216 = CARTESIAN_POINT ( 'NONE',  ( 31.09845359524978292, 5.622746347180947346, -2.099999999999999201 ) ) ;
#7217 = CARTESIAN_POINT ( 'NONE',  ( 32.47942746741104969, 1.920746614629825544, -24.89999999999999147 ) ) ;
#7218 = CARTESIAN_POINT ( 'NONE',  ( -18.36618908947261986, 7.479417570959295603, -2.000000000000057288 ) ) ;
#7219 = AXIS2_PLACEMENT_3D ( 'NONE', #7224, #4268, #9483 ) ;
#7220 = CARTESIAN_POINT ( 'NONE',  ( 33.07942746741112927, 5.479417570959574491, -27.81000000000000227 ) ) ;
#7221 = EDGE_LOOP ( 'NONE', ( #2119, #6415, #3632, #4147 ) ) ;
#7222 = CARTESIAN_POINT ( 'NONE',  ( 30.08306550738838681, 4.395001526331124175, -35.98943516372287377 ) ) ;
#7223 = PERSON_AND_ORGANIZATION ( #2481, #6866 ) ;
#7224 = CARTESIAN_POINT ( 'NONE',  ( 28.79262011024112411, 2.349417570959280166, -38.78000000000002956 ) ) ;
#7225 =( BOUNDED_SURFACE ( )  B_SPLINE_SURFACE ( 3, 2, ( 
 ( #8449, #4257, #1360 ),
 ( #1269, #6348, #7118 ),
 ( #3459, #8685, #6395 ),
 ( #3411, #2686, #7269 ),
 ( #5618, #1987, #1316 ),
 ( #4306, #5087, #4990 ),
 ( #590, #9519, #7999 ),
 ( #9418, #8734, #499 ) ),
 .UNSPECIFIED., .F., .F., .T. ) 
 B_SPLINE_SURFACE_WITH_KNOTS ( ( 4, 2, 2, 4 ),
 ( 3, 3 ),
 ( 0.000000000000000000, 0.002640560598735764222, 0.003960840898103646333, 0.005281121197471528445 ),
 ( 0.000000000000000000, 1.000000000000000000 ),
 .UNSPECIFIED. ) 
 GEOMETRIC_REPRESENTATION_ITEM ( )  RATIONAL_B_SPLINE_SURFACE ( (
 ( 1.000000000000000000, 0.7071067811865360264, 1.000000000000000000),
 ( 1.000000000000000000, 0.7071067811865360264, 1.000000000000000000),
 ( 1.000000000000000000, 0.7071067811865450192, 1.000000000000000000),
 ( 1.000000000000000000, 0.7071067811865450192, 1.000000000000000000),
 ( 1.000000000000000000, 0.7071067811865500152, 1.000000000000000000),
 ( 1.000000000000000000, 0.7071067811865500152, 1.000000000000000000),
 ( 1.000000000000000000, 0.7071067811865519026, 1.000000000000000000),
 ( 1.000000000000000000, 0.7071067811865519026, 1.000000000000000000) ) ) 
 REPRESENTATION_ITEM ( '' )  SURFACE ( )  );
#7226 = CIRCLE ( 'NONE', #2891, 3.349999999999984990 ) ;
#7227 = CARTESIAN_POINT ( 'NONE',  ( -28.11171301362760744, 6.985825613783270605, -36.92660994776662875 ) ) ;
#7228 = CARTESIAN_POINT ( 'NONE',  ( -31.02057253258906400, -2.520582429040413963, -35.78000000000001535 ) ) ;
#7229 = DIRECTION ( 'NONE',  ( -1.000000000000000000, 0.000000000000000000, 0.000000000000000000 ) ) ;
#7230 = DIRECTION ( 'NONE',  ( 0.000000000000000000, -0.000000000000000000, 1.000000000000000000 ) ) ;
#7231 = CARTESIAN_POINT ( 'NONE',  ( 33.97942746741107811, 4.333328095299682658, -24.88596169655730250 ) ) ;
#7232 = CIRCLE ( 'NONE', #9114, 2.999999999999999112 ) ;
#7233 = AXIS2_PLACEMENT_3D ( 'NONE', #5444, #4041, #6225 ) ;
#7234 = EDGE_LOOP ( 'NONE', ( #3531, #5312, #4730, #274, #131 ) ) ;
#7235 = CARTESIAN_POINT ( 'NONE',  ( -31.92057253258911231, -4.520582429040413963, -27.81000000000000227 ) ) ;
#7236 = EDGE_LOOP ( 'NONE', ( #3485, #3010, #8801, #9465, #7296, #2712, #7171, #253, #2606, #9238, #4606, #5529, #8718, #5410, #3003, #7819 ) ) ;
#7237 = EDGE_CURVE ( 'NONE', #11, #7707, #6020, .T. ) ;
#7238 = EDGE_CURVE ( 'NONE', #5213, #4991, #737, .T. ) ;
#7239 = CARTESIAN_POINT ( 'NONE',  ( -26.70460516799094108, -6.520582429040413963, -2.000000000000002665 ) ) ;
#7240 = DIRECTION ( 'NONE',  ( -1.000000000000000000, 2.017120320903265428E-16, 0.000000000000000000 ) ) ;
#7241 = AXIS2_PLACEMENT_3D ( 'NONE', #7422, #5186, #5 ) ;
#7242 = AXIS2_PLACEMENT_3D ( 'NONE', #7930, #8661, #1291 ) ;
#7243 = CARTESIAN_POINT ( 'NONE',  ( -31.99692489090234915, 5.142678405718936752, -35.31889406179023894 ) ) ;
#7244 = EDGE_LOOP ( 'NONE', ( #7074, #2553, #8657, #7912 ) ) ;
#7245 = DIRECTION ( 'NONE',  ( 0.000000000000000000, 0.000000000000000000, 1.000000000000000000 ) ) ;
#7246 = ORIENTED_EDGE ( 'NONE', *, *, #1804, .T. ) ;
#7247 = CARTESIAN_POINT ( 'NONE',  ( -27.83248519603690951, 6.715420177580345040, -2.823307744398640295 ) ) ;
#7248 = VERTEX_POINT ( 'NONE', #2975 ) ;
#7249 = ORIENTED_EDGE ( 'NONE', *, *, #6450, .T. ) ;
#7250 = AXIS2_PLACEMENT_3D ( 'NONE', #8033, #7303, #5394 ) ;
#7251 = CIRCLE ( 'NONE', #1986, 1.000000000000000888 ) ;
#7252 = EDGE_CURVE ( 'NONE', #2074, #8281, #6071, .T. ) ;
#7253 = CARTESIAN_POINT ( 'NONE',  ( 23.25748188929422966, 7.479417570959292938, -21.56225166697903006 ) ) ;
#7254 = CIRCLE ( 'NONE', #5552, 2.100000000000004530 ) ;
#7255 = CARTESIAN_POINT ( 'NONE',  ( 23.05480696110433669, 7.479417570959292938, -21.93079238626918226 ) ) ;
#7256 = VECTOR ( 'NONE', #8690, 1000.000000000000000 ) ;
#7257 = VECTOR ( 'NONE', #2589, 1000.000000000000000 ) ;
#7258 = CARTESIAN_POINT ( 'NONE',  ( -33.08358353549380837, -3.520582429040413519, -7.574679434480708906 ) ) ;
#7259 = EDGE_CURVE ( 'NONE', #6938, #5865, #2768, .T. ) ;
#7260 = CARTESIAN_POINT ( 'NONE',  ( -25.47900486369555750, 7.690846142387867346, -36.28017184264066231 ) ) ;
#7261 = VERTEX_POINT ( 'NONE', #2400 ) ;
#7262 = ORIENTED_EDGE ( 'NONE', *, *, #7463, .F. ) ;
#7263 = CARTESIAN_POINT ( 'NONE',  ( 30.15791040194545758, 7.454692184742040872, -30.61168283028768400 ) ) ;
#7264 = AXIS2_PLACEMENT_3D ( 'NONE', #1464, #4399, #3596 ) ;
#7265 = VECTOR ( 'NONE', #1364, 1000.000000000000000 ) ;
#7266 = CARTESIAN_POINT ( 'NONE',  ( 29.32440421573321387, 5.455424756662964114, -31.54479017787500084 ) ) ;
#7267 = CARTESIAN_POINT ( 'NONE',  ( -33.02057253258905689, 1.027832321093293810, -79.59999999999999432 ) ) ;
#7268 = B_SPLINE_CURVE_WITH_KNOTS ( 'NONE', 3,
 ( #620, #1443, #2113, #2945, #3574, #5161 ),
 .UNSPECIFIED., .F., .F.,
 ( 4, 2, 4 ),
 ( 0.000000000000000000, 0.0001922375234169473401, 0.0003844750468338946803 ),
 .UNSPECIFIED. ) ;
#7269 = CARTESIAN_POINT ( 'NONE',  ( -32.72037423252216115, 3.350107292352424437, -1.600000000003094947 ) ) ;
#7270 = ORIENTED_EDGE ( 'NONE', *, *, #2442, .F. ) ;
#7271 = DIRECTION ( 'NONE',  ( 2.017120320903265181E-16, 1.000000000000000000, -0.000000000000000000 ) ) ;
#7272 = LINE ( 'NONE', #645, #8674 ) ;
#7273 = DIRECTION ( 'NONE',  ( 1.000000000000000000, 0.000000000000000000, 0.000000000000000000 ) ) ;
#7274 = AXIS2_PLACEMENT_3D ( 'NONE', #1020, #249, #6832 ) ;
#7275 = CARTESIAN_POINT ( 'NONE',  ( -28.14760666773433684, 6.530072669700083487, -76.59999999999998010 ) ) ;
#7276 = LINE ( 'NONE', #3605, #6306 ) ;
#7277 = VERTEX_POINT ( 'NONE', #154 ) ;
#7278 = DIRECTION ( 'NONE',  ( 2.025677196612374621E-16, 1.000000000000000000, 3.697785493223491743E-32 ) ) ;
#7279 = DATE_TIME_ROLE ( 'creation_date' ) ;
#7280 = DIRECTION ( 'NONE',  ( 0.000000000000000000, 2.138128111063266409E-14, -1.000000000000000000 ) ) ;
#7281 = EDGE_CURVE ( 'NONE', #5991, #7135, #9400, .T. ) ;
#7282 = ADVANCED_FACE ( 'NONE', ( #8403 ), #1072, .T. ) ;
#7283 = EDGE_CURVE ( 'NONE', #2109, #4742, #5512, .T. ) ;
#7284 = AXIS2_PLACEMENT_3D ( 'NONE', #1786, #8605, #7931 ) ;
#7285 = CARTESIAN_POINT ( 'NONE',  ( -25.41520720026102609, 9.479417570959290273, -32.94706763232684210 ) ) ;
#7286 = DIRECTION ( 'NONE',  ( 1.000000000000000000, 0.000000000000000000, 0.000000000000000000 ) ) ;
#7287 = CARTESIAN_POINT ( 'NONE',  ( 32.38614278670487323, 4.233573175531059718, -24.40000000000000213 ) ) ;
#7288 = VECTOR ( 'NONE', #3799, 1000.000000000000000 ) ;
#7289 = VECTOR ( 'NONE', #5661, 1000.000000000000000 ) ;
#7290 = CARTESIAN_POINT ( 'NONE',  ( -33.02057253258907110, -3.020582429040413519, -7.400000000000003908 ) ) ;
#7291 = EDGE_CURVE ( 'NONE', #8394, #7962, #4397, .T. ) ;
#7292 = ORIENTED_EDGE ( 'NONE', *, *, #5172, .T. ) ;
#7293 = CARTESIAN_POINT ( 'NONE',  ( -29.51237463873195566, 8.011138957464799759, -7.431022372113510244 ) ) ;
#7294 =( BOUNDED_SURFACE ( )  B_SPLINE_SURFACE ( 3, 2, ( 
 ( #2286, #4513, #7470 ),
 ( #3788, #2822, #9517 ),
 ( #7316, #5811, #8828 ),
 ( #7199, #2760, #1201 ),
 ( #575, #5755, #4289 ),
 ( #2860, #9005, #9050 ),
 ( #5002, #3561, #1327 ),
 ( #6659, #4278, #6711 ),
 ( #5838, #8802, #2164 ),
 ( #5109, #402, #1980 ),
 ( #5479, #9269, #4844 ),
 ( #6729, #7643, #280 ),
 ( #7685, #5119, #5948 ),
 ( #7836, #1793, #3303 ),
 ( #7749, #6309, #1181 ),
 ( #4126, #5673, #7175 ) ),
 .UNSPECIFIED., .F., .F., .T. ) 
 B_SPLINE_SURFACE_WITH_KNOTS ( ( 4, 2, 2, 2, 2, 2, 2, 4 ),
 ( 3, 3 ),
 ( 0.000000000000000000, 0.0006112167234696070685, 0.001222433446939214137, 0.001833650170408821205, 0.002444866893878428274, 0.003056083617348035342, 0.003667300340817642411, 0.004889733787756856548 ),
 ( 0.000000000000000000, 1.000000000000000000 ),
 .UNSPECIFIED. ) 
 GEOMETRIC_REPRESENTATION_ITEM ( )  RATIONAL_B_SPLINE_SURFACE ( (
 ( 1.000000000000000000, 0.8520022869718619773, 1.000000000000000000),
 ( 1.000000000000000000, 0.8519912047661711840, 1.000000000000000000),
 ( 1.000000000000000000, 0.8517923275600745026, 1.000000000000000000),
 ( 1.000000000000000000, 0.8506462118356865609, 1.000000000000000000),
 ( 1.000000000000000000, 0.8496828288860277523, 1.000000000000000000),
 ( 1.000000000000000000, 0.8463450036963738876, 1.000000000000000000),
 ( 1.000000000000000000, 0.8439062016353916507, 1.000000000000000000),
 ( 1.000000000000000000, 0.8369954545839582982, 1.000000000000000000),
 ( 1.000000000000000000, 0.8325250954289714622, 1.000000000000000000),
 ( 1.000000000000000000, 0.8211234397451502298, 1.000000000000000000),
 ( 1.000000000000000000, 0.8141177749329934210, 1.000000000000000000),
 ( 1.000000000000000000, 0.7978373844706881934, 1.000000000000000000),
 ( 1.000000000000000000, 0.7884437868105341751, 1.000000000000000000),
 ( 1.000000000000000000, 0.7577434956966530022, 1.000000000000000000),
 ( 1.000000000000000000, 0.7335792015801781973, 1.000000000000000000),
 ( 1.000000000000000000, 0.7071067811865480168, 1.000000000000000000) ) ) 
 REPRESENTATION_ITEM ( '' )  SURFACE ( )  );
#7295 = CARTESIAN_POINT ( 'NONE',  ( -33.02406158777125000, -3.451453307539545712, -30.62987865550710964 ) ) ;
#7296 = ORIENTED_EDGE ( 'NONE', *, *, #2442, .T. ) ;
#7297 = CARTESIAN_POINT ( 'NONE',  ( -18.05057253258891947, -6.520582429040420180, -14.89000000000000057 ) ) ;
#7298 = TOROIDAL_SURFACE ( 'NONE', #811, 1.500000000000000000, 0.5000000000000000000 ) ;
#7299 = CARTESIAN_POINT ( 'NONE',  ( -28.95341716190981529, 4.366731809064027026, -77.59999999999999432 ) ) ;
#7300 = CARTESIAN_POINT ( 'NONE',  ( 28.61353203755275487, 8.555446375567143491, -33.26377637706433887 ) ) ;
#7301 = CARTESIAN_POINT ( 'NONE',  ( 31.17584212292982215, 6.349417570959293933, -38.78000000000000114 ) ) ;
#7302 = ORIENTED_EDGE ( 'NONE', *, *, #8992, .F. ) ;
#7303 = DIRECTION ( 'NONE',  ( 1.000000000000000000, 0.000000000000000000, 0.000000000000000000 ) ) ;
#7304 = ORIENTED_EDGE ( 'NONE', *, *, #6108, .F. ) ;
#7305 = LINE ( 'NONE', #2901, #2616 ) ;
#7306 = ORIENTED_EDGE ( 'NONE', *, *, #4966, .T. ) ;
#7307 = EDGE_LOOP ( 'NONE', ( #7709, #8753, #3992, #831 ) ) ;
#7308 = CARTESIAN_POINT ( 'NONE',  ( 24.73870124588276909, 7.479417570959294714, -17.31137178079737637 ) ) ;
#7309 = CARTESIAN_POINT ( 'NONE',  ( 24.17546400684273067, 7.479417570959292938, -10.28746039543703716 ) ) ;
#7310 = DIRECTION ( 'NONE',  ( 0.000000000000000000, 0.000000000000000000, 1.000000000000000000 ) ) ;
#7311 = CARTESIAN_POINT ( 'NONE',  ( -29.16058874813569091, 8.252217820822393080, -25.73188937681140587 ) ) ;
#7312 = EDGE_LOOP ( 'NONE', ( #7126, #7215, #1353, #9538 ) ) ;
#7313 = ORIENTED_EDGE ( 'NONE', *, *, #84, .F. ) ;
#7314 = DIRECTION ( 'NONE',  ( -2.017120320903265181E-16, -1.000000000000000000, 0.000000000000000000 ) ) ;
#7315 = CARTESIAN_POINT ( 'NONE',  ( 32.98284812010776790, -3.454335970146352075, -7.821368439606459333 ) ) ;
#7316 = CARTESIAN_POINT ( 'NONE',  ( 28.69879028705218005, 8.197479116389834175, -6.081723494666954721 ) ) ;
#7317 = CARTESIAN_POINT ( 'NONE',  ( -26.73344061503921409, 7.216962513577173333, -32.84557590841797747 ) ) ;
#7318 = EDGE_LOOP ( 'NONE', ( #6075, #2758, #8114, #8798, #3034 ) ) ;
#7319 = CIRCLE ( 'NONE', #4696, 1.199999999999999734 ) ;
#7320 = PLANE ( 'NONE',  #7565 ) ;
#7321 = CARTESIAN_POINT ( 'NONE',  ( -32.37911348207053663, 2.789636010036407932, -30.70000000000002416 ) ) ;
#7322 = FACE_OUTER_BOUND ( 'NONE', #8086, .T. ) ;
#7323 = DIRECTION ( 'NONE',  ( -1.000000000000000000, -0.000000000000000000, -0.000000000000000000 ) ) ;
#7324 = DIRECTION ( 'NONE',  ( 2.017120320903265181E-16, 1.000000000000000000, -0.000000000000000000 ) ) ;
#7325 = ORIENTED_EDGE ( 'NONE', *, *, #1784, .T. ) ;
#7326 = CARTESIAN_POINT ( 'NONE',  ( 30.10813733916296542, 4.349417570959283275, -36.68424128352742741 ) ) ;
#7327 = COORDINATED_UNIVERSAL_TIME_OFFSET ( 1, 0, .AHEAD. ) ;
#7328 = CARTESIAN_POINT ( 'NONE',  ( 30.97942746741106745, 1.475763886276509451, -79.59999999999999432 ) ) ;
#7329 = CARTESIAN_POINT ( 'NONE',  ( 33.00446098494951030, -3.508971633986251781, -7.693528980737376344 ) ) ;
#7330 = APPROVAL_PERSON_ORGANIZATION ( #508, #9062, #4411 ) ;
#7331 = CARTESIAN_POINT ( 'NONE',  ( -25.20609743894524968, 7.690846142703029464, -36.28017184243157089 ) ) ;
#7332 = CC_DESIGN_PERSON_AND_ORGANIZATION_ASSIGNMENT ( #4221, #2927, ( #1173 ) ) ;
#7333 = CARTESIAN_POINT ( 'NONE',  ( -32.52057253258906400, -2.943312570636694492, -30.46701915172134534 ) ) ;
#7334 = ADVANCED_FACE ( 'NONE', ( #9265 ), #7077, .F. ) ;
#7335 = CARTESIAN_POINT ( 'NONE',  ( 32.47942746698203109, 1.474270391341784059, -7.900000000000003908 ) ) ;
#7336 = FACE_OUTER_BOUND ( 'NONE', #9326, .T. ) ;
#7337 = CARTESIAN_POINT ( 'NONE',  ( -31.92057253258911231, -4.520582429040413963, -27.81000000000000227 ) ) ;
#7338 = ORIENTED_EDGE ( 'NONE', *, *, #3251, .T. ) ;
#7339 = CARTESIAN_POINT ( 'NONE',  ( -28.74282639601884526, 8.504717576253183253, -6.107418240628123662 ) ) ;
#7340 = DIRECTION ( 'NONE',  ( -2.017120320903265428E-16, -1.000000000000000000, -0.000000000000000000 ) ) ;
#7341 = ORIENTED_EDGE ( 'NONE', *, *, #48, .F. ) ;
#7342 = CARTESIAN_POINT ( 'NONE',  ( -29.11013527169087922, 4.349417570959300150, -77.60000000000002274 ) ) ;
#7343 = ADVANCED_FACE ( 'NONE', ( #982 ), #3206, .F. ) ;
#7344 = CARTESIAN_POINT ( 'NONE',  ( -30.15007437059848527, 4.366542881832083722, -77.59999999999998010 ) ) ;
#7345 = DIRECTION ( 'NONE',  ( 0.000000000000000000, 1.000000000000000000, 0.000000000000000000 ) ) ;
#7346 = EDGE_CURVE ( 'NONE', #8693, #6572, #4140, .T. ) ;
#7347 = CARTESIAN_POINT ( 'NONE',  ( 28.21048019399061602, 8.751334131942929417, -33.19196295307537525 ) ) ;
#7348 = ORIENTED_EDGE ( 'NONE', *, *, #1729, .T. ) ;
#7349 = ORIENTED_EDGE ( 'NONE', *, *, #3074, .F. ) ;
#7350 = CARTESIAN_POINT ( 'NONE',  ( 32.97942746741107101, 1.027832321093527401, -5.551115123125782702E-14 ) ) ;
#7351 = ORIENTED_EDGE ( 'NONE', *, *, #1438, .F. ) ;
#7352 = VERTEX_POINT ( 'NONE', #1118 ) ;
#7353 = CARTESIAN_POINT ( 'NONE',  ( 18.43508171999245349, 8.479417570959276063, -4.256938463461714228 ) ) ;
#7354 = FACE_OUTER_BOUND ( 'NONE', #1995, .T. ) ;
#7355 = CARTESIAN_POINT ( 'NONE',  ( 23.74169795064626598, 7.479417570959292938, -20.58088201645124116 ) ) ;
#7356 = CARTESIAN_POINT ( 'NONE',  ( -28.72057253258906329, -6.520582429040413963, -79.60999999999998522 ) ) ;
#7357 = CARTESIAN_POINT ( 'NONE',  ( -28.57097106054508728, 8.591525331607865468, -26.24565597079742219 ) ) ;
#7358 = ORIENTED_EDGE ( 'NONE', *, *, #4504, .T. ) ;
#7359 = CARTESIAN_POINT ( 'NONE',  ( -28.83360472956136888, 6.349417570959272616, -75.59999999999998010 ) ) ;
#7360 = ORIENTED_EDGE ( 'NONE', *, *, #7700, .T. ) ;
#7361 = DIRECTION ( 'NONE',  ( -0.000000000000000000, -0.000000000000000000, 1.000000000000000000 ) ) ;
#7362 = ADVANCED_FACE ( 'NONE', ( #4065 ), #3401, .F. ) ;
#7363 = CARTESIAN_POINT ( 'NONE',  ( 30.82942746741105822, 5.979164254138645163, -31.19999999999999929 ) ) ;
#7364 = LINE ( 'NONE', #6732, #6047 ) ;
#7365 = CARTESIAN_POINT ( 'NONE',  ( 30.97942746741107811, -2.520582429040426398, -9.100000000000010303 ) ) ;
#7366 = ORIENTED_EDGE ( 'NONE', *, *, #1241, .F. ) ;
#7367 = DIRECTION ( 'NONE',  ( -1.250608365883192814E-15, 1.000000000000000000, 0.000000000000000000 ) ) ;
#7368 = CARTESIAN_POINT ( 'NONE',  ( 30.24525050490702682, 7.374143833640026457, -8.237753711991318895 ) ) ;
#7369 = CARTESIAN_POINT ( 'NONE',  ( -25.06234554362946909, 7.479298242642475003, -76.59999999999999432 ) ) ;
#7370 = CARTESIAN_POINT ( 'NONE',  ( -29.64101415124490657, 7.913618962232868981, -30.72089866440267869 ) ) ;
#7371 = EDGE_LOOP ( 'NONE', ( #8194, #8234, #1410, #1154 ) ) ;
#7372 = CARTESIAN_POINT ( 'NONE',  ( 30.57448548687016299, 3.359199921991146365, -2.000000000000029310 ) ) ;
#7373 = DIRECTION ( 'NONE',  ( -1.000000000000000000, 0.000000000000000000, 0.000000000000000000 ) ) ;
#7374 = CARTESIAN_POINT ( 'NONE',  ( 32.30218682336844438, 2.786044351330387858, -30.70000000000002061 ) ) ;
#7375 = AXIS2_PLACEMENT_3D ( 'NONE', #3862, #2261, #815 ) ;
#7376 = CARTESIAN_POINT ( 'NONE',  ( 24.97942746741094311, 7.479417570959293826, -79.59999999999999432 ) ) ;
#7377 = DIRECTION ( 'NONE',  ( 1.000000000000000000, -1.668003342285388346E-16, 0.000000000000000000 ) ) ;
#7378 = CARTESIAN_POINT ( 'NONE',  ( 30.82942746741106177, -2.520582429040426842, -30.69999999999999929 ) ) ;
#7379 = CARTESIAN_POINT ( 'NONE',  ( -32.98756514304510290, 1.848914438352792011, -8.399999999999993250 ) ) ;
#7380 = DIRECTION ( 'NONE',  ( 1.000000000000000000, -2.017120320903264935E-16, 0.000000000000000000 ) ) ;
#7381 = CARTESIAN_POINT ( 'NONE',  ( 32.97942746741108522, -3.020582429040428618, -24.88596169655730250 ) ) ;
#7382 = VERTEX_POINT ( 'NONE', #6922 ) ;
#7383 = CIRCLE ( 'NONE', #5984, 0.5000000000000004441 ) ;
#7384 = LINE ( 'NONE', #1586, #298 ) ;
#7385 = CARTESIAN_POINT ( 'NONE',  ( -30.87057253258904055, -2.520582429040414851, -28.54999999999999716 ) ) ;
#7386 = B_SPLINE_CURVE_WITH_KNOTS ( 'NONE', 3,
 ( #9253, #1827, #6280, #8522 ),
 .UNSPECIFIED., .F., .F.,
 ( 4, 4 ),
 ( 2.367436813247751133E-17, 0.001125997476050901282 ),
 .UNSPECIFIED. ) ;
#7387 = CARTESIAN_POINT ( 'NONE',  ( 26.69818893740547239, 7.502066165121079599, -36.41590416097539418 ) ) ;
#7388 = ORIENTED_EDGE ( 'NONE', *, *, #2377, .T. ) ;
#7389 = AXIS2_PLACEMENT_3D ( 'NONE', #3957, #1683, #3039 ) ;
#7390 = VECTOR ( 'NONE', #7073, 1000.000000000000000 ) ;
#7391 = CARTESIAN_POINT ( 'NONE',  ( 32.48940516521263078, 3.930971082087141077, -77.60000000000002274 ) ) ;
#7392 = ORIENTED_EDGE ( 'NONE', *, *, #5775, .T. ) ;
#7393 = ADVANCED_FACE ( 'NONE', ( #3259 ), #2294, .T. ) ;
#7394 = ORIENTED_EDGE ( 'NONE', *, *, #6549, .F. ) ;
#7395 = EDGE_CURVE ( 'NONE', #2327, #1142, #634, .T. ) ;
#7396 = EDGE_CURVE ( 'NONE', #2398, #3682, #5650, .T. ) ;
#7397 = ADVANCED_FACE ( 'NONE', ( #2677 ), #7990, .F. ) ;
#7398 = AXIS2_PLACEMENT_3D ( 'NONE', #1158, #2579, #6341 ) ;
#7399 = CARTESIAN_POINT ( 'NONE',  ( 18.93420770283179877, 8.479417570959274286, -4.629995550557017836 ) ) ;
#7400 = CYLINDRICAL_SURFACE ( 'NONE', #4150, 1.199999999999999734 ) ;
#7401 = CIRCLE ( 'NONE', #5690, 2.999999999999999112 ) ;
#7402 = CARTESIAN_POINT ( 'NONE',  ( 24.69499016266971125, 7.479417570959292938, -12.22766522907897979 ) ) ;
#7403 = CARTESIAN_POINT ( 'NONE',  ( 26.47942746741107811, 6.349417570959288604, -66.00000000000000000 ) ) ;
#7404 = DIRECTION ( 'NONE',  ( 0.000000000000000000, -1.000000000000000000, -1.734723475976807094E-15 ) ) ;
#7405 = VERTEX_POINT ( 'NONE', #1973 ) ;
#7406 = VECTOR ( 'NONE', #2744, 1000.000000000000000 ) ;
#7407 = CIRCLE ( 'NONE', #1379, 2.149999999999999023 ) ;
#7408 = AXIS2_PLACEMENT_3D ( 'NONE', #3480, #7143, #2022 ) ;
#7409 = ORIENTED_EDGE ( 'NONE', *, *, #4905, .F. ) ;
#7410 = CARTESIAN_POINT ( 'NONE',  ( 26.06074753678296574, 9.420758367991901139, -0.000000000000000000 ) ) ;
#7411 = CARTESIAN_POINT ( 'NONE',  ( -28.55346374503181650, 8.600583586393227620, -26.31963414705203519 ) ) ;
#7412 = ADVANCED_FACE ( 'NONE', ( #9508 ), #4931, .T. ) ;
#7413 = CARTESIAN_POINT ( 'NONE',  ( -30.87057253258904055, -2.520582429040413963, -30.19999999999999929 ) ) ;
#7414 = CIRCLE ( 'NONE', #3246, 0.5000000000000004441 ) ;
#7415 = CARTESIAN_POINT ( 'NONE',  ( -29.22057253258904197, -3.020582429040414407, -27.04999999999999361 ) ) ;
#7416 = CARTESIAN_POINT ( 'NONE',  ( -33.06937334537581563, -2.990705239127197324, -2.394399618010954800 ) ) ;
#7417 = AXIS2_PLACEMENT_3D ( 'NONE', #3938, #8350, #1660 ) ;
#7418 = AXIS2_PLACEMENT_3D ( 'NONE', #8848, #2839, #4228 ) ;
#7419 = CARTESIAN_POINT ( 'NONE',  ( 32.68234651171117378, 3.339216153431889378, -1.600000000000007416 ) ) ;
#7420 = CARTESIAN_POINT ( 'NONE',  ( -32.52057253258906400, 1.027832321093293810, -1.599999999999996758 ) ) ;
#7421 = ORIENTED_EDGE ( 'NONE', *, *, #5798, .F. ) ;
#7422 = CARTESIAN_POINT ( 'NONE',  ( -30.87057253258905831, 9.481417570959296270, -28.55000000000000071 ) ) ;
#7423 = CARTESIAN_POINT ( 'NONE',  ( 29.33694383521606497, 8.103415658276571065, -7.724097091096779444 ) ) ;
#7424 = EDGE_LOOP ( 'NONE', ( #1399, #7360, #4104, #7088, #8137 ) ) ;
#7425 = CARTESIAN_POINT ( 'NONE',  ( 30.06062588299496241, 7.029176943722359461, -2.238434443923714490 ) ) ;
#7426 = CARTESIAN_POINT ( 'NONE',  ( -29.16270258214576216, 8.250832999114983579, -29.87074771707159826 ) ) ;
#7427 = ORIENTED_EDGE ( 'NONE', *, *, #2021, .T. ) ;
#7428 = EDGE_CURVE ( 'NONE', #7352, #2769, #6465, .T. ) ;
#7429 = AXIS2_PLACEMENT_3D ( 'NONE', #1273, #1320, #596 ) ;
#7430 = CARTESIAN_POINT ( 'NONE',  ( 27.28916796018743796, 6.983745822569916051, -76.59999999999999432 ) ) ;
#7431 = CARTESIAN_POINT ( 'NONE',  ( -26.80057253258891947, -6.520582429040421069, -14.89000000000000057 ) ) ;
#7432 = CARTESIAN_POINT ( 'NONE',  ( 32.48694137446154429, -2.991762407042449556, -2.426157294393357144 ) ) ;
#7433 = CARTESIAN_POINT ( 'NONE',  ( -30.87057253258906542, 5.979163850806734182, -1.599999999999999423 ) ) ;
#7434 = VECTOR ( 'NONE', #4748, 1000.000000000000000 ) ;
#7435 = DIRECTION ( 'NONE',  ( -1.000000000000000000, 0.000000000000000000, -0.000000000000000000 ) ) ;
#7436 = FACE_OUTER_BOUND ( 'NONE', #5787, .T. ) ;
#7437 = CARTESIAN_POINT ( 'NONE',  ( -27.52057253258907465, 6.882612225788600213, -39.80000000000001137 ) ) ;
#7438 = DIRECTION ( 'NONE',  ( 2.017120320903265181E-16, 1.000000000000000000, -0.000000000000000000 ) ) ;
#7439 = CARTESIAN_POINT ( 'NONE',  ( 32.97942746741108522, -2.520582429040426842, -30.19999999999999929 ) ) ;
#7440 = ORIENTED_EDGE ( 'NONE', *, *, #5387, .F. ) ;
#7441 = CARTESIAN_POINT ( 'NONE',  ( -28.44613487389095141, 8.655815227603845585, -5.957106907175837129 ) ) ;
#7442 = AXIS2_PLACEMENT_3D ( 'NONE', #304, #8439, #4749 ) ;
#7443 = VERTEX_POINT ( 'NONE', #7840 ) ;
#7444 = EDGE_CURVE ( 'NONE', #6440, #5210, #2864, .T. ) ;
#7445 = AXIS2_PLACEMENT_3D ( 'NONE', #2894, #7345, #2167 ) ;
#7446 = FACE_OUTER_BOUND ( 'NONE', #9208, .T. ) ;
#7447 = DIRECTION ( 'NONE',  ( -2.017120320903265428E-16, -1.000000000000000000, -0.000000000000000000 ) ) ;
#7448 = CARTESIAN_POINT ( 'NONE',  ( 31.67632548373315160, 6.448392911340278033, -37.96629136425248419 ) ) ;
#7449 = CARTESIAN_POINT ( 'NONE',  ( 30.82942746741109374, 5.979164254138612300, -7.900000000000005684 ) ) ;
#7450 = CIRCLE ( 'NONE', #1732, 1.600000000000000755 ) ;
#7451 = ORIENTED_EDGE ( 'NONE', *, *, #4786, .F. ) ;
#7452 = AXIS2_PLACEMENT_3D ( 'NONE', #5620, #8779, #3602 ) ;
#7453 = CARTESIAN_POINT ( 'NONE',  ( 31.06052420419946714, 6.502491224452187524, -77.60000000000002274 ) ) ;
#7454 = ORIENTED_EDGE ( 'NONE', *, *, #6843, .T. ) ;
#7455 = ORIENTED_EDGE ( 'NONE', *, *, #6426, .T. ) ;
#7456 = AXIS2_PLACEMENT_3D ( 'NONE', #6287, #2672, #1927 ) ;
#7457 = CARTESIAN_POINT ( 'NONE',  ( 20.68787606086000608, 7.479417570959294714, -24.94936744314843935 ) ) ;
#7458 = CARTESIAN_POINT ( 'NONE',  ( -33.02057253258906400, -3.372277125821408372, -2.075961696557272251 ) ) ;
#7459 = CARTESIAN_POINT ( 'NONE',  ( -31.99832992367290885, 5.171974832375265230, -0.000000000000000000 ) ) ;
#7460 = CARTESIAN_POINT ( 'NONE',  ( 20.92708062508332389, 7.479417570959294714, -24.71216415647156950 ) ) ;
#7461 = PLANE ( 'NONE',  #3080 ) ;
#7463 = EDGE_CURVE ( 'NONE', #6313, #7646, #2128, .T. ) ;
#7462 = CARTESIAN_POINT ( 'NONE',  ( -29.38680802012791204, 8.099910867880945275, -25.47917910487438675 ) ) ;
#7464 = ORIENTED_EDGE ( 'NONE', *, *, #5808, .T. ) ;
#7465 = CARTESIAN_POINT ( 'NONE',  ( -30.45727536699317284, 6.057208984458484657, -77.22367063742996152 ) ) ;
#7466 = ORIENTED_EDGE ( 'NONE', *, *, #2903, .F. ) ;
#7467 = CARTESIAN_POINT ( 'NONE',  ( 28.67942746741109161, 8.209411367207925636, -5.750000000000000888 ) ) ;
#7468 = CARTESIAN_POINT ( 'NONE',  ( -28.66438001096773291, 8.541286745449532702, -26.02442261144415170 ) ) ;
#7469 = FACE_OUTER_BOUND ( 'NONE', #8823, .T. ) ;
#7470 = CARTESIAN_POINT ( 'NONE',  ( 28.40533536441637708, 8.655466993862999558, -5.750000000000005329 ) ) ;
#7471 = DIRECTION ( 'NONE',  ( 1.000000000000000000, 0.000000000000000000, -0.000000000000000000 ) ) ;
#7472 = CARTESIAN_POINT ( 'NONE',  ( 30.82942746741109019, -2.520582429040425954, -2.600000000000000089 ) ) ;
#7473 = DIRECTION ( 'NONE',  ( -0.8122328620674212907, 0.000000000000000000, -0.5833333333333227122 ) ) ;
#7474 = EDGE_CURVE ( 'NONE', #8335, #5920, #680, .T. ) ;
#7475 = VERTEX_POINT ( 'NONE', #8045 ) ;
#7476 = EDGE_CURVE ( 'NONE', #4239, #617, #2221, .T. ) ;
#7477 = CARTESIAN_POINT ( 'NONE',  ( 32.47942746741108522, -2.520582429040426398, -25.39999999999999147 ) ) ;
#7478 = DIRECTION ( 'NONE',  ( 1.000000000000000000, 0.000000000000000000, 0.000000000000000000 ) ) ;
#7479 = ORIENTED_EDGE ( 'NONE', *, *, #9014, .F. ) ;
#7480 = CARTESIAN_POINT ( 'NONE',  ( -30.81266422231999158, 2.726529782000483682, -2.000000000000099032 ) ) ;
#7481 = EDGE_LOOP ( 'NONE', ( #6853, #5401, #9080, #6903 ) ) ;
#7482 = DIRECTION ( 'NONE',  ( 2.017120320903265181E-16, 1.000000000000000000, -0.000000000000000000 ) ) ;
#7483 = CARTESIAN_POINT ( 'NONE',  ( 32.47942746741107101, -3.372277125821419475, -2.075961696557268699 ) ) ;
#7484 = AXIS2_PLACEMENT_3D ( 'NONE', #6991, #4721, #2593 ) ;
#7485 = CARTESIAN_POINT ( 'NONE',  ( 32.79148457956595308, 2.892305814976915190, -31.19999999999695106 ) ) ;
#7486 = CARTESIAN_POINT ( 'NONE',  ( -30.87057253258904055, -3.020582429040413963, -27.04999999999999361 ) ) ;
#7487 = CARTESIAN_POINT ( 'NONE',  ( 32.47942746741107101, -2.949466044545192567, -25.14298084827864699 ) ) ;
#7488 = DIRECTION ( 'NONE',  ( 0.000000000000000000, -1.000000000000000000, 0.000000000000000000 ) ) ;
#7489 = CARTESIAN_POINT ( 'NONE',  ( 25.37942746741107669, 6.349417570959288604, -66.00000000000000000 ) ) ;
#7490 = CARTESIAN_POINT ( 'NONE',  ( 30.76584951935244305, 3.100023542104486385, -79.54645881156072562 ) ) ;
#7491 = DIRECTION ( 'NONE',  ( -1.000000000000000000, 3.614007241618348771E-16, 0.000000000000000000 ) ) ;
#7492 = LINE ( 'NONE', #1678, #3521 ) ;
#7493 = CARTESIAN_POINT ( 'NONE',  ( 28.79262011024111345, 6.349417570959286827, -75.59999999999995168 ) ) ;
#7494 = ORIENTED_EDGE ( 'NONE', *, *, #4765, .F. ) ;
#7495 = LINE ( 'NONE', #74, #135 ) ;
#7496 = CARTESIAN_POINT ( 'NONE',  ( 30.70400051660371332, 2.349417570959293933, -79.59999999999999432 ) ) ;
#7497 = CARTESIAN_POINT ( 'NONE',  ( 31.77711772869810147, 6.368704310057109019, -38.37442568616698679 ) ) ;
#7498 = ORIENTED_EDGE ( 'NONE', *, *, #1403, .F. ) ;
#7499 = CARTESIAN_POINT ( 'NONE',  ( -30.03641037614857012, 7.101768516560521327, -30.53572798740237104 ) ) ;
#7500 = EDGE_LOOP ( 'NONE', ( #2914, #105, #7440, #1602 ) ) ;
#7501 = ORIENTED_EDGE ( 'NONE', *, *, #9078, .T. ) ;
#7502 = CARTESIAN_POINT ( 'NONE',  ( 22.61139083394226645, 7.479417570959292938, -7.142305793460960395 ) ) ;
#7503 = CARTESIAN_POINT ( 'NONE',  ( -28.02696840942966361, 8.852676429481952880, -0.000000000000000000 ) ) ;
#7504 = CARTESIAN_POINT ( 'NONE',  ( -27.73688203510729977, 6.769686396844340592, -29.77469865318319009 ) ) ;
#7505 = DIRECTION ( 'NONE',  ( 0.000000000000000000, 0.000000000000000000, -1.000000000000000000 ) ) ;
#7506 = CARTESIAN_POINT ( 'NONE',  ( -29.29595860201935409, 7.801576996677595410, -25.57795693880410326 ) ) ;
#7507 = ORIENTED_EDGE ( 'NONE', *, *, #2107, .T. ) ;
#7508 = ORIENTED_EDGE ( 'NONE', *, *, #2513, .T. ) ;
#7509 = ADVANCED_FACE ( 'NONE', ( #2080 ), #7461, .F. ) ;
#7510 = CARTESIAN_POINT ( 'NONE',  ( 30.52120076239458513, 7.108106350687129371, -0.000000000000000000 ) ) ;
#7511 = CYLINDRICAL_SURFACE ( 'NONE', #4740, 0.5000000000000004441 ) ;
#7512 = DIRECTION ( 'NONE',  ( 1.000000000000000000, -2.017120320903265181E-16, 0.000000000000000000 ) ) ;
#7513 = EDGE_CURVE ( 'NONE', #999, #8613, #3780, .T. ) ;
#7514 = DIRECTION ( 'NONE',  ( 2.017120320903265181E-16, 1.000000000000000000, -0.000000000000000000 ) ) ;
#7515 = CARTESIAN_POINT ( 'NONE',  ( 32.63301620727460062, 3.468115115170016693, -47.50862826514904214 ) ) ;
#7516 = FACE_OUTER_BOUND ( 'NONE', #58, .T. ) ;
#7517 = ORIENTED_EDGE ( 'NONE', *, *, #5108, .F. ) ;
#7518 = CARTESIAN_POINT ( 'NONE',  ( -32.58452637991405965, -3.020582429040433503, -30.24505614163452805 ) ) ;
#7519 = DIRECTION ( 'NONE',  ( 1.000000000000000000, -1.668003342285408067E-16, 0.000000000000000000 ) ) ;
#7520 = CARTESIAN_POINT ( 'NONE',  ( 30.99115446768611193, 6.594842938545671274, -2.064037293493399705 ) ) ;
#7521 = ORIENTED_EDGE ( 'NONE', *, *, #2510, .F. ) ;
#7522 = DIRECTION ( 'NONE',  ( -2.025677196612374621E-16, -1.000000000000000000, -3.697785493223491743E-32 ) ) ;
#7523 = ADVANCED_FACE ( 'NONE', ( #4391 ), #2231, .T. ) ;
#7524 = EDGE_CURVE ( 'NONE', #3939, #4425, #2477, .T. ) ;
#7525 = DIRECTION ( 'NONE',  ( 1.250608365883192617E-15, -1.000000000000000000, 0.000000000000000000 ) ) ;
#7526 = LINE ( 'NONE', #4672, #5533 ) ;
#7527 = CARTESIAN_POINT ( 'NONE',  ( 32.92189313948608742, 2.180355807742692775, -79.59999999998164810 ) ) ;
#7528 = CARTESIAN_POINT ( 'NONE',  ( 28.67942746741109872, 8.209411367207929189, -5.928875062893458114 ) ) ;
#7529 = CARTESIAN_POINT ( 'NONE',  ( 28.40533536441635576, 8.655466993863010217, -27.04999999999997584 ) ) ;
#7530 = FACE_OUTER_BOUND ( 'NONE', #2544, .T. ) ;
#7531 = CARTESIAN_POINT ( 'NONE',  ( -32.98262693144751267, 1.968864266038631516, -24.39999999999999503 ) ) ;
#7532 = CARTESIAN_POINT ( 'NONE',  ( -26.26894624295591640, 9.374964056910105370, -11.87715697387124614 ) ) ;
#7533 = CARTESIAN_POINT ( 'NONE',  ( 30.41610785153114804, 6.057277329429756385, -77.22348774129002891 ) ) ;
#7534 = EDGE_LOOP ( 'NONE', ( #6863, #7193, #7140, #1354 ) ) ;
#7535 = EDGE_CURVE ( 'NONE', #6440, #6789, #1067, .T. ) ;
#7536 = CARTESIAN_POINT ( 'NONE',  ( 25.37942746741107669, 5.849417570959289492, -66.00000000000000000 ) ) ;
#7537 = CARTESIAN_POINT ( 'NONE',  ( -30.71800312398244515, 6.954542171010125173, -1.634176012601125105 ) ) ;
#7538 = CARTESIAN_POINT ( 'NONE',  ( 28.65063831418488860, 8.597952134265851143, -35.46221545825888910 ) ) ;
#7539 = ORIENTED_EDGE ( 'NONE', *, *, #2834, .T. ) ;
#7540 = CARTESIAN_POINT ( 'NONE',  ( -28.72057253258903131, 8.209584760035353312, -28.72903766938353698 ) ) ;
#7541 = AXIS2_PLACEMENT_3D ( 'NONE', #6133, #9096, #6184 ) ;
#7542 = EDGE_CURVE ( 'NONE', #9057, #8138, #4470, .T. ) ;
#7543 = ORIENTED_EDGE ( 'NONE', *, *, #5964, .F. ) ;
#7544 = EDGE_CURVE ( 'NONE', #4977, #7382, #2387, .T. ) ;
#7545 = ORIENTED_EDGE ( 'NONE', *, *, #1432, .F. ) ;
#7546 = B_SPLINE_CURVE_WITH_KNOTS ( 'NONE', 3,
 ( #1795, #932, #300, #6917, #9174, #8342, #2576, #1708 ),
 .UNSPECIFIED., .F., .F.,
 ( 4, 2, 2, 4 ),
 ( 0.000000000000000000, 0.001323524403625933425, 0.002647048807251866850, 0.005294097614503740640 ),
 .UNSPECIFIED. ) ;
#7547 = CARTESIAN_POINT ( 'NONE',  ( 24.93744766809115987, 7.479417570959292050, -15.55878714396331652 ) ) ;
#7548 = CARTESIAN_POINT ( 'NONE',  ( -27.27102292110075510, 9.142606631599074163, -0.000000000000000000 ) ) ;
#7549 = CARTESIAN_POINT ( 'NONE',  ( 31.22850509297904864, 6.280390163998704978, -8.400000000000005684 ) ) ;
#7550 = VECTOR ( 'NONE', #3266, 1000.000000000000000 ) ;
#7551 = LINE ( 'NONE', #7356, #4924 ) ;
#7552 = ORIENTED_EDGE ( 'NONE', *, *, #5128, .T. ) ;
#7553 = ORIENTED_EDGE ( 'NONE', *, *, #386, .T. ) ;
#7554 = EDGE_CURVE ( 'NONE', #756, #6396, #1598, .T. ) ;
#7555 = CARTESIAN_POINT ( 'NONE',  ( 30.82942746741108664, 9.481417570959282060, -28.55000000000000071 ) ) ;
#7556 = ADVANCED_FACE ( 'NONE', ( #2908 ), #5127, .T. ) ;
#7557 = CARTESIAN_POINT ( 'NONE',  ( 28.79262011024112411, 6.349417570959293933, -47.01284170406881913 ) ) ;
#7558 = CIRCLE ( 'NONE', #1829, 0.5000000000000004441 ) ;
#7559 = AXIS2_PLACEMENT_3D ( 'NONE', #7911, #1276, #4218 ) ;
#7560 = CARTESIAN_POINT ( 'NONE',  ( 18.43249661680893325, 8.479417570959274286, -25.52485448513035493 ) ) ;
#7561 = DIRECTION ( 'NONE',  ( -0.000000000000000000, -1.000000000000000000, -0.000000000000000000 ) ) ;
#7562 = EDGE_CURVE ( 'NONE', #6611, #4522, #7407, .T. ) ;
#7563 = CARTESIAN_POINT ( 'NONE',  ( -32.48462919631143819, 1.915175047428155031, -24.89999999999999147 ) ) ;
#7564 = PLANE ( 'NONE',  #8357 ) ;
#7565 = AXIS2_PLACEMENT_3D ( 'NONE', #3601, #8778, #6541 ) ;
#7566 = ORIENTED_EDGE ( 'NONE', *, *, #2268, .T. ) ;
#7567 = AXIS2_PLACEMENT_3D ( 'NONE', #109, #6794, #3027 ) ;
#7568 = CARTESIAN_POINT ( 'NONE',  ( -33.04655804709853584, -3.508536352728033325, -30.49919444174926753 ) ) ;
#7569 = CARTESIAN_POINT ( 'NONE',  ( 28.40533536441637352, 8.655466993863003111, -5.750000000000005329 ) ) ;
#7570 = VERTEX_POINT ( 'NONE', #9608 ) ;
#7571 = CARTESIAN_POINT ( 'NONE',  ( 30.22073034739463537, 7.397030406468078745, -1.770628504450217910 ) ) ;
#7572 = ORIENTED_EDGE ( 'NONE', *, *, #1900, .F. ) ;
#7573 = CARTESIAN_POINT ( 'NONE',  ( 24.92074877179249270, 7.479417570959294714, -76.59999999999996589 ) ) ;
#7574 = DIRECTION ( 'NONE',  ( 0.000000000000000000, 0.000000000000000000, -1.000000000000000000 ) ) ;
#7575 = CARTESIAN_POINT ( 'NONE',  ( 32.19919366652328563, 4.674857385140117394, -24.39999999999999147 ) ) ;
#7576 = VECTOR ( 'NONE', #2690, 1000.000000000000000 ) ;
#7577 = CIRCLE ( 'NONE', #6792, 8.750000000000000000 ) ;
#7578 = CIRCLE ( 'NONE', #143, 1.000000000000000000 ) ;
#7579 = CARTESIAN_POINT ( 'NONE',  ( 32.94128332342468468, 1.969011033294041146, -31.20000000000307239 ) ) ;
#7580 = CARTESIAN_POINT ( 'NONE',  ( 20.35785710965354056, 8.479417570959281392, -5.832892731513937612 ) ) ;
#7581 = DIRECTION ( 'NONE',  ( 0.000000000000000000, 0.000000000000000000, 1.000000000000000000 ) ) ;
#7582 = CYLINDRICAL_SURFACE ( 'NONE', #7875, 0.5000000000000004441 ) ;
#7583 = TOROIDAL_SURFACE ( 'NONE', #2004, 1.649999999999999467, 0.5000000000000000000 ) ;
#7584 = LINE ( 'NONE', #7529, #8971 ) ;
#7585 = EDGE_CURVE ( 'NONE', #4882, #4068, #7551, .T. ) ;
#7586 = FACE_OUTER_BOUND ( 'NONE', #2428, .T. ) ;
#7587 = VERTEX_POINT ( 'NONE', #3006 ) ;
#7588 = EDGE_CURVE ( 'NONE', #9503, #4973, #3545, .T. ) ;
#7589 = CARTESIAN_POINT ( 'NONE',  ( 32.57394397175946921, -3.520582429040425509, -2.599999999976935428 ) ) ;
#7590 = CARTESIAN_POINT ( 'NONE',  ( -26.80057253258891947, 9.264804668315596459, -14.89000000000523194 ) ) ;
#7591 = CARTESIAN_POINT ( 'NONE',  ( 31.54147188977554706, 5.286897346459601188, -76.97442588976717559 ) ) ;
#7592 = ORIENTED_EDGE ( 'NONE', *, *, #4836, .T. ) ;
#7593 = AXIS2_PLACEMENT_3D ( 'NONE', #8238, #6815, #3148 ) ;
#7594 = DIRECTION ( 'NONE',  ( -0.000000000000000000, 1.000000000000000000, -0.000000000000000000 ) ) ;
#7595 = CARTESIAN_POINT ( 'NONE',  ( -28.72057253258906684, 8.209584760035335549, -4.250000000000002665 ) ) ;
#7596 = CARTESIAN_POINT ( 'NONE',  ( 28.42909690406434464, 6.739264093490560548, -37.29331796248293074 ) ) ;
#7597 = DIRECTION ( 'NONE',  ( 1.000000000000000000, 0.000000000000000000, 0.000000000000000000 ) ) ;
#7598 = ORIENTED_EDGE ( 'NONE', *, *, #6829, .F. ) ;
#7599 = ADVANCED_FACE ( 'NONE', ( #3732 ), #38, .T. ) ;
#7600 = AXIS2_PLACEMENT_3D ( 'NONE', #6477, #4981, #7944 ) ;
#7601 = CARTESIAN_POINT ( 'NONE',  ( -28.74278736206925799, 8.195947835485185351, -28.90517390009667764 ) ) ;
#7602 = EDGE_LOOP ( 'NONE', ( #7349, #81, #8000, #3104, #6912 ) ) ;
#7603 = ORIENTED_EDGE ( 'NONE', *, *, #8245, .T. ) ;
#7604 = VECTOR ( 'NONE', #9397, 1000.000000000000000 ) ;
#7605 = FACE_OUTER_BOUND ( 'NONE', #7699, .T. ) ;
#7606 = DIRECTION ( 'NONE',  ( -2.017120320903265428E-16, -1.000000000000000000, 0.000000000000000000 ) ) ;
#7607 = CARTESIAN_POINT ( 'NONE',  ( 28.79330019698993581, 8.445989181053715100, -25.69592962086398558 ) ) ;
#7608 = EDGE_LOOP ( 'NONE', ( #649, #2233, #7019, #3892 ) ) ;
#7609 = CARTESIAN_POINT ( 'NONE',  ( -32.52057253258906400, -2.520582429040414407, -25.39999999999999147 ) ) ;
#7610 = ORIENTED_EDGE ( 'NONE', *, *, #4527, .F. ) ;
#7611 = CARTESIAN_POINT ( 'NONE',  ( 32.29537518476713132, 4.434372141093155584, -0.000000000000000000 ) ) ;
#7612 = CARTESIAN_POINT ( 'NONE',  ( -29.22057253258907039, -2.520582429040414407, -4.249999999999999112 ) ) ;
#7613 =( BOUNDED_SURFACE ( )  B_SPLINE_SURFACE ( 3, 2, ( 
 ( #4243, #7746, #2669 ),
 ( #346, #1885, #4193 ),
 ( #7147, #3391, #3298 ),
 ( #1111, #482, #7050 ),
 ( #2710, #9216, #4834 ),
 ( #5643, #8610, #4103 ) ),
 .UNSPECIFIED., .F., .F., .T. ) 
 B_SPLINE_SURFACE_WITH_KNOTS ( ( 4, 2, 4 ),
 ( 3, 3 ),
 ( -5.421010862427522170E-20, 0.0002739769513390848685, 0.0005479539026781697370 ),
 ( 0.000000000000000000, 1.000000000000000000 ),
 .UNSPECIFIED. ) 
 GEOMETRIC_REPRESENTATION_ITEM ( )  RATIONAL_B_SPLINE_SURFACE ( (
 ( 1.000000000000000000, 0.7071067811865475727, 1.000000000000000000),
 ( 1.000000000000000000, 0.6974656384269398712, 1.000000000000000000),
 ( 1.000000000000000000, 0.6916117073643460733, 1.000000000000000000),
 ( 1.000000000000000000, 0.6911265806245937560, 1.000000000000000000),
 ( 1.000000000000000000, 0.6965954761232719950, 1.000000000000000000),
 ( 1.000000000000000000, 0.7071067811865472397, 1.000000000000000000) ) ) 
 REPRESENTATION_ITEM ( '' )  SURFACE ( )  );
#7614 = CARTESIAN_POINT ( 'NONE',  ( 28.21876357496731913, 6.445011661599340691, -2.141998835964406656 ) ) ;
#7615 = CARTESIAN_POINT ( 'NONE',  ( 25.88206689736611921, 7.410208471182953005, -2.000000000000003553 ) ) ;
#7616 = CARTESIAN_POINT ( 'NONE',  ( -32.83260613183804821, 2.892426578230727685, -24.89999999999998792 ) ) ;
#7617 = DIRECTION ( 'NONE',  ( 0.000000000000000000, 1.000000000000000000, -3.469446951953614189E-15 ) ) ;
#7618 = VECTOR ( 'NONE', #6520, 1000.000000000000000 ) ;
#7619 = ORIENTED_EDGE ( 'NONE', *, *, #505, .F. ) ;
#7620 = CARTESIAN_POINT ( 'NONE',  ( -30.73880432184606448, 3.059228649788074961, -23.69999999999999574 ) ) ;
#7621 = CARTESIAN_POINT ( 'NONE',  ( 30.67933457692725696, 6.952125246526503766, -1.633452955465234391 ) ) ;
#7622 = EDGE_CURVE ( 'NONE', #2495, #2281, #4501, .T. ) ;
#7623 = VERTEX_POINT ( 'NONE', #5856 ) ;
#7624 = CARTESIAN_POINT ( 'NONE',  ( 25.57477578353728020, 7.449389112793256551, -76.59999999999999432 ) ) ;
#7625 = CARTESIAN_POINT ( 'NONE',  ( -33.06025994082940400, -3.520582429040423289, -2.362766116456071597 ) ) ;
#7626 = CARTESIAN_POINT ( 'NONE',  ( 30.97131900783812952, 6.621121850177220658, -31.19999999999996021 ) ) ;
#7627 = CARTESIAN_POINT ( 'NONE',  ( 26.47942746741107811, 6.849417570959293933, -66.00000000000000000 ) ) ;
#7628 = CARTESIAN_POINT ( 'NONE',  ( 23.06392478631060783, 8.479417570959272510, -10.01263440818041772 ) ) ;
#7629 = DIRECTION ( 'NONE',  ( 1.000000000000000000, -2.589139516383305650E-16, -1.165112782372487661E-14 ) ) ;
#7630 = LINE ( 'NONE', #992, #771 ) ;
#7631 = CARTESIAN_POINT ( 'NONE',  ( 32.97942746741108522, -4.520582429040437056, -24.39999999999999147 ) ) ;
#7632 = CARTESIAN_POINT ( 'NONE',  ( -34.02057253258906400, 4.333328095299691540, -2.075961696557274916 ) ) ;
#7633 = ORIENTED_EDGE ( 'NONE', *, *, #6673, .F. ) ;
#7634 = DIRECTION ( 'NONE',  ( -1.000000000000000000, 2.017120320903265181E-16, 0.000000000000000000 ) ) ;
#7635 = ORIENTED_EDGE ( 'NONE', *, *, #4905, .T. ) ;
#7636 = AXIS2_PLACEMENT_3D ( 'NONE', #8517, #1871, #4825 ) ;
#7637 = ADVANCED_FACE ( 'NONE', ( #2277 ), #1455, .F. ) ;
#7638 = EDGE_CURVE ( 'NONE', #8433, #7277, #5245, .T. ) ;
#7639 = DIRECTION ( 'NONE',  ( -2.017120320903265181E-16, -1.000000000000000000, 0.000000000000000000 ) ) ;
#7640 = CARTESIAN_POINT ( 'NONE',  ( -29.91799450484196043, 7.697326455729340822, -2.306439863769451648 ) ) ;
#7641 = CARTESIAN_POINT ( 'NONE',  ( 29.27319454179085056, 8.261028987183644645, -35.65180262949102286 ) ) ;
#7642 = ORIENTED_EDGE ( 'NONE', *, *, #9432, .T. ) ;
#7643 = CARTESIAN_POINT ( 'NONE',  ( 30.15791040194484651, 7.454692184742132355, -7.811682830288892987 ) ) ;
#7644 = DIRECTION ( 'NONE',  ( 1.000000000000000000, 0.000000000000000000, 0.000000000000000000 ) ) ;
#7645 = VERTEX_POINT ( 'NONE', #829 ) ;
#7646 = VERTEX_POINT ( 'NONE', #6722 ) ;
#7647 = EDGE_CURVE ( 'NONE', #7811, #6956, #8196, .T. ) ;
#7648 = ADVANCED_FACE ( 'NONE', ( #8473 ), #7666, .T. ) ;
#7649 = CYLINDRICAL_SURFACE ( 'NONE', #8980, 1.600000000000000755 ) ;
#7650 = CARTESIAN_POINT ( 'NONE',  ( 32.67676970523915969, 3.359593135302151090, -8.400000000000025224 ) ) ;
#7651 = CARTESIAN_POINT ( 'NONE',  ( -33.08358353549374442, -3.020582429040445049, -2.425320565519129001 ) ) ;
#7652 = CARTESIAN_POINT ( 'NONE',  ( 29.06243235237420208, 7.949849449735535423, -25.81558512283993423 ) ) ;
#7653 = ORIENTED_EDGE ( 'NONE', *, *, #5069, .F. ) ;
#7654 = CARTESIAN_POINT ( 'NONE',  ( -30.45133333813276977, 6.611209495298909111, -30.67286708614655311 ) ) ;
#7655 = ORIENTED_EDGE ( 'NONE', *, *, #115, .T. ) ;
#7656 = CARTESIAN_POINT ( 'NONE',  ( 27.90649875147485304, 8.891317261812904604, -33.14218368723806663 ) ) ;
#7657 = DIRECTION ( 'NONE',  ( -1.982541115402067329E-16, 3.999023970903735428E-32, -1.000000000000000000 ) ) ;
#7658 = CARTESIAN_POINT ( 'NONE',  ( -33.02057253258906400, 1.027832321093304024, -7.924038303442737075 ) ) ;
#7659 = CARTESIAN_POINT ( 'NONE',  ( 32.57394397176859968, -3.020582429040426398, -2.599999999999996980 ) ) ;
#7660 = DIRECTION ( 'NONE',  ( 0.000000000000000000, 0.000000000000000000, 1.000000000000000000 ) ) ;
#7661 = ORIENTED_EDGE ( 'NONE', *, *, #6982, .F. ) ;
#7662 = DIRECTION ( 'NONE',  ( -1.000000000000000000, 0.000000000000000000, 0.000000000000000000 ) ) ;
#7663 = ORIENTED_EDGE ( 'NONE', *, *, #9442, .F. ) ;
#7664 = FACE_OUTER_BOUND ( 'NONE', #6049, .T. ) ;
#7665 = EDGE_LOOP ( 'NONE', ( #890, #1317, #9282, #8427 ) ) ;
#7666 =( BOUNDED_SURFACE ( )  B_SPLINE_SURFACE ( 3, 2, ( 
 ( #7789, #5504, #1787 ),
 ( #2433, #3193, #6149 ),
 ( #1831, #4057, #9116 ),
 ( #6960, #5364, #9064 ),
 ( #970, #6104, #7693 ),
 ( #6283, #6242, #199 ),
 ( #2570, #4785, #2617 ),
 ( #1108, #4646, #5553 ),
 ( #9167, #1749, #344 ),
 ( #7652, #2529, #4832 ),
 ( #5463, #3881, #7607 ),
 ( #387, #8334, #3923 ),
 ( #8432, #6820, #1052 ),
 ( #2482, #1697, #4698 ),
 ( #9256, #3296, #3152 ),
 ( #8390, #6869, #4737 ) ),
 .UNSPECIFIED., .F., .F., .T. ) 
 B_SPLINE_SURFACE_WITH_KNOTS ( ( 4, 2, 2, 2, 2, 2, 2, 4 ),
 ( 3, 3 ),
 ( 0.000000000000000000, 0.001221085623226480414, 0.001831628434839720730, 0.002442171246452960829, 0.003052714058066200928, 0.003663256869679441460, 0.004273799681292681993, 0.004884342492905921658 ),
 ( 0.000000000000000000, 1.000000000000000000 ),
 .UNSPECIFIED. ) 
 GEOMETRIC_REPRESENTATION_ITEM ( )  RATIONAL_B_SPLINE_SURFACE ( (
 ( 1.000000000000000000, 0.7071067811865500152, 1.000000000000000000),
 ( 1.000000000000000000, 0.7334801720474036779, 1.000000000000000000),
 ( 1.000000000000000000, 0.7575843462400083661, 1.000000000000000000),
 ( 1.000000000000000000, 0.7885373266652744295, 1.000000000000000000),
 ( 1.000000000000000000, 0.7978750383234505250, 1.000000000000000000),
 ( 1.000000000000000000, 0.8140875555597708590, 1.000000000000000000),
 ( 1.000000000000000000, 0.8211657517807448015, 1.000000000000000000),
 ( 1.000000000000000000, 0.8325252749973955924, 1.000000000000000000),
 ( 1.000000000000000000, 0.8369576911125312657, 1.000000000000000000),
 ( 1.000000000000000000, 0.8438489295541119484, 1.000000000000000000),
 ( 1.000000000000000000, 0.8463144933242811030, 1.000000000000000000),
 ( 1.000000000000000000, 0.8496681067575196922, 1.000000000000000000),
 ( 1.000000000000000000, 0.8506223445036791286, 1.000000000000000000),
 ( 1.000000000000000000, 0.8517927173264046026, 1.000000000000000000),
 ( 1.000000000000000000, 0.8519906206069639554, 1.000000000000000000),
 ( 1.000000000000000000, 0.8520022869718600900, 1.000000000000000000) ) ) 
 REPRESENTATION_ITEM ( '' )  SURFACE ( )  );
#7667 = CARTESIAN_POINT ( 'NONE',  ( -26.26341499525988610, 7.343281794410129848, -11.80740688960723617 ) ) ;
#7668 = EDGE_CURVE ( 'NONE', #1121, #8459, #7577, .T. ) ;
#7669 = B_SPLINE_CURVE_WITH_KNOTS ( 'NONE', 3,
 ( #2527, #8332, #2432, #7504, #8289, #3099, #873, #1646, #287, #7690, #6103, #1696, #8471, #6146, #5461, #1010, #3825, #4643, #4736, #6199, #6056, #4592 ),
 .UNSPECIFIED., .F., .F.,
 ( 4, 2, 2, 2, 2, 2, 2, 2, 2, 2, 4 ),
 ( 6.992893892674702526E-18, 0.0009361970387137761576, 0.001872394077427545376, 0.002340492596784432208, 0.002808591116141319691, 0.003276689635498206740, 0.003744788154855093788, 0.004212886674211980403, 0.004680985193568867886, 0.005617182232282637647, 0.007489576309710173699 ),
 .UNSPECIFIED. ) ;
#7670 = CARTESIAN_POINT ( 'NONE',  ( 33.04495046801084612, -3.520582429035798100, -30.37801479636492630 ) ) ;
#7671 = DIRECTION ( 'NONE',  ( -2.017120320903265428E-16, -1.000000000000000000, -0.000000000000000000 ) ) ;
#7672 = CARTESIAN_POINT ( 'NONE',  ( -16.70460516799093753, 7.479417570959295603, 0.000000000000000000 ) ) ;
#7673 = DIRECTION ( 'NONE',  ( -2.017120320903265428E-16, -1.000000000000000000, -0.000000000000000000 ) ) ;
#7674 = DIRECTION ( 'NONE',  ( -0.8122328620674283961, 0.000000000000000000, -0.5833333333333127202 ) ) ;
#7675 = FACE_OUTER_BOUND ( 'NONE', #8509, .T. ) ;
#7676 = CARTESIAN_POINT ( 'NONE',  ( 16.67942746741109161, 7.479417570959293826, -32.77999999999999403 ) ) ;
#7677 = CARTESIAN_POINT ( 'NONE',  ( 27.47942746741110298, -2.520582429040425509, -79.59999999999999432 ) ) ;
#7678 = CARTESIAN_POINT ( 'NONE',  ( 31.87942746741113353, -4.520582429040426398, -5.000000000000004441 ) ) ;
#7679 = ORIENTED_EDGE ( 'NONE', *, *, #5156, .F. ) ;
#7680 = CARTESIAN_POINT ( 'NONE',  ( 30.64409090068870256, 6.281809309247645245, -24.89999999999998792 ) ) ;
#7681 = CARTESIAN_POINT ( 'NONE',  ( -28.44613487524335937, 8.655815226920227090, -4.043293933543092855 ) ) ;
#7683 = ADVANCED_FACE ( 'NONE', ( #3965 ), #8526, .F. ) ;
#7682 = LINE ( 'NONE', #4774, #3225 ) ;
#7684 = ORIENTED_EDGE ( 'NONE', *, *, #3818, .F. ) ;
#7685 = CARTESIAN_POINT ( 'NONE',  ( 30.06169025108616211, 7.027910668858257104, -7.761910975147795710 ) ) ;
#7686 = CARTESIAN_POINT ( 'NONE',  ( -32.52057253258906400, -2.520582429040413519, -8.400000000000003908 ) ) ;
#7687 = ORIENTED_EDGE ( 'NONE', *, *, #5446, .T. ) ;
#7688 = EDGE_LOOP ( 'NONE', ( #1566, #4812, #1042 ) ) ;
#7689 = CARTESIAN_POINT ( 'NONE',  ( -33.02057253258905689, 1.974911105471066186, -8.400000000000003908 ) ) ;
#7690 = CARTESIAN_POINT ( 'NONE',  ( -28.65651141973772198, 6.142396865956081697, -31.06772914916754402 ) ) ;
#7691 = CARTESIAN_POINT ( 'NONE',  ( 28.40533536441635576, 8.655466993863010217, -28.54999999999997939 ) ) ;
#7692 = AXIS2_PLACEMENT_3D ( 'NONE', #3035, #5202, #5990 ) ;
#7693 = CARTESIAN_POINT ( 'NONE',  ( 30.06413508394185641, 7.537236167860063674, -24.63104880158149612 ) ) ;
#7694 = CARTESIAN_POINT ( 'NONE',  ( -26.87201911244412500, 7.164466614370225805, -2.000000000000003109 ) ) ;
#7695 = ORIENTED_EDGE ( 'NONE', *, *, #7989, .F. ) ;
#7696 = ADVANCED_FACE ( 'NONE', ( #9213 ), #6908, .T. ) ;
#7697 = CARTESIAN_POINT ( 'NONE',  ( -28.57293872055718609, 8.590494250723896386, -29.36073505185668964 ) ) ;
#7698 = EDGE_CURVE ( 'NONE', #8247, #4522, #3439, .T. ) ;
#7699 = EDGE_LOOP ( 'NONE', ( #5103, #6718, #5259, #3404 ) ) ;
#7700 = EDGE_CURVE ( 'NONE', #981, #785, #8810, .T. ) ;
#7701 = CARTESIAN_POINT ( 'NONE',  ( 29.18018661330499341, 6.351848140327621905, -48.23934719845205166 ) ) ;
#7702 = VECTOR ( 'NONE', #1822, 1000.000000000000000 ) ;
#7703 = AXIS2_PLACEMENT_3D ( 'NONE', #4351, #686, #8103 ) ;
#7704 = CARTESIAN_POINT ( 'NONE',  ( -30.87057253258904055, -3.020582429040413963, -25.39999999999999503 ) ) ;
#7705 = CARTESIAN_POINT ( 'NONE',  ( 27.28798838528256354, 6.979705149352354532, -1.999999999999981792 ) ) ;
#7706 = LINE ( 'NONE', #5511, #1870 ) ;
#7707 = VERTEX_POINT ( 'NONE', #7934 ) ;
#7708 = CARTESIAN_POINT ( 'NONE',  ( -27.52057253258906755, 6.882612225788601990, -27.04999999999999005 ) ) ;
#7709 = ORIENTED_EDGE ( 'NONE', *, *, #6850, .T. ) ;
#7710 = CARTESIAN_POINT ( 'NONE',  ( 28.40533536441637708, 8.655466993862999558, -4.250000000000017764 ) ) ;
#7711 = AXIS2_PLACEMENT_3D ( 'NONE', #6598, #1330, #7229 ) ;
#7712 = EDGE_CURVE ( 'NONE', #6938, #5278, #1872, .T. ) ;
#7713 = AXIS2_PLACEMENT_3D ( 'NONE', #6264, #1032, #1771 ) ;
#7714 = EDGE_LOOP ( 'NONE', ( #9512, #4659, #6601, #9290 ) ) ;
#7715 = CARTESIAN_POINT ( 'NONE',  ( 27.47942746741109943, 6.882466451305252697, -28.55000000000000426 ) ) ;
#7716 = CARTESIAN_POINT ( 'NONE',  ( -27.52057253258907821, -2.520582429040409522, -4.249999999999989342 ) ) ;
#7717 = AXIS2_PLACEMENT_3D ( 'NONE', #2765, #4879, #4347 ) ;
#7718 = TOROIDAL_SURFACE ( 'NONE', #5237, 2.099999999999973888, 0.5000000000000000000 ) ;
#7719 = CARTESIAN_POINT ( 'NONE',  ( 28.17942746741106319, 8.209411367207938071, -27.04999999999999361 ) ) ;
#7720 = CARTESIAN_POINT ( 'NONE',  ( 30.09116177705180917, 7.513409230737815747, -24.61996995567209368 ) ) ;
#7721 = CARTESIAN_POINT ( 'NONE',  ( -30.87057253258906186, -2.520582429040413075, -4.249999999999994671 ) ) ;
#7722 = DIRECTION ( 'NONE',  ( 0.000000000000000000, 0.000000000000000000, 1.000000000000000000 ) ) ;
#7723 = CARTESIAN_POINT ( 'NONE',  ( -31.37549341845577544, 5.248652671776901535, -30.69999999999999929 ) ) ;
#7724 = DIRECTION ( 'NONE',  ( 0.000000000000000000, 0.000000000000000000, 1.000000000000000000 ) ) ;
#7725 = ORIENTED_EDGE ( 'NONE', *, *, #7396, .F. ) ;
#7726 = CARTESIAN_POINT ( 'NONE',  ( 0.000000000000000000, -6.520582429040413963, 0.000000000000000000 ) ) ;
#7727 = CARTESIAN_POINT ( 'NONE',  ( -32.51144060456953611, 3.973977795719490391, -36.80231147314764684 ) ) ;
#7728 = AXIS2_PLACEMENT_3D ( 'NONE', #934, #980, #3438 ) ;
#7729 = ORIENTED_EDGE ( 'NONE', *, *, #5985, .F. ) ;
#7730 = AXIS2_PLACEMENT_3D ( 'NONE', #1499, #4445, #7404 ) ;
#7731 = CARTESIAN_POINT ( 'NONE',  ( 23.38028958344061436, 7.479417570959292938, -8.447808269741347686 ) ) ;
#7732 = CARTESIAN_POINT ( 'NONE',  ( -28.68071667131723856, 6.542669289188556725, -37.70930539095068212 ) ) ;
#7733 = AXIS2_PLACEMENT_3D ( 'NONE', #2255, #9584, #2156 ) ;
#7734 = CARTESIAN_POINT ( 'NONE',  ( -29.96829803317173457, 7.656825240311179392, -5.551115123125782702E-14 ) ) ;
#7735 = AXIS2_PLACEMENT_3D ( 'NONE', #6705, #7438, #1580 ) ;
#7736 = CARTESIAN_POINT ( 'NONE',  ( -28.72057253258906329, -4.520582429040413963, -79.59999999999999432 ) ) ;
#7737 = CARTESIAN_POINT ( 'NONE',  ( -32.52057253258905689, 1.027832321093293810, -24.89999999999999147 ) ) ;
#7738 = LINE ( 'NONE', #2604, #9506 ) ;
#7739 = EDGE_LOOP ( 'NONE', ( #7262, #1774, #4210, #1495, #5952, #1467 ) ) ;
#7740 = ORIENTED_EDGE ( 'NONE', *, *, #9539, .T. ) ;
#7741 = EDGE_CURVE ( 'NONE', #4977, #2445, #3528, .T. ) ;
#7742 = DIRECTION ( 'NONE',  ( -2.017120320903265181E-16, -1.000000000000000000, 0.000000000000000000 ) ) ;
#7743 = CARTESIAN_POINT ( 'NONE',  ( 28.22942746741108166, 6.849417570959288604, -48.50000000000000711 ) ) ;
#7744 = CIRCLE ( 'NONE', #7274, 0.4999999999999998335 ) ;
#7745 = ORIENTED_EDGE ( 'NONE', *, *, #5255, .F. ) ;
#7746 = CARTESIAN_POINT ( 'NONE',  ( -33.02057253258906400, -2.949466044545182797, -25.14298084827865409 ) ) ;
#7747 = ORIENTED_EDGE ( 'NONE', *, *, #6106, .F. ) ;
#7748 = CARTESIAN_POINT ( 'NONE',  ( 32.56621878250582114, 3.690281400800312195, -37.42896186028409744 ) ) ;
#7749 = CARTESIAN_POINT ( 'NONE',  ( 30.62780679043030929, 6.308400420983507395, -7.900000000000009237 ) ) ;
#7750 = CARTESIAN_POINT ( 'NONE',  ( 23.89100541894799434, 8.479417570959276063, -16.13091832757537603 ) ) ;
#7751 = CARTESIAN_POINT ( 'NONE',  ( 26.83422260862268161, 7.163300514648899053, -1.999999999999981792 ) ) ;
#7752 = ADVANCED_FACE ( 'NONE', ( #6522 ), #3389, .T. ) ;
#7753 = CARTESIAN_POINT ( 'NONE',  ( -27.87240543888900035, 6.691881295550070163, -25.54772108181048651 ) ) ;
#7754 = DIRECTION ( 'NONE',  ( -1.387778780781445922E-16, 1.000000000000000000, -0.000000000000000000 ) ) ;
#7755 = ORIENTED_EDGE ( 'NONE', *, *, #6385, .F. ) ;
#7756 = VECTOR ( 'NONE', #1530, 1000.000000000000000 ) ;
#7757 = VERTEX_POINT ( 'NONE', #6377 ) ;
#7758 = DIRECTION ( 'NONE',  ( 1.000000000000000000, -2.589139516383305650E-16, 0.000000000000000000 ) ) ;
#7759 = CARTESIAN_POINT ( 'NONE',  ( -28.72057253258903842, 8.209584760035346207, -27.04999999999999361 ) ) ;
#7760 = CARTESIAN_POINT ( 'NONE',  ( 28.43287995130568646, 8.641705172058017581, -28.97431285973428672 ) ) ;
#7761 = EDGE_CURVE ( 'NONE', #6317, #2074, #4008, .T. ) ;
#7762 = EDGE_CURVE ( 'NONE', #2398, #5974, #7194, .T. ) ;
#7763 = DIRECTION ( 'NONE',  ( -2.017120320903265428E-16, -1.000000000000000000, 0.000000000000000000 ) ) ;
#7764 = CARTESIAN_POINT ( 'NONE',  ( 28.43295496029611868, 6.734709259991076280, -37.30619733425179163 ) ) ;
#7765 = CARTESIAN_POINT ( 'NONE',  ( -32.52057253258906400, 1.027832321093293588, -24.89999999999999147 ) ) ;
#7766 = CARTESIAN_POINT ( 'NONE',  ( -32.42476832412089038, 4.240347514913272775, -30.69999999999999929 ) ) ;
#7767 = LINE ( 'NONE', #6893, #9586 ) ;
#7768 = B_SPLINE_CURVE_WITH_KNOTS ( 'NONE', 3,
 ( #1415, #4352, #687, #3640, #4652, #1501, #5666, #2280, #3681, #2964, #3009, #8635, #2912, #783, #5223, #832 ),
 .UNSPECIFIED., .F., .F.,
 ( 4, 2, 2, 2, 2, 2, 2, 4 ),
 ( 0.000000000000000000, 0.001269325436933136774, 0.001903988155399710148, 0.002538650873866283957, 0.003173313592332856030, 0.003807976310799428103, 0.004442639029266001044, 0.005077301747732573117 ),
 .UNSPECIFIED. ) ;
#7769 = ORIENTED_EDGE ( 'NONE', *, *, #769, .F. ) ;
#7770 = LINE ( 'NONE', #7726, #4224 ) ;
#7771 = CARTESIAN_POINT ( 'NONE',  ( -32.65789103915749081, 3.526586803091360522, -37.94622570539704753 ) ) ;
#7772 = DIRECTION ( 'NONE',  ( 0.7981552511359076840, 0.6024518197201964576, 0.000000000000000000 ) ) ;
#7773 = ORIENTED_EDGE ( 'NONE', *, *, #5128, .F. ) ;
#7774 = CARTESIAN_POINT ( 'NONE',  ( 24.94946829029391822, 7.479417570959295603, -14.55826162707465343 ) ) ;
#7775 = CARTESIAN_POINT ( 'NONE',  ( -28.79942906320688323, 6.398163284816822838, -38.23578806274336017 ) ) ;
#7776 = CARTESIAN_POINT ( 'NONE',  ( -29.96829803317173457, 7.656825240311179392, -77.59999999999999432 ) ) ;
#7777 = CARTESIAN_POINT ( 'NONE',  ( -28.38863780339283593, 6.350088569388660176, -2.000000000000002665 ) ) ;
#7778 = EDGE_LOOP ( 'NONE', ( #3772, #8834, #1442, #1345, #3950 ) ) ;
#7779 = CARTESIAN_POINT ( 'NONE',  ( 29.61402980113309980, 4.349417570959287715, -77.42913132269526955 ) ) ;
#7780 = ORIENTED_EDGE ( 'NONE', *, *, #2301, .F. ) ;
#7781 = CARTESIAN_POINT ( 'NONE',  ( 25.52287958534411061, 9.479417570959293826, -0.000000000000000000 ) ) ;
#7782 = ORIENTED_EDGE ( 'NONE', *, *, #5839, .T. ) ;
#7783 = B_SPLINE_CURVE_WITH_KNOTS ( 'NONE', 3,
 ( #7871, #6276, #1235, #6953, #7779, #9391, #1780, #4778, #6367, #423 ),
 .UNSPECIFIED., .F., .F.,
 ( 4, 2, 2, 2, 4 ),
 ( 0.000000000000000000, 0.0004268573480267611061, 0.0008537146960535222122, 0.001280572044080283264, 0.001707429392107044424 ),
 .UNSPECIFIED. ) ;
#7784 = EDGE_CURVE ( 'NONE', #6823, #1132, #9284, .T. ) ;
#7785 = CARTESIAN_POINT ( 'NONE',  ( 28.79262011024112411, 6.349417570959293933, -75.59999999999998010 ) ) ;
#7786 = DIRECTION ( 'NONE',  ( 1.000000000000000000, 0.000000000000000000, 0.000000000000000000 ) ) ;
#7787 = AXIS2_PLACEMENT_3D ( 'NONE', #6716, #3234, #964 ) ;
#7788 = FACE_OUTER_BOUND ( 'NONE', #1517, .T. ) ;
#7789 = CARTESIAN_POINT ( 'NONE',  ( 30.82942746741106177, 5.979164254138641610, -24.89999999999999858 ) ) ;
#7790 = VERTEX_POINT ( 'NONE', #432 ) ;
#7791 = DIRECTION ( 'NONE',  ( -2.017120320903265428E-16, -1.000000000000000000, -0.000000000000000000 ) ) ;
#7792 = ORIENTED_EDGE ( 'NONE', *, *, #2225, .F. ) ;
#7793 = DIRECTION ( 'NONE',  ( -2.017120320903265428E-16, -1.000000000000000000, 0.000000000000000000 ) ) ;
#7794 = VECTOR ( 'NONE', #6266, 1000.000000000000000 ) ;
#7795 = CARTESIAN_POINT ( 'NONE',  ( 23.32897267822830756, 8.479417570959265404, -10.90965955402669252 ) ) ;
#7796 = DIRECTION ( 'NONE',  ( -0.7981552511360506807, -0.6024518197200070535, 0.000000000000000000 ) ) ;
#7797 = CARTESIAN_POINT ( 'NONE',  ( -30.87057253258906542, 10.01696613767509625, -7.900000000000000355 ) ) ;
#7798 = CARTESIAN_POINT ( 'NONE',  ( 33.00824327031362060, -2.965566760571874294, -30.43262162388204928 ) ) ;
#7799 = ORIENTED_EDGE ( 'NONE', *, *, #5492, .F. ) ;
#7800 = B_SPLINE_CURVE_WITH_KNOTS ( 'NONE', 3,
 ( #5835, #8127, #7104, #7295, #1484, #2714 ),
 .UNSPECIFIED., .F., .F.,
 ( 4, 2, 4 ),
 ( 0.0006583368621483370224, 0.0008612016062328367409, 0.001064066350317336351 ),
 .UNSPECIFIED. ) ;
#7801 = ORIENTED_EDGE ( 'NONE', *, *, #1775, .T. ) ;
#7802 = CARTESIAN_POINT ( 'NONE',  ( 16.67942746741109161, 7.479417570959293826, 0.000000000000000000 ) ) ;
#7803 = CARTESIAN_POINT ( 'NONE',  ( 30.22212687859719082, 7.395682438347418675, -31.02979724500745107 ) ) ;
#7804 = CARTESIAN_POINT ( 'NONE',  ( -28.02057253258906400, -4.520582429040413963, -32.78000000000000114 ) ) ;
#7805 = DIRECTION ( 'NONE',  ( -1.000000000000000000, 1.668003342285408067E-16, 0.000000000000000000 ) ) ;
#7806 = DIRECTION ( 'NONE',  ( 0.000000000000000000, -1.000000000000000000, -4.163336342344333240E-14 ) ) ;
#7807 = CARTESIAN_POINT ( 'NONE',  ( 32.97942746741108522, -4.520582429040437056, -24.88596169655731671 ) ) ;
#7808 = PLANE ( 'NONE',  #8857 ) ;
#7809 = CARTESIAN_POINT ( 'NONE',  ( -31.26965845134706612, 6.280378773161310768, -30.69999999999999574 ) ) ;
#7810 = CYLINDRICAL_SURFACE ( 'NONE', #7713, 8.750000000000000000 ) ;
#7811 = VERTEX_POINT ( 'NONE', #5693 ) ;
#7812 = ADVANCED_FACE ( 'NONE', ( #8608 ), #2808, .F. ) ;
#7813 = CARTESIAN_POINT ( 'NONE',  ( 30.82942746741107598, -2.520582429040421513, -23.69999999999999929 ) ) ;
#7814 = ADVANCED_FACE ( 'NONE', ( #1963 ), #1297, .T. ) ;
#7815 = CARTESIAN_POINT ( 'NONE',  ( 24.28124538675270117, 7.479417570959286721, -10.60347951972104852 ) ) ;
#7816 = CARTESIAN_POINT ( 'NONE',  ( -32.59460836019684393, 3.728639690954315355, -37.33170515302228409 ) ) ;
#7817 = CARTESIAN_POINT ( 'NONE',  ( -29.75665919596206166, 7.828012475364172218, -77.59999999999999432 ) ) ;
#7818 = DIRECTION ( 'NONE',  ( -2.017120320903265181E-16, -1.000000000000000000, 0.000000000000000000 ) ) ;
#7819 = ORIENTED_EDGE ( 'NONE', *, *, #7524, .T. ) ;
#7820 = CARTESIAN_POINT ( 'NONE',  ( 16.67942746741109161, 7.479417570959293826, -2.116312200464613547 ) ) ;
#7821 = ADVANCED_FACE ( 'NONE', ( #9454 ), #8717, .T. ) ;
#7822 = ORIENTED_EDGE ( 'NONE', *, *, #1374, .F. ) ;
#7823 = CARTESIAN_POINT ( 'NONE',  ( -30.26177599905172144, 7.396985864744586969, -8.229356565856004835 ) ) ;
#7824 = EDGE_LOOP ( 'NONE', ( #3620, #5610, #8961, #1572 ) ) ;
#7825 = CARTESIAN_POINT ( 'NONE',  ( -33.02057253258905689, 1.027832321093293810, -8.400000000000003908 ) ) ;
#7826 = FACE_OUTER_BOUND ( 'NONE', #3144, .T. ) ;
#7827 = CARTESIAN_POINT ( 'NONE',  ( -33.07590284261706870, -3.004778650784892147, -2.404720653320879808 ) ) ;
#7828 = CARTESIAN_POINT ( 'NONE',  ( 28.91756095069224486, 6.349417570959285051, -67.25848678849561679 ) ) ;
#7829 = EDGE_CURVE ( 'NONE', #4826, #3977, #5084, .T. ) ;
#7830 = CARTESIAN_POINT ( 'NONE',  ( 32.47942746741108522, -2.946429777430920716, -7.662019151721371379 ) ) ;
#7831 = ADVANCED_FACE ( 'NONE', ( #3580 ), #2321, .F. ) ;
#7832 = ORIENTED_EDGE ( 'NONE', *, *, #1729, .F. ) ;
#7833 = CARTESIAN_POINT ( 'NONE',  ( -28.72057253258904552, 8.209584760035346207, -28.55000000000000071 ) ) ;
#7834 = EDGE_LOOP ( 'NONE', ( #1589, #5417, #1837, #2904 ) ) ;
#7835 = CARTESIAN_POINT ( 'NONE',  ( 30.70400051660371332, 6.909397134599873702, -2.000000000000000000 ) ) ;
#7836 = CARTESIAN_POINT ( 'NONE',  ( 30.40835589102552206, 6.613369351305832033, -7.872268491158030734 ) ) ;
#7837 = CARTESIAN_POINT ( 'NONE',  ( 23.57952906010438809, 8.479417570959272510, -11.80702483863836427 ) ) ;
#7838 = CARTESIAN_POINT ( 'NONE',  ( 21.92611957056087846, 7.479417570959294714, -6.193783935678256469 ) ) ;
#7839 = CIRCLE ( 'NONE', #9564, 0.5000000000000004441 ) ;
#7840 = CARTESIAN_POINT ( 'NONE',  ( -16.70460797701997535, 7.479417570959686401, -2.000000000000001776 ) ) ;
#7841 = CARTESIAN_POINT ( 'NONE',  ( -25.93721987764634207, 7.652325828993758350, -36.30421072961172513 ) ) ;
#7842 = ORIENTED_EDGE ( 'NONE', *, *, #420, .F. ) ;
#7843 = ADVANCED_FACE ( 'NONE', ( #2856 ), #4101, .F. ) ;
#7844 = ORIENTED_EDGE ( 'NONE', *, *, #6843, .F. ) ;
#7845 = CARTESIAN_POINT ( 'NONE',  ( 28.79177966422756185, 8.446863878896383682, -29.90164051438826576 ) ) ;
#7846 = CIRCLE ( 'NONE', #563, 2.149999999999999023 ) ;
#7847 = DIRECTION ( 'NONE',  ( 1.000000000000000000, 0.000000000000000000, 0.000000000000000000 ) ) ;
#7848 = EDGE_CURVE ( 'NONE', #8602, #2470, #2367, .T. ) ;
#7849 = CARTESIAN_POINT ( 'NONE',  ( 32.47942746741107101, -2.970694777747377113, -30.42366913650898397 ) ) ;
#7850 = CARTESIAN_POINT ( 'NONE',  ( -29.56119102535033960, 5.221525003958406685, -34.18598418161012376 ) ) ;
#7851 = VECTOR ( 'NONE', #6409, 1000.000000000000000 ) ;
#7852 = CARTESIAN_POINT ( 'NONE',  ( 28.67942746741108806, -2.520582429040426842, -5.750000000000000888 ) ) ;
#7853 = DIRECTION ( 'NONE',  ( 0.000000000000000000, 0.000000000000000000, -1.000000000000000000 ) ) ;
#7854 = DIRECTION ( 'NONE',  ( -0.5833333333333110549, 0.000000000000000000, 0.8122328620674296173 ) ) ;
#7855 = DIRECTION ( 'NONE',  ( 9.893056628140383579E-61, 1.000000000000000000, -1.139256828920242272E-30 ) ) ;
#7856 = EDGE_LOOP ( 'NONE', ( #7832, #3002, #9459, #9268, #7249, #9183 ) ) ;
#7857 = FACE_OUTER_BOUND ( 'NONE', #8911, .T. ) ;
#7858 = CARTESIAN_POINT ( 'NONE',  ( 27.65415518793225402, 6.791427145822540368, -25.97107415256469309 ) ) ;
#7859 = FACE_OUTER_BOUND ( 'NONE', #5792, .T. ) ;
#7860 = VECTOR ( 'NONE', #2717, 1000.000000000000000 ) ;
#7861 = AXIS2_PLACEMENT_3D ( 'NONE', #7632, #9149, #2877 ) ;
#7862 = CARTESIAN_POINT ( 'NONE',  ( -29.77238823619374131, 7.817185735782290479, -33.57335380701525906 ) ) ;
#7863 = DIRECTION ( 'NONE',  ( -1.387778780781445922E-16, 1.000000000000000000, -0.000000000000000000 ) ) ;
#7864 = EDGE_CURVE ( 'NONE', #6573, #6211, #5846, .T. ) ;
#7865 = CARTESIAN_POINT ( 'NONE',  ( -32.74376994021352516, 3.225857770661364476, -77.57327333281885728 ) ) ;
#7866 = EDGE_CURVE ( 'NONE', #8392, #8600, #5793, .T. ) ;
#7867 = ADVANCED_FACE ( 'NONE', ( #8811 ), #9043, .F. ) ;
#7868 = ORIENTED_EDGE ( 'NONE', *, *, #2236, .T. ) ;
#7869 = VECTOR ( 'NONE', #1398, 1000.000000000000000 ) ;
#7870 = AXIS2_PLACEMENT_3D ( 'NONE', #944, #3173, #8312 ) ;
#7871 = CARTESIAN_POINT ( 'NONE',  ( 28.92467668846203921, 4.349417570959287715, -77.59999999999999432 ) ) ;
#7872 = EDGE_LOOP ( 'NONE', ( #5473, #637, #2866, #73, #2062 ) ) ;
#7873 = CARTESIAN_POINT ( 'NONE',  ( -25.02057253258904623, 7.479417570959293826, -20.17976369982613605 ) ) ;
#7874 = VERTEX_POINT ( 'NONE', #3219 ) ;
#7875 = AXIS2_PLACEMENT_3D ( 'NONE', #1725, #3853, #8267 ) ;
#7876 = AXIS2_PLACEMENT_3D ( 'NONE', #8316, #4531, #2898 ) ;
#7877 = AXIS2_PLACEMENT_3D ( 'NONE', #2753, #5596, #430 ) ;
#7878 = CARTESIAN_POINT ( 'NONE',  ( 30.45810915388703322, 5.236079598586718120, -78.93097808729179121 ) ) ;
#7879 = CARTESIAN_POINT ( 'NONE',  ( 33.97942746741107811, -4.520582429040427286, -2.075961696557269587 ) ) ;
#7880 = EDGE_CURVE ( 'NONE', #5608, #3830, #7584, .T. ) ;
#7881 = DIRECTION ( 'NONE',  ( 2.017120320903265181E-16, 1.000000000000000000, -0.000000000000000000 ) ) ;
#7882 = EDGE_LOOP ( 'NONE', ( #3344, #6581, #2573, #4881 ) ) ;
#7883 = DIRECTION ( 'NONE',  ( 1.000000000000000000, -3.336006684570776692E-16, 0.000000000000000000 ) ) ;
#7884 = VERTEX_POINT ( 'NONE', #7489 ) ;
#7885 = AXIS2_PLACEMENT_3D ( 'NONE', #1063, #6967, #349 ) ;
#7886 = AXIS2_PLACEMENT_3D ( 'NONE', #8499, #6986, #2143 ) ;
#7887 = CARTESIAN_POINT ( 'NONE',  ( -28.38863780339090681, -2.520582429040411299, -2.000000000000000000 ) ) ;
#7888 = B_SPLINE_CURVE_WITH_KNOTS ( 'NONE', 3,
 ( #5072, #828, #8042, #4389 ),
 .UNSPECIFIED., .F., .F.,
 ( 4, 4 ),
 ( 0.000000000000000000, 0.001424307111873101151 ),
 .UNSPECIFIED. ) ;
#7889 = ORIENTED_EDGE ( 'NONE', *, *, #7938, .T. ) ;
#7890 = VERTEX_POINT ( 'NONE', #3077 ) ;
#7891 = MANIFOLD_SOLID_BREP ( 'Cut-Extrude27', #6154 ) ;
#7892 = CARTESIAN_POINT ( 'NONE',  ( 23.76706905349032795, 8.479417570959270734, -17.06122342385724622 ) ) ;
#7893 = CIRCLE ( 'NONE', #945, 0.5000000000000000000 ) ;
#7894 = LINE ( 'NONE', #6289, #1561 ) ;
#7895 = CARTESIAN_POINT ( 'NONE',  ( -33.04834080477249358, -2.967674994879800909, -7.628445576488384283 ) ) ;
#7896 = CARTESIAN_POINT ( 'NONE',  ( -28.34993964011655976, 6.834641735410643903, -37.13585528062908736 ) ) ;
#7897 = ORIENTED_EDGE ( 'NONE', *, *, #8544, .T. ) ;
#7898 = ORIENTED_EDGE ( 'NONE', *, *, #5714, .F. ) ;
#7899 = AXIS2_PLACEMENT_3D ( 'NONE', #2066, #2851, #7240 ) ;
#7900 = CYLINDRICAL_SURFACE ( 'NONE', #8686, 8.750000000000000000 ) ;
#7901 = CARTESIAN_POINT ( 'NONE',  ( 28.90677317694777315, 8.379900181344607901, -30.06848713332879797 ) ) ;
#7902 = EDGE_CURVE ( 'NONE', #5991, #682, #2459, .T. ) ;
#7903 = CARTESIAN_POINT ( 'NONE',  ( -30.04166792609229475, 7.105424624089181407, -2.253059734085299137 ) ) ;
#7904 = CARTESIAN_POINT ( 'NONE',  ( 28.79262011024112411, 6.349417570959293933, -75.59999999999998010 ) ) ;
#7905 = CARTESIAN_POINT ( 'NONE',  ( 32.97942746741107811, 1.027832321093519186, -1.600000000000018074 ) ) ;
#7906 = ORIENTED_EDGE ( 'NONE', *, *, #3789, .F. ) ;
#7907 = CARTESIAN_POINT ( 'NONE',  ( 33.97942746741107811, -3.020582429040426398, -2.075961696557269587 ) ) ;
#7908 = CARTESIAN_POINT ( 'NONE',  ( -30.87057253258903700, 5.979163850806762603, -30.69999999999999929 ) ) ;
#7909 = DIRECTION ( 'NONE',  ( 0.000000000000000000, 0.000000000000000000, 1.000000000000000000 ) ) ;
#7910 = CARTESIAN_POINT ( 'NONE',  ( -21.05069219299620897, 7.479417570959294714, -76.59999999999998010 ) ) ;
#7911 = CARTESIAN_POINT ( 'NONE',  ( -30.87057253258905121, 9.481417570959296270, -23.69999999999999929 ) ) ;
#7912 = ORIENTED_EDGE ( 'NONE', *, *, #6560, .F. ) ;
#7913 = CARTESIAN_POINT ( 'NONE',  ( 29.44085947461878661, 5.318941725512801533, -34.06922975654425301 ) ) ;
#7914 = SECURITY_CLASSIFICATION_LEVEL ( 'unclassified' ) ;
#7915 = CARTESIAN_POINT ( 'NONE',  ( 29.32598487210865557, 5.453618630384047705, -24.05442627196266514 ) ) ;
#7916 = CARTESIAN_POINT ( 'NONE',  ( 30.97942746741106390, 1.505321755205609291, -23.69999999999999929 ) ) ;
#7917 = AXIS2_PLACEMENT_3D ( 'NONE', #4382, #3626, #9595 ) ;
#7918 =( BOUNDED_SURFACE ( )  B_SPLINE_SURFACE ( 3, 2, ( 
 ( #2865, #4880, #9323 ),
 ( #491, #1206, #581 ),
 ( #3450, #7798, #3403 ),
 ( #5804, #8768, #6342 ),
 ( #5607, #6387, #9367 ),
 ( #2718, #5651, #1259 ) ),
 .UNSPECIFIED., .F., .F., .T. ) 
 B_SPLINE_SURFACE_WITH_KNOTS ( ( 4, 2, 4 ),
 ( 3, 3 ),
 ( 0.000000000000000000, 0.0002862708336793814241, 0.0005725416673587628482 ),
 ( 0.000000000000000000, 1.000000000000000000 ),
 .UNSPECIFIED. ) 
 GEOMETRIC_REPRESENTATION_ITEM ( )  RATIONAL_B_SPLINE_SURFACE ( (
 ( 1.000000000000000000, 0.7071067811865464625, 1.000000000000000000),
 ( 1.000000000000000000, 0.6967925276981554727, 1.000000000000000000),
 ( 1.000000000000000000, 0.6903940771276934063, 1.000000000000000000),
 ( 1.000000000000000000, 0.6898198071407880549, 1.000000000000000000),
 ( 1.000000000000000000, 0.6957131915811654022, 1.000000000000000000),
 ( 1.000000000000000000, 0.7071067811865466846, 1.000000000000000000) ) ) 
 REPRESENTATION_ITEM ( '' )  SURFACE ( )  );
#7919 = AXIS2_PLACEMENT_3D ( 'NONE', #8239, #2334, #5317 ) ;
#7920 = CARTESIAN_POINT ( 'NONE',  ( -28.65620865646391024, 8.554743425252391731, -33.26564654733888915 ) ) ;
#7921 = CARTESIAN_POINT ( 'NONE',  ( -29.10250449992872390, 8.304685335212100838, -5.551115123125782702E-14 ) ) ;
#7922 = LINE ( 'NONE', #8016, #7851 ) ;
#7923 = CARTESIAN_POINT ( 'NONE',  ( -30.87057253258902989, 5.979163850806776814, -24.39999999999999858 ) ) ;
#7924 = LINE ( 'NONE', #6365, #7406 ) ;
#7925 = CARTESIAN_POINT ( 'NONE',  ( 33.04243847031784753, -3.520582429040427286, -7.574679434475272366 ) ) ;
#7926 = ORIENTED_EDGE ( 'NONE', *, *, #2724, .F. ) ;
#7927 = B_SPLINE_CURVE_WITH_KNOTS ( 'NONE', 3,
 ( #5480, #262, #1852, #9270, #9186, #6171, #1803, #7020, #9230, #6257, #1026, #4803, #4711, #7759 ),
 .UNSPECIFIED., .F., .F.,
 ( 4, 2, 2, 2, 2, 2, 4 ),
 ( 0.000000000000000000, 0.001064403558855781971, 0.002128807117711563942, 0.002661008897139454168, 0.003193210676567345262, 0.003725412455995236790, 0.004257614235423127884 ),
 .UNSPECIFIED. ) ;
#7928 = CARTESIAN_POINT ( 'NONE',  ( -30.87057253258903700, 10.01696613767509625, -28.54999999999999716 ) ) ;
#7929 = VERTEX_POINT ( 'NONE', #6179 ) ;
#7930 = CARTESIAN_POINT ( 'NONE',  ( 26.47942746741108166, 5.849417570959289492, -48.50000000000000711 ) ) ;
#7931 = DIRECTION ( 'NONE',  ( 1.000000000000000000, 0.000000000000000000, 0.000000000000000000 ) ) ;
#7932 = CARTESIAN_POINT ( 'NONE',  ( -25.46779903956126034, 9.469429839322746290, -32.95015315637485998 ) ) ;
#7933 = VERTEX_POINT ( 'NONE', #9148 ) ;
#7934 = CARTESIAN_POINT ( 'NONE',  ( 32.47942746741108522, -2.520582429040427286, -7.900000000000003908 ) ) ;
#7935 = ORIENTED_EDGE ( 'NONE', *, *, #6744, .F. ) ;
#7936 = CARTESIAN_POINT ( 'NONE',  ( 28.67942746741106674, 10.01696613767508381, -28.54999999999999716 ) ) ;
#7937 = ORIENTED_EDGE ( 'NONE', *, *, #1613, .T. ) ;
#7938 = EDGE_CURVE ( 'NONE', #7929, #4755, #612, .T. ) ;
#7939 = ORIENTED_EDGE ( 'NONE', *, *, #8187, .T. ) ;
#7940 = EDGE_CURVE ( 'NONE', #1132, #7884, #6799, .T. ) ;
#7941 = EDGE_CURVE ( 'NONE', #7874, #2083, #8364, .T. ) ;
#7942 = CARTESIAN_POINT ( 'NONE',  ( 23.46080306015106132, 8.479417570959272510, -11.35594574611364038 ) ) ;
#7943 = AXIS2_PLACEMENT_3D ( 'NONE', #5938, #2259, #3179 ) ;
#7944 = DIRECTION ( 'NONE',  ( -1.000000000000000000, 0.000000000000000000, -1.613696256722612145E-15 ) ) ;
#7945 = B_SPLINE_CURVE_WITH_KNOTS ( 'NONE', 3,
 ( #897, #3804, #3028, #2252, #3073, #2364, #9090, #168 ),
 .UNSPECIFIED., .F., .F.,
 ( 4, 2, 2, 4 ),
 ( 0.000000000000000000, 0.001323434573795940518, 0.002646869147591881036, 0.005293738295183769010 ),
 .UNSPECIFIED. ) ;
#7946 = CARTESIAN_POINT ( 'NONE',  ( -29.23573909526106007, 8.198989061708029880, -2.403773429470158263 ) ) ;
#7947 = DIRECTION ( 'NONE',  ( 1.000000000000000000, 0.000000000000000000, 0.000000000000000000 ) ) ;
#7948 = EDGE_LOOP ( 'NONE', ( #4006, #5368, #2316, #8244 ) ) ;
#7949 = EDGE_LOOP ( 'NONE', ( #4028, #5814, #916, #6236 ) ) ;
#7950 = CARTESIAN_POINT ( 'NONE',  ( 29.11938508719584107, 8.251874347134545928, -29.86802857954486967 ) ) ;
#7951 = FACE_OUTER_BOUND ( 'NONE', #4586, .T. ) ;
#7952 = FACE_OUTER_BOUND ( 'NONE', #6181, .T. ) ;
#7953 = DIRECTION ( 'NONE',  ( -1.000000000000000000, 0.000000000000000000, 0.000000000000000000 ) ) ;
#7954 = DIRECTION ( 'NONE',  ( 0.000000000000000000, 0.000000000000000000, 1.000000000000000000 ) ) ;
#7955 = ORIENTED_EDGE ( 'NONE', *, *, #3748, .F. ) ;
#7956 = CARTESIAN_POINT ( 'NONE',  ( 33.04243847031581538, -3.520582429040426398, -2.425320565519292870 ) ) ;
#7957 = CARTESIAN_POINT ( 'NONE',  ( -32.67738813743704895, 3.456363420285030408, -77.52189170393783968 ) ) ;
#7958 = FACE_OUTER_BOUND ( 'NONE', #9049, .T. ) ;
#7959 = CARTESIAN_POINT ( 'NONE',  ( -25.02151970029152395, 7.479417570959286721, -76.59999999999998010 ) ) ;
#7960 = ADVANCED_FACE ( 'NONE', ( #3131 ), #2171, .F. ) ;
#7961 = DIRECTION ( 'NONE',  ( 1.000000000000000000, -0.000000000000000000, -0.000000000000000000 ) ) ;
#7962 = VERTEX_POINT ( 'NONE', #6084 ) ;
#7963 = CARTESIAN_POINT ( 'NONE',  ( 29.38687697008773370, 5.394239940807159073, -2.000000000000001776 ) ) ;
#7964 = CARTESIAN_POINT ( 'NONE',  ( 27.47942746741109232, 6.882466451305258026, -27.04999999999999005 ) ) ;
#7965 = DIRECTION ( 'NONE',  ( 0.000000000000000000, 0.000000000000000000, -1.000000000000000000 ) ) ;
#7966 = DIRECTION ( 'NONE',  ( 1.000000000000000000, -2.017120320903264935E-16, 0.000000000000000000 ) ) ;
#7967 = CARTESIAN_POINT ( 'NONE',  ( -25.02057249859225507, 9.479417570959290273, -32.94706763282823658 ) ) ;
#7968 = CARTESIAN_POINT ( 'NONE',  ( 27.97942746741108522, -2.520582429040405525, -32.78000000000000114 ) ) ;
#7969 = CARTESIAN_POINT ( 'NONE',  ( 26.67942746741109517, -6.520582429040413963, -29.95157287525380951 ) ) ;
#7970 = DIRECTION ( 'NONE',  ( 0.000000000000000000, 0.000000000000000000, 1.000000000000000000 ) ) ;
#7971 = DIRECTION ( 'NONE',  ( -1.000000000000000000, 2.017120320903265181E-16, -1.613696256722612145E-15 ) ) ;
#7972 = ORIENTED_EDGE ( 'NONE', *, *, #6509, .F. ) ;
#7973 = CYLINDRICAL_SURFACE ( 'NONE', #7692, 0.5000000000000004441 ) ;
#7974 =( BOUNDED_SURFACE ( )  B_SPLINE_SURFACE ( 3, 2, ( 
 ( #6519, #8756, #4972 ),
 ( #5113, #622, #7978 ),
 ( #5163, #9594, #6467 ),
 ( #567, #2998, #2218 ),
 ( #1446, #2115, #2068 ),
 ( #2805, #4381, #8030 ),
 ( #3666, #666, #9497 ),
 ( #5790, #1395, #8131 ),
 ( #7347, #4431, #4333 ),
 ( #7300, #3625, #7387 ),
 ( #6566, #763, #910 ),
 ( #8377, #6759, #8278 ),
 ( #5311, #7538, #3869 ),
 ( #866, #6900, #9053 ),
 ( #6138, #1738, #9105 ),
 ( #8177, #7641, #1538 ),
 ( #3141, #8324, #4539 ),
 ( #8230, #6192, #5209 ),
 ( #2376, #3090, #3815 ),
 ( #6808, #2265, #3184 ),
 ( #4686, #6045, #7596 ),
 ( #184, #3230, #820 ),
 ( #1638, #76, #124 ),
 ( #4489, #1002, #278 ),
 ( #4585, #7448, #3771 ),
 ( #8955, #7497, #3913 ),
 ( #232, #2422, #6858 ),
 ( #2468, #4633, #9008 ) ),
 .UNSPECIFIED., .F., .F., .T. ) 
 B_SPLINE_SURFACE_WITH_KNOTS ( ( 4, 2, 2, 2, 2, 2, 2, 2, 2, 2, 2, 2, 2, 4 ),
 ( 3, 3 ),
 ( 0.000000000000000000, 0.001091469922537325254, 0.001364337403171656405, 0.001500771143488822089, 0.001637204883805987773, 0.002182939845074650508, 0.002455807325708981442, 0.002728674806343312810, 0.003274409767611975546, 0.004365879690149301016, 0.005457349612686625620, 0.006548819535223951091, 0.007640289457761276562, 0.008731759380298602033 ),
 ( 0.000000000000000000, 1.000000000000000000 ),
 .UNSPECIFIED. ) 
 GEOMETRIC_REPRESENTATION_ITEM ( )  RATIONAL_B_SPLINE_SURFACE ( (
 ( 1.000000000000000000, 0.8811518435709997377, 1.000000000000000000),
 ( 1.000000000000000000, 0.8810954259989114412, 1.000000000000000000),
 ( 1.000000000000000000, 0.8809819739716123754, 1.000000000000000000),
 ( 1.000000000000000000, 0.8800351870764350215, 1.000000000000000000),
 ( 1.000000000000000000, 0.8798092011541028823, 1.000000000000000000),
 ( 1.000000000000000000, 0.8794405125844977356, 1.000000000000000000),
 ( 1.000000000000000000, 0.8793127671125667844, 1.000000000000000000),
 ( 1.000000000000000000, 0.8790522833304582617, 1.000000000000000000),
 ( 1.000000000000000000, 0.8788516112018067705, 1.000000000000000000),
 ( 1.000000000000000000, 0.8779445777035768117, 1.000000000000000000),
 ( 1.000000000000000000, 0.8773146297873661847, 1.000000000000000000),
 ( 1.000000000000000000, 0.8757216200880713064, 1.000000000000000000),
 ( 1.000000000000000000, 0.8749952102707244661, 1.000000000000000000),
 ( 1.000000000000000000, 0.8737296150445655885, 1.000000000000000000),
 ( 1.000000000000000000, 0.8730021972430369592, 1.000000000000000000),
 ( 1.000000000000000000, 0.8705863258115874581, 1.000000000000000000),
 ( 1.000000000000000000, 0.8686565578509043428, 1.000000000000000000),
 ( 1.000000000000000000, 0.8624779826430577501, 1.000000000000000000),
 ( 1.000000000000000000, 0.8572618859815136494, 1.000000000000000000),
 ( 1.000000000000000000, 0.8455770092843141184, 1.000000000000000000),
 ( 1.000000000000000000, 0.8393534361928486343, 1.000000000000000000),
 ( 1.000000000000000000, 0.8269097075827017695, 1.000000000000000000),
 ( 1.000000000000000000, 0.8209685755872297985, 1.000000000000000000),
 ( 1.000000000000000000, 0.8105734080681452625, 1.000000000000000000),
 ( 1.000000000000000000, 0.8064551334491683043, 1.000000000000000000),
 ( 1.000000000000000000, 0.8006370045195532192, 1.000000000000000000),
 ( 1.000000000000000000, 0.7990043837617788469, 1.000000000000000000),
 ( 1.000000000000000000, 0.7990226467931502707, 1.000000000000000000) ) ) 
 REPRESENTATION_ITEM ( '' )  SURFACE ( )  );
#7975 = ORIENTED_EDGE ( 'NONE', *, *, #3498, .T. ) ;
#7976 = CARTESIAN_POINT ( 'NONE',  ( -28.96579195171071319, 4.349417570959300150, -77.59999999999999432 ) ) ;
#7977 = FACE_OUTER_BOUND ( 'NONE', #1301, .T. ) ;
#7978 = CARTESIAN_POINT ( 'NONE',  ( 25.34853540722116350, 7.690846141188896645, -36.28017184343615753 ) ) ;
#7979 = FACE_OUTER_BOUND ( 'NONE', #399, .T. ) ;
#7980 = ORIENTED_EDGE ( 'NONE', *, *, #7585, .F. ) ;
#7981 = CC_DESIGN_PERSON_AND_ORGANIZATION_ASSIGNMENT ( #4364, #9482, ( #3317 ) ) ;
#7982 = DIRECTION ( 'NONE',  ( 1.000000000000000000, 0.000000000000000000, 0.000000000000000000 ) ) ;
#7983 = EDGE_LOOP ( 'NONE', ( #5900, #9259, #4582, #1102 ) ) ;
#7984 = CARTESIAN_POINT ( 'NONE',  ( 32.72169145396617296, 3.154947633229753023, -77.60000000000002274 ) ) ;
#7985 = ORIENTED_EDGE ( 'NONE', *, *, #1891, .T. ) ;
#7986 = ORIENTED_EDGE ( 'NONE', *, *, #9470, .F. ) ;
#7987 = CARTESIAN_POINT ( 'NONE',  ( 23.05164560775677529, 7.479417570959292938, -21.93020817186600624 ) ) ;
#7988 = LINE ( 'NONE', #6384, #166 ) ;
#7989 = EDGE_CURVE ( 'NONE', #6976, #6368, #8038, .T. ) ;
#7990 = PLANE ( 'NONE',  #8186 ) ;
#7992 = EDGE_CURVE ( 'NONE', #8777, #8693, #4316, .T. ) ;
#7991 = CARTESIAN_POINT ( 'NONE',  ( -27.25546301393490367, 7.361216618280079338, -36.53202131737694458 ) ) ;
#7993 = ORIENTED_EDGE ( 'NONE', *, *, #1178, .F. ) ;
#7994 = ORIENTED_EDGE ( 'NONE', *, *, #8649, .F. ) ;
#7995 = CARTESIAN_POINT ( 'NONE',  ( -31.02057253258906400, -2.520582429040413963, -79.59999999999999432 ) ) ;
#7996 = CARTESIAN_POINT ( 'NONE',  ( 28.77423078043654314, 8.149120893085079587, -29.20255026556669264 ) ) ;
#7997 = CARTESIAN_POINT ( 'NONE',  ( -28.72057253258905973, 8.209584760035333773, -4.071117867821786973 ) ) ;
#7998 = FACE_OUTER_BOUND ( 'NONE', #3747, .T. ) ;
#7999 = CARTESIAN_POINT ( 'NONE',  ( -33.02057253258905689, 1.501125943297827225, -1.599999999999990319 ) ) ;
#8000 = ORIENTED_EDGE ( 'NONE', *, *, #4560, .F. ) ;
#8001 = EDGE_CURVE ( 'NONE', #3443, #682, #773, .T. ) ;
#8002 = DIRECTION ( 'NONE',  ( -2.017120320903265181E-16, -1.000000000000000000, 0.000000000000000000 ) ) ;
#8003 = CARTESIAN_POINT ( 'NONE',  ( 29.17942746741106319, -3.020582429040425509, -27.04999999999999361 ) ) ;
#8004 = CARTESIAN_POINT ( 'NONE',  ( 31.09845359524975805, 5.622746347180989090, -24.89999999999999858 ) ) ;
#8005 = CARTESIAN_POINT ( 'NONE',  ( -25.18509333585857846, 7.477120709896413864, -76.60000000000000853 ) ) ;
#8006 = CIRCLE ( 'NONE', #5998, 8.750000000000000000 ) ;
#8007 = DIRECTION ( 'NONE',  ( -2.017120320903265181E-16, -1.000000000000000000, 0.000000000000000000 ) ) ;
#8008 = EDGE_LOOP ( 'NONE', ( #1058, #77, #4603, #3105 ) ) ;
#8009 = CARTESIAN_POINT ( 'NONE',  ( 26.47942746741107811, 5.849417570959289492, -66.00000000000000000 ) ) ;
#8010 = COORDINATED_UNIVERSAL_TIME_OFFSET ( 1, 0, .AHEAD. ) ;
#8011 = FACE_OUTER_BOUND ( 'NONE', #7151, .T. ) ;
#8012 = CARTESIAN_POINT ( 'NONE',  ( -32.52057253258906400, -2.949466044545183241, -25.14298084827865054 ) ) ;
#8013 = AXIS2_PLACEMENT_3D ( 'NONE', #5421, #8396, #8854 ) ;
#8014 = CARTESIAN_POINT ( 'NONE',  ( -25.75157740888106872, 7.659703530420877371, -36.30107054901927199 ) ) ;
#8015 = CARTESIAN_POINT ( 'NONE',  ( 32.19919366652358406, 4.674857385139548072, -1.600000000000004086 ) ) ;
#8016 = CARTESIAN_POINT ( 'NONE',  ( 24.97942746741094311, 9.479417570959293826, 0.000000000000000000 ) ) ;
#8017 = CARTESIAN_POINT ( 'NONE',  ( 32.94642311390803258, 1.848899175479695511, -24.40000000000002345 ) ) ;
#8018 = CYLINDRICAL_SURFACE ( 'NONE', #9199, 0.5000000000000004441 ) ;
#8019 = CIRCLE ( 'NONE', #912, 0.5000000000000004441 ) ;
#8020 = CIRCLE ( 'NONE', #4292, 0.5000000000000004441 ) ;
#8021 = ORIENTED_EDGE ( 'NONE', *, *, #5746, .F. ) ;
#8022 = CARTESIAN_POINT ( 'NONE',  ( -29.74702143759767026, 7.402174249843768372, -7.587899507192277682 ) ) ;
#8023 = CARTESIAN_POINT ( 'NONE',  ( 33.10442746741108522, -3.520582429040425065, -26.10431098965843333 ) ) ;
#8024 = VERTEX_POINT ( 'NONE', #223 ) ;
#8025 = B_SPLINE_CURVE_WITH_KNOTS ( 'NONE', 3,
 ( #6055, #2479, #3824, #4591, #4549, #9017, #7548, #3150, #3190, #7503, #1009, #9060, #2431, #6145, #5413, #9112, #1695, #5217, #1747, #8385, #3963, #286, #5955, #8916, #8190, #1550, #7459, #827, #3778, #6720, #87, #3048, #6002 ),
 .UNSPECIFIED., .F., .F.,
 ( 4, 2, 2, 1, 1, 2, 2, 1, 2, 2, 1, 2, 2, 1, 2, 2, 2, 2, 4 ),
 ( 0.000000000000000000, 0.06250000000000044409, 0.1250000000000008882, 0.1875000000000013323, 0.2187500000000014988, 0.2343750000000015821, 0.2500000000000016653, 0.3125000000000025535, 0.3437500000000026645, 0.3750000000000027756, 0.4375000000000029421, 0.4687500000000030531, 0.5000000000000031086, 0.5625000000000035527, 0.5937500000000037748, 0.6250000000000039968, 0.7500000000000026645, 0.8750000000000013323, 1.000000000000000000 ),
 .UNSPECIFIED. ) ;
#8026 = CARTESIAN_POINT ( 'NONE',  ( -29.22057253258904197, -3.020582429040414407, -28.54999999999999716 ) ) ;
#8027 = CARTESIAN_POINT ( 'NONE',  ( -30.38393735423964870, 3.899558165265985199, -76.59999999999998010 ) ) ;
#8028 = CARTESIAN_POINT ( 'NONE',  ( -30.52677895628019655, 3.642716336119912413, -9.095527078673482535 ) ) ;
#8029 = AXIS2_PLACEMENT_3D ( 'NONE', #181, #1681, #2319 ) ;
#8030 = CARTESIAN_POINT ( 'NONE',  ( 26.34414050691380638, 7.572888720747475766, -36.36255892454977356 ) ) ;
#8031 = DIRECTION ( 'NONE',  ( 3.227392513445213640E-15, -6.510039022401403803E-31, 1.000000000000000000 ) ) ;
#8032 = ORIENTED_EDGE ( 'NONE', *, *, #2834, .F. ) ;
#8033 = CARTESIAN_POINT ( 'NONE',  ( -30.87057253258904055, -2.520582429040413963, -30.19999999999999929 ) ) ;
#8034 = ORIENTED_EDGE ( 'NONE', *, *, #1900, .T. ) ;
#8035 = LINE ( 'NONE', #6471, #9355 ) ;
#8036 = EDGE_LOOP ( 'NONE', ( #7740, #1884, #6169, #4061 ) ) ;
#8037 = ORIENTED_EDGE ( 'NONE', *, *, #7095, .T. ) ;
#8038 = CIRCLE ( 'NONE', #8817, 0.5000000000000000000 ) ;
#8039 = VECTOR ( 'NONE', #6068, 1000.000000000000000 ) ;
#8040 = CARTESIAN_POINT ( 'NONE',  ( 24.66045390012223848, 7.479417570959292050, -17.72477065554164000 ) ) ;
#8041 = ADVANCED_FACE ( 'NONE', ( #114 ), #6036, .T. ) ;
#8042 = CARTESIAN_POINT ( 'NONE',  ( -30.97059297245531795, 1.977387324636321830, -23.69999999999999929 ) ) ;
#8043 = AXIS2_PLACEMENT_3D ( 'NONE', #2977, #8738, #2092 ) ;
#8044 = AXIS2_PLACEMENT_3D ( 'NONE', #453, #4890, #3417 ) ;
#8045 = CARTESIAN_POINT ( 'NONE',  ( -25.02057253258906044, 9.479417570959290273, -20.17976369982611828 ) ) ;
#8046 = CARTESIAN_POINT ( 'NONE',  ( -28.72057253258903842, 8.209584760035346207, -27.05000000000000071 ) ) ;
#8047 = ORIENTED_EDGE ( 'NONE', *, *, #3624, .F. ) ;
#8048 = ORIENTED_EDGE ( 'NONE', *, *, #8638, .T. ) ;
#8049 = CARTESIAN_POINT ( 'NONE',  ( -28.70852069049800548, 8.517106412909866364, -25.93121960970060513 ) ) ;
#8050 = TOROIDAL_SURFACE ( 'NONE', #7429, 1.649999999999999467, 0.5000000000000000000 ) ;
#8051 = EDGE_CURVE ( 'NONE', #4701, #9338, #6635, .T. ) ;
#8052 = CARTESIAN_POINT ( 'NONE',  ( 29.51784690302676850, 5.225289672650388795, -31.63441560440823253 ) ) ;
#8053 = ADVANCED_FACE ( 'NONE', ( #7072 ), #7124, .T. ) ;
#8054 = DIRECTION ( 'NONE',  ( 2.017120320903265181E-16, 1.000000000000000000, -0.000000000000000000 ) ) ;
#8055 = CARTESIAN_POINT ( 'NONE',  ( -28.25872327821445040, 6.454878180332155324, -33.15593996631174178 ) ) ;
#8056 = ORIENTED_EDGE ( 'NONE', *, *, #1404, .T. ) ;
#8057 = CARTESIAN_POINT ( 'NONE',  ( -33.02057253258905689, 1.027832321093293810, -24.40000000000000568 ) ) ;
#8058 = CARTESIAN_POINT ( 'NONE',  ( 28.72942746741108166, 6.849417570959293933, -48.50000000000001421 ) ) ;
#8059 = FACE_OUTER_BOUND ( 'NONE', #1383, .T. ) ;
#8060 = VECTOR ( 'NONE', #6339, 1000.000000000000000 ) ;
#8061 = CIRCLE ( 'NONE', #167, 0.5000000000000001110 ) ;
#8062 = CARTESIAN_POINT ( 'NONE',  ( -26.97454176017111038, 7.131471007947441265, -76.59999999999998010 ) ) ;
#8063 = DIRECTION ( 'NONE',  ( 0.000000000000000000, 0.000000000000000000, 1.000000000000000000 ) ) ;
#8064 = ORIENTED_EDGE ( 'NONE', *, *, #6574, .F. ) ;
#8065 = CARTESIAN_POINT ( 'NONE',  ( 28.96500438232359897, 5.839738734574557277, -33.55936764973402830 ) ) ;
#8066 = DIRECTION ( 'NONE',  ( -1.000000000000000000, 0.000000000000000000, 0.000000000000000000 ) ) ;
#8067 = ADVANCED_FACE ( 'NONE', ( #4718 ), #3648, .T. ) ;
#8068 = ADVANCED_FACE ( 'NONE', ( #1172 ), #5405, .T. ) ;
#8069 = CARTESIAN_POINT ( 'NONE',  ( 32.47942746741107101, -2.946429777430922936, -2.337980848278633061 ) ) ;
#8070 = AXIS2_PLACEMENT_3D ( 'NONE', #6436, #9329, #445 ) ;
#8071 = CARTESIAN_POINT ( 'NONE',  ( -28.96423359321414992, 8.377004169260207078, -33.33404898039512432 ) ) ;
#8072 = DIRECTION ( 'NONE',  ( 0.000000000000000000, 0.000000000000000000, 1.000000000000000000 ) ) ;
#8073 = CARTESIAN_POINT ( 'NONE',  ( 31.51310795919650687, 5.903335493858296701, -24.39999999999999858 ) ) ;
#8074 = TOROIDAL_SURFACE ( 'NONE', #5736, 1.500000000000000000, 0.5000000000000000000 ) ;
#8075 = CARTESIAN_POINT ( 'NONE',  ( 16.27014175312538669, 8.479417570959274286, -26.75128152814001936 ) ) ;
#8076 = ORIENTED_EDGE ( 'NONE', *, *, #3943, .T. ) ;
#8077 = CARTESIAN_POINT ( 'NONE',  ( -28.87286234064783486, 8.112056370301456099, -6.560839309980998735 ) ) ;
#8078 = CARTESIAN_POINT ( 'NONE',  ( -32.52057253258906400, 1.027832321093293810, -31.19999999999999929 ) ) ;
#8079 = ORIENTED_EDGE ( 'NONE', *, *, #7238, .F. ) ;
#8080 = DIRECTION ( 'NONE',  ( 0.000000000000000000, 0.000000000000000000, 1.000000000000000000 ) ) ;
#8081 = CIRCLE ( 'NONE', #7456, 1.199999999999999734 ) ;
#8082 = CARTESIAN_POINT ( 'NONE',  ( -30.45583259369898599, 3.740676578846345190, -76.59999999999897113 ) ) ;
#8083 = CARTESIAN_POINT ( 'NONE',  ( -27.87240543888903588, 6.691881295550056841, -7.252278918189479562 ) ) ;
#8084 = CARTESIAN_POINT ( 'NONE',  ( -25.02057253258906044, 9.479417570959293826, -32.94706763283064532 ) ) ;
#8085 = CARTESIAN_POINT ( 'NONE',  ( 26.47942746741108166, 6.849417570959293933, -46.25000000000001421 ) ) ;
#8086 = EDGE_LOOP ( 'NONE', ( #1557, #43, #3570, #7011 ) ) ;
#8087 = CARTESIAN_POINT ( 'NONE',  ( 30.00062494134727586, 7.105473507966078905, -30.54697615444201020 ) ) ;
#8088 = ORIENTED_EDGE ( 'NONE', *, *, #1016, .F. ) ;
#8089 = CARTESIAN_POINT ( 'NONE',  ( -32.52057253258905689, 1.027832321093293810, -7.900000000000003908 ) ) ;
#8090 = ADVANCED_FACE ( 'NONE', ( #4170 ), #3709, .T. ) ;
#8091 = EDGE_LOOP ( 'NONE', ( #8924, #9402, #2955, #1236 ) ) ;
#8092 = ORIENTED_EDGE ( 'NONE', *, *, #7941, .T. ) ;
#8093 = EDGE_CURVE ( 'NONE', #5865, #35, #4929, .T. ) ;
#8094 = B_SPLINE_CURVE_WITH_KNOTS ( 'NONE', 3,
 ( #8069, #4472, #7432, #8215, #3812, #7659 ),
 .UNSPECIFIED., .F., .F.,
 ( 4, 2, 4 ),
 ( 0.000000000000000000, 0.0001477504382166044017, 0.0002955008764332088035 ),
 .UNSPECIFIED. ) ;
#8095 = CARTESIAN_POINT ( 'NONE',  ( 23.60139918686681071, 7.479417570959292938, -20.88631207392172939 ) ) ;
#8096 = CARTESIAN_POINT ( 'NONE',  ( 24.47087030012609432, 7.479417570959295603, -11.24541372836591968 ) ) ;
#8097 = DIRECTION ( 'NONE',  ( 0.000000000000000000, 0.000000000000000000, 1.000000000000000000 ) ) ;
#8098 = CARTESIAN_POINT ( 'NONE',  ( -30.76415933193321095, 6.903207478980286638, -24.86085192977483516 ) ) ;
#8099 = ORIENTED_EDGE ( 'NONE', *, *, #418, .F. ) ;
#8100 = CARTESIAN_POINT ( 'NONE',  ( -30.50968344014649958, 6.006708214198133611, -76.43803935529305704 ) ) ;
#8101 = EDGE_LOOP ( 'NONE', ( #6073, #284, #5567, #7206, #4031, #2089 ) ) ;
#8102 = CARTESIAN_POINT ( 'NONE',  ( -33.43723919925574251, 4.333328095299691540, -7.111805441375310899 ) ) ;
#8103 = DIRECTION ( 'NONE',  ( 1.000000000000000000, 0.000000000000000000, 0.000000000000000000 ) ) ;
#8104 = CARTESIAN_POINT ( 'NONE',  ( 30.48537972265873108, 3.644241513889676654, -31.89570464807189154 ) ) ;
#8105 = FACE_OUTER_BOUND ( 'NONE', #8679, .T. ) ;
#8106 = DIRECTION ( 'NONE',  ( 1.000000000000000000, -3.336006684570821065E-16, 0.000000000000000000 ) ) ;
#8107 = EDGE_LOOP ( 'NONE', ( #4709, #1492, #5445, #339, #9181, #950, #4517, #2117, #7454, #8034, #5167, #6783, #8183, #2291, #3539, #6093, #6304, #5466 ) ) ;
#8108 = CIRCLE ( 'NONE', #3929, 0.5000000000000008882 ) ;
#8109 = CYLINDRICAL_SURFACE ( 'NONE', #7241, 3.349999999999988542 ) ;
#8110 = DIRECTION ( 'NONE',  ( -1.000000000000000000, 2.017120320903265181E-16, 1.613696256722612145E-15 ) ) ;
#8111 = CARTESIAN_POINT ( 'NONE',  ( 27.47942746741109943, 6.882466451305250921, -28.86652116320142270 ) ) ;
#8112 = CARTESIAN_POINT ( 'NONE',  ( -27.86704973986066491, 6.705245437550821030, -76.59999999999996589 ) ) ;
#8113 = CARTESIAN_POINT ( 'NONE',  ( -29.38789232927465989, 8.099141605704740954, -30.12175023131361229 ) ) ;
#8114 = ORIENTED_EDGE ( 'NONE', *, *, #8134, .F. ) ;
#8115 = CARTESIAN_POINT ( 'NONE',  ( 28.48422845636637035, 6.249074460299884670, -33.27817592401456182 ) ) ;
#8116 = APPROVAL_DATE_TIME ( #2053, #4240 ) ;
#8117 = DIRECTION ( 'NONE',  ( 2.017120320903265181E-16, 1.000000000000000000, -0.000000000000000000 ) ) ;
#8118 = B_SPLINE_CURVE_WITH_KNOTS ( 'NONE', 3,
 ( #6780, #5005, #8301, #5049, #1509, #6454, #3059, #7419, #3743, #9436, #791, #6689, #1564 ),
 .UNSPECIFIED., .F., .F.,
 ( 4, 2, 1, 2, 2, 2, 4 ),
 ( -5.999999999912320966E-08, 0.0003492088255505590606, 0.0006984776511011172228, 0.001397015302202231487, 0.002794090604404457414, 0.004191165906606683124, 0.005588241208808909267 ),
 .UNSPECIFIED. ) ;
#8119 = CARTESIAN_POINT ( 'NONE',  ( -33.02057253258905689, 1.027832321093293810, -79.59999999999999432 ) ) ;
#8120 = DIRECTION ( 'NONE',  ( 1.000000000000000000, 0.000000000000000000, 0.000000000000000000 ) ) ;
#8121 = DIRECTION ( 'NONE',  ( 1.000000000000000000, 1.250608365883192617E-15, -0.000000000000000000 ) ) ;
#8122 = EDGE_CURVE ( 'NONE', #9193, #3914, #2551, .T. ) ;
#8123 = EDGE_CURVE ( 'NONE', #4436, #373, #6035, .T. ) ;
#8124 = DIRECTION ( 'NONE',  ( 1.387778780781445922E-16, -1.000000000000000000, 0.000000000000000000 ) ) ;
#8125 = VERTEX_POINT ( 'NONE', #6936 ) ;
#8126 = CARTESIAN_POINT ( 'NONE',  ( -31.02057253258904979, -2.520582429040393979, -32.78000000000000114 ) ) ;
#8127 = CARTESIAN_POINT ( 'NONE',  ( -33.06179111377702640, -3.520582429040436612, -30.44180769846084544 ) ) ;
#8128 = ORIENTED_EDGE ( 'NONE', *, *, #9142, .F. ) ;
#8129 = DIRECTION ( 'NONE',  ( -1.000000000000000000, 2.017120320903265181E-16, 1.613696256722612145E-15 ) ) ;
#8130 = CARTESIAN_POINT ( 'NONE',  ( -32.52057253258905689, 1.027832321093293810, -30.69999999999999929 ) ) ;
#8131 = CARTESIAN_POINT ( 'NONE',  ( 26.46431443967458108, 7.550412590840251070, -36.37923546870122493 ) ) ;
#8132 = CARTESIAN_POINT ( 'NONE',  ( 31.87942746741113353, -3.520582429040425065, -5.000000000000004441 ) ) ;
#8133 = VERTEX_POINT ( 'NONE', #325 ) ;
#8134 = EDGE_CURVE ( 'NONE', #9248, #312, #6988, .T. ) ;
#8135 = ORIENTED_EDGE ( 'NONE', *, *, #9224, .F. ) ;
#8136 = CARTESIAN_POINT ( 'NONE',  ( -27.54087128307441645, 6.872605847087134734, -3.826051785513132408 ) ) ;
#8137 = ORIENTED_EDGE ( 'NONE', *, *, #7158, .F. ) ;
#8138 = VERTEX_POINT ( 'NONE', #4764 ) ;
#8139 = CARTESIAN_POINT ( 'NONE',  ( 19.00811732060875059, 7.479417570959294714, -26.34292021475574330 ) ) ;
#8140 = CARTESIAN_POINT ( 'NONE',  ( 24.75396286408581048, 7.479417570959293826, -17.22737630517637442 ) ) ;
#8141 = CARTESIAN_POINT ( 'NONE',  ( 0.000000000000000000, -6.520582429040413963, 0.000000000000000000 ) ) ;
#8142 = CARTESIAN_POINT ( 'NONE',  ( -26.49567352680556453, 9.334219255910909396, -17.22883345427089452 ) ) ;
#8143 = ORIENTED_EDGE ( 'NONE', *, *, #2794, .F. ) ;
#8144 = CARTESIAN_POINT ( 'NONE',  ( -31.88423091200940362, 4.972144126399864916, -77.12531309122336154 ) ) ;
#8145 = ORIENTED_EDGE ( 'NONE', *, *, #6416, .F. ) ;
#8146 = DIRECTION ( 'NONE',  ( 1.613696256722612145E-15, -3.255019511200713287E-31, 1.000000000000000000 ) ) ;
#8147 = DIRECTION ( 'NONE',  ( -2.017120320903265428E-16, -1.000000000000000000, 0.000000000000000000 ) ) ;
#8148 = DIRECTION ( 'NONE',  ( -1.000000000000000000, 2.017120320903265181E-16, 0.000000000000000000 ) ) ;
#8149 = CARTESIAN_POINT ( 'NONE',  ( 28.67942746741109517, -6.520582429040413075, -29.95157287525381307 ) ) ;
#8150 = DIRECTION ( 'NONE',  ( 0.000000000000000000, -1.000000000000000000, 0.000000000000000000 ) ) ;
#8151 = EDGE_LOOP ( 'NONE', ( #2825, #2812, #6813, #2435 ) ) ;
#8152 = CARTESIAN_POINT ( 'NONE',  ( -31.13957752104791510, 5.622753543739575477, -7.900000000000000355 ) ) ;
#8153 = CARTESIAN_POINT ( 'NONE',  ( -32.58273260360285661, -3.020582429040413963, -25.36070469571011188 ) ) ;
#8154 = ORIENTED_EDGE ( 'NONE', *, *, #5764, .F. ) ;
#8155 = CARTESIAN_POINT ( 'NONE',  ( -30.89071278238821350, 2.390136895792248861, -2.000000000000085265 ) ) ;
#8156 = CARTESIAN_POINT ( 'NONE',  ( -29.51237463873361477, 8.011138957464561727, -30.23102237210981968 ) ) ;
#8157 = ORIENTED_EDGE ( 'NONE', *, *, #3498, .F. ) ;
#8158 = CARTESIAN_POINT ( 'NONE',  ( 24.96244179694113541, 7.479417570959289385, -2.000000000000043521 ) ) ;
#8159 = CARTESIAN_POINT ( 'NONE',  ( -31.02057253258906400, 1.027832321093304024, -77.59999999999999432 ) ) ;
#8160 = EDGE_CURVE ( 'NONE', #8567, #6291, #366, .T. ) ;
#8161 = EDGE_CURVE ( 'NONE', #9547, #3784, #3096, .T. ) ;
#8162 = CARTESIAN_POINT ( 'NONE',  ( 31.36736240758728655, 5.266483861234465991, -30.69999999999999929 ) ) ;
#8163 = CIRCLE ( 'NONE', #7541, 1.000000000000000888 ) ;
#8164 = DIRECTION ( 'NONE',  ( -1.301042606982603940E-15, 1.000000000000000000, 1.805559322863031650E-29 ) ) ;
#8165 = DIRECTION ( 'NONE',  ( 1.000000000000000000, 0.000000000000000000, 0.000000000000000000 ) ) ;
#8166 = DIRECTION ( 'NONE',  ( -1.250608365883192814E-15, 1.000000000000000000, 0.000000000000000000 ) ) ;
#8167 = LINE ( 'NONE', #8897, #1209 ) ;
#8168 = DIRECTION ( 'NONE',  ( -1.000000000000000000, -1.250608365883192617E-15, 0.000000000000000000 ) ) ;
#8169 = DIRECTION ( 'NONE',  ( 0.000000000000000000, 0.000000000000000000, 1.000000000000000000 ) ) ;
#8170 = CARTESIAN_POINT ( 'NONE',  ( 30.85417578063730559, 5.804118969804096473, -76.63077783519810282 ) ) ;
#8171 = ORIENTED_EDGE ( 'NONE', *, *, #9550, .T. ) ;
#8172 = CIRCLE ( 'NONE', #8013, 0.5000000000000004441 ) ;
#8173 = EDGE_CURVE ( 'NONE', #3195, #9503, #1999, .T. ) ;
#8174 = ADVANCED_FACE ( 'NONE', ( #3552 ), #4346, .F. ) ;
#8175 = CARTESIAN_POINT ( 'NONE',  ( -28.83360472956136888, 2.349417570959251744, -38.78000000000004377 ) ) ;
#8176 = CARTESIAN_POINT ( 'NONE',  ( -30.15007437064857854, 4.366542881857302660, -76.59999999999998010 ) ) ;
#8177 = CARTESIAN_POINT ( 'NONE',  ( 30.19076381491766625, 7.428607366894441455, -33.75867320881750544 ) ) ;
#8178 = CARTESIAN_POINT ( 'NONE',  ( -28.83360472956135467, 6.349417570959293933, -38.78000000000000114 ) ) ;
#8179 = ORIENTED_EDGE ( 'NONE', *, *, #1007, .F. ) ;
#8180 = VECTOR ( 'NONE', #8701, 1000.000000000000000 ) ;
#8181 = CIRCLE ( 'NONE', #128, 1.500000000000001332 ) ;
#8182 = CARTESIAN_POINT ( 'NONE',  ( -27.61993167437135099, 6.831941287838458443, -3.413354011261849674 ) ) ;
#8183 = ORIENTED_EDGE ( 'NONE', *, *, #3194, .F. ) ;
#8184 = VERTEX_POINT ( 'NONE', #6695 ) ;
#8185 = EDGE_CURVE ( 'NONE', #3581, #3245, #3557, .T. ) ;
#8186 = AXIS2_PLACEMENT_3D ( 'NONE', #4983, #5606, #7310 ) ;
#8187 = EDGE_CURVE ( 'NONE', #6658, #6694, #1227, .T. ) ;
#8188 = CARTESIAN_POINT ( 'NONE',  ( 22.79064560053418020, 7.479417570959292938, -22.36084686700644397 ) ) ;
#8189 = VECTOR ( 'NONE', #2996, 1000.000000000000000 ) ;
#8190 = CARTESIAN_POINT ( 'NONE',  ( -31.57102021191069596, 5.856562040433317406, -0.000000000000000000 ) ) ;
#8191 = CARTESIAN_POINT ( 'NONE',  ( 24.94937118787466090, 7.479417570959291162, -15.55938530842612799 ) ) ;
#8192 = DIRECTION ( 'NONE',  ( -1.000000000000000000, 0.000000000000000000, 0.000000000000000000 ) ) ;
#8193 = CARTESIAN_POINT ( 'NONE',  ( -29.01434689690763591, 8.014392653918175569, -25.95332704881398200 ) ) ;
#8194 = ORIENTED_EDGE ( 'NONE', *, *, #4836, .F. ) ;
#8195 = CARTESIAN_POINT ( 'NONE',  ( -27.52057253258906755, 9.481417570959294494, -27.04999999999999005 ) ) ;
#8196 = CIRCLE ( 'NONE', #7082, 1.000000000000000888 ) ;
#8197 = CIRCLE ( 'NONE', #9239, 0.5000000000000000000 ) ;
#8198 = VERTEX_POINT ( 'NONE', #6738 ) ;
#8199 = DIRECTION ( 'NONE',  ( 1.000000000000000000, 0.000000000000000000, 0.000000000000000000 ) ) ;
#8200 = CARTESIAN_POINT ( 'NONE',  ( -30.87057253258904055, -2.520582429040414851, -27.04999999999999361 ) ) ;
#8201 = FACE_OUTER_BOUND ( 'NONE', #5164, .T. ) ;
#8202 = AXIS2_PLACEMENT_3D ( 'NONE', #3030, #4674, #5983 ) ;
#8203 = DIRECTION ( 'NONE',  ( 1.000000000000000000, 0.000000000000000000, -0.000000000000000000 ) ) ;
#8204 = VECTOR ( 'NONE', #5442, 1000.000000000000000 ) ;
#8205 = CARTESIAN_POINT ( 'NONE',  ( 32.82971885672549206, 2.896358892084895054, -1.600000000006183365 ) ) ;
#8206 = CARTESIAN_POINT ( 'NONE',  ( -32.85161988453307202, 2.740215764883560112, -77.59999999999999432 ) ) ;
#8207 = VERTEX_POINT ( 'NONE', #9034 ) ;
#8208 = DIRECTION ( 'NONE',  ( -1.000000000000000000, 2.017120320903265181E-16, 0.000000000000000000 ) ) ;
#8209 = CARTESIAN_POINT ( 'NONE',  ( -32.61140092395022805, -3.020582429040413519, -25.39999999999999147 ) ) ;
#8210 = ORIENTED_EDGE ( 'NONE', *, *, #7346, .T. ) ;
#8211 = DIRECTION ( 'NONE',  ( 0.000000000000000000, 0.000000000000000000, 1.000000000000000000 ) ) ;
#8212 = VERTEX_POINT ( 'NONE', #1515 ) ;
#8213 = CARTESIAN_POINT ( 'NONE',  ( 18.45832987375310807, 7.479417570959298267, -2.000000000000057288 ) ) ;
#8214 = DIRECTION ( 'NONE',  ( 7.387273924354675802E-16, 0.5240383034427282816, 0.8516946967809927438 ) ) ;
#8215 = CARTESIAN_POINT ( 'NONE',  ( 32.52006860198981286, -3.015984399239639124, -2.517484874808543438 ) ) ;
#8216 = CARTESIAN_POINT ( 'NONE',  ( 32.70366146429310561, 3.222941566396087421, -77.57374455889312515 ) ) ;
#8217 = AXIS2_PLACEMENT_3D ( 'NONE', #438, #4153, #4247 ) ;
#8218 = CYLINDRICAL_SURFACE ( 'NONE', #9419, 0.5000000000000004441 ) ;
#8219 = LINE ( 'NONE', #1577, #1746 ) ;
#8220 = DIRECTION ( 'NONE',  ( 7.778769097326427134E-62, -1.000000000000000000, 3.255019511200713287E-31 ) ) ;
#8221 = CARTESIAN_POINT ( 'NONE',  ( -31.80534603049054709, 5.505796304270487163, -8.400000000000007461 ) ) ;
#8222 = CARTESIAN_POINT ( 'NONE',  ( 18.46801023723372381, 8.479417570959274286, -25.56804539881788330 ) ) ;
#8223 = ORIENTED_EDGE ( 'NONE', *, *, #4620, .T. ) ;
#8224 = CARTESIAN_POINT ( 'NONE',  ( -25.56361702164653593, 9.463061946687647108, -10.38008956261353433 ) ) ;
#8225 = AXIS2_PLACEMENT_3D ( 'NONE', #9103, #1040, #182 ) ;
#8226 = CARTESIAN_POINT ( 'NONE',  ( 32.57394397177123579, -3.020582429040427286, -7.399999999995769961 ) ) ;
#8227 = ORIENTED_EDGE ( 'NONE', *, *, #4687, .F. ) ;
#8228 = CARTESIAN_POINT ( 'NONE',  ( -28.72057253258903842, 10.01696613767509625, -28.54999999999999716 ) ) ;
#8229 = CARTESIAN_POINT ( 'NONE',  ( -29.38680802013051263, 8.099910867880341314, -2.679179104875878625 ) ) ;
#8230 = CARTESIAN_POINT ( 'NONE',  ( 30.98505584099928001, 6.616930238177940460, -34.19794344861044522 ) ) ;
#8231 = CIRCLE ( 'NONE', #8384, 0.5000000000000004441 ) ;
#8232 = VERTEX_POINT ( 'NONE', #2448 ) ;
#8233 = CARTESIAN_POINT ( 'NONE',  ( -29.69026651587486043, 7.456563712061686999, -30.35284176258867817 ) ) ;
#8234 = ORIENTED_EDGE ( 'NONE', *, *, #7829, .T. ) ;
#8235 = EDGE_CURVE ( 'NONE', #1532, #9068, #3593, .T. ) ;
#8236 = EDGE_LOOP ( 'NONE', ( #2541, #6734, #8467, #3751 ) ) ;
#8237 = VECTOR ( 'NONE', #9452, 1000.000000000000000 ) ;
#8238 = CARTESIAN_POINT ( 'NONE',  ( -32.52057253258906400, -3.366042712232976353, -30.73403830344269139 ) ) ;
#8239 = CARTESIAN_POINT ( 'NONE',  ( -34.02057253258906400, -3.520582429040413075, -30.73403830344269139 ) ) ;
#8240 = CARTESIAN_POINT ( 'NONE',  ( 32.63301620727457220, 3.468115115170264939, -66.99137173485098629 ) ) ;
#8241 = CARTESIAN_POINT ( 'NONE',  ( 19.01788355407178699, 7.479417570959294714, -26.35085350423519657 ) ) ;
#8242 = CARTESIAN_POINT ( 'NONE',  ( -32.52057253258906400, 10.01696613767509625, -31.19999999999999929 ) ) ;
#8243 = CARTESIAN_POINT ( 'NONE',  ( -28.89457955057202554, 8.417043950560492149, -26.18294345706483028 ) ) ;
#8244 = ORIENTED_EDGE ( 'NONE', *, *, #9365, .T. ) ;
#8245 = EDGE_CURVE ( 'NONE', #9559, #5776, #6621, .T. ) ;
#8246 = ADVANCED_FACE ( 'NONE', ( #3895 ), #8988, .T. ) ;
#8247 = VERTEX_POINT ( 'NONE', #5381 ) ;
#8248 = EDGE_CURVE ( 'NONE', #295, #6237, #2978, .T. ) ;
#8249 = FACE_BOUND ( 'NONE', #5709, .T. ) ;
#8250 = CARTESIAN_POINT ( 'NONE',  ( -28.85570790123883000, 8.434176179830178199, -25.66225867534930671 ) ) ;
#8251 = LINE ( 'NONE', #5422, #1232 ) ;
#8252 = CARTESIAN_POINT ( 'NONE',  ( -32.48462919655402459, 1.915175047462644997, -24.89999999999999858 ) ) ;
#8253 = CARTESIAN_POINT ( 'NONE',  ( 31.74366086161677103, 4.466949820388656178, -2.100000000000006750 ) ) ;
#8254 = CARTESIAN_POINT ( 'NONE',  ( -32.96379614767717925, 2.177194062260462637, -77.59999999999999432 ) ) ;
#8255 = ORIENTED_EDGE ( 'NONE', *, *, #1265, .F. ) ;
#8256 = DIRECTION ( 'NONE',  ( -7.778769097326427134E-62, 1.000000000000000000, 3.255019511200713287E-31 ) ) ;
#8257 = CARTESIAN_POINT ( 'NONE',  ( -30.15126331085738087, 6.971940658172221639, -7.779365402062669688 ) ) ;
#8258 = ORIENTED_EDGE ( 'NONE', *, *, #8389, .T. ) ;
#8259 = CARTESIAN_POINT ( 'NONE',  ( -29.75949812960098839, 6.349417570959264623, -77.45178680007921912 ) ) ;
#8260 = ORIENTED_EDGE ( 'NONE', *, *, #1634, .T. ) ;
#8261 = CARTESIAN_POINT ( 'NONE',  ( 26.05905647425419147, 7.381831260568133324, -76.59999999999999432 ) ) ;
#8262 = FACE_OUTER_BOUND ( 'NONE', #2121, .T. ) ;
#8263 = CIRCLE ( 'NONE', #7153, 2.599999999999973888 ) ;
#8264 = CARTESIAN_POINT ( 'NONE',  ( 32.67940847328058851, 3.350194642634220621, -31.19999999999382823 ) ) ;
#8265 = CARTESIAN_POINT ( 'NONE',  ( 32.97942746741108522, -2.520582429040426842, -31.19999999999999929 ) ) ;
#8266 = CARTESIAN_POINT ( 'NONE',  ( 30.69205180497172236, 6.937746723446883479, -1.632022917578747068 ) ) ;
#8267 = DIRECTION ( 'NONE',  ( 1.000000000000000000, 0.000000000000000000, 0.000000000000000000 ) ) ;
#8268 = DIRECTION ( 'NONE',  ( 7.490519751586869532E-48, 3.697785493223491743E-32, -1.000000000000000000 ) ) ;
#8269 = ADVANCED_FACE ( 'NONE', ( #1571 ), #4580, .T. ) ;
#8270 = CARTESIAN_POINT ( 'NONE',  ( 30.82942746741106532, 5.979164254138646939, -30.69999999999999929 ) ) ;
#8271 = CARTESIAN_POINT ( 'NONE',  ( 30.41472261827208357, 3.740599576920527802, -77.60000000000100329 ) ) ;
#8272 = CARTESIAN_POINT ( 'NONE',  ( 32.63624460303810793, 3.456915091665856643, -67.48715829593118087 ) ) ;
#8273 = PLANE ( 'NONE',  #7375 ) ;
#8274 = ORIENTED_EDGE ( 'NONE', *, *, #7784, .T. ) ;
#8275 = CARTESIAN_POINT ( 'NONE',  ( -29.37768623241679933, 8.103724848281231630, -30.52349067964744478 ) ) ;
#8276 = CARTESIAN_POINT ( 'NONE',  ( -29.77935168516259523, 7.809015070423670046, -2.381384680589740732 ) ) ;
#8277 = B_SPLINE_CURVE_WITH_KNOTS ( 'NONE', 3,
 ( #2830, #4361, #2095, #1322, #6445, #5043, #5093, #9426 ),
 .UNSPECIFIED., .F., .F.,
 ( 4, 2, 2, 4 ),
 ( 0.000000000000000000, 0.001323434573795934880, 0.002646869147591870627, 0.005293738295183735183 ),
 .UNSPECIFIED. ) ;
#8278 = CARTESIAN_POINT ( 'NONE',  ( 27.05645414925234249, 7.406366583791795577, -36.49412760461691363 ) ) ;
#8279 = ADVANCED_FACE ( 'NONE', ( #7664 ), #5557, .T. ) ;
#8280 = CARTESIAN_POINT ( 'NONE',  ( 32.67940847328063825, 3.350194642634099385, -8.400000000003082334 ) ) ;
#8281 = VERTEX_POINT ( 'NONE', #357 ) ;
#8282 = CARTESIAN_POINT ( 'NONE',  ( 30.82942746741109374, 10.01696613767508381, -7.900000000000000355 ) ) ;
#8283 = ORIENTED_EDGE ( 'NONE', *, *, #6981, .F. ) ;
#8284 = ORIENTED_EDGE ( 'NONE', *, *, #5539, .T. ) ;
#8285 = EDGE_CURVE ( 'NONE', #7962, #3532, #5514, .T. ) ;
#8286 = CARTESIAN_POINT ( 'NONE',  ( 19.41525962699420660, 7.479417570959293826, -3.738416679738561843 ) ) ;
#8287 = LINE ( 'NONE', #195, #189 ) ;
#8288 = DIRECTION ( 'NONE',  ( 1.000000000000000000, 0.000000000000000000, 0.000000000000000000 ) ) ;
#8289 = CARTESIAN_POINT ( 'NONE',  ( -27.86250691357375331, 6.700550679531230180, -30.05439974381759072 ) ) ;
#8290 = DIRECTION ( 'NONE',  ( 0.000000000000000000, 0.000000000000000000, -1.000000000000000000 ) ) ;
#8291 = DIRECTION ( 'NONE',  ( 0.000000000000000000, 0.000000000000000000, 1.000000000000000000 ) ) ;
#8292 = VERTEX_POINT ( 'NONE', #1595 ) ;
#8293 = EDGE_LOOP ( 'NONE', ( #3935, #7603, #244, #2719 ) ) ;
#8294 = CARTESIAN_POINT ( 'NONE',  ( 29.87891221131030051, 7.693689829282191361, -0.000000000000000000 ) ) ;
#8295 = DIRECTION ( 'NONE',  ( 0.000000000000000000, 0.8577672310095332264, -0.5140383034426889708 ) ) ;
#8296 =( BOUNDED_SURFACE ( )  B_SPLINE_SURFACE ( 3, 2, ( 
 ( #5713, #8683, #1314 ),
 ( #9469, #8625, #2821 ),
 ( #5765, #8732, #6293 ),
 ( #7115, #6393, #2086 ),
 ( #2684, #9272, #2637 ),
 ( #5572, #1897, #4847 ) ),
 .UNSPECIFIED., .F., .F., .T. ) 
 B_SPLINE_SURFACE_WITH_KNOTS ( ( 4, 2, 4 ),
 ( 3, 3 ),
 ( -2.710505431213761085E-19, 0.0002739769513391986013, 0.0005479539026783974195 ),
 ( 0.000000000000000000, 1.000000000000000000 ),
 .UNSPECIFIED. ) 
 GEOMETRIC_REPRESENTATION_ITEM ( )  RATIONAL_B_SPLINE_SURFACE ( (
 ( 1.000000000000000000, 0.7071067811865463515, 1.000000000000000000),
 ( 1.000000000000000000, 0.6974656384269610765, 1.000000000000000000),
 ( 1.000000000000000000, 0.6916117073643096580, 1.000000000000000000),
 ( 1.000000000000000000, 0.6911265806246288390, 1.000000000000000000),
 ( 1.000000000000000000, 0.6965954761232600045, 1.000000000000000000),
 ( 1.000000000000000000, 0.7071067811865731079, 1.000000000000000000) ) ) 
 REPRESENTATION_ITEM ( '' )  SURFACE ( )  );
#8297 = FACE_OUTER_BOUND ( 'NONE', #3590, .T. ) ;
#8298 = CARTESIAN_POINT ( 'NONE',  ( 10.94942746741108053, 8.479417570959274286, -14.89000000000000057 ) ) ;
#8299 = EDGE_CURVE ( 'NONE', #7146, #2565, #4642, .T. ) ;
#8300 = ADVANCED_FACE ( 'NONE', ( #7605 ), #6766, .T. ) ;
#8301 = CARTESIAN_POINT ( 'NONE',  ( 32.97705618678681816, 1.263623925350057853, -1.599999999999987432 ) ) ;
#8302 = DIRECTION ( 'NONE',  ( -1.000000000000000000, 0.000000000000000000, -6.454785026890408348E-15 ) ) ;
#8303 = ORIENTED_EDGE ( 'NONE', *, *, #1358, .T. ) ;
#8304 = LINE ( 'NONE', #6785, #2311 ) ;
#8305 = CARTESIAN_POINT ( 'NONE',  ( 24.87942746741108024, 4.349417570959288604, -48.50000000000001421 ) ) ;
#8306 = EDGE_LOOP ( 'NONE', ( #5644, #5891, #8048, #1223 ) ) ;
#8307 = ORIENTED_EDGE ( 'NONE', *, *, #3734, .T. ) ;
#8308 = CARTESIAN_POINT ( 'NONE',  ( 18.45832987375310807, 7.479417570959298267, -76.60000000000000853 ) ) ;
#8309 = CARTESIAN_POINT ( 'NONE',  ( 30.97942746741108166, 1.027832321093501866, -79.59999999999999432 ) ) ;
#8310 = EDGE_CURVE ( 'NONE', #6329, #550, #2330, .T. ) ;
#8311 = EDGE_CURVE ( 'NONE', #6881, #8232, #2636, .T. ) ;
#8312 = DIRECTION ( 'NONE',  ( 1.000000000000000000, 0.000000000000000000, 0.000000000000000000 ) ) ;
#8313 = CARTESIAN_POINT ( 'NONE',  ( 22.53857366170941390, 8.479417570959279615, -8.869914378260880028 ) ) ;
#8314 = CARTESIAN_POINT ( 'NONE',  ( 32.97942746741107101, 1.027832321093527401, -79.59999999999999432 ) ) ;
#8315 = CARTESIAN_POINT ( 'NONE',  ( 27.57942746741108309, 5.849417570959289492, -48.50000000000001421 ) ) ;
#8316 = CARTESIAN_POINT ( 'NONE',  ( 32.47942746741107811, 1.027832321093518519, -31.19999999999999929 ) ) ;
#8317 = CARTESIAN_POINT ( 'NONE',  ( -32.24234547816899266, 4.670841939135993215, -8.400000000000007461 ) ) ;
#8318 = CARTESIAN_POINT ( 'NONE',  ( 30.10895387498281650, 4.366493989488765770, -77.59999999999999432 ) ) ;
#8319 = CARTESIAN_POINT ( 'NONE',  ( 28.99042964518931953, 6.350090292599037234, -67.08496053632006806 ) ) ;
#8320 = ORIENTED_EDGE ( 'NONE', *, *, #1952, .T. ) ;
#8321 = CIRCLE ( 'NONE', #6597, 1.199999999999999734 ) ;
#8322 = CARTESIAN_POINT ( 'NONE',  ( 31.22850509297901667, 6.280390163998747610, -24.39999999999999858 ) ) ;
#8323 = CARTESIAN_POINT ( 'NONE',  ( -31.26965845134710520, 6.280378773161272576, -2.100000000000004086 ) ) ;
#8324 = CARTESIAN_POINT ( 'NONE',  ( 29.46096117590196428, 8.146358603340733140, -35.72472506677812731 ) ) ;
#8325 = CARTESIAN_POINT ( 'NONE',  ( 16.67942746741109161, 7.479417570959293826, -2.116312200464613547 ) ) ;
#8326 = VERTEX_POINT ( 'NONE', #3098 ) ;
#8327 = CARTESIAN_POINT ( 'NONE',  ( 30.33982262232891713, 7.305218303561583859, -5.551115123125782702E-14 ) ) ;
#8328 = CIRCLE ( 'NONE', #6606, 0.5000000000000004441 ) ;
#8329 = ORIENTED_EDGE ( 'NONE', *, *, #5500, .F. ) ;
#8330 = ORIENTED_EDGE ( 'NONE', *, *, #2008, .T. ) ;
#8331 = DIRECTION ( 'NONE',  ( -0.000000000000000000, -0.000000000000000000, -1.000000000000000000 ) ) ;
#8332 = CARTESIAN_POINT ( 'NONE',  ( -27.52057253258907465, 6.882612225788601990, -28.86652960483232278 ) ) ;
#8333 = CIRCLE ( 'NONE', #2615, 0.5000000000000004441 ) ;
#8334 = CARTESIAN_POINT ( 'NONE',  ( 28.85432802539869002, 8.415964436071950772, -26.18087761147668857 ) ) ;
#8335 = VERTEX_POINT ( 'NONE', #872 ) ;
#8336 = CARTESIAN_POINT ( 'NONE',  ( -29.40282645053383703, 7.714189826624293644, -30.12779165915499746 ) ) ;
#8337 = ORIENTED_EDGE ( 'NONE', *, *, #421, .T. ) ;
#8338 = PLANE ( 'NONE',  #2515 ) ;
#8339 = CYLINDRICAL_SURFACE ( 'NONE', #4443, 2.599999999999973888 ) ;
#8340 = CIRCLE ( 'NONE', #3387, 3.349999999999984990 ) ;
#8341 = CARTESIAN_POINT ( 'NONE',  ( 19.64847895285103974, 8.479417570959274286, -24.55184009782444576 ) ) ;
#8342 = CARTESIAN_POINT ( 'NONE',  ( -31.81584106054515004, 4.485974814768737495, -2.100000000000008527 ) ) ;
#8343 = CARTESIAN_POINT ( 'NONE',  ( 31.22850509297905575, 6.280390163998696096, -1.600000000000006306 ) ) ;
#8344 = VECTOR ( 'NONE', #5175, 1000.000000000000000 ) ;
#8345 = ORIENTED_EDGE ( 'NONE', *, *, #397, .T. ) ;
#8346 = AXIS2_PLACEMENT_3D ( 'NONE', #3362, #4714, #1168 ) ;
#8347 = CARTESIAN_POINT ( 'NONE',  ( -27.53175847851574787, 6.877065004459360864, -26.73437450861838371 ) ) ;
#8348 = CARTESIAN_POINT ( 'NONE',  ( -29.66287522168526536, 3.049658064370602606, -77.60000000000002274 ) ) ;
#8349 = ORIENTED_EDGE ( 'NONE', *, *, #1310, .F. ) ;
#8350 = DIRECTION ( 'NONE',  ( 0.000000000000000000, -0.000000000000000000, 1.000000000000000000 ) ) ;
#8351 = ORIENTED_EDGE ( 'NONE', *, *, #8235, .F. ) ;
#8352 = CARTESIAN_POINT ( 'NONE',  ( 28.15083205097752739, 6.491807038963623988, -2.000000000000029310 ) ) ;
#8353 = CARTESIAN_POINT ( 'NONE',  ( 30.82942746741106177, -2.520582429040425954, -25.39999999999999503 ) ) ;
#8354 = ADVANCED_FACE ( 'NONE', ( #2385 ), #7649, .F. ) ;
#8355 = AXIS2_PLACEMENT_3D ( 'NONE', #2059, #5101, #5008 ) ;
#8356 = AXIS2_PLACEMENT_3D ( 'NONE', #6130, #2642, #5527 ) ;
#8357 = AXIS2_PLACEMENT_3D ( 'NONE', #8524, #1882, #4831 ) ;
#8358 = VECTOR ( 'NONE', #621, 1000.000000000000000 ) ;
#8359 = CARTESIAN_POINT ( 'NONE',  ( 32.57025585877259743, -3.020582429040426398, -25.39999999999999147 ) ) ;
#8360 = CARTESIAN_POINT ( 'NONE',  ( 18.46801023723373092, 8.479417570959279615, -4.211954601182124946 ) ) ;
#8361 = CYLINDRICAL_SURFACE ( 'NONE', #7886, 12.99999999999999822 ) ;
#8362 = CARTESIAN_POINT ( 'NONE',  ( -33.02057253258906400, -2.520582429040414851, -1.600000000000004086 ) ) ;
#8363 = CIRCLE ( 'NONE', #4937, 2.600000000000004974 ) ;
#8364 = LINE ( 'NONE', #900, #4304 ) ;
#8365 = CARTESIAN_POINT ( 'NONE',  ( 32.97942746741108522, -2.520582429040425954, -24.39999999999999147 ) ) ;
#8366 = B_SPLINE_CURVE_WITH_KNOTS ( 'NONE', 3,
 ( #4454, #5374, #9220, #9075, #7014, #6066, #6968, #3200, #3931, #1653, #8399, #4600 ),
 .UNSPECIFIED., .F., .F.,
 ( 4, 2, 2, 2, 2, 4 ),
 ( -5.999999995794009719E-08, 0.0004308878307902114430, 0.0008618356615803808964, 0.001723731323160722405, 0.002585626984741064022, 0.003447522646321404989 ),
 .UNSPECIFIED. ) ;
#8367 = EDGE_LOOP ( 'NONE', ( #2819, #4341, #2111, #7394 ) ) ;
#8368 = EDGE_CURVE ( 'NONE', #9443, #8024, #4089, .T. ) ;
#8369 = CARTESIAN_POINT ( 'NONE',  ( -33.02057253258906400, 1.027832321093304024, -77.59999999999999432 ) ) ;
#8370 = EDGE_CURVE ( 'NONE', #1543, #2373, #8025, .T. ) ;
#8371 = DIRECTION ( 'NONE',  ( 2.017120320903265181E-16, 1.000000000000000000, 0.000000000000000000 ) ) ;
#8372 = CARTESIAN_POINT ( 'NONE',  ( 29.65271392364910596, 6.279457287139520894, -76.03004690670496757 ) ) ;
#8373 = EDGE_LOOP ( 'NONE', ( #9170, #8492, #3541, #6135 ) ) ;
#8374 = CIRCLE ( 'NONE', #6649, 8.750000000000000000 ) ;
#8375 = CARTESIAN_POINT ( 'NONE',  ( -29.82775800535423727, 7.769117696747659174, -30.83295614256212858 ) ) ;
#8376 = CARTESIAN_POINT ( 'NONE',  ( -28.81538480552877601, 8.149401704537639901, -3.597418995079620707 ) ) ;
#8377 = CARTESIAN_POINT ( 'NONE',  ( 29.32426457939602926, 8.111690424658027254, -33.44629774472709016 ) ) ;
#8378 = ORIENTED_EDGE ( 'NONE', *, *, #4025, .F. ) ;
#8379 = VECTOR ( 'NONE', #8646, 1000.000000000000000 ) ;
#8380 = CARTESIAN_POINT ( 'NONE',  ( 24.97942746741094311, 9.479417570959293826, -5.551115123125782702E-14 ) ) ;
#8381 = ORIENTED_EDGE ( 'NONE', *, *, #4743, .F. ) ;
#8382 = ORIENTED_EDGE ( 'NONE', *, *, #3269, .T. ) ;
#8383 = B_SPLINE_CURVE_WITH_KNOTS ( 'NONE', 3,
 ( #2869, #6535, #7315, #5966, #3787, #6633 ),
 .UNSPECIFIED., .F., .F.,
 ( 4, 2, 4 ),
 ( 1.788112030672749005E-18, 0.0001959679739974921594, 0.0003919359479949801987 ),
 .UNSPECIFIED. ) ;
#8384 = AXIS2_PLACEMENT_3D ( 'NONE', #4596, #1650, #3785 ) ;
#8385 = CARTESIAN_POINT ( 'NONE',  ( -30.55567681364043153, 7.110235517513556758, -0.000000000000000000 ) ) ;
#8386 = VECTOR ( 'NONE', #5973, 1000.000000000000000 ) ;
#8387 = DIRECTION ( 'NONE',  ( -2.017120320903264935E-16, -1.000000000000000000, 0.000000000000000000 ) ) ;
#8388 = CARTESIAN_POINT ( 'NONE',  ( -33.06168445817889534, -3.520582436666207737, -2.366586706689316255 ) ) ;
#8389 = EDGE_CURVE ( 'NONE', #5210, #4102, #172, .T. ) ;
#8390 = CARTESIAN_POINT ( 'NONE',  ( 28.67942746741106674, 8.209411367207939847, -27.04999999999999005 ) ) ;
#8391 = CARTESIAN_POINT ( 'NONE',  ( -24.68145303106566146, 7.479417570959297379, -2.000000000000003109 ) ) ;
#8392 = VERTEX_POINT ( 'NONE', #8270 ) ;
#8393 = CARTESIAN_POINT ( 'NONE',  ( -30.76649110691188937, 6.900900986301011564, -30.73963008522020957 ) ) ;
#8394 = VERTEX_POINT ( 'NONE', #3762 ) ;
#8395 = CIRCLE ( 'NONE', #6834, 0.5000000000000021094 ) ;
#8396 = DIRECTION ( 'NONE',  ( -0.000000000000000000, -1.000000000000000000, -0.000000000000000000 ) ) ;
#8397 = DIRECTION ( 'NONE',  ( 1.000000000000000000, 0.000000000000000000, 0.000000000000000000 ) ) ;
#8398 = EDGE_CURVE ( 'NONE', #3631, #6573, #2991, .T. ) ;
#8399 = CARTESIAN_POINT ( 'NONE',  ( -30.29269373517504960, 4.095744927008203362, -76.59999999999998010 ) ) ;
#8400 = DIRECTION ( 'NONE',  ( 1.000000000000000000, 0.000000000000000000, 0.000000000000000000 ) ) ;
#8401 = CIRCLE ( 'NONE', #4789, 2.249999999999995115 ) ;
#8402 = ORIENTED_EDGE ( 'NONE', *, *, #3333, .F. ) ;
#8403 = FACE_OUTER_BOUND ( 'NONE', #8824, .T. ) ;
#8404 = EDGE_CURVE ( 'NONE', #237, #1873, #2485, .T. ) ;
#8405 = LINE ( 'NONE', #6117, #5430 ) ;
#8406 = CARTESIAN_POINT ( 'NONE',  ( 28.43093399603691651, 8.642675505231640187, -3.839357351143154684 ) ) ;
#8407 = ORIENTED_EDGE ( 'NONE', *, *, #4427, .T. ) ;
#8408 = CARTESIAN_POINT ( 'NONE',  ( -33.43723919925574251, -3.520582429040413075, -7.111805441375310899 ) ) ;
#8409 = DIRECTION ( 'NONE',  ( -1.000000000000000000, 2.017120320903265181E-16, 1.613696256722612145E-15 ) ) ;
#8410 = CARTESIAN_POINT ( 'NONE',  ( 29.33667632812986881, 8.103609096416272806, -25.07610182362244089 ) ) ;
#8411 = LINE ( 'NONE', #451, #5911 ) ;
#8412 = LINE ( 'NONE', #1769, #8978 ) ;
#8413 = CARTESIAN_POINT ( 'NONE',  ( -31.13956083371412475, 5.622775647929843856, -30.69999999999999929 ) ) ;
#8414 = DIRECTION ( 'NONE',  ( -1.000000000000000000, 0.000000000000000000, 0.000000000000000000 ) ) ;
#8415 = CARTESIAN_POINT ( 'NONE',  ( 32.62449488968920974, 3.497326107541369744, -66.24792769922578373 ) ) ;
#8416 = ORIENTED_EDGE ( 'NONE', *, *, #7158, .T. ) ;
#8417 = CIRCLE ( 'NONE', #7943, 1.000000000000000888 ) ;
#8418 = CARTESIAN_POINT ( 'NONE',  ( 30.44102352443218962, 6.568695311759639388, -24.92290398054867140 ) ) ;
#8419 = ADVANCED_FACE ( 'NONE', ( #7586 ), #5936, .T. ) ;
#8420 = CARTESIAN_POINT ( 'NONE',  ( -31.03155197396453602, 6.595851001662337509, -2.063950955001274679 ) ) ;
#8421 = ADVANCED_FACE ( 'NONE', ( #7530 ), #6668, .T. ) ;
#8422 = CARTESIAN_POINT ( 'NONE',  ( -33.02057253258906400, 1.027832321093304024, -31.19999999999999929 ) ) ;
#8423 = EDGE_CURVE ( 'NONE', #3914, #6821, #9313, .T. ) ;
#8424 = ORIENTED_EDGE ( 'NONE', *, *, #2077, .F. ) ;
#8425 = VECTOR ( 'NONE', #3993, 1000.000000000000000 ) ;
#8426 = CARTESIAN_POINT ( 'NONE',  ( 28.60316884240234714, 8.572878776457216077, -77.60000000000002274 ) ) ;
#8427 = ORIENTED_EDGE ( 'NONE', *, *, #5674, .F. ) ;
#8428 = ORIENTED_EDGE ( 'NONE', *, *, #4527, .T. ) ;
#8429 = DIRECTION ( 'NONE',  ( -1.000000000000000000, 2.628368902995164490E-16, 0.000000000000000000 ) ) ;
#8430 = CARTESIAN_POINT ( 'NONE',  ( 29.17942746741106319, -2.520582429040426398, -27.04999999999999361 ) ) ;
#8431 = EDGE_CURVE ( 'NONE', #8880, #6432, #3132, .T. ) ;
#8432 = CARTESIAN_POINT ( 'NONE',  ( 28.77570063783889154, 8.148169853462073675, -26.39234867158575426 ) ) ;
#8433 = VERTEX_POINT ( 'NONE', #4619 ) ;
#8434 = CARTESIAN_POINT ( 'NONE',  ( -29.62898302516268600, 7.514040962033599058, -30.31129514168871353 ) ) ;
#8435 = VERTEX_POINT ( 'NONE', #3710 ) ;
#8436 = CARTESIAN_POINT ( 'NONE',  ( 28.91747346503035487, 6.349417570959293933, -47.24135309189811238 ) ) ;
#8437 = DIRECTION ( 'NONE',  ( 1.000000000000000000, -2.017120320903265181E-16, -1.613696256722612145E-15 ) ) ;
#8438 = DIRECTION ( 'NONE',  ( 0.000000000000000000, 0.000000000000000000, 1.000000000000000000 ) ) ;
#8439 = DIRECTION ( 'NONE',  ( -0.8122328620674201805, 0.000000000000000000, -0.5833333333333243775 ) ) ;
#8440 = VERTEX_POINT ( 'NONE', #8999 ) ;
#8441 = CARTESIAN_POINT ( 'NONE',  ( -27.94456455155135544, 6.649036240270663534, -25.41200450864526417 ) ) ;
#8442 = ORIENTED_EDGE ( 'NONE', *, *, #7095, .F. ) ;
#8443 = CARTESIAN_POINT ( 'NONE',  ( 28.67942746741109161, 8.209411364980436332, -4.081983787826360732 ) ) ;
#8444 = ORIENTED_EDGE ( 'NONE', *, *, #1300, .F. ) ;
#8445 = CARTESIAN_POINT ( 'NONE',  ( 28.07942746741108309, 5.849417570959289492, -66.00000000000000000 ) ) ;
#8446 = CARTESIAN_POINT ( 'NONE',  ( 30.82942746741108664, 9.481417570959282060, -31.89999999999999147 ) ) ;
#8447 = CARTESIAN_POINT ( 'NONE',  ( 30.82942746741106887, 5.979164254138640722, -24.89999999999999858 ) ) ;
#8448 = CARTESIAN_POINT ( 'NONE',  ( 30.24525050490698774, 7.374143833640069978, -31.03775371199130717 ) ) ;
#8449 = CARTESIAN_POINT ( 'NONE',  ( -30.87057253258905476, 5.979163850806741287, -2.100000000000048050 ) ) ;
#8450 = CARTESIAN_POINT ( 'NONE',  ( -28.72057253258905973, -3.520582429040413963, -29.95157287525381307 ) ) ;
#8451 = CARTESIAN_POINT ( 'NONE',  ( 26.47942746741108166, 6.849417570959293933, -48.50000000000000711 ) ) ;
#8452 = LINE ( 'NONE', #4763, #2635 ) ;
#8453 = DIRECTION ( 'NONE',  ( -2.017120320903265428E-16, -1.000000000000000000, 0.000000000000000000 ) ) ;
#8454 = CARTESIAN_POINT ( 'NONE',  ( -32.52057253258906400, -2.520582429040413519, -30.19999999999999929 ) ) ;
#8455 = EDGE_CURVE ( 'NONE', #2582, #2223, #315, .T. ) ;
#8456 = VERTEX_POINT ( 'NONE', #6653 ) ;
#8457 = CARTESIAN_POINT ( 'NONE',  ( 26.67942746741109872, -9.520582429040638672, -32.78000000000000824 ) ) ;
#8458 = CARTESIAN_POINT ( 'NONE',  ( 32.48586682963502170, -2.989776896795407701, -7.578970086126695982 ) ) ;
#8459 = VERTEX_POINT ( 'NONE', #68 ) ;
#8460 = CARTESIAN_POINT ( 'NONE',  ( 24.90189148623788284, 7.479417570959292938, -13.72525442951644159 ) ) ;
#8461 = CARTESIAN_POINT ( 'NONE',  ( -32.39568254307216222, 4.286764300647176285, -36.28171257863679244 ) ) ;
#8462 = CARTESIAN_POINT ( 'NONE',  ( -30.36962823146881263, 7.298139006171278531, -5.551115123125782702E-14 ) ) ;
#8463 = CARTESIAN_POINT ( 'NONE',  ( -32.76651285495685784, 3.167374700491067507, -79.56307612324717127 ) ) ;
#8464 = ORIENTED_EDGE ( 'NONE', *, *, #9066, .F. ) ;
#8465 = CARTESIAN_POINT ( 'NONE',  ( -30.87057253258906897, -2.520582429040414851, -2.099999999999999645 ) ) ;
#8466 = ORIENTED_EDGE ( 'NONE', *, *, #9000, .F. ) ;
#8467 = ORIENTED_EDGE ( 'NONE', *, *, #2687, .F. ) ;
#8468 = ADVANCED_FACE ( 'NONE', ( #19 ), #5705, .T. ) ;
#8469 = EDGE_CURVE ( 'NONE', #8184, #6230, #8167, .T. ) ;
#8470 = DIRECTION ( 'NONE',  ( -2.017120320903265428E-16, -1.000000000000000000, -0.000000000000000000 ) ) ;
#8471 = CARTESIAN_POINT ( 'NONE',  ( -29.06371583536860825, 5.774793311671409413, -31.37338026361284093 ) ) ;
#8472 = CIRCLE ( 'NONE', #4891, 1.000000000000000888 ) ;
#8473 = FACE_OUTER_BOUND ( 'NONE', #1491, .T. ) ;
#8474 = CARTESIAN_POINT ( 'NONE',  ( -28.38863780339283593, 6.350088569388660176, -2.000000000000002665 ) ) ;
#8475 = ORIENTED_EDGE ( 'NONE', *, *, #8594, .F. ) ;
#8476 = CARTESIAN_POINT ( 'NONE',  ( -30.87057253258905121, 2.444218832230809824, -9.099999999999997868 ) ) ;
#8477 = ORIENTED_EDGE ( 'NONE', *, *, #1821, .T. ) ;
#8478 = ADVANCED_FACE ( 'NONE', ( #2368 ), #8491, .F. ) ;
#8479 = ORIENTED_EDGE ( 'NONE', *, *, #9251, .T. ) ;
#8480 = CARTESIAN_POINT ( 'NONE',  ( 30.10813733916296542, 4.349417570959283275, -36.68424128352742741 ) ) ;
#8481 = EDGE_CURVE ( 'NONE', #9411, #6679, #8020, .T. ) ;
#8482 = CIRCLE ( 'NONE', #907, 1.000000000000000000 ) ;
#8483 = CARTESIAN_POINT ( 'NONE',  ( 19.99227258989938605, 8.479417570959274286, -24.23084119720926211 ) ) ;
#8484 = CARTESIAN_POINT ( 'NONE',  ( 27.50955480458404168, 6.873071864244876039, -2.000000000000002665 ) ) ;
#8485 = CARTESIAN_POINT ( 'NONE',  ( -33.02057253258904979, 1.027832321093293810, -24.89999999999998792 ) ) ;
#8486 = DIRECTION ( 'NONE',  ( -1.613696256722612145E-15, 3.255019511200713287E-31, 1.000000000000000000 ) ) ;
#8487 = CARTESIAN_POINT ( 'NONE',  ( -31.02057253258905334, -4.520582429040413963, -77.59999999999999432 ) ) ;
#8488 = ORIENTED_EDGE ( 'NONE', *, *, #3382, .T. ) ;
#8489 = CARTESIAN_POINT ( 'NONE',  ( 28.67942747149960070, 8.516651187268376333, -4.069825918936595954 ) ) ;
#8490 = AXIS2_PLACEMENT_3D ( 'NONE', #3657, #4417, #2883 ) ;
#8491 = CONICAL_SURFACE ( 'NONE', #5682, 13.99999999999998046, 0.7853981633974500554 ) ;
#8492 = ORIENTED_EDGE ( 'NONE', *, *, #515, .T. ) ;
#8493 = CARTESIAN_POINT ( 'NONE',  ( 27.70692556509404980, 6.762645044255902071, -6.973038924992912335 ) ) ;
#8494 = CARTESIAN_POINT ( 'NONE',  ( -17.96915909661307253, 7.479417570959292938, -6.117965781193331232 ) ) ;
#8495 = VECTOR ( 'NONE', #8256, 1000.000000000000000 ) ;
#8496 = VECTOR ( 'NONE', #3214, 1000.000000000000000 ) ;
#8497 = DIRECTION ( 'NONE',  ( 1.000000000000000000, -1.951563910473906403E-15, 0.000000000000000000 ) ) ;
#8498 = CARTESIAN_POINT ( 'NONE',  ( 32.97942746741107811, 7.690846142387866458, -36.28017184264066941 ) ) ;
#8499 = CARTESIAN_POINT ( 'NONE',  ( 10.94942746741108230, -6.520582429040416628, -14.89000000000000057 ) ) ;
#8500 = CARTESIAN_POINT ( 'NONE',  ( -33.02057253258905689, 1.027832321093293810, -31.19999999999999929 ) ) ;
#8501 = EDGE_CURVE ( 'NONE', #3258, #7043, #9192, .T. ) ;
#8502 = CARTESIAN_POINT ( 'NONE',  ( -30.87057253258904055, -2.520582429040414851, -30.69999999999999929 ) ) ;
#8503 = ORIENTED_EDGE ( 'NONE', *, *, #5855, .T. ) ;
#8504 = CARTESIAN_POINT ( 'NONE',  ( 28.91229819605734974, 4.366730889563106288, -77.60000000000000853 ) ) ;
#8505 = AXIS2_PLACEMENT_3D ( 'NONE', #5416, #1883, #1012 ) ;
#8506 = CARTESIAN_POINT ( 'NONE',  ( -30.89017226309998421, 2.349417570959270840, -79.59999999999999432 ) ) ;
#8507 = CIRCLE ( 'NONE', #5700, 0.5000000000000004441 ) ;
#8508 = DIRECTION ( 'NONE',  ( 0.6024518197201953473, -0.7981552511359084612, 0.000000000000000000 ) ) ;
#8509 = EDGE_LOOP ( 'NONE', ( #9109, #2920, #4337, #4495 ) ) ;
#8510 = VECTOR ( 'NONE', #8291, 1000.000000000000000 ) ;
#8511 = CARTESIAN_POINT ( 'NONE',  ( 23.05542847636641568, 7.479417570959294714, -7.856279513121529057 ) ) ;
#8512 = CARTESIAN_POINT ( 'NONE',  ( -31.84423654065306053, 6.349417570959229096, -38.78000000000002956 ) ) ;
#8513 = CIRCLE ( 'NONE', #1996, 13.99999999999998046 ) ;
#8514 = CARTESIAN_POINT ( 'NONE',  ( -33.02057253258905689, 1.027832321093293810, -5.551115123125782702E-14 ) ) ;
#8515 = AXIS2_PLACEMENT_3D ( 'NONE', #548, #8781, #5773 ) ;
#8516 = CARTESIAN_POINT ( 'NONE',  ( -32.85161988453306492, 2.740215764883546790, -79.59999999999999432 ) ) ;
#8517 = CARTESIAN_POINT ( 'NONE',  ( -30.87057253258906897, -2.520582429040414851, -4.249999999999999112 ) ) ;
#8518 = ORIENTED_EDGE ( 'NONE', *, *, #6227, .F. ) ;
#8519 = LINE ( 'NONE', #561, #6824 ) ;
#8520 = VECTOR ( 'NONE', #2835, 1000.000000000000000 ) ;
#8521 = EDGE_LOOP ( 'NONE', ( #3368, #1802, #4182, #442 ) ) ;
#8522 = CARTESIAN_POINT ( 'NONE',  ( -30.75549643349920714, 3.456363420285003318, -79.44378340787569925 ) ) ;
#8523 = LINE ( 'NONE', #1880, #1247 ) ;
#8524 = CARTESIAN_POINT ( 'NONE',  ( -26.72057253258906329, -4.520582429040413963, -79.59999999999999432 ) ) ;
#8525 = VECTOR ( 'NONE', #4655, 1000.000000000000000 ) ;
#8526 = PLANE ( 'NONE',  #8505 ) ;
#8527 = ADVANCED_FACE ( 'NONE', ( #7675 ), #3323, .T. ) ;
#8528 = ORIENTED_EDGE ( 'NONE', *, *, #4645, .F. ) ;
#8529 = CARTESIAN_POINT ( 'NONE',  ( -23.21057253258958752, 6.349417570959293933, -74.71000000000022112 ) ) ;
#8530 = ORIENTED_EDGE ( 'NONE', *, *, #7542, .T. ) ;
#8531 = CYLINDRICAL_SURFACE ( 'NONE', #3445, 3.349999999999981437 ) ;
#8532 = CARTESIAN_POINT ( 'NONE',  ( 23.76911029561182076, 8.479417570959270734, -12.72658051567319326 ) ) ;
#8533 = CARTESIAN_POINT ( 'NONE',  ( 27.47942746741110298, -2.520582429040425509, -4.249999999999990230 ) ) ;
#8534 = ADVANCED_FACE ( 'NONE', ( #3367 ), #7810, .F. ) ;
#8535 = EDGE_CURVE ( 'NONE', #5696, #3939, #4719, .T. ) ;
#8536 = CARTESIAN_POINT ( 'NONE',  ( -28.75910544106101696, 6.060855818610995094, -24.43480871346629968 ) ) ;
#8537 = EDGE_CURVE ( 'NONE', #4873, #8538, #6619, .T. ) ;
#8538 = VERTEX_POINT ( 'NONE', #5487 ) ;
#8539 = EDGE_LOOP ( 'NONE', ( #356, #1895, #7926, #2096 ) ) ;
#8540 = CARTESIAN_POINT ( 'NONE',  ( -33.02057253258905689, 1.027832321093293810, -77.59999999999999432 ) ) ;
#8541 = FACE_OUTER_BOUND ( 'NONE', #1632, .T. ) ;
#8542 = DIRECTION ( 'NONE',  ( 1.000000000000000000, 1.250608365883192617E-15, -0.000000000000000000 ) ) ;
#8543 = DIRECTION ( 'NONE',  ( -1.951563910473906009E-15, -1.000000000000000000, -0.000000000000000000 ) ) ;
#8544 = EDGE_CURVE ( 'NONE', #7707, #2563, #3991, .T. ) ;
#8545 = CARTESIAN_POINT ( 'NONE',  ( 30.97124483432254749, 6.621220123348925846, -24.40000000018502035 ) ) ;
#8546 = CARTESIAN_POINT ( 'NONE',  ( 30.82942746741108664, 2.444417355247868517, -31.89999999999999147 ) ) ;
#8547 = DIRECTION ( 'NONE',  ( 8.673617379884103314E-15, -4.392812341392683495E-15, -1.000000000000000000 ) ) ;
#8548 = ORIENTED_EDGE ( 'NONE', *, *, #1125, .T. ) ;
#8549 = DIRECTION ( 'NONE',  ( 1.000000000000000000, 0.000000000000000000, 0.000000000000000000 ) ) ;
#8550 = FACE_OUTER_BOUND ( 'NONE', #4184, .T. ) ;
#8551 = CARTESIAN_POINT ( 'NONE',  ( 24.85044455755511805, 7.479417570959292938, -16.56030741062982159 ) ) ;
#8552 = EDGE_CURVE ( 'NONE', #2373, #4403, #3277, .T. ) ;
#8553 = CARTESIAN_POINT ( 'NONE',  ( -28.83360472956136888, 6.349417570959229096, -38.78000000000002245 ) ) ;
#8554 = CARTESIAN_POINT ( 'NONE',  ( 32.97942746741107101, 1.027832321093527401, -1.599999999999990319 ) ) ;
#8555 = DIRECTION ( 'NONE',  ( 0.000000000000000000, 0.000000000000000000, 1.000000000000000000 ) ) ;
#8556 = LINE ( 'NONE', #7038, #7062 ) ;
#8557 = CARTESIAN_POINT ( 'NONE',  ( 16.67942746741109161, 7.479417570959293826, 0.000000000000000000 ) ) ;
#8558 = EDGE_LOOP ( 'NONE', ( #2524, #5054, #5751, #9012 ) ) ;
#8559 = CARTESIAN_POINT ( 'NONE',  ( -26.80057253258890881, 7.183605103086231125, -15.36803416962766455 ) ) ;
#8560 = ORIENTED_EDGE ( 'NONE', *, *, #3452, .F. ) ;
#8561 = ADVANCED_FACE ( 'NONE', ( #1861 ), #270, .T. ) ;
#8562 = DIRECTION ( 'NONE',  ( 1.000000000000000000, -2.017120320903265181E-16, 1.613696256722612145E-15 ) ) ;
#8563 = EDGE_CURVE ( 'NONE', #8873, #4403, #2552, .T. ) ;
#8564 = CIRCLE ( 'NONE', #3616, 1.199999999999999734 ) ;
#8565 = CARTESIAN_POINT ( 'NONE',  ( 29.14607849133781770, 6.351450517827613496, -66.51795334900225498 ) ) ;
#8566 = CARTESIAN_POINT ( 'NONE',  ( 32.97942746741108522, -3.378349660049958736, -24.88596169655730250 ) ) ;
#8567 = VERTEX_POINT ( 'NONE', #2692 ) ;
#8568 = FACE_OUTER_BOUND ( 'NONE', #2818, .T. ) ;
#8569 = ORIENTED_EDGE ( 'NONE', *, *, #7848, .T. ) ;
#8570 = EDGE_CURVE ( 'NONE', #7195, #8232, #1087, .T. ) ;
#8571 = ORIENTED_EDGE ( 'NONE', *, *, #7252, .F. ) ;
#8572 = LINE ( 'NONE', #1441, #8698 ) ;
#8573 = AXIS2_PLACEMENT_3D ( 'NONE', #457, #7030, #3420 ) ;
#8574 = CARTESIAN_POINT ( 'NONE',  ( 23.79233644607618459, 8.479417570959277839, -16.90639460005535355 ) ) ;
#8575 = CARTESIAN_POINT ( 'NONE',  ( 21.27781660590455459, 7.479417570959294714, -5.432958052443496832 ) ) ;
#8576 = CARTESIAN_POINT ( 'NONE',  ( 28.67942746741106674, 10.01696613767508381, -28.54999999999999716 ) ) ;
#8577 = DIRECTION ( 'NONE',  ( -1.000000000000000000, -0.000000000000000000, -0.000000000000000000 ) ) ;
#8578 = ORIENTED_EDGE ( 'NONE', *, *, #4743, .T. ) ;
#8579 = ORIENTED_EDGE ( 'NONE', *, *, #5206, .F. ) ;
#8580 = CARTESIAN_POINT ( 'NONE',  ( 30.96438276454750849, 6.630311297074657162, -31.20000000906418336 ) ) ;
#8581 = EDGE_CURVE ( 'NONE', #2327, #8247, #9122, .T. ) ;
#8582 = FACE_OUTER_BOUND ( 'NONE', #6470, .T. ) ;
#8583 = ADVANCED_FACE ( 'NONE', ( #367 ), #9237, .T. ) ;
#8584 = LINE ( 'NONE', #2685, #4322 ) ;
#8585 = CARTESIAN_POINT ( 'NONE',  ( -29.88248646417071441, 4.783110002933331550, -34.86530377447348883 ) ) ;
#8586 = CARTESIAN_POINT ( 'NONE',  ( 24.87942746741108024, 6.349417570959288604, -66.00000000000000000 ) ) ;
#8587 = DIRECTION ( 'NONE',  ( 0.000000000000000000, 0.000000000000000000, -1.000000000000000000 ) ) ;
#8588 = LINE ( 'NONE', #503, #1078 ) ;
#8589 = CARTESIAN_POINT ( 'NONE',  ( -31.55551122508083495, 5.901646478837054843, -30.69999999999999574 ) ) ;
#8590 = CARTESIAN_POINT ( 'NONE',  ( -31.83894210955361004, 5.526123009655043106, -1.600000000000006084 ) ) ;
#8591 = ORIENTED_EDGE ( 'NONE', *, *, #9432, .F. ) ;
#8592 = CARTESIAN_POINT ( 'NONE',  ( 33.39609413407774952, 4.333328095299679994, -25.69819455862472424 ) ) ;
#8593 = DIRECTION ( 'NONE',  ( 0.000000000000000000, 1.000000000000000000, -1.734723475976805319E-15 ) ) ;
#8594 = EDGE_CURVE ( 'NONE', #9411, #4755, #5528, .T. ) ;
#8595 = FACE_OUTER_BOUND ( 'NONE', #1659, .T. ) ;
#8596 = CARTESIAN_POINT ( 'NONE',  ( -31.09539421746617194, 6.510195981694647749, -5.551115123125782702E-14 ) ) ;
#8597 = CARTESIAN_POINT ( 'NONE',  ( 32.47942746741107811, -2.520582429040426398, -24.89999999999999147 ) ) ;
#8598 = DIRECTION ( 'NONE',  ( -2.017120320903265428E-16, -1.000000000000000000, -0.000000000000000000 ) ) ;
#8599 = DIRECTION ( 'NONE',  ( -1.000000000000000000, 0.000000000000000000, 0.000000000000000000 ) ) ;
#8600 = VERTEX_POINT ( 'NONE', #6355 ) ;
#8601 = CARTESIAN_POINT ( 'NONE',  ( -33.02057253258904979, 1.027832321093293810, -79.59999999999999432 ) ) ;
#8602 = VERTEX_POINT ( 'NONE', #8365 ) ;
#8603 = CARTESIAN_POINT ( 'NONE',  ( -33.02486544962567194, -3.458971367907445416, -2.186693781853070284 ) ) ;
#8604 = CARTESIAN_POINT ( 'NONE',  ( 31.79782257754001051, 5.526132758934950928, -31.20000000000000639 ) ) ;
#8605 = DIRECTION ( 'NONE',  ( -2.017120320903265428E-16, -1.000000000000000000, -0.000000000000000000 ) ) ;
#8606 = CARTESIAN_POINT ( 'NONE',  ( 29.18018661329070085, 6.351848140341319393, -66.00000000000000000 ) ) ;
#8607 = ORIENTED_EDGE ( 'NONE', *, *, #1104, .T. ) ;
#8608 = FACE_OUTER_BOUND ( 'NONE', #6300, .T. ) ;
#8609 = ORIENTED_EDGE ( 'NONE', *, *, #3953, .F. ) ;
#8610 = CARTESIAN_POINT ( 'NONE',  ( -33.08112479349651380, -3.020582429040414407, -25.22865389885242848 ) ) ;
#8611 = EDGE_CURVE ( 'NONE', #2340, #6143, #7767, .T. ) ;
#8612 = EDGE_LOOP ( 'NONE', ( #4233, #3356, #7138, #9358 ) ) ;
#8613 = VERTEX_POINT ( 'NONE', #1905 ) ;
#8614 = CARTESIAN_POINT ( 'NONE',  ( -33.02057253258905689, 1.027832321093293810, -8.400000000000032330 ) ) ;
#8615 = CARTESIAN_POINT ( 'NONE',  ( 21.94770949002400329, 8.479417570959274286, -7.957318783105923110 ) ) ;
#8616 = LINE ( 'NONE', #2815, #8060 ) ;
#8617 = CIRCLE ( 'NONE', #1505, 0.5000000000000002220 ) ;
#8618 = DIRECTION ( 'NONE',  ( -1.250608365883192617E-15, 1.000000000000000000, -9.374415959086986861E-30 ) ) ;
#8619 = CARTESIAN_POINT ( 'NONE',  ( -28.03552272447000249, 7.030445042031627345, -36.86958753893995322 ) ) ;
#8620 = EDGE_LOOP ( 'NONE', ( #1075, #9299, #4307, #9404 ) ) ;
#8621 = EDGE_LOOP ( 'NONE', ( #9561, #6739, #8135, #4387 ) ) ;
#8622 = ADVANCED_FACE ( 'NONE', ( #1131 ), #4676, .F. ) ;
#8623 = CARTESIAN_POINT ( 'NONE',  ( 27.97942746741108522, -2.520582429040421513, -35.78000000000000824 ) ) ;
#8624 = CARTESIAN_POINT ( 'NONE',  ( 29.73829217447907425, 7.808904935363997879, -30.41868104334483647 ) ) ;
#8625 = CARTESIAN_POINT ( 'NONE',  ( 32.99334101518993378, -2.961862340154063133, -25.16366644993948398 ) ) ;
#8626 = CARTESIAN_POINT ( 'NONE',  ( -25.02057253258905689, 9.479417570959295603, -9.600236300173884629 ) ) ;
#8627 = CARTESIAN_POINT ( 'NONE',  ( -29.30441876447608607, 5.523311966095816317, -33.84956345754022067 ) ) ;
#8628 = AXIS2_PLACEMENT_3D ( 'NONE', #7376, #1477, #9583 ) ;
#8629 = ORIENTED_EDGE ( 'NONE', *, *, #8846, .F. ) ;
#8630 = AXIS2_PLACEMENT_3D ( 'NONE', #2619, #6424, #5556 ) ;
#8631 = DIRECTION ( 'NONE',  ( -2.017120320903265428E-16, -1.000000000000000000, -0.000000000000000000 ) ) ;
#8632 = LINE ( 'NONE', #4309, #7265 ) ;
#8633 = DIRECTION ( 'NONE',  ( 1.000000000000000000, 1.387778780781390455E-15, -0.000000000000000000 ) ) ;
#8634 = CARTESIAN_POINT ( 'NONE',  ( -25.18509333585857846, 7.477120709896413864, -2.000000000000085265 ) ) ;
#8635 = CARTESIAN_POINT ( 'NONE',  ( -28.66057238112732009, 8.544150326418952446, -6.781671502844880628 ) ) ;
#8636 = CARTESIAN_POINT ( 'NONE',  ( -32.98262693144751978, 1.968864266038617972, -1.599999999999966338 ) ) ;
#8637 = ORIENTED_EDGE ( 'NONE', *, *, #8310, .T. ) ;
#8638 = EDGE_CURVE ( 'NONE', #4503, #1046, #4264, .T. ) ;
#8639 = CARTESIAN_POINT ( 'NONE',  ( -32.54067377674034134, 3.931093409637637315, -79.30706904717897032 ) ) ;
#8640 = SHAPE_DEFINITION_REPRESENTATION ( #4426, #732 ) ;
#8641 = DIRECTION ( 'NONE',  ( -2.017120320903265181E-16, -1.000000000000000000, 0.000000000000000000 ) ) ;
#8642 = DIRECTION ( 'NONE',  ( 2.027103958809192199E-16, 1.000000000000000000, 1.232595164407830672E-32 ) ) ;
#8643 = VECTOR ( 'NONE', #1989, 1000.000000000000000 ) ;
#8644 = AXIS2_PLACEMENT_3D ( 'NONE', #4912, #8562, #2526 ) ;
#8645 = CARTESIAN_POINT ( 'NONE',  ( -31.85859070306701923, 5.390413136325768129, -35.09763669227059779 ) ) ;
#8646 = DIRECTION ( 'NONE',  ( 1.000000000000000000, -2.017120320903264935E-16, -5.647936898529105530E-15 ) ) ;
#8647 = DIRECTION ( 'NONE',  ( 1.000000000000000000, -0.000000000000000000, -0.000000000000000000 ) ) ;
#8648 = DIRECTION ( 'NONE',  ( 0.7981718375160925527, -0.6024298447090620234, 0.000000000000000000 ) ) ;
#8649 = EDGE_CURVE ( 'NONE', #7248, #3299, #2733, .T. ) ;
#8650 = DIRECTION ( 'NONE',  ( 4.545307736465855328E-16, 0.5240383034427359421, -0.8516946967809880809 ) ) ;
#8651 = AXIS2_PLACEMENT_3D ( 'NONE', #8242, #4551, #7505 ) ;
#8652 = EDGE_CURVE ( 'NONE', #2082, #2582, #7276, .T. ) ;
#8653 = VECTOR ( 'NONE', #4143, 1000.000000000000000 ) ;
#8654 = DIRECTION ( 'NONE',  ( 1.000000000000000000, -2.017120320903265181E-16, 0.000000000000000000 ) ) ;
#8655 = ORIENTED_EDGE ( 'NONE', *, *, #420, .T. ) ;
#8656 = CARTESIAN_POINT ( 'NONE',  ( -26.60904010714746804, 7.245500670850404390, -16.77071653409577223 ) ) ;
#8657 = ORIENTED_EDGE ( 'NONE', *, *, #7938, .F. ) ;
#8658 = AXIS2_PLACEMENT_3D ( 'NONE', #6352, #5577, #5526 ) ;
#8659 = AXIS2_PLACEMENT_3D ( 'NONE', #3311, #9227, #3978 ) ;
#8660 = CIRCLE ( 'NONE', #8490, 2.599999999999970335 ) ;
#8661 = DIRECTION ( 'NONE',  ( 2.025677196612374621E-16, 1.000000000000000000, 3.697785493223491743E-32 ) ) ;
#8662 = DIRECTION ( 'NONE',  ( -0.000000000000000000, -0.000000000000000000, 1.000000000000000000 ) ) ;
#8663 = FACE_OUTER_BOUND ( 'NONE', #5295, .T. ) ;
#8664 = ORIENTED_EDGE ( 'NONE', *, *, #179, .F. ) ;
#8665 = DIRECTION ( 'NONE',  ( -1.000000000000000000, 0.000000000000000000, -2.483923453229668132E-48 ) ) ;
#8666 = ORIENTED_EDGE ( 'NONE', *, *, #4508, .F. ) ;
#8667 = AXIS2_PLACEMENT_3D ( 'NONE', #1652, #1607, #4557 ) ;
#8668 = CARTESIAN_POINT ( 'NONE',  ( -28.47173068659326489, 8.643051113550761499, -28.96069220714815273 ) ) ;
#8669 = EDGE_LOOP ( 'NONE', ( #8769, #5710, #5116, #9399 ) ) ;
#8670 = VERTEX_POINT ( 'NONE', #6545 ) ;
#8671 = B_SPLINE_CURVE_WITH_KNOTS ( 'NONE', 3,
 ( #5194, #8939, #8216, #2305 ),
 .UNSPECIFIED., .F., .F.,
 ( 4, 4 ),
 ( 4.336808689942017255E-19, 0.0007421829327575767739 ),
 .UNSPECIFIED. ) ;
#8672 = CARTESIAN_POINT ( 'NONE',  ( 21.14064830625261493, 8.479417570959274286, -22.96681239982607536 ) ) ;
#8673 = CIRCLE ( 'NONE', #4653, 0.5000000000000000000 ) ;
#8674 = VECTOR ( 'NONE', #2047, 1000.000000000000000 ) ;
#8675 = DIRECTION ( 'NONE',  ( 1.982541115402067329E-16, 0.000000000000000000, 1.000000000000000000 ) ) ;
#8676 = EDGE_CURVE ( 'NONE', #4882, #719, #2146, .T. ) ;
#8677 = DIRECTION ( 'NONE',  ( 1.250608365883192617E-15, -1.000000000000000000, -0.000000000000000000 ) ) ;
#8678 = CARTESIAN_POINT ( 'NONE',  ( -33.06035857869799344, -3.520582429037157013, -7.636969334382246011 ) ) ;
#8679 = EDGE_LOOP ( 'NONE', ( #5065, #2382, #5849, #8664 ) ) ;
#8680 = ORIENTED_EDGE ( 'NONE', *, *, #7252, .T. ) ;
#8681 = AXIS2_PLACEMENT_3D ( 'NONE', #3687, #1313, #8876 ) ;
#8682 = CARTESIAN_POINT ( 'NONE',  ( 10.94942746741108053, 8.479417570959274286, -14.89000000000000057 ) ) ;
#8683 = CARTESIAN_POINT ( 'NONE',  ( 32.97942746741107811, -2.949466044545191679, -25.14298084827864699 ) ) ;
#8684 = EDGE_CURVE ( 'NONE', #2769, #7352, #3997, .T. ) ;
#8685 = CARTESIAN_POINT ( 'NONE',  ( -32.27334912102943321, 4.694723289364583607, -2.099999999990734612 ) ) ;
#8686 = AXIS2_PLACEMENT_3D ( 'NONE', #5654, #3493, #5080 ) ;
#8687 = ORIENTED_EDGE ( 'NONE', *, *, #418, .T. ) ;
#8688 = CARTESIAN_POINT ( 'NONE',  ( 33.04243847031576564, -3.020582429040480132, -2.425320565519157423 ) ) ;
#8689 = CARTESIAN_POINT ( 'NONE',  ( -29.04827632435124585, 7.990213835971000655, -6.903212735880901008 ) ) ;
#8690 = DIRECTION ( 'NONE',  ( -7.778769097326427134E-62, 1.000000000000000000, 3.255019511200713287E-31 ) ) ;
#8691 = CARTESIAN_POINT ( 'NONE',  ( -29.40327834170989618, 5.423082788388958519, -76.59999999999998010 ) ) ;
#8692 = FACE_OUTER_BOUND ( 'NONE', #2578, .T. ) ;
#8693 = VERTEX_POINT ( 'NONE', #1994 ) ;
#8694 = CARTESIAN_POINT ( 'NONE',  ( 30.82942746741106177, -3.020582429040425954, -28.54999999999999716 ) ) ;
#8695 = PERSON_AND_ORGANIZATION ( #2481, #6866 ) ;
#8696 = CARTESIAN_POINT ( 'NONE',  ( 28.92259614276088442, 5.878369133220856746, -24.28566087000266904 ) ) ;
#8697 = CARTESIAN_POINT ( 'NONE',  ( 32.54108755969198796, -3.020582429040800321, -7.444060862824953162 ) ) ;
#8698 = VECTOR ( 'NONE', #2214, 1000.000000000000000 ) ;
#8699 = CARTESIAN_POINT ( 'NONE',  ( -28.70567772287959940, 8.594476921444263340, -35.46301331502011323 ) ) ;
#8700 = CARTESIAN_POINT ( 'NONE',  ( 31.76473261921989888, 5.504588585202264461, -2.100000000000006750 ) ) ;
#8701 = DIRECTION ( 'NONE',  ( -7.490519751586869532E-48, -3.697785493223491743E-32, 1.000000000000000000 ) ) ;
#8702 = CARTESIAN_POINT ( 'NONE',  ( 32.97705618678682526, 1.263623925350061628, -24.39999999999999503 ) ) ;
#8703 = AXIS2_PLACEMENT_3D ( 'NONE', #3175, #3760, #66 ) ;
#8704 = CARTESIAN_POINT ( 'NONE',  ( 33.02060362615787170, -3.520582137359619779, -30.44191946352130174 ) ) ;
#8705 = ORIENTED_EDGE ( 'NONE', *, *, #2985, .F. ) ;
#8706 = CARTESIAN_POINT ( 'NONE',  ( -30.66964904106479040, 6.307280337587459762, -7.900000000000047429 ) ) ;
#8707 = ORIENTED_EDGE ( 'NONE', *, *, #4339, .F. ) ;
#8708 = EDGE_CURVE ( 'NONE', #6691, #1569, #8340, .T. ) ;
#8709 = EDGE_CURVE ( 'NONE', #617, #5999, #2611, .T. ) ;
#8710 = EDGE_CURVE ( 'NONE', #2563, #200, #8277, .T. ) ;
#8711 = PLANE ( 'NONE',  #448 ) ;
#8712 = CARTESIAN_POINT ( 'NONE',  ( -31.02057253258905334, 1.027832321093293810, -77.59999999999999432 ) ) ;
#8713 = CARTESIAN_POINT ( 'NONE',  ( 23.72942746741108166, 6.349417570959293933, -48.50000000000002132 ) ) ;
#8714 = CARTESIAN_POINT ( 'NONE',  ( -26.13234680687844502, 9.399745938745670770, -32.97167758884397415 ) ) ;
#8715 = CARTESIAN_POINT ( 'NONE',  ( -34.02057253258906400, -3.520582429040413075, -2.075961696557274916 ) ) ;
#8716 = ORIENTED_EDGE ( 'NONE', *, *, #7513, .T. ) ;
#8717 = CYLINDRICAL_SURFACE ( 'NONE', #5547, 2.600000000000004974 ) ;
#8718 = ORIENTED_EDGE ( 'NONE', *, *, #2739, .T. ) ;
#8719 = FACE_OUTER_BOUND ( 'NONE', #1270, .T. ) ;
#8720 = ORIENTED_EDGE ( 'NONE', *, *, #5672, .T. ) ;
#8721 = VERTEX_POINT ( 'NONE', #3553 ) ;
#8722 = EDGE_CURVE ( 'NONE', #9350, #4494, #2782, .T. ) ;
#8723 = CARTESIAN_POINT ( 'NONE',  ( 21.77839345061861920, 8.479417570959274286, -7.695712522499456476 ) ) ;
#8724 = VECTOR ( 'NONE', #9490, 1000.000000000000000 ) ;
#8725 = CARTESIAN_POINT ( 'NONE',  ( 20.19731914703801579, 7.479417570959294714, -4.377870060809645913 ) ) ;
#8726 = CARTESIAN_POINT ( 'NONE',  ( -31.26965845134710520, 6.280378773161256589, -1.600000000000006306 ) ) ;
#8727 = CARTESIAN_POINT ( 'NONE',  ( -26.60590992272275201, 7.533561442282437959, -36.39146912455562699 ) ) ;
#8728 = ORIENTED_EDGE ( 'NONE', *, *, #6241, .T. ) ;
#8729 = ORIENTED_EDGE ( 'NONE', *, *, #4371, .T. ) ;
#8730 = LINE ( 'NONE', #5034, #4899 ) ;
#8731 = CARTESIAN_POINT ( 'NONE',  ( 31.22850509297922628, 6.280390163998470499, -24.39999999999999858 ) ) ;
#8732 = CARTESIAN_POINT ( 'NONE',  ( 33.00616492513108824, -2.969737264260368992, -25.17574115690442227 ) ) ;
#8733 = DIRECTION ( 'NONE',  ( -1.000000000000000000, 1.668003342285388346E-16, 3.669607353027853819E-15 ) ) ;
#8734 = CARTESIAN_POINT ( 'NONE',  ( -33.02057253258904268, 1.027832321093293810, -2.099999999999983658 ) ) ;
#8735 = ORIENTED_EDGE ( 'NONE', *, *, #5982, .T. ) ;
#8736 = CARTESIAN_POINT ( 'NONE',  ( 33.00446098494866476, -3.508971633985102034, -2.306471019258772515 ) ) ;
#8737 = DIRECTION ( 'NONE',  ( -0.000000000000000000, -1.000000000000000000, -0.000000000000000000 ) ) ;
#8738 = DIRECTION ( 'NONE',  ( -2.017120320903265428E-16, -1.000000000000000000, -0.000000000000000000 ) ) ;
#8739 = CARTESIAN_POINT ( 'NONE',  ( -21.05069219299620897, 7.479417570959294714, -2.000000000000043521 ) ) ;
#8740 = DIRECTION ( 'NONE',  ( 0.000000000000000000, 0.000000000000000000, -1.000000000000000000 ) ) ;
#8741 = ORIENTED_EDGE ( 'NONE', *, *, #115, .F. ) ;
#8742 = CARTESIAN_POINT ( 'NONE',  ( 29.72880021359811664, 4.945389923462915505, -34.57714851573403791 ) ) ;
#8743 = CALENDAR_DATE ( 2026, 11, 5 ) ;
#8744 = CARTESIAN_POINT ( 'NONE',  ( 29.88150827916022223, 4.734307065700256167, -23.83126058321668239 ) ) ;
#8745 = CARTESIAN_POINT ( 'NONE',  ( -30.77369975578804429, 7.227175695797899202, -36.52546877958504012 ) ) ;
#8746 = CARTESIAN_POINT ( 'NONE',  ( 32.62701635842680048, 3.488738531371657459, -48.00413686479652853 ) ) ;
#8748 = EDGE_CURVE ( 'NONE', #345, #592, #6777, .T. ) ;
#8747 = CARTESIAN_POINT ( 'NONE',  ( 33.04243847031000314, -3.520582429040426398, -2.425320565503714665 ) ) ;
#8749 = LINE ( 'NONE', #2990, #5555 ) ;
#8750 = PLANE ( 'NONE',  #1137 ) ;
#8751 = EDGE_LOOP ( 'NONE', ( #1005, #1692, #3492, #234 ) ) ;
#8752 = CARTESIAN_POINT ( 'NONE',  ( -29.40282645053425625, 7.714189826624891388, -7.327791659155415083 ) ) ;
#8753 = ORIENTED_EDGE ( 'NONE', *, *, #7056, .F. ) ;
#8754 = PLANE ( 'NONE',  #4460 ) ;
#8755 = DIRECTION ( 'NONE',  ( -2.017120320903264935E-16, -1.000000000000000000, 0.000000000000000000 ) ) ;
#8756 = CARTESIAN_POINT ( 'NONE',  ( 24.97942745859588243, 9.479417570959293826, -35.09350088661729217 ) ) ;
#8757 = PLANE ( 'NONE',  #8850 ) ;
#8758 = ORIENTED_EDGE ( 'NONE', *, *, #3674, .F. ) ;
#8759 = CARTESIAN_POINT ( 'NONE',  ( -30.87057253258904055, -2.520582429040414851, -28.54999999999999716 ) ) ;
#8760 = VERTEX_POINT ( 'NONE', #5724 ) ;
#8761 = CARTESIAN_POINT ( 'NONE',  ( 32.92934547598675721, 2.104789917485623718, -5.551115123125782702E-14 ) ) ;
#8762 = ORIENTED_EDGE ( 'NONE', *, *, #82, .T. ) ;
#8763 = EDGE_CURVE ( 'NONE', #8777, #6658, #3071, .T. ) ;
#8764 = ORIENTED_EDGE ( 'NONE', *, *, #7396, .T. ) ;
#8765 = CARTESIAN_POINT ( 'NONE',  ( 16.67942746741107385, 7.479417570959288497, -27.66368779953535295 ) ) ;
#8766 = CARTESIAN_POINT ( 'NONE',  ( 16.67942746741109161, 7.479417570959293826, -27.66368779953539203 ) ) ;
#8767 = CARTESIAN_POINT ( 'NONE',  ( 32.63624460303811503, 3.456915091665796691, -77.59999999999999432 ) ) ;
#8768 = CARTESIAN_POINT ( 'NONE',  ( 33.03013677141047566, -2.989507569137167753, -30.40958318531248139 ) ) ;
#8769 = ORIENTED_EDGE ( 'NONE', *, *, #5270, .F. ) ;
#8770 = ADVANCED_FACE ( 'NONE', ( #8692 ), #506, .T. ) ;
#8771 = EDGE_CURVE ( 'NONE', #347, #6237, #9576, .T. ) ;
#8772 = ORIENTED_EDGE ( 'NONE', *, *, #4848, .T. ) ;
#8773 = LINE ( 'NONE', #3639, #3044 ) ;
#8774 = CARTESIAN_POINT ( 'NONE',  ( 30.59394838892001189, 3.298265036961685936, -76.59999999999999432 ) ) ;
#8775 = CARTESIAN_POINT ( 'NONE',  ( -31.92057253258911231, -3.520582429040413075, -5.000000000000004441 ) ) ;
#8776 = CARTESIAN_POINT ( 'NONE',  ( -26.40217246987043254, 7.313895358505615896, -32.82000785417027089 ) ) ;
#8777 = VERTEX_POINT ( 'NONE', #4949 ) ;
#8778 = DIRECTION ( 'NONE',  ( 1.000000000000000000, 1.250608365883192617E-15, -0.000000000000000000 ) ) ;
#8779 = DIRECTION ( 'NONE',  ( -2.017120320903265181E-16, -1.000000000000000000, 0.000000000000000000 ) ) ;
#8780 = DIRECTION ( 'NONE',  ( -2.017120320903265181E-16, -1.000000000000000000, 0.000000000000000000 ) ) ;
#8781 = DIRECTION ( 'NONE',  ( -0.000000000000000000, -1.000000000000000000, -0.000000000000000000 ) ) ;
#8782 = CIRCLE ( 'NONE', #4598, 2.149999999999999023 ) ;
#8783 = CARTESIAN_POINT ( 'NONE',  ( -33.02057253258905689, 1.027832321093293810, -1.600000000000018074 ) ) ;
#8784 = ORIENTED_EDGE ( 'NONE', *, *, #8611, .T. ) ;
#8785 = CARTESIAN_POINT ( 'NONE',  ( 30.97942746741106745, 1.714536632302608998, -76.59999999999998010 ) ) ;
#8786 = PERSON_AND_ORGANIZATION ( #2481, #6866 ) ;
#8787 = CARTESIAN_POINT ( 'NONE',  ( 27.47942746741107811, 6.882466451305253585, -26.89155409286344067 ) ) ;
#8788 = CARTESIAN_POINT ( 'NONE',  ( 32.57394397176837231, -3.020582429040426398, -7.400000000000003020 ) ) ;
#8789 = CARTESIAN_POINT ( 'NONE',  ( -27.18075308475609830, 9.186450932536789793, -35.19789147620832637 ) ) ;
#8790 = ADVANCED_FACE ( 'NONE', ( #1222 ), #6402, .T. ) ;
#8791 = DIRECTION ( 'NONE',  ( -2.017120320903265181E-16, -1.000000000000000000, 0.000000000000000000 ) ) ;
#8792 = CARTESIAN_POINT ( 'NONE',  ( 33.97942746741107811, -3.520582429040425954, -30.73403830344269849 ) ) ;
#8793 = FACE_OUTER_BOUND ( 'NONE', #2045, .T. ) ;
#8794 = CARTESIAN_POINT ( 'NONE',  ( 27.47942746741109232, 9.481417570959283836, -5.750000000000006217 ) ) ;
#8795 = AXIS2_PLACEMENT_3D ( 'NONE', #6836, #6735, #5139 ) ;
#8796 = EDGE_CURVE ( 'NONE', #8247, #5094, #294, .T. ) ;
#8797 = VECTOR ( 'NONE', #8063, 1000.000000000000000 ) ;
#8798 = ORIENTED_EDGE ( 'NONE', *, *, #9428, .F. ) ;
#8799 = DIRECTION ( 'NONE',  ( -2.017120320903265181E-16, -1.000000000000000000, 0.000000000000000000 ) ) ;
#8800 = FACE_OUTER_BOUND ( 'NONE', #4059, .T. ) ;
#8801 = ORIENTED_EDGE ( 'NONE', *, *, #9590, .T. ) ;
#8802 = CARTESIAN_POINT ( 'NONE',  ( 29.47112205697460396, 8.011382927513853502, -7.430981534899532726 ) ) ;
#8803 = CARTESIAN_POINT ( 'NONE',  ( 27.97942746741108522, -4.520582429040423733, -35.78000000000000824 ) ) ;
#8804 = DIRECTION ( 'NONE',  ( 0.000000000000000000, 1.000000000000000000, -0.000000000000000000 ) ) ;
#8805 = CARTESIAN_POINT ( 'NONE',  ( -29.26681779574102293, 5.564758135022903396, -8.693509259797933098 ) ) ;
#8806 = AXIS2_PLACEMENT_3D ( 'NONE', #3018, #3116, #1567 ) ;
#8807 = CARTESIAN_POINT ( 'NONE',  ( -30.52472888804489415, 7.154132688078292723, -33.89619522213354230 ) ) ;
#8808 = LINE ( 'NONE', #7301, #5289 ) ;
#8809 = VERTEX_POINT ( 'NONE', #6963 ) ;
#8810 = B_SPLINE_CURVE_WITH_KNOTS ( 'NONE', 3,
 ( #569, #480, #1195, #6422, #4144, #7830 ),
 .UNSPECIFIED., .F., .F.,
 ( 4, 2, 4 ),
 ( 3.477409411414266917E-16, 0.0001470901170951087586, 0.0002941802341898698135 ),
 .UNSPECIFIED. ) ;
#8811 = FACE_OUTER_BOUND ( 'NONE', #8621, .T. ) ;
#8812 = ORIENTED_EDGE ( 'NONE', *, *, #3559, .F. ) ;
#8813 = CARTESIAN_POINT ( 'NONE',  ( -27.67983925791542532, 6.800652496150178195, -3.208536305672679223 ) ) ;
#8814 = ORIENTED_EDGE ( 'NONE', *, *, #4413, .F. ) ;
#8815 = AXIS2_PLACEMENT_3D ( 'NONE', #1084, #1939, #4039 ) ;
#8816 = ORIENTED_EDGE ( 'NONE', *, *, #1918, .T. ) ;
#8817 = AXIS2_PLACEMENT_3D ( 'NONE', #2414, #1579, #670 ) ;
#8818 = VECTOR ( 'NONE', #1565, 1000.000000000000000 ) ;
#8819 = ADVANCED_FACE ( 'NONE', ( #6107 ), #4452, .T. ) ;
#8820 = CARTESIAN_POINT ( 'NONE',  ( 19.55448273724645958, 7.479417570959295603, -25.95355765785689428 ) ) ;
#8821 = CIRCLE ( 'NONE', #4640, 2.999999999999999112 ) ;
#8822 = DIRECTION ( 'NONE',  ( 0.000000000000000000, 1.000000000000000000, 0.000000000000000000 ) ) ;
#8823 = EDGE_LOOP ( 'NONE', ( #1640, #574, #1003, #6389 ) ) ;
#8824 = EDGE_LOOP ( 'NONE', ( #3655, #529, #7358, #8145 ) ) ;
#8825 = DIRECTION ( 'NONE',  ( 0.000000000000000000, 0.000000000000000000, 1.000000000000000000 ) ) ;
#8826 = TOROIDAL_SURFACE ( 'NONE', #9617, 1.649999999999999467, 0.5000000000000000000 ) ;
#8827 = CARTESIAN_POINT ( 'NONE',  ( 28.71767590622708610, 6.056400565608317521, -31.15367807073709372 ) ) ;
#8828 = CARTESIAN_POINT ( 'NONE',  ( 28.43083699420807164, 8.642716696319169500, -6.158868493549310763 ) ) ;
#8829 = EDGE_CURVE ( 'NONE', #7874, #7587, #3154, .T. ) ;
#8830 = FACE_OUTER_BOUND ( 'NONE', #9392, .T. ) ;
#8831 = ADVANCED_FACE ( 'NONE', ( #2979 ), #1735, .T. ) ;
#8832 = EDGE_CURVE ( 'NONE', #4701, #981, #8181, .T. ) ;
#8833 = CARTESIAN_POINT ( 'NONE',  ( -33.02057253258905689, 1.606463428282400185, -77.59999999999999432 ) ) ;
#8834 = ORIENTED_EDGE ( 'NONE', *, *, #1740, .T. ) ;
#8835 = CARTESIAN_POINT ( 'NONE',  ( -33.02057253258906400, -3.366042712232976353, -30.73403830344269139 ) ) ;
#8836 = DIRECTION ( 'NONE',  ( 2.017120320903265181E-16, 1.000000000000000000, -0.000000000000000000 ) ) ;
#8837 = CARTESIAN_POINT ( 'NONE',  ( -33.02057253258906400, -2.520582429040414407, -25.39999999999999147 ) ) ;
#8838 = AXIS2_PLACEMENT_3D ( 'NONE', #3587, #4500, #3779 ) ;
#8839 = CARTESIAN_POINT ( 'NONE',  ( -24.99355612629648959, 7.479417570959287609, -76.59999999999999432 ) ) ;
#8840 = CARTESIAN_POINT ( 'NONE',  ( -30.87057253258903700, 5.979163850806759939, -30.69999999999999929 ) ) ;
#8841 = ORIENTED_EDGE ( 'NONE', *, *, #2591, .F. ) ;
#8842 = DIRECTION ( 'NONE',  ( 2.017120320903265181E-16, 1.000000000000000000, -0.000000000000000000 ) ) ;
#8843 = DATE_AND_TIME ( #1998, #5157 ) ;
#8844 = DIRECTION ( 'NONE',  ( -1.387778780781445922E-16, 1.000000000000000000, -0.000000000000000000 ) ) ;
#8845 = CIRCLE ( 'NONE', #7442, 0.5000000000000002220 ) ;
#8846 = EDGE_CURVE ( 'NONE', #7443, #5696, #1521, .T. ) ;
#8847 = CARTESIAN_POINT ( 'NONE',  ( 32.97942746741107101, 1.027832321093527401, -30.69999999999999929 ) ) ;
#8848 = CARTESIAN_POINT ( 'NONE',  ( -30.87057253258904055, -3.020582429040413963, -28.54999999999999716 ) ) ;
#8849 = CARTESIAN_POINT ( 'NONE',  ( 29.17942746741106319, -2.520582429040425509, -28.54999999999999716 ) ) ;
#8850 = AXIS2_PLACEMENT_3D ( 'NONE', #2116, #8031, #1396 ) ;
#8851 = CARTESIAN_POINT ( 'NONE',  ( 31.87942746741113353, 5.479417570959574491, -27.81000000000000227 ) ) ;
#8852 = ORIENTED_EDGE ( 'NONE', *, *, #2178, .F. ) ;
#8853 = CARTESIAN_POINT ( 'NONE',  ( -29.10366812901831679, 7.950233241216828617, -6.984540808715218319 ) ) ;
#8854 = DIRECTION ( 'NONE',  ( 0.000000000000000000, 0.000000000000000000, -1.000000000000000000 ) ) ;
#8855 = ORIENTED_EDGE ( 'NONE', *, *, #6560, .T. ) ;
#8856 = CARTESIAN_POINT ( 'NONE',  ( -31.26965845134708388, 6.280378773161284123, -7.900000000000001243 ) ) ;
#8857 = AXIS2_PLACEMENT_3D ( 'NONE', #2549, #1083, #4038 ) ;
#8858 = DIRECTION ( 'NONE',  ( -2.017120320903265181E-16, -1.000000000000000000, 0.000000000000000000 ) ) ;
#8859 = CARTESIAN_POINT ( 'NONE',  ( -32.14602971522289465, 4.849247568383653118, -35.61190125469993717 ) ) ;
#8860 = LINE ( 'NONE', #2219, #1114 ) ;
#8861 = ORIENTED_EDGE ( 'NONE', *, *, #397, .F. ) ;
#8862 = ORIENTED_EDGE ( 'NONE', *, *, #7474, .F. ) ;
#8863 = CARTESIAN_POINT ( 'NONE',  ( 32.48940516521263078, 3.930971082087141077, -5.551115123125782702E-14 ) ) ;
#8864 = VERTEX_POINT ( 'NONE', #3441 ) ;
#8865 = VERTEX_POINT ( 'NONE', #8529 ) ;
#8866 = CARTESIAN_POINT ( 'NONE',  ( 20.94744711258435999, 8.479417570959274286, -6.575221211245044550 ) ) ;
#8867 = DIRECTION ( 'NONE',  ( 1.000000000000000000, 0.000000000000000000, 0.000000000000000000 ) ) ;
#8868 = DIRECTION ( 'NONE',  ( 1.000000000000000000, 1.250608365883192617E-15, -0.000000000000000000 ) ) ;
#8869 = ADVANCED_FACE ( 'NONE', ( #9403 ), #3484, .T. ) ;
#8870 = CARTESIAN_POINT ( 'NONE',  ( -28.72057253784575437, 8.517091395331041426, -26.87017192108195829 ) ) ;
#8871 = ORIENTED_EDGE ( 'NONE', *, *, #3961, .T. ) ;
#8872 = CARTESIAN_POINT ( 'NONE',  ( -30.12978852734655888, 6.170215716940349537, -76.89618379778467272 ) ) ;
#8873 = VERTEX_POINT ( 'NONE', #5506 ) ;
#8874 = CARTESIAN_POINT ( 'NONE',  ( 27.04739558457766435, 9.190676364633125317, -0.000000000000000000 ) ) ;
#8875 = LINE ( 'NONE', #2187, #121 ) ;
#8876 = DIRECTION ( 'NONE',  ( 1.000000000000000000, 0.000000000000000000, 0.000000000000000000 ) ) ;
#8877 = LINE ( 'NONE', #837, #159 ) ;
#8878 = DIRECTION ( 'NONE',  ( -1.250608365883192617E-15, 1.000000000000000000, -4.687207979543508144E-30 ) ) ;
#8879 = DIRECTION ( 'NONE',  ( 2.017120320903265181E-16, 1.000000000000000000, -0.000000000000000000 ) ) ;
#8880 = VERTEX_POINT ( 'NONE', #7887 ) ;
#8881 = APPROVAL_PERSON_ORGANIZATION ( #651, #4240, #7173 ) ;
#8882 = CARTESIAN_POINT ( 'NONE',  ( -32.55955081835966780, -3.014559392741553268, -30.29088625721452033 ) ) ;
#8883 = CARTESIAN_POINT ( 'NONE',  ( 29.97942746741108877, -4.520582429040426398, -76.59999999999999432 ) ) ;
#8884 = CARTESIAN_POINT ( 'NONE',  ( 31.91746114700365311, 4.057357372539304841, -24.89999999999999503 ) ) ;
#8885 = CARTESIAN_POINT ( 'NONE',  ( -31.02057253258904979, 1.373312738190331839, -2.000000000000057288 ) ) ;
#8886 = CARTESIAN_POINT ( 'NONE',  ( -30.34119422363367136, 7.323153022573817950, -30.65393138962953046 ) ) ;
#8887 = ORIENTED_EDGE ( 'NONE', *, *, #8890, .T. ) ;
#8888 = CARTESIAN_POINT ( 'NONE',  ( 26.71294526889841947, 7.210154720964260910, -32.84759520618167983 ) ) ;
#8889 = CARTESIAN_POINT ( 'NONE',  ( 30.82942746741106532, 10.01696613767508381, -30.69999999999999929 ) ) ;
#8890 = EDGE_CURVE ( 'NONE', #843, #2520, #434, .T. ) ;
#8891 = ADVANCED_FACE ( 'NONE', ( #8568 ), #4146, .F. ) ;
#8892 = EDGE_CURVE ( 'NONE', #6237, #2242, #6750, .T. ) ;
#8893 = DIRECTION ( 'NONE',  ( -1.250608365883192420E-15, 1.000000000000000000, 0.000000000000000000 ) ) ;
#8894 = CYLINDRICAL_SURFACE ( 'NONE', #297, 2.149999999999999023 ) ;
#8895 = CARTESIAN_POINT ( 'NONE',  ( 30.93525040170274920, 1.916171441868141478, -79.60000000000000853 ) ) ;
#8896 = DIRECTION ( 'NONE',  ( 0.000000000000000000, 0.000000000000000000, 1.000000000000000000 ) ) ;
#8897 = CARTESIAN_POINT ( 'NONE',  ( 10.94942746741108053, 7.479417570959293826, -28.88999999999998280 ) ) ;
#8898 = EDGE_CURVE ( 'NONE', #8600, #4553, #9359, .T. ) ;
#8899 = CARTESIAN_POINT ( 'NONE',  ( 23.06392478631061493, 8.479417570959276063, -19.76736559181959052 ) ) ;
#8900 = EDGE_CURVE ( 'NONE', #2223, #130, #4790, .T. ) ;
#8901 = CARTESIAN_POINT ( 'NONE',  ( -29.38789232927363315, 8.099141605704721414, -7.321750231315737878 ) ) ;
#8902 = CARTESIAN_POINT ( 'NONE',  ( 28.79262011024110990, 6.349417570959286827, -75.59999999999996589 ) ) ;
#8903 = ORIENTED_EDGE ( 'NONE', *, *, #7544, .T. ) ;
#8904 = CARTESIAN_POINT ( 'NONE',  ( -30.73313592855562248, 6.937845769155766895, -31.16799352242080090 ) ) ;
#8905 = CARTESIAN_POINT ( 'NONE',  ( -29.47805363400209799, 3.475220865833932749, -77.59999999999998010 ) ) ;
#8906 = CARTESIAN_POINT ( 'NONE',  ( -31.07259071017205088, 6.547221109091261759, -34.24518168847145461 ) ) ;
#8907 = CARTESIAN_POINT ( 'NONE',  ( 31.22850509297925115, 6.280390163998435860, -7.900000000000006573 ) ) ;
#8908 = VERTEX_POINT ( 'NONE', #390 ) ;
#8909 = DIRECTION ( 'NONE',  ( -0.000000000000000000, 0.000000000000000000, 1.000000000000000000 ) ) ;
#8910 = VERTEX_POINT ( 'NONE', #3345 ) ;
#8911 = EDGE_LOOP ( 'NONE', ( #7018, #5201, #1460, #4350 ) ) ;
#8912 = B_SPLINE_CURVE_WITH_KNOTS ( 'NONE', 3,
 ( #7569, #6786, #3063, #3117, #2196, #5187, #4462, #8986, #6072, #2401, #7423, #2293, #2352, #5140, #7368, #5335, #3750, #6693 ),
 .UNSPECIFIED., .F., .F.,
 ( 4, 2, 2, 2, 2, 2, 2, 2, 4 ),
 ( 8.673617379884035472E-19, 0.0006343460876839996428, 0.0009515191315259965369, 0.001268692175367993431, 0.001903038263051989604, 0.002537384350735985995, 0.003171730438419979783, 0.003806076526103973137, 0.005074768701471952040 ),
 .UNSPECIFIED. ) ;
#8913 = CARTESIAN_POINT ( 'NONE',  ( 23.41488830974187252, 7.479417570959293826, -21.26333445074366324 ) ) ;
#8914 = CARTESIAN_POINT ( 'NONE',  ( -27.52057253258906755, 6.882612225788601990, -5.750000000000006217 ) ) ;
#8915 =( BOUNDED_SURFACE ( )  B_SPLINE_SURFACE ( 3, 2, ( 
 ( #6896, #3082, #8272 ),
 ( #273, #6186, #2514 ),
 ( #8319, #9047, #6038 ),
 ( #2417, #4723, #5449 ),
 ( #3995, #4625, #8415 ),
 ( #2371, #4579, #3907 ) ),
 .UNSPECIFIED., .F., .F., .T. ) 
 B_SPLINE_SURFACE_WITH_KNOTS ( ( 4, 2, 4 ),
 ( 3, 3 ),
 ( 0.01991490005359297655, 0.02065619717995374055, 0.02139749430631450455 ),
 ( 0.000000000000000000, 1.000000000000000000 ),
 .UNSPECIFIED. ) 
 GEOMETRIC_REPRESENTATION_ITEM ( )  RATIONAL_B_SPLINE_SURFACE ( (
 ( 1.000000000000000000, 0.7990226467931305088, 1.000000000000000000),
 ( 1.000000000000000000, 0.8065368265290976391, 1.000000000000000000),
 ( 1.000000000000000000, 0.8141799775912343939, 1.000000000000000000),
 ( 1.000000000000000000, 0.8255235362559933954, 1.000000000000000000),
 ( 1.000000000000000000, 0.8291183421214028959, 1.000000000000000000),
 ( 1.000000000000000000, 0.8290473114986776082, 1.000000000000000000) ) ) 
 REPRESENTATION_ITEM ( '' )  SURFACE ( )  );
#8916 = CARTESIAN_POINT ( 'NONE',  ( -31.41841438642302364, 6.079065903673393834, -0.000000000000000000 ) ) ;
#8917 = CARTESIAN_POINT ( 'NONE',  ( 24.28018972934298603, 7.479417570959294714, -19.17976747886271482 ) ) ;
#8918 = ADVANCED_FACE ( 'NONE', ( #2572 ), #7613, .T. ) ;
#8919 = DIRECTION ( 'NONE',  ( 1.000000000000000000, -2.017120320903264935E-16, 3.227392513445213246E-15 ) ) ;
#8920 = CARTESIAN_POINT ( 'NONE',  ( -28.94808008940692545, 8.380257993984049136, -25.53143519619590762 ) ) ;
#8921 = VERTEX_POINT ( 'NONE', #3001 ) ;
#8922 = CARTESIAN_POINT ( 'NONE',  ( 32.97942746741108522, -4.520582429040437056, -30.73403830344271270 ) ) ;
#8923 = EDGE_CURVE ( 'NONE', #5515, #2497, #3849, .T. ) ;
#8924 = ORIENTED_EDGE ( 'NONE', *, *, #4055, .F. ) ;
#8925 = CARTESIAN_POINT ( 'NONE',  ( -27.52057253258907465, 9.481417570959294494, -4.249999999999989342 ) ) ;
#8926 = CARTESIAN_POINT ( 'NONE',  ( -29.67517446732201236, 7.887783522186562202, -24.85701944152432574 ) ) ;
#8927 = CARTESIAN_POINT ( 'NONE',  ( 28.41841373127384429, 6.298619667702705094, -30.87981540788715407 ) ) ;
#8928 = EDGE_CURVE ( 'NONE', #1942, #2470, #3535, .T. ) ;
#8929 = CIRCLE ( 'NONE', #3065, 0.5000000000000008882 ) ;
#8930 = CARTESIAN_POINT ( 'NONE',  ( -30.87057253258906897, -2.520582429040414851, -2.600000000000000089 ) ) ;
#8931 = CARTESIAN_POINT ( 'NONE',  ( 32.63624460303810082, 3.456915091665887285, -47.01284170406882623 ) ) ;
#8932 = CARTESIAN_POINT ( 'NONE',  ( 32.97942746741108522, -4.520582429040437056, -79.59999999999999432 ) ) ;
#8933 = VERTEX_POINT ( 'NONE', #3582 ) ;
#8934 = CARTESIAN_POINT ( 'NONE',  ( -32.74467134250742362, 3.222727721270801649, -77.57397104869320970 ) ) ;
#8935 = CARTESIAN_POINT ( 'NONE',  ( -33.02057253258904268, -2.520582429040414407, -24.89999999999999147 ) ) ;
#8936 = CARTESIAN_POINT ( 'NONE',  ( -28.83360472956136888, 6.349417570959293933, -75.59999999999998010 ) ) ;
#8937 = VERTEX_POINT ( 'NONE', #5949 ) ;
#8938 = CARTESIAN_POINT ( 'NONE',  ( -32.52057253258906400, -2.520582429040413519, -30.19999999999999929 ) ) ;
#8939 = CARTESIAN_POINT ( 'NONE',  ( 32.76198328719050323, 2.983957783321546042, -77.59999999864703568 ) ) ;
#8940 = AXIS2_PLACEMENT_3D ( 'NONE', #5399, #8371, #7634 ) ;
#8941 = DIRECTION ( 'NONE',  ( 0.000000000000000000, 1.000000000000000000, 3.255019511200713725E-31 ) ) ;
#8942 = CARTESIAN_POINT ( 'NONE',  ( 30.84903816310498215, 2.349417570959424051, -79.60000000000000853 ) ) ;
#8943 = DIRECTION ( 'NONE',  ( 0.000000000000000000, 0.000000000000000000, 1.000000000000000000 ) ) ;
#8944 = DIRECTION ( 'NONE',  ( -1.000000000000000000, 2.017120320903264935E-16, 0.000000000000000000 ) ) ;
#8945 = CARTESIAN_POINT ( 'NONE',  ( -32.83139246897221852, 2.898850479305539629, -24.39999999999999147 ) ) ;
#8946 = ORIENTED_EDGE ( 'NONE', *, *, #6699, .T. ) ;
#8947 = CARTESIAN_POINT ( 'NONE',  ( -29.34396222438976665, 8.126908161080173443, -7.694719950592944890 ) ) ;
#8948 = CARTESIAN_POINT ( 'NONE',  ( 30.08865842099807963, 6.170256932298340047, -76.89603831075486085 ) ) ;
#8949 = ORIENTED_EDGE ( 'NONE', *, *, #2041, .F. ) ;
#8950 = AXIS2_PLACEMENT_3D ( 'NONE', #8159, #3847, #4570 ) ;
#8951 = LINE ( 'NONE', #6043, #5078 ) ;
#8952 = ADVANCED_FACE ( 'NONE', ( #8719 ), #1401, .F. ) ;
#8953 = CARTESIAN_POINT ( 'NONE',  ( -29.01434689690777802, 8.014392653917630227, -3.153327048813727274 ) ) ;
#8954 = EDGE_CURVE ( 'NONE', #35, #3084, #593, .T. ) ;
#8955 = CARTESIAN_POINT ( 'NONE',  ( 32.62117541844996538, 3.511024483616665304, -38.04489430615716827 ) ) ;
#8956 = ORIENTED_EDGE ( 'NONE', *, *, #4734, .F. ) ;
#8957 = VECTOR ( 'NONE', #6650, 1000.000000000000000 ) ;
#8958 = AXIS2_PLACEMENT_3D ( 'NONE', #9457, #33, #5211 ) ;
#8959 = CARTESIAN_POINT ( 'NONE',  ( -29.14343454986394022, 7.920708117151599836, -29.83992233998231924 ) ) ;
#8960 = ORIENTED_EDGE ( 'NONE', *, *, #6260, .F. ) ;
#8961 = ORIENTED_EDGE ( 'NONE', *, *, #5968, .F. ) ;
#8962 = VECTOR ( 'NONE', #8618, 1000.000000000000000 ) ;
#8963 = CARTESIAN_POINT ( 'NONE',  ( 23.13966797603445968, 7.479417570959292938, -8.003307099126015345 ) ) ;
#8964 = AXIS2_PLACEMENT_3D ( 'NONE', #7297, #663, #5840 ) ;
#8965 = CARTESIAN_POINT ( 'NONE',  ( 32.63624460303811503, 3.456915091665796691, -67.48715829593118087 ) ) ;
#8966 = CARTESIAN_POINT ( 'NONE',  ( 23.53072928878186687, 7.479417570959294714, -21.04016239558214352 ) ) ;
#8967 = CARTESIAN_POINT ( 'NONE',  ( 27.57942746741108309, 5.849417570959289492, -66.00000000000000000 ) ) ;
#8968 = CARTESIAN_POINT ( 'NONE',  ( -29.40283784737880168, 7.714195410279658383, -25.47215727917189909 ) ) ;
#8969 = ORIENTED_EDGE ( 'NONE', *, *, #6274, .T. ) ;
#8970 = CARTESIAN_POINT ( 'NONE',  ( 28.40533536441637352, 8.655466993863003111, -4.250000000000003553 ) ) ;
#8971 = VECTOR ( 'NONE', #4336, 1000.000000000000000 ) ;
#8972 = ORIENTED_EDGE ( 'NONE', *, *, #2130, .T. ) ;
#8973 = DIRECTION ( 'NONE',  ( 1.000000000000000000, 0.000000000000000000, -1.613696256722612145E-15 ) ) ;
#8974 = CARTESIAN_POINT ( 'NONE',  ( -33.14557253258908531, -3.520582429040413075, -6.705689010341599143 ) ) ;
#8975 =( BOUNDED_SURFACE ( )  B_SPLINE_SURFACE ( 3, 2, ( 
 ( #6222, #2504, #5439 ),
 ( #1082, #363, #3319 ),
 ( #4166, #3646, #7121 ),
 ( #8736, #4308, #545 ),
 ( #4212, #2195, #1218 ),
 ( #7956, #8688, #6441 ) ),
 .UNSPECIFIED., .F., .F., .T. ) 
 B_SPLINE_SURFACE_WITH_KNOTS ( ( 4, 2, 4 ),
 ( 3, 3 ),
 ( -5.963111948670274387E-19, 0.0002801015081531078562, 0.0005602030163062163629 ),
 ( 0.000000000000000000, 1.000000000000000000 ),
 .UNSPECIFIED. ) 
 GEOMETRIC_REPRESENTATION_ITEM ( )  RATIONAL_B_SPLINE_SURFACE ( (
 ( 1.000000000000000000, 0.7071067811865475727, 1.000000000000000000),
 ( 1.000000000000000000, 0.6971300781283047421, 1.000000000000000000),
 ( 1.000000000000000000, 0.6910082080195235621, 1.000000000000000000),
 ( 1.000000000000000000, 0.6904803751354987584, 1.000000000000000000),
 ( 1.000000000000000000, 0.6961604135273675720, 1.000000000000000000),
 ( 1.000000000000000000, 0.7071067811865855424, 1.000000000000000000) ) ) 
 REPRESENTATION_ITEM ( '' )  SURFACE ( )  );
#8976 = EDGE_CURVE ( 'NONE', #9369, #3328, #7305, .T. ) ;
#8977 = CARTESIAN_POINT ( 'NONE',  ( 31.87942746741113353, -3.020582429040426398, -27.81000000000000227 ) ) ;
#8978 = VECTOR ( 'NONE', #2366, 1000.000000000000000 ) ;
#8979 = LINE ( 'NONE', #3642, #632 ) ;
#8980 = AXIS2_PLACEMENT_3D ( 'NONE', #5361, #6905, #8288 ) ;
#8981 = EDGE_CURVE ( 'NONE', #9086, #6432, #4544, .T. ) ;
#8982 = CARTESIAN_POINT ( 'NONE',  ( 31.22850509297926536, 6.280390163998426090, -2.099999999999976108 ) ) ;
#8983 = DIRECTION ( 'NONE',  ( 1.000000000000000000, 0.000000000000000000, 3.469446951953611033E-15 ) ) ;
#8984 = ORIENTED_EDGE ( 'NONE', *, *, #6921, .F. ) ;
#8985 = CARTESIAN_POINT ( 'NONE',  ( 32.97942746741108522, -2.520582429040427286, -7.900000000000003908 ) ) ;
#8986 = CARTESIAN_POINT ( 'NONE',  ( 28.81457419821438748, 8.433718712045504162, -7.137710087863632147 ) ) ;
#8987 = VERTEX_POINT ( 'NONE', #8089 ) ;
#8988 = PLANE ( 'NONE',  #3248 ) ;
#8989 = ORIENTED_EDGE ( 'NONE', *, *, #4859, .F. ) ;
#8990 = CARTESIAN_POINT ( 'NONE',  ( 24.98328830951546209, 7.479417570959290273, -76.59999999999999432 ) ) ;
#8991 = DIRECTION ( 'NONE',  ( 1.000000000000000000, 0.000000000000000000, 0.000000000000000000 ) ) ;
#8992 = EDGE_CURVE ( 'NONE', #4817, #4409, #2711, .T. ) ;
#8993 = CARTESIAN_POINT ( 'NONE',  ( 31.79992234335608714, 5.523350905339778016, -31.19999999998760742 ) ) ;
#8994 = AXIS2_PLACEMENT_3D ( 'NONE', #3536, #5648, #1890 ) ;
#8995 = DIRECTION ( 'NONE',  ( 0.000000000000000000, 0.000000000000000000, 1.000000000000000000 ) ) ;
#8996 = DIRECTION ( 'NONE',  ( -1.250608365883192617E-15, 1.000000000000000000, 8.202613964201114729E-30 ) ) ;
#8997 = CARTESIAN_POINT ( 'NONE',  ( -9.300572532588917696, -6.520582429040419292, -14.88999999999999879 ) ) ;
#8998 = DIRECTION ( 'NONE',  ( 0.000000000000000000, 0.000000000000000000, 1.000000000000000000 ) ) ;
#8999 = CARTESIAN_POINT ( 'NONE',  ( 24.97942746741094311, 9.479417570959293826, -32.94706763282825079 ) ) ;
#9000 = EDGE_CURVE ( 'NONE', #5995, #1541, #9210, .T. ) ;
#9001 = CARTESIAN_POINT ( 'NONE',  ( -31.83894210955358517, 5.526123009655094620, -24.39999999999999858 ) ) ;
#9002 = DIRECTION ( 'NONE',  ( 1.000000000000000000, 0.000000000000000000, 0.000000000000000000 ) ) ;
#9003 = AXIS2_PLACEMENT_3D ( 'NONE', #3933, #6879, #251 ) ;
#9004 = ORIENTED_EDGE ( 'NONE', *, *, #5206, .T. ) ;
#9005 = CARTESIAN_POINT ( 'NONE',  ( 29.01771474345639490, 8.316050805821433300, -6.924020207749363109 ) ) ;
#9006 = CARTESIAN_POINT ( 'NONE',  ( 30.82942746741106532, 10.01696613767508381, -24.89999999999999503 ) ) ;
#9007 = CARTESIAN_POINT ( 'NONE',  ( -29.10184714572526943, 7.951596221498040684, -3.017956855372858627 ) ) ;
#9008 = CARTESIAN_POINT ( 'NONE',  ( 28.79262011024105661, 6.349417570959507096, -38.78000000000002245 ) ) ;
#9009 = CIRCLE ( 'NONE', #9472, 1.600000000000000755 ) ;
#9010 = VERTEX_POINT ( 'NONE', #2954 ) ;
#9011 = CARTESIAN_POINT ( 'NONE',  ( 27.12033358834860763, 9.187258769170021822, -5.551115123125782702E-14 ) ) ;
#9012 = ORIENTED_EDGE ( 'NONE', *, *, #2359, .T. ) ;
#9013 = VERTEX_POINT ( 'NONE', #5901 ) ;
#9014 = EDGE_CURVE ( 'NONE', #5515, #6329, #8035, .T. ) ;
#9015 = EDGE_CURVE ( 'NONE', #4042, #9503, #5150, .T. ) ;
#9016 = CARTESIAN_POINT ( 'NONE',  ( 22.22804886091002530, 7.479417570959293826, -6.594185451466692882 ) ) ;
#9017 = CARTESIAN_POINT ( 'NONE',  ( -26.88246631173963408, 9.249281818889137696, -0.000000000000000000 ) ) ;
#9018 = DIRECTION ( 'NONE',  ( 0.000000000000000000, 0.000000000000000000, 1.000000000000000000 ) ) ;
#9019 = CARTESIAN_POINT ( 'NONE',  ( -34.02057253258906400, -3.020582429040413519, -30.73403830344269139 ) ) ;
#9020 = CARTESIAN_POINT ( 'NONE',  ( -28.44613487524768303, 8.655815226918036842, -26.84329393353934634 ) ) ;
#9021 = ORIENTED_EDGE ( 'NONE', *, *, #2713, .T. ) ;
#9022 = ORIENTED_EDGE ( 'NONE', *, *, #4428, .T. ) ;
#9023 = LINE ( 'NONE', #8925, #1419 ) ;
#9024 = CARTESIAN_POINT ( 'NONE',  ( -26.80057253258891947, -2.520582429040413963, -14.89000000000000057 ) ) ;
#9025 = ADVANCED_FACE ( 'NONE', ( #2810 ), #5649, .T. ) ;
#9026 = CARTESIAN_POINT ( 'NONE',  ( 17.39119291978429871, 8.479417570959276063, -26.19877518396160099 ) ) ;
#9027 = DIRECTION ( 'NONE',  ( -1.000000000000000000, -9.912705577010326782E-17, 0.000000000000000000 ) ) ;
#9028 = CARTESIAN_POINT ( 'NONE',  ( -31.40844649019111756, 5.266523440733682726, -24.89999999999999858 ) ) ;
#9029 = CARTESIAN_POINT ( 'NONE',  ( 16.67942746741109161, 7.479417570959295603, 0.000000000000000000 ) ) ;
#9030 = ORIENTED_EDGE ( 'NONE', *, *, #6078, .F. ) ;
#9031 = CARTESIAN_POINT ( 'NONE',  ( -26.72057253258906329, -4.520582429040413963, -2.000000000000001776 ) ) ;
#9032 = CARTESIAN_POINT ( 'NONE',  ( -30.48219232990181382, 6.568704957734610161, -7.877105917529167556 ) ) ;
#9033 = EDGE_LOOP ( 'NONE', ( #8227, #5959, #3843, #8283 ) ) ;
#9034 = CARTESIAN_POINT ( 'NONE',  ( 34.47942746741109943, -4.520582429040427286, -27.81000000000000227 ) ) ;
#9035 = VERTEX_POINT ( 'NONE', #2522 ) ;
#9036 = CARTESIAN_POINT ( 'NONE',  ( 24.98735064073051149, 7.479414215976158076, -76.59999999999999432 ) ) ;
#9037 = CYLINDRICAL_SURFACE ( 'NONE', #5372, 2.150000000000002576 ) ;
#9038 = AXIS2_PLACEMENT_3D ( 'NONE', #7686, #6316, #4092 ) ;
#9039 = CARTESIAN_POINT ( 'NONE',  ( 31.22850509297921207, 6.280390163998479380, -31.19999999999999929 ) ) ;
#9040 = DIRECTION ( 'NONE',  ( 0.000000000000000000, 0.000000000000000000, 1.000000000000000000 ) ) ;
#9041 = FACE_OUTER_BOUND ( 'NONE', #1253, .T. ) ;
#9042 = DIRECTION ( 'NONE',  ( 0.000000000000000000, 0.000000000000000000, -1.000000000000000000 ) ) ;
#9043 = CYLINDRICAL_SURFACE ( 'NONE', #9128, 0.5000000000000004441 ) ;
#9044 = EDGE_CURVE ( 'NONE', #1290, #8212, #217, .T. ) ;
#9045 = CARTESIAN_POINT ( 'NONE',  ( 30.82942746741106177, -2.520582429040426842, -27.04999999999999361 ) ) ;
#9046 = CARTESIAN_POINT ( 'NONE',  ( 30.60630573409643063, 3.251140735149681049, -77.59999999999894271 ) ) ;
#9047 = CARTESIAN_POINT ( 'NONE',  ( 31.83966410319326457, 6.207520843293739432, -67.06366960627843810 ) ) ;
#9048 = FACE_OUTER_BOUND ( 'NONE', #8107, .T. ) ;
#9049 = EDGE_LOOP ( 'NONE', ( #4739, #5498, #4985, #2668 ) ) ;
#9050 = CARTESIAN_POINT ( 'NONE',  ( 28.79177966422695789, 8.446863878896719413, -7.101640514385485048 ) ) ;
#9051 = CARTESIAN_POINT ( 'NONE',  ( -31.01236798343938617, 6.621268267382810713, -31.20000000003080842 ) ) ;
#9052 = CARTESIAN_POINT ( 'NONE',  ( -23.21057253258958752, 6.349417570959293933, -39.31000000000022254 ) ) ;
#9053 = CARTESIAN_POINT ( 'NONE',  ( 27.25288667980433388, 7.344500726520801770, -36.54816754318851935 ) ) ;
#9054 = DIRECTION ( 'NONE',  ( 2.017120320903265181E-16, 1.000000000000000000, -0.000000000000000000 ) ) ;
#9055 = VERTEX_POINT ( 'NONE', #3915 ) ;
#9056 = CARTESIAN_POINT ( 'NONE',  ( 26.32938018841692696, 9.361530558500660959, -77.60000000000002274 ) ) ;
#9057 = VERTEX_POINT ( 'NONE', #3773 ) ;
#9058 = EDGE_LOOP ( 'NONE', ( #4204, #1676, #3337, #3954 ) ) ;
#9059 = DIRECTION ( 'NONE',  ( -8.673617379884026597E-16, 1.000000000000000000, 0.000000000000000000 ) ) ;
#9060 = CARTESIAN_POINT ( 'NONE',  ( -28.39447113053624605, 8.686801379787356225, 0.000000000000000000 ) ) ;
#9061 = LINE ( 'NONE', #9166, #6959 ) ;
#9062 = APPROVAL ( #4267, 'UNSPECIFIED' ) ;
#9063 = B_SPLINE_CURVE_WITH_KNOTS ( 'NONE', 3,
 ( #559, #4324, #1286, #3517, #8704, #6457 ),
 .UNSPECIFIED., .F., .F.,
 ( 4, 2, 4 ),
 ( 4.336808689942017736E-19, 0.0002006887825515734551, 0.0004013775651031464766 ),
 .UNSPECIFIED. ) ;
#9064 = CARTESIAN_POINT ( 'NONE',  ( 30.22073034739347719, 7.397030406469204955, -24.57062850445094426 ) ) ;
#9066 = EDGE_CURVE ( 'NONE', #4589, #1239, #8564, .T. ) ;
#9065 = CARTESIAN_POINT ( 'NONE',  ( -16.70460797701997535, 7.479417570959686401, -2.000000000000001776 ) ) ;
#9067 = ADVANCED_FACE ( 'NONE', ( #6141 ), #6812, .F. ) ;
#9068 = VERTEX_POINT ( 'NONE', #5457 ) ;
#9069 = CARTESIAN_POINT ( 'NONE',  ( -31.26965845134706967, 6.280378773161309880, -31.19999999999999929 ) ) ;
#9070 = ORIENTED_EDGE ( 'NONE', *, *, #8638, .F. ) ;
#9071 = FACE_OUTER_BOUND ( 'NONE', #4942, .T. ) ;
#9072 = AXIS2_PLACEMENT_3D ( 'NONE', #5594, #8470, #9211 ) ;
#9073 = FACE_OUTER_BOUND ( 'NONE', #2026, .T. ) ;
#9074 = CARTESIAN_POINT ( 'NONE',  ( 19.53127719735413237, 8.479417570959272510, -24.65608604793536784 ) ) ;
#9075 = CARTESIAN_POINT ( 'NONE',  ( -30.99734867942012428, 1.606723313187575997, -76.59999999999999432 ) ) ;
#9076 = CARTESIAN_POINT ( 'NONE',  ( -32.52057253258905689, 1.027832321093293810, -24.89999999999999147 ) ) ;
#9077 = DIRECTION ( 'NONE',  ( 0.000000000000000000, 0.000000000000000000, -1.000000000000000000 ) ) ;
#9078 = EDGE_CURVE ( 'NONE', #8910, #1361, #6854, .T. ) ;
#9079 = AXIS2_PLACEMENT_3D ( 'NONE', #5003, #7965, #2152 ) ;
#9080 = ORIENTED_EDGE ( 'NONE', *, *, #2647, .F. ) ;
#9081 = EDGE_CURVE ( 'NONE', #200, #11, #5314, .T. ) ;
#9082 = FACE_OUTER_BOUND ( 'NONE', #6814, .T. ) ;
#9083 = CARTESIAN_POINT ( 'NONE',  ( -29.93016519927913777, 2.202543903112445633, -77.60000000000000853 ) ) ;
#9084 = VERTEX_POINT ( 'NONE', #8465 ) ;
#9085 = CARTESIAN_POINT ( 'NONE',  ( 29.58781897201575717, 7.514107462217096689, -2.488717742970704805 ) ) ;
#9086 = VERTEX_POINT ( 'NONE', #7137 ) ;
#9087 = CARTESIAN_POINT ( 'NONE',  ( 23.85062779297735958, 7.479417570959295603, -76.59999999999999432 ) ) ;
#9088 = CARTESIAN_POINT ( 'NONE',  ( -26.72057253258906329, -6.520582429040421069, -13.70949163493117418 ) ) ;
#9089 = DIRECTION ( 'NONE',  ( -2.025677196612374621E-16, -1.000000000000000000, -3.697785493223491743E-32 ) ) ;
#9090 = CARTESIAN_POINT ( 'NONE',  ( 31.36751581529100008, 5.266280623652021653, -30.69999999999999929 ) ) ;
#9091 = CARTESIAN_POINT ( 'NONE',  ( -33.02057253258906400, -4.520582429040413075, 0.000000000000000000 ) ) ;
#9092 = LINE ( 'NONE', #3076, #6478 ) ;
#9093 = CARTESIAN_POINT ( 'NONE',  ( 30.82942746741106532, 5.979164254138646939, -30.69999999999999929 ) ) ;
#9094 = CARTESIAN_POINT ( 'NONE',  ( 32.81057906786382006, 2.739747276410956722, -79.59999999999999432 ) ) ;
#9095 = DIRECTION ( 'NONE',  ( 2.017120320903265181E-16, 1.000000000000000000, -0.000000000000000000 ) ) ;
#9096 = DIRECTION ( 'NONE',  ( -0.000000000000000000, -1.000000000000000000, 0.000000000000000000 ) ) ;
#9097 = CARTESIAN_POINT ( 'NONE',  ( 30.82942746741106532, 5.979164254138646051, -24.89999999999999503 ) ) ;
#9098 = CARTESIAN_POINT ( 'NONE',  ( 32.51715916781006399, 3.870206938392410478, -77.46226952877832161 ) ) ;
#9099 = ORIENTED_EDGE ( 'NONE', *, *, #7712, .F. ) ;
#9100 = VECTOR ( 'NONE', #6895, 1000.000000000000000 ) ;
#9101 = ADVANCED_FACE ( 'NONE', ( #1914 ), #9247, .F. ) ;
#9102 = FACE_OUTER_BOUND ( 'NONE', #4792, .T. ) ;
#9103 = CARTESIAN_POINT ( 'NONE',  ( -26.70460516799094108, 60.90090145541976341, -2.000000000000002665 ) ) ;
#9104 = ADVANCED_FACE ( 'NONE', ( #1144 ), #4004, .F. ) ;
#9105 = CARTESIAN_POINT ( 'NONE',  ( 27.31500743322852642, 7.323255027431027742, -36.56741309953701347 ) ) ;
#9106 = ORIENTED_EDGE ( 'NONE', *, *, #372, .F. ) ;
#9107 = CARTESIAN_POINT ( 'NONE',  ( 31.87942746741113353, -3.020582429040426398, -5.000000000000004441 ) ) ;
#9108 = AXIS2_PLACEMENT_3D ( 'NONE', #6218, #986, #3941 ) ;
#9109 = ORIENTED_EDGE ( 'NONE', *, *, #6372, .F. ) ;
#9110 = ORIENTED_EDGE ( 'NONE', *, *, #4508, .T. ) ;
#9111 = EDGE_CURVE ( 'NONE', #3475, #5995, #5679, .T. ) ;
#9112 = CARTESIAN_POINT ( 'NONE',  ( -29.43017441449638483, 8.065906019043595165, 0.000000000000000000 ) ) ;
#9113 = DIRECTION ( 'NONE',  ( 1.000000000000000000, -2.017120320903264935E-16, 0.000000000000000000 ) ) ;
#9114 = AXIS2_PLACEMENT_3D ( 'NONE', #4323, #8647, #2007 ) ;
#9115 = VECTOR ( 'NONE', #8740, 1000.000000000000000 ) ;
#9116 = CARTESIAN_POINT ( 'NONE',  ( 30.67933457692950938, 6.952125246524340163, -24.43345295546382445 ) ) ;
#9117 = ORIENTED_EDGE ( 'NONE', *, *, #1186, .F. ) ;
#9118 = DIRECTION ( 'NONE',  ( 0.000000000000000000, 0.000000000000000000, 1.000000000000000000 ) ) ;
#9119 = EDGE_LOOP ( 'NONE', ( #3427, #1864, #3235, #8720, #1964 ) ) ;
#9120 = CARTESIAN_POINT ( 'NONE',  ( 31.33639382854706668, 6.155653759570731687, -34.49099684823426060 ) ) ;
#9121 = CIRCLE ( 'NONE', #4612, 1.500000000000001332 ) ;
#9122 = CIRCLE ( 'NONE', #9267, 0.5000000000000004441 ) ;
#9123 = PRODUCT_RELATED_PRODUCT_CATEGORY ( 'detail', '', ( #3755 ) ) ;
#9124 = CARTESIAN_POINT ( 'NONE',  ( 30.81148698685887055, 2.726832700783201613, -79.59999999999999432 ) ) ;
#9125 = CARTESIAN_POINT ( 'NONE',  ( 25.01650473851261580, 7.479417570959294714, -2.000000000000002220 ) ) ;
#9126 = CARTESIAN_POINT ( 'NONE',  ( -31.92057253258911231, 5.479417570959586037, -27.81000000000000227 ) ) ;
#9127 = LINE ( 'NONE', #5551, #1702 ) ;
#9128 = AXIS2_PLACEMENT_3D ( 'NONE', #4618, #858, #6892 ) ;
#9129 = ORIENTED_EDGE ( 'NONE', *, *, #429, .T. ) ;
#9130 = VECTOR ( 'NONE', #405, 1000.000000000000000 ) ;
#9131 = CARTESIAN_POINT ( 'NONE',  ( -29.92267184717350403, 4.734165077810587263, -23.83125676038982377 ) ) ;
#9132 = DIRECTION ( 'NONE',  ( 0.000000000000000000, 0.000000000000000000, 1.000000000000000000 ) ) ;
#9133 = VERTEX_POINT ( 'NONE', #3474 ) ;
#9134 = CARTESIAN_POINT ( 'NONE',  ( 29.34660388032936140, 8.099166344498179626, -2.678394807623609264 ) ) ;
#9135 = VERTEX_POINT ( 'NONE', #1953 ) ;
#9136 = CARTESIAN_POINT ( 'NONE',  ( 28.13801409529967046, 6.501109370851763991, -7.766689002188640778 ) ) ;
#9137 = CARTESIAN_POINT ( 'NONE',  ( -17.33231746696680275, 7.479417570959294714, -6.146420774753764249 ) ) ;
#9138 = EDGE_CURVE ( 'NONE', #1917, #9411, #4906, .T. ) ;
#9139 = AXIS2_PLACEMENT_3D ( 'NONE', #9236, #3322, #3990 ) ;
#9140 = EDGE_CURVE ( 'NONE', #7646, #6556, #7783, .T. ) ;
#9141 = AXIS2_PLACEMENT_3D ( 'NONE', #2502, #2585, #5438 ) ;
#9142 = EDGE_CURVE ( 'NONE', #9084, #2074, #7738, .T. ) ;
#9143 = FACE_OUTER_BOUND ( 'NONE', #7856, .T. ) ;
#9144 = LINE ( 'NONE', #8586, #5077 ) ;
#9145 = DIRECTION ( 'NONE',  ( 0.000000000000000000, 0.000000000000000000, 1.000000000000000000 ) ) ;
#9146 = LINE ( 'NONE', #8362, #4477 ) ;
#9147 = CONICAL_SURFACE ( 'NONE', #4023, 13.99999999999998046, 0.7853981633974500554 ) ;
#9148 = CARTESIAN_POINT ( 'NONE',  ( -33.12057253258911516, -4.520582429040413963, -27.81000000000000227 ) ) ;
#9149 = DIRECTION ( 'NONE',  ( -2.017120320903264935E-16, -1.000000000000000000, 0.000000000000000000 ) ) ;
#9150 = DIRECTION ( 'NONE',  ( -2.025677196612374621E-16, -1.000000000000000000, -3.697785493223491743E-32 ) ) ;
#9151 = CARTESIAN_POINT ( 'NONE',  ( -25.30954662448293746, 9.479417570959290273, -9.980999890911725458 ) ) ;
#9152 = VERTEX_POINT ( 'NONE', #1101 ) ;
#9153 = EDGE_CURVE ( 'NONE', #4934, #6526, #2745, .T. ) ;
#9154 = AXIS2_PLACEMENT_3D ( 'NONE', #4024, #3305, #6249 ) ;
#9155 = FACE_OUTER_BOUND ( 'NONE', #7602, .T. ) ;
#9156 = CARTESIAN_POINT ( 'NONE',  ( -28.87208108898016690, 8.112573760112884003, -3.441113653072305212 ) ) ;
#9157 = CARTESIAN_POINT ( 'NONE',  ( -32.80229143323507657, 2.987799236280504367, -77.59999998898938145 ) ) ;
#9158 = ORIENTED_EDGE ( 'NONE', *, *, #1665, .T. ) ;
#9159 = AXIS2_PLACEMENT_3D ( 'NONE', #4970, #3385, #5595 ) ;
#9160 = CARTESIAN_POINT ( 'NONE',  ( 29.07581259474885371, 8.295291158337105841, -5.551115123125782702E-14 ) ) ;
#9161 = ORIENTED_EDGE ( 'NONE', *, *, #233, .F. ) ;
#9162 = ORIENTED_EDGE ( 'NONE', *, *, #475, .T. ) ;
#9163 = AXIS2_PLACEMENT_3D ( 'NONE', #6062, #4650, #5963 ) ;
#9164 = DIRECTION ( 'NONE',  ( -2.017120320903265181E-16, -1.000000000000000000, 0.000000000000000000 ) ) ;
#9165 = AXIS2_PLACEMENT_3D ( 'NONE', #6923, #309, #1799 ) ;
#9166 = CARTESIAN_POINT ( 'NONE',  ( -28.44613486920351164, 8.655815229973271130, -28.54999999999997939 ) ) ;
#9167 = CARTESIAN_POINT ( 'NONE',  ( 29.25567755001793202, 7.800585598852834757, -25.57712423367639687 ) ) ;
#9168 = ORIENTED_EDGE ( 'NONE', *, *, #6159, .T. ) ;
#9169 = CARTESIAN_POINT ( 'NONE',  ( 29.99532591769413514, 7.101839278424445290, -2.264246681313451415 ) ) ;
#9170 = ORIENTED_EDGE ( 'NONE', *, *, #5987, .F. ) ;
#9171 = AXIS2_PLACEMENT_3D ( 'NONE', #6558, #4837, #9317 ) ;
#9172 = CARTESIAN_POINT ( 'NONE',  ( 32.33366526236996208, 4.332134671411799864, -36.23953129487934177 ) ) ;
#9173 = CARTESIAN_POINT ( 'NONE',  ( 23.72942746741107811, 6.849417570959293933, -66.00000000000000000 ) ) ;
#9174 = CARTESIAN_POINT ( 'NONE',  ( -32.23742860548026101, 3.217872996407282304, -2.100000000000007638 ) ) ;
#9175 = B_SPLINE_CURVE_WITH_KNOTS ( 'NONE', 3,
 ( #4558, #838, #50, #3014, #2971, #9566, #5869, #2917 ),
 .UNSPECIFIED., .F., .F.,
 ( 4, 2, 2, 4 ),
 ( 1.084202172485504434E-18, 0.001759777695331250823, 0.002639666542996876343, 0.003519555390662502080 ),
 .UNSPECIFIED. ) ;
#9176 = EDGE_CURVE ( 'NONE', #6526, #659, #8263, .T. ) ;
#9177 = CARTESIAN_POINT ( 'NONE',  ( -32.34331028326377577, 2.786154828223260882, -24.89999999999999147 ) ) ;
#9178 = ORIENTED_EDGE ( 'NONE', *, *, #6388, .T. ) ;
#9179 = CARTESIAN_POINT ( 'NONE',  ( -33.02057253258906400, -3.372277125821401267, -7.924038303442737075 ) ) ;
#9180 = CARTESIAN_POINT ( 'NONE',  ( -29.28965566797457143, 3.853643944947660938, -77.59999999999999432 ) ) ;
#9181 = ORIENTED_EDGE ( 'NONE', *, *, #1804, .F. ) ;
#9182 = CARTESIAN_POINT ( 'NONE',  ( 29.36165546094644441, 7.714139581348634422, -2.672231898597636324 ) ) ;
#9183 = ORIENTED_EDGE ( 'NONE', *, *, #1241, .T. ) ;
#9184 = EDGE_CURVE ( 'NONE', #2445, #9084, #5769, .T. ) ;
#9185 = CARTESIAN_POINT ( 'NONE',  ( 29.88150827916014762, 4.734307065700361861, -8.968739416783320095 ) ) ;
#9186 = CARTESIAN_POINT ( 'NONE',  ( -29.80382994504011407, 7.353556016480318647, -25.16130865735792810 ) ) ;
#9187 = CARTESIAN_POINT ( 'NONE',  ( 30.68972558006331397, 6.940048974435216067, -31.16733392900790633 ) ) ;
#9188 = FACE_OUTER_BOUND ( 'NONE', #7424, .T. ) ;
#9189 = CARTESIAN_POINT ( 'NONE',  ( -32.52057253258906400, -3.378349660049951186, -24.88596169655730961 ) ) ;
#9190 = CARTESIAN_POINT ( 'NONE',  ( 28.54153454795787681, 8.585074939110365122, -3.410481079346817879 ) ) ;
#9191 = LINE ( 'NONE', #4853, #3708 ) ;
#9192 = LINE ( 'NONE', #1174, #7390 ) ;
#9193 = VERTEX_POINT ( 'NONE', #3378 ) ;
#9194 = EDGE_CURVE ( 'NONE', #1932, #9193, #6094, .T. ) ;
#9195 = ADVANCED_FACE ( 'NONE', ( #7040 ), #6240, .T. ) ;
#9196 = CARTESIAN_POINT ( 'NONE',  ( -32.57337869658075391, 3.793892940478088338, -37.17143129780227895 ) ) ;
#9197 = CARTESIAN_POINT ( 'NONE',  ( 32.97942746741107811, 1.027832321093519186, 0.000000000000000000 ) ) ;
#9198 = VERTEX_POINT ( 'NONE', #7820 ) ;
#9199 = AXIS2_PLACEMENT_3D ( 'NONE', #2938, #4372, #3568 ) ;
#9200 = CARTESIAN_POINT ( 'NONE',  ( -31.59277843520009910, 6.550937858103057287, -37.65652779392472382 ) ) ;
#9201 = CARTESIAN_POINT ( 'NONE',  ( -25.02057253258906044, 9.479417570959295603, -77.59999999999999432 ) ) ;
#9202 = DIRECTION ( 'NONE',  ( -1.000000000000000000, 0.000000000000000000, 0.000000000000000000 ) ) ;
#9203 = EDGE_CURVE ( 'NONE', #6490, #3299, #1761, .T. ) ;
#9204 = ORIENTED_EDGE ( 'NONE', *, *, #9575, .T. ) ;
#9205 = ADVANCED_FACE ( 'NONE', ( #9207 ), #3000, .T. ) ;
#9206 = LOCAL_TIME ( 14, 18, 13.00000000000000000, #9579 ) ;
#9207 = FACE_OUTER_BOUND ( 'NONE', #260, .T. ) ;
#9208 = EDGE_LOOP ( 'NONE', ( #1915, #5021, #2965, #4437 ) ) ;
#9209 = ORIENTED_EDGE ( 'NONE', *, *, #2318, .T. ) ;
#9210 = CIRCLE ( 'NONE', #9347, 10.00000000000000000 ) ;
#9211 = DIRECTION ( 'NONE',  ( 1.000000000000000000, 0.000000000000000000, 0.000000000000000000 ) ) ;
#9212 = CYLINDRICAL_SURFACE ( 'NONE', #9461, 2.600000000000004974 ) ;
#9213 = FACE_OUTER_BOUND ( 'NONE', #9552, .T. ) ;
#9214 = CARTESIAN_POINT ( 'NONE',  ( -23.93362380724887473, 7.479417570959293826, -1.999999999999940270 ) ) ;
#9215 = ORIENTED_EDGE ( 'NONE', *, *, #8684, .F. ) ;
#9216 = CARTESIAN_POINT ( 'NONE',  ( -33.07385723621679574, -3.005436021318818263, -25.20873069611260675 ) ) ;
#9217 = ORIENTED_EDGE ( 'NONE', *, *, #4369, .F. ) ;
#9218 = CYLINDRICAL_SURFACE ( 'NONE', #2755, 0.5000000000000004441 ) ;
#9219 = CARTESIAN_POINT ( 'NONE',  ( -30.72057253258911302, -4.520582429040413963, -27.81000000000000227 ) ) ;
#9220 = CARTESIAN_POINT ( 'NONE',  ( -31.01590223978018557, 1.318457370420296648, -76.59999999999999432 ) ) ;
#9221 = ADVANCED_FACE ( 'NONE', ( #5497 ), #4133, .F. ) ;
#9222 = CYLINDRICAL_SURFACE ( 'NONE', #4175, 0.5000000000000004441 ) ;
#9223 = VERTEX_POINT ( 'NONE', #9441 ) ;
#9224 = EDGE_CURVE ( 'NONE', #6279, #4522, #1453, .T. ) ;
#9225 = CARTESIAN_POINT ( 'NONE',  ( -28.96370769616950724, 5.878308635664680537, -24.28567900388893008 ) ) ;
#9226 = ORIENTED_EDGE ( 'NONE', *, *, #587, .T. ) ;
#9227 = DIRECTION ( 'NONE',  ( -1.000000000000000000, 0.000000000000000000, 0.000000000000000000 ) ) ;
#9228 = ORIENTED_EDGE ( 'NONE', *, *, #4248, .F. ) ;
#9229 = CARTESIAN_POINT ( 'NONE',  ( -28.72057253258907039, -2.520582429040414851, -4.249999999999999112 ) ) ;
#9230 = CARTESIAN_POINT ( 'NONE',  ( -29.04747189662682061, 7.990790338763614109, -25.89809570054493904 ) ) ;
#9231 =( BOUNDED_CURVE ( )  B_SPLINE_CURVE ( 3, ( #7904, #3497, #3458, #9518 ),
 .UNSPECIFIED., .F., .T. ) 
 B_SPLINE_CURVE_WITH_KNOTS ( ( 4, 4 ),
 ( 4.712388980384691450, 6.002645513241656516 ),
 .UNSPECIFIED. ) 
 CURVE ( )  GEOMETRIC_REPRESENTATION_ITEM ( )  RATIONAL_B_SPLINE_CURVE ( ( 1.000000000000000000, 0.8660150978620931861, 0.8660150978620931861, 1.000000000000000000 ) ) 
 REPRESENTATION_ITEM ( '' )  );
#9232 = CYLINDRICAL_SURFACE ( 'NONE', #9141, 0.5000000000000004441 ) ;
#9233 = DIRECTION ( 'NONE',  ( -2.025677196612374621E-16, -1.000000000000000000, -3.697785493223491743E-32 ) ) ;
#9234 = DIRECTION ( 'NONE',  ( 0.000000000000000000, 0.000000000000000000, 1.000000000000000000 ) ) ;
#9235 = LINE ( 'NONE', #1859, #6947 ) ;
#9236 = CARTESIAN_POINT ( 'NONE',  ( 30.82942746741106177, -3.020582429040425954, -27.04999999999999361 ) ) ;
#9237 = CYLINDRICAL_SURFACE ( 'NONE', #4908, 2.599999999999970335 ) ;
#9238 = ORIENTED_EDGE ( 'NONE', *, *, #8370, .T. ) ;
#9239 = AXIS2_PLACEMENT_3D ( 'NONE', #1765, #4713, #5481 ) ;
#9240 = DIRECTION ( 'NONE',  ( 0.000000000000000000, 0.000000000000000000, 1.000000000000000000 ) ) ;
#9241 = ORIENTED_EDGE ( 'NONE', *, *, #4645, .T. ) ;
#9242 = FACE_OUTER_BOUND ( 'NONE', #5593, .T. ) ;
#9243 = CARTESIAN_POINT ( 'NONE',  ( 28.67942746741106319, 8.209411367207939847, -26.87097521422980506 ) ) ;
#9244 = FACE_OUTER_BOUND ( 'NONE', #2509, .T. ) ;
#9245 = CARTESIAN_POINT ( 'NONE',  ( -32.54067377674035555, 3.931093409637632430, -79.30706904717905559 ) ) ;
#9246 = ORIENTED_EDGE ( 'NONE', *, *, #8611, .F. ) ;
#9247 = PLANE ( 'NONE',  #3922 ) ;
#9248 = VERTEX_POINT ( 'NONE', #706 ) ;
#9249 = CARTESIAN_POINT ( 'NONE',  ( -30.76649110691445799, 6.900900986301366835, -7.939630085216264455 ) ) ;
#9250 = ORIENTED_EDGE ( 'NONE', *, *, #4, .T. ) ;
#9251 = EDGE_CURVE ( 'NONE', #6990, #2474, #1437, .T. ) ;
#9252 = ADVANCED_FACE ( 'NONE', ( #3712 ), #3660, .F. ) ;
#9253 = CARTESIAN_POINT ( 'NONE',  ( -30.89017226309998421, 2.349417570959270840, -79.59999999999999432 ) ) ;
#9254 = CARTESIAN_POINT ( 'NONE',  ( -30.87057253258904055, -3.020582429040413963, -25.39999999999999503 ) ) ;
#9255 = CARTESIAN_POINT ( 'NONE',  ( 33.07942746741112927, -4.520582429040426398, -5.000000000000004441 ) ) ;
#9256 = CARTESIAN_POINT ( 'NONE',  ( 28.67942746741106674, 8.209411364977755809, -26.88198378782752940 ) ) ;
#9257 = ORIENTED_EDGE ( 'NONE', *, *, #2591, .T. ) ;
#9258 = CARTESIAN_POINT ( 'NONE',  ( -28.74282639601916856, 8.504717576253385758, -28.90741824062770604 ) ) ;
#9259 = ORIENTED_EDGE ( 'NONE', *, *, #8796, .F. ) ;
#9260 = DIRECTION ( 'NONE',  ( 1.000000000000000000, 0.000000000000000000, 0.000000000000000000 ) ) ;
#9261 = B_SPLINE_CURVE_WITH_KNOTS ( 'NONE', 3,
 ( #5525, #4077, #6261, #7024, #3274, #6934, #2457, #3217, #6890, #5392, #2505, #7764, #5576, #1029, #6223, #3413, #3364, #6296, #4852, #267 ),
 .UNSPECIFIED., .F., .F.,
 ( 4, 2, 2, 2, 2, 2, 2, 2, 2, 4 ),
 ( 0.000000000000000000, 0.001371250143306091242, 0.002056875214959136972, 0.002742500286612182484, 0.003428125358265227997, 0.003770937894091751837, 0.004113750429918274810, 0.004456562965744798217, 0.004799375501571321624, 0.005485000573224350223 ),
 .UNSPECIFIED. ) ;
#9262 = ADVANCED_FACE ( 'NONE', ( #1482 ), #4992, .T. ) ;
#9263 = CARTESIAN_POINT ( 'NONE',  ( 20.21393494497802834, 8.479417570959274286, -24.01103413487034288 ) ) ;
#9264 = LINE ( 'NONE', #9363, #1092 ) ;
#9265 = FACE_OUTER_BOUND ( 'NONE', #422, .T. ) ;
#9266 = TOROIDAL_SURFACE ( 'NONE', #6305, 1.649999999999999023, 0.5000000000000000000 ) ;
#9267 = AXIS2_PLACEMENT_3D ( 'NONE', #1728, #8547, #6989 ) ;
#9268 = ORIENTED_EDGE ( 'NONE', *, *, #9496, .T. ) ;
#9269 = CARTESIAN_POINT ( 'NONE',  ( 29.87687196197669337, 7.697471138769726551, -7.693569397644504093 ) ) ;
#9270 = CARTESIAN_POINT ( 'NONE',  ( -30.04166792609225567, 7.105424624089202723, -25.05305973408528430 ) ) ;
#9271 = ADVANCED_FACE ( 'NONE', ( #614 ), #8018, .T. ) ;
#9272 = CARTESIAN_POINT ( 'NONE',  ( 33.03271217103728929, -3.005436021319124240, -25.20873069611307571 ) ) ;
#9273 = CARTESIAN_POINT ( 'NONE',  ( 28.51261687189790806, 8.600156086812692280, -29.28027983141832991 ) ) ;
#9274 = VECTOR ( 'NONE', #594, 1000.000000000000000 ) ;
#9275 = AXIS2_PLACEMENT_3D ( 'NONE', #6712, #5992, #4583 ) ;
#9276 = DIRECTION ( 'NONE',  ( 0.000000000000000000, 0.000000000000000000, 1.000000000000000000 ) ) ;
#9277 = CARTESIAN_POINT ( 'NONE',  ( 24.22942746741108166, 6.849417570959293933, -48.50000000000002132 ) ) ;
#9278 = CARTESIAN_POINT ( 'NONE',  ( 28.43310422462560183, 8.641600817390919786, -3.823143001683082076 ) ) ;
#9279 = LINE ( 'NONE', #1991, #4017 ) ;
#9280 = CARTESIAN_POINT ( 'NONE',  ( -33.43723919925574251, 4.333328095299691540, -2.888194558624698427 ) ) ;
#9281 = DIRECTION ( 'NONE',  ( 0.000000000000000000, -1.000000000000000000, 0.000000000000000000 ) ) ;
#9282 = ORIENTED_EDGE ( 'NONE', *, *, #5358, .F. ) ;
#9283 = CARTESIAN_POINT ( 'NONE',  ( -23.21057253258958752, 4.349417570959298374, 7.826261394770544801E-32 ) ) ;
#9284 = CIRCLE ( 'NONE', #6474, 1.100000000000000311 ) ;
#9285 = CARTESIAN_POINT ( 'NONE',  ( -32.67738813743706316, 3.456363420285045951, -38.36211947119214472 ) ) ;
#9286 = AXIS2_PLACEMENT_3D ( 'NONE', #2492, #1711, #3388 ) ;
#9287 = CARTESIAN_POINT ( 'NONE',  ( 32.97942746741107101, -3.421867455903971678, -7.870307067306035798 ) ) ;
#9288 = EDGE_CURVE ( 'NONE', #9133, #7645, #7319, .T. ) ;
#9289 = EDGE_CURVE ( 'NONE', #878, #7933, #3159, .T. ) ;
#9290 = ORIENTED_EDGE ( 'NONE', *, *, #5030, .T. ) ;
#9291 =( BOUNDED_SURFACE ( )  B_SPLINE_SURFACE ( 3, 2, ( 
 ( #7161, #9370, #4987 ),
 ( #5655, #540, #638 ),
 ( #6434, #4936, #1355 ),
 ( #7996, #3594, #5807 ),
 ( #5763, #6534, #6392 ),
 ( #3494, #2683, #7845 ),
 ( #2770, #7950, #7901 ),
 ( #2721, #4300, #1896 ),
 ( #9513, #9468, #1264 ),
 ( #2868, #8624, #4206 ),
 ( #1981, #4845, #4885 ),
 ( #6484, #7263, #2084 ),
 ( #7114, #1213, #7803 ),
 ( #3406, #1312, #495 ),
 ( #9413, #3456, #8580 ),
 ( #1164, #4254, #4112 ) ),
 .UNSPECIFIED., .F., .F., .T. ) 
 B_SPLINE_SURFACE_WITH_KNOTS ( ( 4, 2, 2, 2, 2, 2, 2, 4 ),
 ( 3, 3 ),
 ( 0.000000000000000000, 0.0006112167234696046832, 0.001222433446939209366, 0.001833650170408814050, 0.002444866893878418733, 0.003056083617348023633, 0.003667300340817628099, 0.004889733787756837466 ),
 ( 0.000000000000000000, 1.000000000000000000 ),
 .UNSPECIFIED. ) 
 GEOMETRIC_REPRESENTATION_ITEM ( )  RATIONAL_B_SPLINE_SURFACE ( (
 ( 1.000000000000000000, 0.8520022869718600900, 1.000000000000000000),
 ( 1.000000000000000000, 0.8519912047662699939, 1.000000000000000000),
 ( 1.000000000000000000, 0.8517923275599479371, 1.000000000000000000),
 ( 1.000000000000000000, 0.8506462118358097957, 1.000000000000000000),
 ( 1.000000000000000000, 0.8496828288858583322, 1.000000000000000000),
 ( 1.000000000000000000, 0.8463450036965439738, 1.000000000000000000),
 ( 1.000000000000000000, 0.8439062016353418016, 1.000000000000000000),
 ( 1.000000000000000000, 0.8369954545839992655, 1.000000000000000000),
 ( 1.000000000000000000, 0.8325250954292953143, 1.000000000000000000),
 ( 1.000000000000000000, 0.8211234397448332611, 1.000000000000000000),
 ( 1.000000000000000000, 0.8141177749326891089, 1.000000000000000000),
 ( 1.000000000000000000, 0.7978373844709973906, 1.000000000000000000),
 ( 1.000000000000000000, 0.7884437868103685298, 1.000000000000000000),
 ( 1.000000000000000000, 0.7577434956969621993, 1.000000000000000000),
 ( 1.000000000000000000, 0.7335792015799579291, 1.000000000000000000),
 ( 1.000000000000000000, 0.7071067811865446862, 1.000000000000000000) ) ) 
 REPRESENTATION_ITEM ( '' )  SURFACE ( )  );
#9292 = CARTESIAN_POINT ( 'NONE',  ( 24.75523974393494697, 7.479417570959292050, -12.56016363226344801 ) ) ;
#9293 = CARTESIAN_POINT ( 'NONE',  ( 29.76521924429015442, 7.343613626566243724, -25.17746094947083435 ) ) ;
#9294 = CIRCLE ( 'NONE', #8658, 1.999999999999998224 ) ;
#9295 = CYLINDRICAL_SURFACE ( 'NONE', #5115, 12.99999999999999822 ) ;
#9296 = CARTESIAN_POINT ( 'NONE',  ( -26.70460516799094108, -6.520582429040413963, 0.000000000000000000 ) ) ;
#9297 = EDGE_LOOP ( 'NONE', ( #7049, #3692, #8758, #8956 ) ) ;
#9298 = CARTESIAN_POINT ( 'NONE',  ( 33.39609413407774952, 4.333328095299679994, -29.92180544137528031 ) ) ;
#9299 = ORIENTED_EDGE ( 'NONE', *, *, #4571, .T. ) ;
#9300 = CARTESIAN_POINT ( 'NONE',  ( -28.72057253258906329, -4.520582429040413963, 0.000000000000000000 ) ) ;
#9301 = ADVANCED_FACE ( 'NONE', ( #2992, #1334 ), #6654, .T. ) ;
#9302 = VECTOR ( 'NONE', #7909, 1000.000000000000000 ) ;
#9303 = ORIENTED_EDGE ( 'NONE', *, *, #3146, .F. ) ;
#9304 = CARTESIAN_POINT ( 'NONE',  ( 24.97942746741094311, 9.479417570959293826, -79.59999999999999432 ) ) ;
#9305 = CARTESIAN_POINT ( 'NONE',  ( 29.13540744864875975, 6.351331194319750573, -47.92157965761889216 ) ) ;
#9306 = PLANE ( 'NONE',  #7083 ) ;
#9307 = CARTESIAN_POINT ( 'NONE',  ( 10.94942746741108053, 7.479417570959293826, -14.89000000000000057 ) ) ;
#9308 = VECTOR ( 'NONE', #8675, 1000.000000000000000 ) ;
#9309 = DIRECTION ( 'NONE',  ( -2.017120320903265181E-16, -1.000000000000000000, 0.000000000000000000 ) ) ;
#9310 = VERTEX_POINT ( 'NONE', #7925 ) ;
#9311 = DIRECTION ( 'NONE',  ( 1.000000000000000000, -2.891205793294675861E-16, 0.000000000000000000 ) ) ;
#9312 = EDGE_CURVE ( 'NONE', #5336, #5776, #9063, .T. ) ;
#9313 = B_SPLINE_CURVE_WITH_KNOTS ( 'NONE', 3,
 ( #810, #3856, #1526, #1628, #7379, #173, #6751, #2309, #4577, #8317, #8221, #116, #752 ),
 .UNSPECIFIED., .F., .F.,
 ( 4, 2, 1, 2, 2, 2, 4 ),
 ( -5.999999999890644863E-08, 0.0003492150421279844198, 0.0006984900842559677242, 0.001397040168511935743, 0.002794140337023872864, 0.004191240505535809117, 0.005588340674047745371 ),
 .UNSPECIFIED. ) ;
#9314 = ORIENTED_EDGE ( 'NONE', *, *, #3832, .T. ) ;
#9315 = EDGE_CURVE ( 'NONE', #4728, #9338, #5009, .T. ) ;
#9316 = EDGE_CURVE ( 'NONE', #3784, #3977, #4273, .T. ) ;
#9317 = DIRECTION ( 'NONE',  ( 0.000000000000000000, 0.000000000000000000, 1.000000000000000000 ) ) ;
#9318 = B_SPLINE_CURVE_WITH_KNOTS ( 'NONE', 3,
 ( #1673, #6847, #6033, #6891, #6748, #2458, #222, #67, #5441, #5393, #4617, #5344, #7528, #4530 ),
 .UNSPECIFIED., .F., .F.,
 ( 4, 2, 2, 2, 2, 2, 4 ),
 ( 0.000000000000000000, 0.001064364326438783058, 0.002128728652877566116, 0.002660910816096957645, 0.003193092979316349174, 0.003725275142535740703, 0.004257457305755132232 ),
 .UNSPECIFIED. ) ;
#9319 = CARTESIAN_POINT ( 'NONE',  ( 21.69140752545936479, 8.479417570959276063, -22.21846861035361087 ) ) ;
#9320 = CARTESIAN_POINT ( 'NONE',  ( 20.69278173643098739, 7.479417570959292050, -4.835400030671093141 ) ) ;
#9321 = CARTESIAN_POINT ( 'NONE',  ( -33.04560605012665775, -3.508971633985064287, -2.306471019258768074 ) ) ;
#9322 = CARTESIAN_POINT ( 'NONE',  ( -32.52057251296903928, -2.971234598528347703, -7.621705047877243011 ) ) ;
#9323 = CARTESIAN_POINT ( 'NONE',  ( 32.97942746741107101, -3.366042712232984790, -30.73403830344269849 ) ) ;
#9324 = VERTEX_POINT ( 'NONE', #6511 ) ;
#9325 = ADVANCED_FACE ( 'NONE', ( #5784 ), #8750, .F. ) ;
#9326 = EDGE_LOOP ( 'NONE', ( #7455, #628, #8707, #3231 ) ) ;
#9327 = CARTESIAN_POINT ( 'NONE',  ( 27.56822892643829803, 6.837241671030154677, -6.531677113294017012 ) ) ;
#9328 = DIRECTION ( 'NONE',  ( 0.000000000000000000, 0.000000000000000000, -1.000000000000000000 ) ) ;
#9329 = DIRECTION ( 'NONE',  ( 1.000000000000000000, 0.000000000000000000, 0.000000000000000000 ) ) ;
#9330 = CIRCLE ( 'NONE', #5132, 3.349999999999984990 ) ;
#9331 = CARTESIAN_POINT ( 'NONE',  ( -32.52057253258906400, -2.946429777430911834, -2.337980848278634394 ) ) ;
#9332 = CARTESIAN_POINT ( 'NONE',  ( -29.93023562651073988, 4.710472306500971484, -35.01497035466777419 ) ) ;
#9333 = CARTESIAN_POINT ( 'NONE',  ( 31.22850509297901667, 6.280390163998747610, -24.39999999999999858 ) ) ;
#9334 = FACE_OUTER_BOUND ( 'NONE', #6046, .T. ) ;
#9335 = DIRECTION ( 'NONE',  ( -1.982541115402067329E-16, 0.000000000000000000, -1.000000000000000000 ) ) ;
#9336 = CARTESIAN_POINT ( 'NONE',  ( -32.87060404832986649, 2.896043533340187714, -31.19999999999999929 ) ) ;
#9337 = CARTESIAN_POINT ( 'NONE',  ( 31.87942746741113353, 4.333328095299679994, -27.81000000000000227 ) ) ;
#9338 = VERTEX_POINT ( 'NONE', #9534 ) ;
#9339 = DIRECTION ( 'NONE',  ( 0.000000000000000000, -1.232595164407830672E-32, 1.000000000000000000 ) ) ;
#9340 = CARTESIAN_POINT ( 'NONE',  ( -34.02057253258906400, -4.520582429040413963, -7.924038303442734410 ) ) ;
#9341 = CARTESIAN_POINT ( 'NONE',  ( 8.836688852417701133E-16, 4.349417570959293933, 7.826261394770539327E-32 ) ) ;
#9342 = CARTESIAN_POINT ( 'NONE',  ( -32.67738813743706316, 3.456363420284982002, -38.78000000000004377 ) ) ;
#9343 = CARTESIAN_POINT ( 'NONE',  ( -26.88122668046467822, 9.249532895788926012, -5.551115123125782702E-14 ) ) ;
#9344 = CARTESIAN_POINT ( 'NONE',  ( -30.87057253258906542, 10.01696613767509625, -7.900000000000000355 ) ) ;
#9345 = DIRECTION ( 'NONE',  ( -1.000000000000000000, 2.017120320903265181E-16, 0.000000000000000000 ) ) ;
#9346 = DIRECTION ( 'NONE',  ( -2.017120320903265428E-16, -1.000000000000000000, -0.000000000000000000 ) ) ;
#9347 = AXIS2_PLACEMENT_3D ( 'NONE', #6613, #6524, #9501 ) ;
#9348 = ORIENTED_EDGE ( 'NONE', *, *, #657, .F. ) ;
#9349 = CARTESIAN_POINT ( 'NONE',  ( -29.98246725465249796, 7.160675837939792565, -7.712526605398049462 ) ) ;
#9350 = VERTEX_POINT ( 'NONE', #2886 ) ;
#9351 = CARTESIAN_POINT ( 'NONE',  ( -33.04834080477248648, -2.967674994879779149, -2.371554423511572640 ) ) ;
#9352 = CARTESIAN_POINT ( 'NONE',  ( -26.72057253258906329, -2.520582429040414851, -2.000000000000000000 ) ) ;
#9353 = FACE_OUTER_BOUND ( 'NONE', #2680, .T. ) ;
#9354 = CARTESIAN_POINT ( 'NONE',  ( -27.57609002279629706, 6.854548507794050671, -6.377442213400539295 ) ) ;
#9355 = VECTOR ( 'NONE', #5166, 1000.000000000000000 ) ;
#9356 = CARTESIAN_POINT ( 'NONE',  ( -33.43723919925573540, 4.333328095299691540, -29.92180544137527676 ) ) ;
#9357 = CARTESIAN_POINT ( 'NONE',  ( -30.14928467219229091, 8.349417570959301926, -36.68424128352742741 ) ) ;
#9358 = ORIENTED_EDGE ( 'NONE', *, *, #3146, .T. ) ;
#9359 = LINE ( 'NONE', #7936, #9421 ) ;
#9360 = ORIENTED_EDGE ( 'NONE', *, *, #164, .F. ) ;
#9361 = LINE ( 'NONE', #7381, #1805 ) ;
#9362 = CARTESIAN_POINT ( 'NONE',  ( 23.71311793450568217, 8.479417570959277839, -12.41757966466426311 ) ) ;
#9363 = CARTESIAN_POINT ( 'NONE',  ( 28.67942746741106674, 10.01696613767508381, -27.04999999999999361 ) ) ;
#9364 = CC_DESIGN_PERSON_AND_ORGANIZATION_ASSIGNMENT ( #1429, #2880, ( #3755 ) ) ;
#9365 = EDGE_CURVE ( 'NONE', #2523, #822, #5832, .T. ) ;
#9366 = CARTESIAN_POINT ( 'NONE',  ( -33.04560605012667196, -3.508971633985088712, -7.693528980741215051 ) ) ;
#9367 = CARTESIAN_POINT ( 'NONE',  ( 33.02206379166922545, -3.520582436048375286, -30.43808648449762799 ) ) ;
#9368 = ORIENTED_EDGE ( 'NONE', *, *, #7150, .T. ) ;
#9369 = VERTEX_POINT ( 'NONE', #5102 ) ;
#9370 = CARTESIAN_POINT ( 'NONE',  ( 28.67942746741106319, 8.516651189570575653, -28.54999999999998650 ) ) ;
#9371 = CARTESIAN_POINT ( 'NONE',  ( 31.51441402702255701, 5.901605156494204252, -24.39999999999534808 ) ) ;
#9372 = CARTESIAN_POINT ( 'NONE',  ( 32.47942746637353650, 1.920516008704479916, -24.89999999999999147 ) ) ;
#9373 = EDGE_CURVE ( 'NONE', #7570, #6216, #9530, .T. ) ;
#9374 = CARTESIAN_POINT ( 'NONE',  ( -32.61508903694636530, -3.020582429040413519, -2.599999999999996980 ) ) ;
#9375 = EDGE_CURVE ( 'NONE', #6760, #5336, #5931, .T. ) ;
#9376 = CARTESIAN_POINT ( 'NONE',  ( -30.14928467219228025, 4.349417570959301038, -36.33314852628252112 ) ) ;
#9377 = CARTESIAN_POINT ( 'NONE',  ( 27.47942746741109588, -2.520582429040423289, -28.55000000000000426 ) ) ;
#9378 = CARTESIAN_POINT ( 'NONE',  ( -28.72057253258906684, 8.209584760035333773, -5.750000000000000888 ) ) ;
#9379 = CARTESIAN_POINT ( 'NONE',  ( 30.82942746741107953, 9.481417570959282060, -9.099999999999997868 ) ) ;
#9380 = CARTESIAN_POINT ( 'NONE',  ( -31.26965845134706967, 6.280378773161309880, -31.19999999999999929 ) ) ;
#9381 = DIRECTION ( 'NONE',  ( -2.017120320903265428E-16, -1.000000000000000000, -0.000000000000000000 ) ) ;
#9382 = ORIENTED_EDGE ( 'NONE', *, *, #61, .F. ) ;
#9383 = CARTESIAN_POINT ( 'NONE',  ( -30.69597675302842887, 3.869718347003707315, -79.32474404694497139 ) ) ;
#9384 = APPROVAL_STATUS ( 'not_yet_approved' ) ;
#9385 = DIRECTION ( 'NONE',  ( -0.6024298447090874475, -0.7981718375160733459, 0.000000000000000000 ) ) ;
#9386 = CARTESIAN_POINT ( 'NONE',  ( -26.74439489985691409, 7.501037792945649763, -36.41670566250165564 ) ) ;
#9387 = DIRECTION ( 'NONE',  ( -1.000000000000000000, -1.334402673828313339E-16, 0.000000000000000000 ) ) ;
#9388 = CARTESIAN_POINT ( 'NONE',  ( -32.58527517327365786, -3.020582429040470807, -7.439980754324180268 ) ) ;
#9389 = CARTESIAN_POINT ( 'NONE',  ( 32.79148457956590335, 2.892305814977091050, -8.400000000003066347 ) ) ;
#9390 = LINE ( 'NONE', #6999, #7702 ) ;
#9391 = CARTESIAN_POINT ( 'NONE',  ( 29.84193614922302373, 4.349417570959288604, -77.25226671432103842 ) ) ;
#9392 = EDGE_LOOP ( 'NONE', ( #5761, #6022, #7955, #9382 ) ) ;
#9393 = LINE ( 'NONE', #9300, #6214 ) ;
#9394 = ORIENTED_EDGE ( 'NONE', *, *, #2679, .T. ) ;
#9395 = EDGE_CURVE ( 'NONE', #6694, #6291, #8108, .T. ) ;
#9396 = CARTESIAN_POINT ( 'NONE',  ( -29.25137894767046376, 4.349417570959300150, -77.57988000913036331 ) ) ;
#9397 = DIRECTION ( 'NONE',  ( 0.000000000000000000, 0.000000000000000000, 1.000000000000000000 ) ) ;
#9398 = DIRECTION ( 'NONE',  ( 1.000000000000000000, 0.000000000000000000, -3.469446951953611033E-15 ) ) ;
#9399 = ORIENTED_EDGE ( 'NONE', *, *, #8652, .F. ) ;
#9400 = B_SPLINE_CURVE_WITH_KNOTS ( 'NONE', 3,
 ( #4660, #1023, #354, #6163, #3353, #4108, #4029, #2494 ),
 .UNSPECIFIED., .F., .F.,
 ( 4, 2, 2, 4 ),
 ( -5.999999999912320966E-08, 0.0004289313339878823438, 0.0008579226679757637891, 0.001715905335951527439 ),
 .UNSPECIFIED. ) ;
#9401 = DIRECTION ( 'NONE',  ( 0.9369889970996420070, 1.734723475976813208E-15, 0.3493588689502629130 ) ) ;
#9402 = ORIENTED_EDGE ( 'NONE', *, *, #2409, .T. ) ;
#9403 = FACE_OUTER_BOUND ( 'NONE', #5554, .T. ) ;
#9404 = ORIENTED_EDGE ( 'NONE', *, *, #4427, .F. ) ;
#9405 = ORIENTED_EDGE ( 'NONE', *, *, #2535, .T. ) ;
#9406 = CARTESIAN_POINT ( 'NONE',  ( 23.90528691346455048, 8.479417570959272510, -13.80845054169383523 ) ) ;
#9407 = CARTESIAN_POINT ( 'NONE',  ( 26.47942746741108166, 7.349417570959288604, -48.50000000000000711 ) ) ;
#9408 = AXIS2_PLACEMENT_3D ( 'NONE', #4317, #7280, #4952 ) ;
#9409 = CARTESIAN_POINT ( 'NONE',  ( -33.08358353549375863, -3.020582429040467254, -7.574679434480843909 ) ) ;
#9410 = FACE_OUTER_BOUND ( 'NONE', #8293, .T. ) ;
#9411 = VERTEX_POINT ( 'NONE', #5396 ) ;
#9412 = ORIENTED_EDGE ( 'NONE', *, *, #1667, .F. ) ;
#9413 = CARTESIAN_POINT ( 'NONE',  ( 30.62780679043861909, 6.308400420984035861, -30.69999999999999929 ) ) ;
#9414 = VECTOR ( 'NONE', #6928, 1000.000000000000000 ) ;
#9415 = LINE ( 'NONE', #4398, #5729 ) ;
#9416 = CARTESIAN_POINT ( 'NONE',  ( -29.80382994504014604, 7.353556016480300883, -2.361308657357932717 ) ) ;
#9417 = DIRECTION ( 'NONE',  ( -2.017120320903265181E-16, -1.000000000000000000, 0.000000000000000000 ) ) ;
#9418 = CARTESIAN_POINT ( 'NONE',  ( -32.52057253258905689, 1.027832321093293810, -2.099999999999983658 ) ) ;
#9419 = AXIS2_PLACEMENT_3D ( 'NONE', #111, #8941, #6746 ) ;
#9420 = EDGE_LOOP ( 'NONE', ( #8274, #2857, #3451, #514 ) ) ;
#9421 = VECTOR ( 'NONE', #7791, 1000.000000000000000 ) ;
#9422 = CARTESIAN_POINT ( 'NONE',  ( 32.47942746741107101, 1.027832321093518519, -2.099999999999996980 ) ) ;
#9423 = CARTESIAN_POINT ( 'NONE',  ( -28.74278736206928997, 8.195947835485165811, -6.105173900096683148 ) ) ;
#9424 = CYLINDRICAL_SURFACE ( 'NONE', #8043, 1.199999999999999734 ) ;
#9425 = CARTESIAN_POINT ( 'NONE',  ( -23.84704959249996037, 7.479417570959293826, -2.000000000000057288 ) ) ;
#9426 = CARTESIAN_POINT ( 'NONE',  ( 30.82942746741109374, 5.979164254138613188, -7.900000000000000355 ) ) ;
#9427 = ORIENTED_EDGE ( 'NONE', *, *, #5247, .T. ) ;
#9428 = EDGE_CURVE ( 'NONE', #8873, #9248, #8417, .T. ) ;
#9429 = CARTESIAN_POINT ( 'NONE',  ( 30.97942746741107101, 1.027832321093501866, -2.000000000000029310 ) ) ;
#9430 = DIRECTION ( 'NONE',  ( 0.000000000000000000, 0.000000000000000000, 1.000000000000000000 ) ) ;
#9431 = CARTESIAN_POINT ( 'NONE',  ( -31.92057253258911231, -3.020582429040413519, -5.000000000000004441 ) ) ;
#9432 = EDGE_CURVE ( 'NONE', #3548, #1260, #118, .T. ) ;
#9433 = EDGE_CURVE ( 'NONE', #5224, #4503, #1287, .T. ) ;
#9434 = B_SPLINE_CURVE_WITH_KNOTS ( 'NONE', 3,
 ( #403, #5436, #1123, #5517, #7625, #4072 ),
 .UNSPECIFIED., .F., .F.,
 ( 4, 2, 4 ),
 ( 6.133173666733496745E-19, 0.0001959679739945729179, 0.0003919359479891451853 ),
 .UNSPECIFIED. ) ;
#9435 = CARTESIAN_POINT ( 'NONE',  ( -26.96837072984260786, 9.231296660565440959, -33.02533302896914336 ) ) ;
#9436 = CARTESIAN_POINT ( 'NONE',  ( 32.20121294351260843, 4.670811447884155143, -1.600000000000006972 ) ) ;
#9437 = CARTESIAN_POINT ( 'NONE',  ( 33.39609413407774952, -3.520582429040425065, -29.92180544137528031 ) ) ;
#9438 = FACE_OUTER_BOUND ( 'NONE', #5580, .T. ) ;
#9439 = AXIS2_PLACEMENT_3D ( 'NONE', #5750, #1342, #4918 ) ;
#9440 = CIRCLE ( 'NONE', #1229, 1.199999999999999734 ) ;
#9441 = CARTESIAN_POINT ( 'NONE',  ( -33.14557253258907821, -3.020582429040413519, -26.10431098965843688 ) ) ;
#9442 = EDGE_CURVE ( 'NONE', #5880, #7041, #6502, .T. ) ;
#9443 = VERTEX_POINT ( 'NONE', #1582 ) ;
#9444 = CARTESIAN_POINT ( 'NONE',  ( -30.87057253258905831, 5.979163850806741287, -7.900000000000047429 ) ) ;
#9445 = ORIENTED_EDGE ( 'NONE', *, *, #2389, .F. ) ;
#9446 = VECTOR ( 'NONE', #323, 1000.000000000000000 ) ;
#9447 = VECTOR ( 'NONE', #8211, 1000.000000000000000 ) ;
#9448 = CARTESIAN_POINT ( 'NONE',  ( -30.10555035770518728, 4.349417570959300150, -76.88229000341284802 ) ) ;
#9449 = DIRECTION ( 'NONE',  ( -2.017120320903264935E-16, -1.000000000000000000, 0.000000000000000000 ) ) ;
#9450 = CARTESIAN_POINT ( 'NONE',  ( -28.75910544106104894, 6.060855818610987100, -8.365191286533685044 ) ) ;
#9451 = CARTESIAN_POINT ( 'NONE',  ( -26.57156267921338610, 9.320324349404064179, -32.99693331450750833 ) ) ;
#9452 = DIRECTION ( 'NONE',  ( -0.000000000000000000, -0.000000000000000000, -1.000000000000000000 ) ) ;
#9453 = ORIENTED_EDGE ( 'NONE', *, *, #3126, .T. ) ;
#9454 = FACE_OUTER_BOUND ( 'NONE', #5188, .T. ) ;
#9455 = ORIENTED_EDGE ( 'NONE', *, *, #8469, .F. ) ;
#9456 = VECTOR ( 'NONE', #2087, 1000.000000000000000 ) ;
#9457 = CARTESIAN_POINT ( 'NONE',  ( 32.47942746741107101, 1.027832321093518519, -24.39999999999999147 ) ) ;
#9458 = ORIENTED_EDGE ( 'NONE', *, *, #840, .T. ) ;
#9459 = ORIENTED_EDGE ( 'NONE', *, *, #8722, .T. ) ;
#9460 = CARTESIAN_POINT ( 'NONE',  ( 21.94484430531111485, 8.479417570959272510, -21.82721494793455363 ) ) ;
#9461 = AXIS2_PLACEMENT_3D ( 'NONE', #2568, #8387, #5503 ) ;
#9462 = DIRECTION ( 'NONE',  ( 1.000000000000000000, 0.000000000000000000, 0.000000000000000000 ) ) ;
#9463 = CARTESIAN_POINT ( 'NONE',  ( -30.28634908277438242, 7.374058304180593382, -1.762239876369991354 ) ) ;
#9464 = CARTESIAN_POINT ( 'NONE',  ( -33.02399855003371698, -3.454398226073445599, -7.821278747310977941 ) ) ;
#9465 = ORIENTED_EDGE ( 'NONE', *, *, #7554, .T. ) ;
#9466 = ORIENTED_EDGE ( 'NONE', *, *, #4797, .F. ) ;
#9467 = AXIS2_PLACEMENT_3D ( 'NONE', #3783, #2184, #4394 ) ;
#9468 = CARTESIAN_POINT ( 'NONE',  ( 29.47112205697282405, 8.011382927513141183, -30.23098153489982565 ) ) ;
#9469 = CARTESIAN_POINT ( 'NONE',  ( 32.97942746741107101, -3.425933749852182242, -24.93889690905779588 ) ) ;
#9470 = EDGE_CURVE ( 'NONE', #7623, #3581, #5256, .T. ) ;
#9471 = CARTESIAN_POINT ( 'NONE',  ( -27.37646789394608859, 6.963648663892162638, -32.92958406145501726 ) ) ;
#9472 = AXIS2_PLACEMENT_3D ( 'NONE', #8009, #7278, #698 ) ;
#9473 = ORIENTED_EDGE ( 'NONE', *, *, #6127, .T. ) ;
#9474 = CARTESIAN_POINT ( 'NONE',  ( 32.33831595481263577, 2.789636620444206461, -2.099999999999987210 ) ) ;
#9475 = DIRECTION ( 'NONE',  ( 1.613696256722612145E-15, -3.255019511200713287E-31, -1.000000000000000000 ) ) ;
#9476 = CARTESIAN_POINT ( 'NONE',  ( 26.67942746741109161, -2.520582429040405525, -32.78000000000000114 ) ) ;
#9477 = CARTESIAN_POINT ( 'NONE',  ( -26.34809871690359984, 7.326370355498181830, -2.000000000000099032 ) ) ;
#9478 = DIRECTION ( 'NONE',  ( -0.5833333333333114989, 0.000000000000000000, -0.8122328620674293953 ) ) ;
#9479 = ORIENTED_EDGE ( 'NONE', *, *, #6097, .F. ) ;
#9480 = TOROIDAL_SURFACE ( 'NONE', #7919, 1.500000000000000000, 0.5000000000000000000 ) ;
#9481 = CARTESIAN_POINT ( 'NONE',  ( -33.02057253258905689, 1.027832321093293810, 0.000000000000000000 ) ) ;
#9482 = PERSON_AND_ORGANIZATION_ROLE ( 'design_supplier' ) ;
#9483 = DIRECTION ( 'NONE',  ( 1.000000000000000000, 0.000000000000000000, 0.000000000000000000 ) ) ;
#9484 = CARTESIAN_POINT ( 'NONE',  ( -29.52000465462322509, 8.008951240027009533, -33.48780344752034210 ) ) ;
#9485 = CARTESIAN_POINT ( 'NONE',  ( -32.27334912080148399, 4.694723289282468848, -24.40000000000000568 ) ) ;
#9486 = DIRECTION ( 'NONE',  ( 1.000000000000000000, -3.614007241618348771E-16, 0.000000000000000000 ) ) ;
#9487 = ADVANCED_FACE ( 'NONE', ( #1527 ), #5941, .F. ) ;
#9488 = CARTESIAN_POINT ( 'NONE',  ( 32.97942746741107101, 1.027832321093527401, -8.400000000000003908 ) ) ;
#9489 = DIRECTION ( 'NONE',  ( -1.000000000000000000, 2.017120320903265428E-16, 0.000000000000000000 ) ) ;
#9490 = DIRECTION ( 'NONE',  ( 2.017120320903264935E-16, 1.000000000000000000, -0.000000000000000000 ) ) ;
#9491 = EDGE_LOOP ( 'NONE', ( #2353, #3440, #7304, #8571 ) ) ;
#9492 = CARTESIAN_POINT ( 'NONE',  ( -32.67738813743704895, 3.456363420285001542, -38.78000000000001535 ) ) ;
#9493 = ORIENTED_EDGE ( 'NONE', *, *, #961, .F. ) ;
#9494 = CYLINDRICAL_SURFACE ( 'NONE', #755, 0.5000000000000000000 ) ;
#9495 = CARTESIAN_POINT ( 'NONE',  ( -29.65128559485098947, 3.064432550656077225, -77.60000000000000853 ) ) ;
#9496 = EDGE_CURVE ( 'NONE', #4494, #1402, #5581, .T. ) ;
#9497 = CARTESIAN_POINT ( 'NONE',  ( 26.38452425276606661, 7.565568766171732129, -36.36795259273510794 ) ) ;
#9498 = VERTEX_POINT ( 'NONE', #4123 ) ;
#9499 = CARTESIAN_POINT ( 'NONE',  ( 30.97942746741107811, -2.520582429040426398, -79.59999999999999432 ) ) ;
#9500 = ORIENTED_EDGE ( 'NONE', *, *, #7622, .F. ) ;
#9501 = DIRECTION ( 'NONE',  ( -1.000000000000000000, 0.000000000000000000, 0.000000000000000000 ) ) ;
#9502 = VERTEX_POINT ( 'NONE', #412 ) ;
#9503 = VERTEX_POINT ( 'NONE', #1035 ) ;
#9504 = B_SPLINE_CURVE_WITH_KNOTS ( 'NONE', 3,
 ( #7908, #3502, #4889, #5040, #1423, #7321, #1219, #6442 ),
 .UNSPECIFIED., .F., .F.,
 ( 4, 2, 2, 4 ),
 ( 1.734723475976807094E-18, 0.001323421605014295146, 0.002646843210028588557, 0.005293686420057182318 ),
 .UNSPECIFIED. ) ;
#9505 = CARTESIAN_POINT ( 'NONE',  ( 22.87924745913348445, 7.479417570959294714, -22.21854762739588196 ) ) ;
#9506 = VECTOR ( 'NONE', #4729, 1000.000000000000000 ) ;
#9507 = CARTESIAN_POINT ( 'NONE',  ( 24.90169801733219401, 7.479417570959293826, -16.22725622348094987 ) ) ;
#9508 = FACE_OUTER_BOUND ( 'NONE', #5354, .T. ) ;
#9509 = CARTESIAN_POINT ( 'NONE',  ( -33.08358353548506869, -3.520582429040413519, -7.574679434504147046 ) ) ;
#9510 = ORIENTED_EDGE ( 'NONE', *, *, #5783, .T. ) ;
#9511 = AXIS2_PLACEMENT_3D ( 'NONE', #3327, #9150, #4043 ) ;
#9512 = ORIENTED_EDGE ( 'NONE', *, *, #1667, .T. ) ;
#9513 = CARTESIAN_POINT ( 'NONE',  ( 29.36170320633425135, 7.714115702364725102, -30.12785440241754387 ) ) ;
#9514 = CARTESIAN_POINT ( 'NONE',  ( 30.97942746741108522, -2.520582429040426398, -31.89999999999999147 ) ) ;
#9515 = ADVANCED_FACE ( 'NONE', ( #7857 ), #5489, .F. ) ;
#9516 = CARTESIAN_POINT ( 'NONE',  ( 29.22401368378808684, 5.566523860954978531, -31.49259208313270975 ) ) ;
#9517 = CARTESIAN_POINT ( 'NONE',  ( 28.40533537046297141, 8.655466990800659843, -5.956700190590345834 ) ) ;
#9518 = CARTESIAN_POINT ( 'NONE',  ( 32.63624460303811503, 3.456915091665801132, -77.52181224639851109 ) ) ;
#9519 = CARTESIAN_POINT ( 'NONE',  ( -33.02057253220489486, 1.501125943332863866, -2.100000000002016698 ) ) ;
#9520 = ORIENTED_EDGE ( 'NONE', *, *, #9316, .F. ) ;
#9521 = CARTESIAN_POINT ( 'NONE',  ( 28.67942746741108806, -2.520582429040426842, -4.249999999999999112 ) ) ;
#9522 = CARTESIAN_POINT ( 'NONE',  ( 31.87942746741113353, 5.479417570959574491, -27.81000000000000227 ) ) ;
#9523 = CARTESIAN_POINT ( 'NONE',  ( -25.06234554362946909, 7.479298242642475003, -2.000000000000057288 ) ) ;
#9524 = DIRECTION ( 'NONE',  ( -1.387778780781445922E-16, 1.000000000000000000, 0.000000000000000000 ) ) ;
#9525 = ORIENTED_EDGE ( 'NONE', *, *, #3074, .T. ) ;
#9526 = DIRECTION ( 'NONE',  ( 0.000000000000000000, 0.000000000000000000, 1.000000000000000000 ) ) ;
#9527 = CARTESIAN_POINT ( 'NONE',  ( 0.000000000000000000, 0.000000000000000000, 0.000000000000000000 ) ) ;
#9528 = CARTESIAN_POINT ( 'NONE',  ( 30.69786995685117859, 3.059481153539781229, -23.70000000000000995 ) ) ;
#9529 = CARTESIAN_POINT ( 'NONE',  ( -31.80826927761928857, 5.476887375173391526, -35.02356403660446205 ) ) ;
#9530 = B_SPLINE_CURVE_WITH_KNOTS ( 'NONE', 3,
 ( #8075, #3032, #8222, #2461, #2310, #272, #8899, #226, #6037, #6752 ),
 .UNSPECIFIED., .F., .F.,
 ( 4, 2, 2, 2, 4 ),
 ( 0.000000000000000000, 0.1250000000000000000, 0.2500000000000000000, 0.3750000000000000000, 0.5000000000000000000 ),
 .UNSPECIFIED. ) ;
#9531 = DIRECTION ( 'NONE',  ( -1.000000000000000000, 2.628368902995159067E-16, 0.000000000000000000 ) ) ;
#9532 = CARTESIAN_POINT ( 'NONE',  ( 31.87942746741113353, -3.520582429040425065, -5.000000000000004441 ) ) ;
#9533 = CARTESIAN_POINT ( 'NONE',  ( -18.05057253258892302, 7.479417570959293826, -14.89000000000000057 ) ) ;
#9534 = CARTESIAN_POINT ( 'NONE',  ( 33.39609413407775662, -3.520582429040425065, -7.111805441375313563 ) ) ;
#9535 = ORIENTED_EDGE ( 'NONE', *, *, #7395, .F. ) ;
#9536 = DIRECTION ( 'NONE',  ( 0.000000000000000000, 1.000000000000000000, -0.000000000000000000 ) ) ;
#9537 = CARTESIAN_POINT ( 'NONE',  ( 30.67942746741113424, 5.479417570959574491, -5.000000000000004441 ) ) ;
#9538 = ORIENTED_EDGE ( 'NONE', *, *, #1438, .T. ) ;
#9539 = EDGE_CURVE ( 'NONE', #3631, #5989, #1089, .T. ) ;
#9540 = CARTESIAN_POINT ( 'NONE',  ( -30.14034248307478592, 4.349417570959300150, -76.74341160218270375 ) ) ;
#9541 = DIRECTION ( 'NONE',  ( 0.000000000000000000, 0.000000000000000000, 1.000000000000000000 ) ) ;
#9542 = CARTESIAN_POINT ( 'NONE',  ( -30.73880432184606093, 3.059228649788082954, -9.100000000000029843 ) ) ;
#9543 = CARTESIAN_POINT ( 'NONE',  ( -28.44108692577447428, 8.672166547796580360, -33.22004702789702435 ) ) ;
#9544 = DIRECTION ( 'NONE',  ( -2.017120320903265181E-16, -1.000000000000000000, 0.000000000000000000 ) ) ;
#9545 = ORIENTED_EDGE ( 'NONE', *, *, #4185, .T. ) ;
#9546 = CARTESIAN_POINT ( 'NONE',  ( 33.97942746741107811, 4.333328095299682658, -2.075961696557269587 ) ) ;
#9547 = VERTEX_POINT ( 'NONE', #2645 ) ;
#9548 = CARTESIAN_POINT ( 'NONE',  ( 32.57536241058068782, 3.672797737428699971, -5.551115123125782702E-14 ) ) ;
#9549 = VERTEX_POINT ( 'NONE', #7813 ) ;
#9550 = EDGE_CURVE ( 'NONE', #7261, #7811, #5530, .T. ) ;
#9551 = CIRCLE ( 'NONE', #4463, 1.199999999999999734 ) ;
#9552 = EDGE_LOOP ( 'NONE', ( #6870, #6251, #8351, #5432, #9427, #2037 ) ) ;
#9553 = EDGE_CURVE ( 'NONE', #4068, #6497, #7770, .T. ) ;
#9554 = EDGE_CURVE ( 'NONE', #538, #6165, #4173, .T. ) ;
#9555 = CARTESIAN_POINT ( 'NONE',  ( 21.51357805495508657, 8.479417570959274286, -7.312214553385024907 ) ) ;
#9556 = CARTESIAN_POINT ( 'NONE',  ( 24.90175794242315988, 7.479417570959292938, -13.55554213139623343 ) ) ;
#9557 = CARTESIAN_POINT ( 'NONE',  ( -33.02057253258921321, -2.520582429040413519, -31.90000000000019753 ) ) ;
#9558 = CARTESIAN_POINT ( 'NONE',  ( -30.10276799629933464, 7.027852143914411265, -25.03811337778777357 ) ) ;
#9559 = VERTEX_POINT ( 'NONE', #7075 ) ;
#9560 = CARTESIAN_POINT ( 'NONE',  ( -31.42961704352426722, 5.503274057893554172, -78.19601231396202934 ) ) ;
#9561 = ORIENTED_EDGE ( 'NONE', *, *, #5073, .T. ) ;
#9562 = CARTESIAN_POINT ( 'NONE',  ( -30.13273031641215027, 7.512917982250023385, -24.61971945736155831 ) ) ;
#9563 = EDGE_CURVE ( 'NONE', #8459, #7475, #1143, .T. ) ;
#9564 = AXIS2_PLACEMENT_3D ( 'NONE', #2149, #5097, #8066 ) ;
#9565 = CARTESIAN_POINT ( 'NONE',  ( 30.25117374940569803, 4.096401459434628300, -76.59999999999999432 ) ) ;
#9566 = CARTESIAN_POINT ( 'NONE',  ( 29.24853131640762527, 3.853601872212006008, -77.60000000000002274 ) ) ;
#9567 = DIRECTION ( 'NONE',  ( 1.000000000000000000, -0.000000000000000000, -0.000000000000000000 ) ) ;
#9568 = ORIENTED_EDGE ( 'NONE', *, *, #3351, .F. ) ;
#9569 = DIRECTION ( 'NONE',  ( 0.000000000000000000, 0.000000000000000000, 1.000000000000000000 ) ) ;
#9570 = FACE_OUTER_BOUND ( 'NONE', #8558, .T. ) ;
#9571 = PLANE ( 'NONE',  #626 ) ;
#9572 = CARTESIAN_POINT ( 'NONE',  ( -25.03154572833267366, 7.479416227571174858, -2.000000000000029310 ) ) ;
#9573 = AXIS2_PLACEMENT_3D ( 'NONE', #5711, #2820, #5613 ) ;
#9574 = APPLICATION_CONTEXT ( 'configuration controlled 3d designs of mechanical parts and assemblies' ) ;
#9575 = EDGE_CURVE ( 'NONE', #1569, #822, #3221, .T. ) ;
#9576 = LINE ( 'NONE', #5623, #1362 ) ;
#9577 = EDGE_LOOP ( 'NONE', ( #3379, #5760, #1961, #5505 ) ) ;
#9578 = CARTESIAN_POINT ( 'NONE',  ( 27.65064578202876078, 6.803790176766614017, -32.98974817551395233 ) ) ;
#9579 = COORDINATED_UNIVERSAL_TIME_OFFSET ( 1, 0, .AHEAD. ) ;
#9580 = CARTESIAN_POINT ( 'NONE',  ( 30.70400051660371332, 6.909397134599873702, -79.59999999999999432 ) ) ;
#9581 = VECTOR ( 'NONE', #8555, 1000.000000000000000 ) ;
#9582 = CARTESIAN_POINT ( 'NONE',  ( -28.51082527291693225, 6.703314268772552431, -37.36441640744136805 ) ) ;
#9583 = DIRECTION ( 'NONE',  ( 0.000000000000000000, 0.000000000000000000, 1.000000000000000000 ) ) ;
#9584 = DIRECTION ( 'NONE',  ( 2.017120320903265181E-16, 1.000000000000000000, -0.000000000000000000 ) ) ;
#9585 = DIRECTION ( 'NONE',  ( 1.000000000000000000, 0.000000000000000000, 0.000000000000000000 ) ) ;
#9586 = VECTOR ( 'NONE', #3220, 1000.000000000000000 ) ;
#9587 = FACE_OUTER_BOUND ( 'NONE', #2388, .T. ) ;
#9588 = LINE ( 'NONE', #2889, #1581 ) ;
#9589 = ORIENTED_EDGE ( 'NONE', *, *, #6307, .T. ) ;
#9590 = EDGE_CURVE ( 'NONE', #1541, #756, #1943, .T. ) ;
#9591 = CARTESIAN_POINT ( 'NONE',  ( -33.02057253258906400, 1.027832321093304024, -79.59999999999999432 ) ) ;
#9592 = CARTESIAN_POINT ( 'NONE',  ( -30.64754637732578857, 3.250774517337694736, -76.60000000000103171 ) ) ;
#9593 = CIRCLE ( 'NONE', #6174, 0.5000000000000004441 ) ;
#9594 = CARTESIAN_POINT ( 'NONE',  ( 26.24458036364770663, 9.400678647825946754, -35.11820442420921040 ) ) ;
#9595 = DIRECTION ( 'NONE',  ( 0.000000000000000000, 0.000000000000000000, -1.000000000000000000 ) ) ;
#9596 = ORIENTED_EDGE ( 'NONE', *, *, #4733, .F. ) ;
#9597 = VERTEX_POINT ( 'NONE', #1907 ) ;
#9598 = CARTESIAN_POINT ( 'NONE',  ( -28.38863780339283593, 6.350088569388660176, -2.000000000000002665 ) ) ;
#9599 = ORIENTED_EDGE ( 'NONE', *, *, #3301, .T. ) ;
#9600 = TOROIDAL_SURFACE ( 'NONE', #4154, 1.650000000000000799, 0.5000000000000000000 ) ;
#9601 = ORIENTED_EDGE ( 'NONE', *, *, #3802, .F. ) ;
#9602 = AXIS2_PLACEMENT_3D ( 'NONE', #7026, #8453, #5578 ) ;
#9603 = AXIS2_PLACEMENT_3D ( 'NONE', #2349, #4516, #1610 ) ;
#9604 = CARTESIAN_POINT ( 'NONE',  ( 19.80814378963809474, 7.479417570959296491, -25.73601713009309933 ) ) ;
#9605 = DIRECTION ( 'NONE',  ( -0.000000000000000000, 0.000000000000000000, 1.000000000000000000 ) ) ;
#9606 = AXIS2_PLACEMENT_3D ( 'NONE', #4703, #930, #4747 ) ;
#9607 = EDGE_CURVE ( 'NONE', #682, #6760, #1133, .T. ) ;
#9608 = CARTESIAN_POINT ( 'NONE',  ( 16.27014175312538669, 8.479417570959274286, -26.75128152814001936 ) ) ;
#9610 = ADVANCED_FACE ( 'NONE', ( #4813 ), #1226, .F. ) ;
#9609 = CARTESIAN_POINT ( 'NONE',  ( -31.03155197396716503, 6.595851001664469138, -24.86395095500672170 ) ) ;
#9611 = EDGE_CURVE ( 'NONE', #7884, #7277, #6101, .T. ) ;
#9612 = EDGE_LOOP ( 'NONE', ( #7745, #5544, #3958, #5057 ) ) ;
#9613 = CARTESIAN_POINT ( 'NONE',  ( -31.10394868171387017, 5.728521495163144905, -77.87034395215444249 ) ) ;
#9614 = ORIENTED_EDGE ( 'NONE', *, *, #6921, .T. ) ;
#9615 = CARTESIAN_POINT ( 'NONE',  ( 31.94683004025853634, 5.158298247142267812, -0.000000000000000000 ) ) ;
#9616 = CARTESIAN_POINT ( 'NONE',  ( -31.26965845134707678, 6.280378773161307215, -24.39999999999999858 ) ) ;
#9617 = AXIS2_PLACEMENT_3D ( 'NONE', #689, #6157, #5423 ) ;
#9618 = CARTESIAN_POINT ( 'NONE',  ( 32.47942746741108522, -2.520582429040427286, -30.19999999999999929 ) ) ;
ENDSEC;
END-ISO-10303-21;
