ISO-10303-21;
HEADER;
FILE_DESCRIPTION (( 'STEP AP203' ),
    '1' );
FILE_NAME ('Potentiometer.STEP',
    '2026-05-26T07:22:32',
    ( '' ),
    ( '' ),
    'SwSTEP 2.0',
    'SolidWorks 2024',
    '' );
FILE_SCHEMA (( 'CONFIG_CONTROL_DESIGN' ));
ENDSEC;

DATA;
#1 = CARTESIAN_POINT ( 'NONE',  ( 1.578644276791020928, -4.396594585048591242, 5.242772344976501131 ) ) ;
#2 = CYLINDRICAL_SURFACE ( 'NONE', #1411, 3.000000000000000888 ) ;
#3 = DIRECTION ( 'NONE',  ( 0.000000000000000000, 0.000000000000000000, 1.000000000000000000 ) ) ;
#4 = ORIENTED_EDGE ( 'NONE', *, *, #35, .T. ) ;
#5 = FACE_OUTER_BOUND ( 'NONE', #505, .T. ) ;
#6 = AXIS2_PLACEMENT_3D ( 'NONE', #309, #443, #862 ) ;
#7 = DIRECTION ( 'NONE',  ( -1.000000000000000000, -0.000000000000000000, -0.000000000000000000 ) ) ;
#8 = EDGE_CURVE ( 'NONE', #431, #1704, #292, .T. ) ;
#9 = CARTESIAN_POINT ( 'NONE',  ( 17.73205081243111536, 7.644736842105262831, -2.357540798153544337 ) ) ;
#10 = CARTESIAN_POINT ( 'NONE',  ( 17.73205081243111536, -4.750000000000039080, 5.227241335952145462 ) ) ;
#11 = ADVANCED_FACE ( 'NONE', ( #1703 ), #1504, .T. ) ;
#12 = SECURITY_CLASSIFICATION ( '', '', #744 ) ;
#13 = ORIENTED_EDGE ( 'NONE', *, *, #1429, .F. ) ;
#14 = CIRCLE ( 'NONE', #69, 4.000000000000000000 ) ;
#15 = CARTESIAN_POINT ( 'NONE',  ( 17.73205081243111536, -5.864058642711867719, 5.441765911433185110 ) ) ;
#16 = CARTESIAN_POINT ( 'NONE',  ( 5.000000000000000000, -2.741464024932662280, -1.500000000000000666 ) ) ;
#17 = CARTESIAN_POINT ( 'NONE',  ( 4.330153255541514312, -6.818400533721634460, 1.345671693062008956 ) ) ;
#18 = EDGE_CURVE ( 'NONE', #1415, #459, #1474, .T. ) ;
#19 = ORIENTED_EDGE ( 'NONE', *, *, #816, .T. ) ;
#20 = AXIS2_PLACEMENT_3D ( 'NONE', #1072, #267, #1745 ) ;
#21 = ADVANCED_FACE ( 'NONE', ( #620 ), #1721, .F. ) ;
#22 = VECTOR ( 'NONE', #38, 1000.000000000000000 ) ;
#23 = DIRECTION ( 'NONE',  ( -1.000000000000000000, 0.000000000000000000, 0.000000000000000000 ) ) ;
#24 = DIRECTION ( 'NONE',  ( -1.000000000000000000, -0.000000000000000000, -0.000000000000000000 ) ) ;
#25 = CARTESIAN_POINT ( 'NONE',  ( 1.661326584560022024, 2.912142526061934245, 5.849337008596240395 ) ) ;
#26 = CARTESIAN_POINT ( 'NONE',  ( 9.339263314412532324, 7.644736842105262831, -2.357540798153544337 ) ) ;
#27 = ORIENTED_EDGE ( 'NONE', *, *, #1113, .F. ) ;
#28 = DIRECTION ( 'NONE',  ( 0.000000000000000000, 0.000000000000000000, 1.000000000000000000 ) ) ;
#29 = CARTESIAN_POINT ( 'NONE',  ( 0.6163365060105172599, 0.000000000000000000, -8.499999999999998224 ) ) ;
#30 = AXIS2_PLACEMENT_3D ( 'NONE', #1514, #139, #1778 ) ;
#31 = CARTESIAN_POINT ( 'NONE',  ( 18.37949530498620021, 1.581893079014605297, 7.610644808419056773 ) ) ;
#32 = ORIENTED_EDGE ( 'NONE', *, *, #201, .T. ) ;
#33 = VERTEX_POINT ( 'NONE', #1059 ) ;
#34 = ORIENTED_EDGE ( 'NONE', *, *, #402, .F. ) ;
#35 = EDGE_CURVE ( 'NONE', #1217, #164, #198, .T. ) ;
#36 = FACE_OUTER_BOUND ( 'NONE', #1203, .T. ) ;
#37 = EDGE_CURVE ( 'NONE', #164, #1570, #1356, .T. ) ;
#38 = DIRECTION ( 'NONE',  ( 0.000000000000000000, 0.000000000000000000, 1.000000000000000000 ) ) ;
#39 = CARTESIAN_POINT ( 'NONE',  ( 18.73205081243111536, 0.9651191354048789250, 6.933148278702494061 ) ) ;
#40 = ORIENTED_EDGE ( 'NONE', *, *, #1113, .T. ) ;
#41 = ORIENTED_EDGE ( 'NONE', *, *, #208, .F. ) ;
#42 = CARTESIAN_POINT ( 'NONE',  ( 5.201755037485098043, -2.747191210391553895, 1.489651814805975194 ) ) ;
#43 = AXIS2_PLACEMENT_3D ( 'NONE', #1748, #1068, #630 ) ;
#44 = COORDINATED_UNIVERSAL_TIME_OFFSET ( 1, 0, .AHEAD. ) ;
#45 = ORIENTED_EDGE ( 'NONE', *, *, #528, .T. ) ;
#46 = CARTESIAN_POINT ( 'NONE',  ( 6.307406158450865163, -6.592277720116880957, 0.7608628752758367364 ) ) ;
#47 = CIRCLE ( 'NONE', #230, 8.000000000000000000 ) ;
#48 = DIRECTION ( 'NONE',  ( 1.000000000000000000, 0.000000000000000000, 0.000000000000000000 ) ) ;
#49 = CARTESIAN_POINT ( 'NONE',  ( 1.519006527427270603, 4.749999999999980460, 5.227241335952176549 ) ) ;
#50 = CARTESIAN_POINT ( 'NONE',  ( 17.73205081243111536, 4.750000000000095923, -8.227241335952111712 ) ) ;
#51 = ORIENTED_EDGE ( 'NONE', *, *, #439, .T. ) ;
#52 = ORIENTED_EDGE ( 'NONE', *, *, #334, .F. ) ;
#53 = CARTESIAN_POINT ( 'NONE',  ( 6.298668394975833529, -3.033105352238778529, -0.7568937192993954177 ) ) ;
#54 = MECHANICAL_CONTEXT ( 'NONE', #1216, 'mechanical' ) ;
#55 = VERTEX_POINT ( 'NONE', #1731 ) ;
#56 = DIRECTION ( 'NONE',  ( 0.000000000000000000, 0.000000000000000000, -1.000000000000000000 ) ) ;
#57 = CARTESIAN_POINT ( 'NONE',  ( 1.267949192431115701, 0.000000000000000000, 0.000000000000000000 ) ) ;
#58 = CARTESIAN_POINT ( 'NONE',  ( 17.87707324507321616, -1.780678199393457506, 7.799306709586750763 ) ) ;
#59 = CARTESIAN_POINT ( 'NONE',  ( 18.26991722450701516, 1.652195588228390521, 7.678571473636145228 ) ) ;
#60 = EDGE_CURVE ( 'NONE', #682, #122, #1008, .T. ) ;
#61 = VERTEX_POINT ( 'NONE', #905 ) ;
#62 = ORIENTED_EDGE ( 'NONE', *, *, #334, .T. ) ;
#63 = EDGE_CURVE ( 'NONE', #1033, #1444, #892, .T. ) ;
#64 = CARTESIAN_POINT ( 'NONE',  ( 6.500132609292480268, -3.125063652449367346, 0.1972991156462010343 ) ) ;
#65 = APPROVAL_ROLE ( '' ) ;
#66 = VERTEX_POINT ( 'NONE', #1202 ) ;
#67 = CARTESIAN_POINT ( 'NONE',  ( 6.450671177000418588, -6.524406895677396179, 0.3942232397608830263 ) ) ;
#68 = LOCAL_TIME ( 9, 22, 32.00000000000000000, #602 ) ;
#69 = AXIS2_PLACEMENT_3D ( 'NONE', #1303, #185, #1445 ) ;
#70 = CARTESIAN_POINT ( 'NONE',  ( -2.407412430484044816E-32, 3.124999999999998224, 0.000000000000000000 ) ) ;
#71 = CARTESIAN_POINT ( 'NONE',  ( 4.801436073639516522, -2.741464024932662724, -1.500000000000000222 ) ) ;
#72 = EDGE_CURVE ( 'NONE', #760, #66, #1752, .T. ) ;
#73 = DIRECTION ( 'NONE',  ( 0.000000000000000000, 0.000000000000000000, 1.000000000000000000 ) ) ;
#74 = ORIENTED_EDGE ( 'NONE', *, *, #1738, .F. ) ;
#75 = CARTESIAN_POINT ( 'NONE',  ( 17.73205081243111536, 9.500000000000000000, 0.000000000000000000 ) ) ;
#76 = CALENDAR_DATE ( 2026, 26, 5 ) ;
#77 = ORIENTED_EDGE ( 'NONE', *, *, #761, .F. ) ;
#78 = CARTESIAN_POINT ( 'NONE',  ( 18.73205081243111536, 0.9651191354049760696, -6.933148278702479850 ) ) ;
#79 = CIRCLE ( 'NONE', #1378, 8.629409522551252820 ) ;
#80 = CARTESIAN_POINT ( 'NONE',  ( 14.50000000000000000, 0.3999999999999999112, -1.750000000000000000 ) ) ;
#81 = DIRECTION ( 'NONE',  ( 0.000000000000000000, 0.000000000000000000, 1.000000000000000000 ) ) ;
#82 = CARTESIAN_POINT ( 'NONE',  ( 1.444996970409181403, 5.133914505937712924, 5.245828262289418120 ) ) ;
#83 = CARTESIAN_POINT ( 'NONE',  ( 1.669911428658116259, 3.052556653342616499, -5.743045729798720522 ) ) ;
#84 = ORIENTED_EDGE ( 'NONE', *, *, #1081, .F. ) ;
#85 = CARTESIAN_POINT ( 'NONE',  ( 6.190250769999284586, -2.988291380229562755, -0.9180037074762221749 ) ) ;
#86 = ORIENTED_EDGE ( 'NONE', *, *, #1774, .T. ) ;
#87 = CARTESIAN_POINT ( 'NONE',  ( 14.50000000000000000, -0.4000000000000001332, 1.750000000000000222 ) ) ;
#88 = AXIS2_PLACEMENT_3D ( 'NONE', #1427, #186, #983 ) ;
#89 = ADVANCED_FACE ( 'NONE', ( #832 ), #358, .T. ) ;
#90 = DIRECTION ( 'NONE',  ( 0.000000000000000000, -1.000000000000000000, 2.710505431213761085E-16 ) ) ;
#91 = CARTESIAN_POINT ( 'NONE',  ( 14.50000000000000000, 0.000000000000000000, 3.124999999999999112 ) ) ;
#92 = CARTESIAN_POINT ( 'NONE',  ( 3.549201114402942281, -3.101635648659060163, 0.3937377478914596551 ) ) ;
#93 = CARTESIAN_POINT ( 'NONE',  ( 1.376825654752573680, 5.440523356084586482, -5.299241856052248067 ) ) ;
#94 = VERTEX_POINT ( 'NONE', #10 ) ;
#95 = TOROIDAL_SURFACE ( 'NONE', #1104, 7.000000000000000000, 1.000000000000000000 ) ;
#96 = CARTESIAN_POINT ( 'NONE',  ( 18.26991464295390699, 5.823740600735543893, 5.270130859153855596 ) ) ;
#97 = VERTEX_POINT ( 'NONE', #1645 ) ;
#98 = CARTESIAN_POINT ( 'NONE',  ( 1.619546915728128145, -2.533192843568628394, -6.193212515430577270 ) ) ;
#99 = EDGE_CURVE ( 'NONE', #909, #1309, #1248, .T. ) ;
#100 = CARTESIAN_POINT ( 'NONE',  ( 18.73205081243111891, -1.146627258790112291, 7.152990227856817818 ) ) ;
#101 = CC_DESIGN_APPROVAL ( #1487, ( #664 ) ) ;
#102 = CARTESIAN_POINT ( 'NONE',  ( 5.000000000000000000, -9.000000000000000000, 1.500000000000000666 ) ) ;
#103 = VECTOR ( 'NONE', #627, 1000.000000000000000 ) ;
#104 = DIRECTION ( 'NONE',  ( -1.000000000000000000, -0.000000000000000000, -0.000000000000000000 ) ) ;
#105 = ADVANCED_FACE ( 'NONE', ( #679 ), #466, .T. ) ;
#106 = CARTESIAN_POINT ( 'NONE',  ( 18.26991722450701872, -7.475935755057615317, 2.408442385391694085 ) ) ;
#107 = ORIENTED_EDGE ( 'NONE', *, *, #1376, .F. ) ;
#108 = DIRECTION ( 'NONE',  ( 0.000000000000000000, 0.000000000000000000, 1.000000000000000000 ) ) ;
#109 = ORIENTED_EDGE ( 'NONE', *, *, #1267, .F. ) ;
#110 = CARTESIAN_POINT ( 'NONE',  ( 1.519006527427266384, -4.750000000000039080, 5.227241335952145462 ) ) ;
#111 = DIRECTION ( 'NONE',  ( 0.000000000000000000, 0.000000000000000000, -1.000000000000000000 ) ) ;
#112 = CIRCLE ( 'NONE', #1316, 9.000000000000000000 ) ;
#113 = CARTESIAN_POINT ( 'NONE',  ( 3.654983444184985331, -3.053445475575816914, -0.6713436221402545589 ) ) ;
#114 = AXIS2_PLACEMENT_3D ( 'NONE', #953, #120, #1385 ) ;
#115 = CARTESIAN_POINT ( 'NONE',  ( 18.64302292903445846, -7.050919507972044364, 2.521455356707050122 ) ) ;
#116 = ORIENTED_EDGE ( 'NONE', *, *, #127, .F. ) ;
#117 = B_SPLINE_CURVE_WITH_KNOTS ( 'NONE', 3,
 ( #39, #852, #1440, #31, #59, #584, #716, #1565 ),
 .UNSPECIFIED., .F., .F.,
 ( 4, 2, 2, 4 ),
 ( -6.694346574661418568E-06, 0.0008485698355562489460, 0.001276201926621704308, 0.001703834017687159454 ),
 .UNSPECIFIED. ) ;
#118 = EDGE_LOOP ( 'NONE', ( #1235, #966 ) ) ;
#119 = CARTESIAN_POINT ( 'NONE',  ( 17.73205081243111536, 1.780678199393511241, -7.799306709586736552 ) ) ;
#120 = DIRECTION ( 'NONE',  ( 1.000000000000000000, 0.000000000000000000, 0.000000000000000000 ) ) ;
#121 = CARTESIAN_POINT ( 'NONE',  ( 1.267949192431115479, -1.780678199393457506, 7.799306709586748987 ) ) ;
#122 = VERTEX_POINT ( 'NONE', #840 ) ;
#123 = EDGE_CURVE ( 'NONE', #1669, #352, #177, .T. ) ;
#124 = CARTESIAN_POINT ( 'NONE',  ( 17.73205081243111536, 0.000000000000000000, 7.000000000000000000 ) ) ;
#125 = ORIENTED_EDGE ( 'NONE', *, *, #344, .T. ) ;
#126 = AXIS2_PLACEMENT_3D ( 'NONE', #234, #244, #788 ) ;
#127 = EDGE_CURVE ( 'NONE', #1436, #224, #1571, .T. ) ;
#128 = CARTESIAN_POINT ( 'NONE',  ( 1.619865114849511789, -4.094514871157170610, -5.290816494933476832 ) ) ;
#129 = CYLINDRICAL_SURFACE ( 'NONE', #1261, 3.000000000000000888 ) ;
#130 = CARTESIAN_POINT ( 'NONE',  ( 1.519006527427266384, -4.750000000000039080, 5.227241335952145462 ) ) ;
#131 = CARTESIAN_POINT ( 'NONE',  ( 4.510191310246236540, -6.857615927038408721, 1.421131385203953101 ) ) ;
#132 = ORIENTED_EDGE ( 'NONE', *, *, #1058, .F. ) ;
#133 = TOROIDAL_SURFACE ( 'NONE', #553, 4.000000000000000000, 1.000000000000000000 ) ;
#134 = ORIENTED_EDGE ( 'NONE', *, *, #1754, .T. ) ;
#135 = CARTESIAN_POINT ( 'NONE',  ( 1.323209774897009083, -1.812202655269721685, -7.580567097695586121 ) ) ;
#136 = CARTESIAN_POINT ( 'NONE',  ( 17.87707324507321616, -7.644736842105263719, -2.357540798153545225 ) ) ;
#137 = CARTESIAN_POINT ( 'NONE',  ( 1.436075795207892636, 1.940175507391595833, 7.117231170285966080 ) ) ;
#138 = AXIS2_PLACEMENT_3D ( 'NONE', #1079, #108, #399 ) ;
#139 = DIRECTION ( 'NONE',  ( -1.000000000000000000, -0.000000000000000000, -0.000000000000000000 ) ) ;
#140 = AXIS2_PLACEMENT_3D ( 'NONE', #1718, #488, #1035 ) ;
#141 = ORIENTED_EDGE ( 'NONE', *, *, #1325, .T. ) ;
#142 = DIRECTION ( 'NONE',  ( 0.000000000000000000, 0.000000000000000000, 1.000000000000000000 ) ) ;
#143 = ADVANCED_FACE ( 'NONE', ( #1119 ), #1125, .T. ) ;
#144 = CARTESIAN_POINT ( 'NONE',  ( 13.50000000000000178, 0.3999999999999999112, 1.750000000000000000 ) ) ;
#145 = B_SPLINE_CURVE_WITH_KNOTS ( 'NONE', 3,
 ( #1220, #941, #1765, #1773, #1641, #110 ),
 .UNSPECIFIED., .F., .F.,
 ( 4, 2, 4 ),
 ( 0.001274007145354792616, 0.001855901489395468890, 0.002437795833436145164 ),
 .UNSPECIFIED. ) ;
#146 = ADVANCED_FACE ( 'NONE', ( #1110 ), #1768, .T. ) ;
#147 = CARTESIAN_POINT ( 'NONE',  ( 1.670720601634879676, -3.370505204101143626, 5.557092008799713767 ) ) ;
#148 = CARTESIAN_POINT ( 'NONE',  ( 4.237913389731701841, -6.798305503215365420, -1.307002479951481444 ) ) ;
#149 = EDGE_LOOP ( 'NONE', ( #1596, #482, #1509, #1516 ) ) ;
#150 = FACE_OUTER_BOUND ( 'NONE', #246, .T. ) ;
#151 = CIRCLE ( 'NONE', #858, 4.000000000000000000 ) ;
#152 = ADVANCED_FACE ( 'NONE', ( #957 ), #418, .T. ) ;
#153 = CARTESIAN_POINT ( 'NONE',  ( 18.64302292903445490, -5.709104147402634943, -4.845547735589590843 ) ) ;
#154 = CARTESIAN_POINT ( 'NONE',  ( 17.73205081243111536, 7.644736842105262831, -2.357540798153544337 ) ) ;
#155 = CARTESIAN_POINT ( 'NONE',  ( 17.73205081243111536, 0.000000000000000000, 0.000000000000000000 ) ) ;
#156 = ADVANCED_FACE ( 'NONE', ( #281 ), #2, .F. ) ;
#157 = VECTOR ( 'NONE', #580, 1000.000000000000000 ) ;
#158 = ORIENTED_EDGE ( 'NONE', *, *, #732, .T. ) ;
#159 = CIRCLE ( 'NONE', #219, 8.000000000000000000 ) ;
#160 = DIRECTION ( 'NONE',  ( -1.000000000000000000, -0.000000000000000000, -0.000000000000000000 ) ) ;
#161 = DIRECTION ( 'NONE',  ( 1.000000000000000000, 0.000000000000000000, 0.000000000000000000 ) ) ;
#162 = FACE_OUTER_BOUND ( 'NONE', #543, .T. ) ;
#163 = DIRECTION ( 'NONE',  ( 1.000000000000000000, 0.000000000000000000, 0.000000000000000000 ) ) ;
#164 = VERTEX_POINT ( 'NONE', #350 ) ;
#165 = AXIS2_PLACEMENT_3D ( 'NONE', #1011, #1431, #434 ) ;
#166 = CIRCLE ( 'NONE', #1350, 0.2999999999999999334 ) ;
#167 = CARTESIAN_POINT ( 'NONE',  ( 0.000000000000000000, 0.000000000000000000, 0.000000000000000000 ) ) ;
#168 = DIRECTION ( 'NONE',  ( -1.000000000000000000, -0.000000000000000000, -0.000000000000000000 ) ) ;
#169 = CARTESIAN_POINT ( 'NONE',  ( 14.50000000000000000, 0.000000000000000000, 0.000000000000000000 ) ) ;
#170 = DIRECTION ( 'NONE',  ( 1.000000000000000000, -0.000000000000000000, -0.000000000000000000 ) ) ;
#171 = EDGE_CURVE ( 'NONE', #1383, #1732, #885, .T. ) ;
#172 = ORIENTED_EDGE ( 'NONE', *, *, #1553, .F. ) ;
#173 = AXIS2_PLACEMENT_3D ( 'NONE', #575, #1534, #1010 ) ;
#174 = CYLINDRICAL_SURFACE ( 'NONE', #985, 3.000000000000000444 ) ;
#175 = EDGE_CURVE ( 'NONE', #1421, #1669, #117, .T. ) ;
#176 = LINE ( 'NONE', #1128, #1402 ) ;
#177 = CIRCLE ( 'NONE', #499, 3.000000000000000888 ) ;
#178 = CARTESIAN_POINT ( 'NONE',  ( 13.80000000000000071, -0.4000000000000001332, 1.450000000000000400 ) ) ;
#179 = CARTESIAN_POINT ( 'NONE',  ( -0.001000000000001000089, -4.750000000000039080, 8.227241335952145462 ) ) ;
#180 = ORIENTED_EDGE ( 'NONE', *, *, #259, .F. ) ;
#181 = ORIENTED_EDGE ( 'NONE', *, *, #1449, .T. ) ;
#182 = CARTESIAN_POINT ( 'NONE',  ( 0.6163365060105172599, 1.102182119232617714E-15, -9.000000000000000000 ) ) ;
#183 = VECTOR ( 'NONE', #1556, 1000.000000000000000 ) ;
#184 = EDGE_LOOP ( 'NONE', ( #1499, #1725, #45, #1284 ) ) ;
#185 = DIRECTION ( 'NONE',  ( -1.000000000000000000, -0.000000000000000000, -0.000000000000000000 ) ) ;
#186 = DIRECTION ( 'NONE',  ( 1.000000000000000000, 0.000000000000000000, 0.000000000000000000 ) ) ;
#187 = CARTESIAN_POINT ( 'NONE',  ( 14.50000000000000000, 3.827021247335477817E-16, -3.124999999999999112 ) ) ;
#188 = CARTESIAN_POINT ( 'NONE',  ( 0.000000000000000000, 0.000000000000000000, 0.000000000000000000 ) ) ;
#189 = CARTESIAN_POINT ( 'NONE',  ( 18.01884587393706738, -5.855687398853341996, 5.403615424646097232 ) ) ;
#190 = VERTEX_POINT ( 'NONE', #738 ) ;
#191 = CARTESIAN_POINT ( 'NONE',  ( 6.345813710459007773, -3.053801685752653317, -0.6695714117246470698 ) ) ;
#192 = CIRCLE ( 'NONE', #340, 8.000000000000000000 ) ;
#193 = PERSON_AND_ORGANIZATION_ROLE ( 'design_supplier' ) ;
#194 = ORIENTED_EDGE ( 'NONE', *, *, #686, .T. ) ;
#195 = CARTESIAN_POINT ( 'NONE',  ( 1.519006527427270603, 4.749999999999980460, 5.227241335952176549 ) ) ;
#196 = DIRECTION ( 'NONE',  ( 0.000000000000000000, 0.000000000000000000, 1.000000000000000000 ) ) ;
#197 = EDGE_CURVE ( 'NONE', #637, #1415, #1043, .T. ) ;
#198 = B_SPLINE_CURVE_WITH_KNOTS ( 'NONE', 3,
 ( #1451, #915, #93, #651, #770, #378, #1038, #1489, #1591, #83, #897, #803, #223, #252, #526, #1319, #632, #1345 ),
 .UNSPECIFIED., .F., .F.,
 ( 4, 2, 2, 2, 2, 2, 2, 2, 4 ),
 ( 0.01082399634959072335, 0.01150773999201427401, 0.01219148363443782468, 0.01287522727686137534, 0.01355897091928492774, 0.01424271456170848014, 0.01492645820413203081, 0.01561020184655558321, 0.01629394548897913561 ),
 .UNSPECIFIED. ) ;
#199 = CARTESIAN_POINT ( 'NONE',  ( 6.129032305402286163, -2.964166187275467657, -0.9922790717302015784 ) ) ;
#200 = CARTESIAN_POINT ( 'NONE',  ( 18.73205081243111536, -4.749999999999923617, -8.227241335952209411 ) ) ;
#201 = EDGE_CURVE ( 'NONE', #312, #97, #1279, .T. ) ;
#202 = ORIENTED_EDGE ( 'NONE', *, *, #425, .T. ) ;
#203 = EDGE_LOOP ( 'NONE', ( #1016, #866, #588, #798, #1126 ) ) ;
#204 =( NAMED_UNIT ( * ) SI_UNIT ( $, .STERADIAN. ) SOLID_ANGLE_UNIT ( ) );
#205 = EDGE_LOOP ( 'NONE', ( #1050, #134, #86, #141 ) ) ;
#206 = CARTESIAN_POINT ( 'NONE',  ( 6.420916742644902087, -6.538937878400396642, 0.4904604010554545201 ) ) ;
#207 = FACE_OUTER_BOUND ( 'NONE', #1004, .T. ) ;
#208 = EDGE_CURVE ( 'NONE', #459, #408, #151, .T. ) ;
#209 = DIRECTION ( 'NONE',  ( 1.000000000000000000, -0.000000000000000000, -0.000000000000000000 ) ) ;
#210 = DIRECTION ( 'NONE',  ( -1.000000000000000000, -0.000000000000000000, -0.000000000000000000 ) ) ;
#211 = B_SPLINE_CURVE_WITH_KNOTS ( 'NONE', 3,
 ( #1091, #1616, #1757, #1482, #258, #1746, #1603, #1503, #530, #522, #373, #799, #1369, #675, #921, #658, #278, #1465 ),
 .UNSPECIFIED., .F., .F.,
 ( 4, 2, 2, 2, 2, 2, 2, 2, 4 ),
 ( 0.004368370826553428891, 0.005052268542703599458, 0.005736166258853769157, 0.006420063975003938855, 0.007103961691154108554, 0.007787859407304278253, 0.008471757123454447952, 0.009155654839604617651, 0.009839552555754787350 ),
 .UNSPECIFIED. ) ;
#212 = AXIS2_PLACEMENT_3D ( 'NONE', #1166, #1712, #351 ) ;
#213 = DIRECTION ( 'NONE',  ( -1.000000000000000000, -0.000000000000000000, -0.000000000000000000 ) ) ;
#214 = ORIENTED_EDGE ( 'NONE', *, *, #1417, .T. ) ;
#215 = CARTESIAN_POINT ( 'NONE',  ( 0.000000000000000000, 0.000000000000000000, 0.000000000000000000 ) ) ;
#216 = ORIENTED_EDGE ( 'NONE', *, *, #8, .T. ) ;
#217 = DIRECTION ( 'NONE',  ( -0.000000000000000000, 1.000000000000000000, -0.000000000000000000 ) ) ;
#218 = LOCAL_TIME ( 9, 22, 32.00000000000000000, #1157 ) ;
#219 = AXIS2_PLACEMENT_3D ( 'NONE', #1783, #559, #142 ) ;
#220 = DIRECTION ( 'NONE',  ( -1.000000000000000000, 0.000000000000000000, 0.000000000000000000 ) ) ;
#221 = DIRECTION ( 'NONE',  ( -1.000000000000000000, -0.000000000000000000, -0.000000000000000000 ) ) ;
#222 = CARTESIAN_POINT ( 'NONE',  ( 1.267949192431172767, 7.644736842104975061, -2.357540798153824557 ) ) ;
#223 = CARTESIAN_POINT ( 'NONE',  ( 1.590433547509428669, 2.386058672564273397, -6.366409791355859937 ) ) ;
#224 = VERTEX_POINT ( 'NONE', #337 ) ;
#225 = CARTESIAN_POINT ( 'NONE',  ( 18.73205081243111536, -0.9651191354048302973, -6.933148278702499390 ) ) ;
#226 = DATE_TIME_ROLE ( 'creation_date' ) ;
#227 = VERTEX_POINT ( 'NONE', #1124 ) ;
#228 = AXIS2_PLACEMENT_3D ( 'NONE', #523, #7, #810 ) ;
#229 = CARTESIAN_POINT ( 'NONE',  ( 6.127097177049450671, -6.668682303449432247, -0.9944458312434361069 ) ) ;
#230 = AXIS2_PLACEMENT_3D ( 'NONE', #448, #703, #838 ) ;
#231 = LINE ( 'NONE', #80, #800 ) ;
#232 = DIRECTION ( 'NONE',  ( 0.000000000000000000, 0.000000000000000000, 1.000000000000000000 ) ) ;
#233 = CARTESIAN_POINT ( 'NONE',  ( 1.360275195624737643, 5.507564261201373768, 5.318236239045845082 ) ) ;
#234 = CARTESIAN_POINT ( 'NONE',  ( 18.73205081243111536, 0.000000000000000000, 0.000000000000000000 ) ) ;
#235 = EDGE_LOOP ( 'NONE', ( #728, #987, #815, #534 ) ) ;
#236 = ADVANCED_FACE ( 'NONE', ( #1711 ), #1674, .T. ) ;
#237 = CARTESIAN_POINT ( 'NONE',  ( 17.87707244836813558, 5.864058642711832192, 5.441765911433225966 ) ) ;
#238 = VERTEX_POINT ( 'NONE', #480 ) ;
#239 = CARTESIAN_POINT ( 'NONE',  ( 18.73205081243111536, 0.000000000000000000, 0.000000000000000000 ) ) ;
#240 = EDGE_CURVE ( 'NONE', #400, #958, #1263, .T. ) ;
#241 = CARTESIAN_POINT ( 'NONE',  ( 5.000000000000000000, -2.741464024932662280, -1.500000000000000666 ) ) ;
#242 = DIRECTION ( 'NONE',  ( 1.000000000000000000, 0.000000000000000000, 0.000000000000000000 ) ) ;
#243 = CARTESIAN_POINT ( 'NONE',  ( 1.589545810255450053, 6.708873071400375920, 1.122577127434640554 ) ) ;
#244 = DIRECTION ( 'NONE',  ( 1.000000000000000000, 0.000000000000000000, 0.000000000000000000 ) ) ;
#245 = EDGE_LOOP ( 'NONE', ( #1020, #1633, #338, #52 ) ) ;
#246 = EDGE_LOOP ( 'NONE', ( #1567, #125, #1675, #1434 ) ) ;
#247 = CARTESIAN_POINT ( 'NONE',  ( 1.267949192431115479, -1.780678199393348038, -7.799306709586774744 ) ) ;
#248 = LOCAL_TIME ( 9, 22, 32.00000000000000000, #1052 ) ;
#249 = DIRECTION ( 'NONE',  ( -1.000000000000000000, -0.000000000000000000, -0.000000000000000000 ) ) ;
#250 = AXIS2_PLACEMENT_3D ( 'NONE', #1333, #1209, #1197 ) ;
#251 = LINE ( 'NONE', #498, #685 ) ;
#252 = CARTESIAN_POINT ( 'NONE',  ( 1.517553941805136697, 2.134311674214496968, -6.740941494307620019 ) ) ;
#253 = VERTEX_POINT ( 'NONE', #1026 ) ;
#254 = DIRECTION ( 'NONE',  ( 0.000000000000000000, 0.000000000000000000, 1.000000000000000000 ) ) ;
#255 = DATE_AND_TIME ( #919, #248 ) ;
#256 = ORIENTED_EDGE ( 'NONE', *, *, #240, .T. ) ;
#257 = B_SPLINE_CURVE_WITH_KNOTS ( 'NONE', 3,
 ( #130, #1761, #1, #802, #1513, #1653, #147, #296, #811, #1223, #1767, #1232, #547, #1363, #678, #121 ),
 .UNSPECIFIED., .F., .F.,
 ( 4, 2, 2, 2, 2, 2, 2, 4 ),
 ( 0.002437795833436145164, 0.002976156934553751861, 0.003514518035671358558, 0.004052879136788965254, 0.004591240237906572819, 0.005667962440141786212, 0.006206323541259394644, 0.006744684642377003075 ),
 .UNSPECIFIED. ) ;
#258 = CARTESIAN_POINT ( 'NONE',  ( 1.517044545220081364, -6.906400069060494751, -1.524397487353877034 ) ) ;
#259 = EDGE_CURVE ( 'NONE', #471, #1769, #720, .T. ) ;
#260 = FACE_OUTER_BOUND ( 'NONE', #205, .T. ) ;
#261 = AXIS2_PLACEMENT_3D ( 'NONE', #945, #538, #1101 ) ;
#262 = TOROIDAL_SURFACE ( 'NONE', #1238, 7.000000000000000000, 1.000000000000000000 ) ;
#263 = TOROIDAL_SURFACE ( 'NONE', #1492, 8.499999999999998224, 0.5000000000000000000 ) ;
#264 = DIRECTION ( 'NONE',  ( 0.000000000000000000, 0.000000000000000000, 1.000000000000000000 ) ) ;
#265 = EDGE_CURVE ( 'NONE', #557, #227, #1690, .T. ) ;
#266 = ORIENTED_EDGE ( 'NONE', *, *, #974, .F. ) ;
#267 = DIRECTION ( 'NONE',  ( -1.000000000000000000, -0.000000000000000000, -0.000000000000000000 ) ) ;
#268 = ORIENTED_EDGE ( 'NONE', *, *, #683, .T. ) ;
#269 = CYLINDRICAL_SURFACE ( 'NONE', #474, 3.000000000000000888 ) ;
#270 = CARTESIAN_POINT ( 'NONE',  ( 18.73205081243112602, -6.767984879740859938, -2.583486779144302137 ) ) ;
#271 = CARTESIAN_POINT ( 'NONE',  ( 17.73205081243111536, 5.864058642711906799, -5.441765911433143366 ) ) ;
#272 = CARTESIAN_POINT ( 'NONE',  ( 13.50000000000000178, 0.3999999999999999112, 1.750000000000000000 ) ) ;
#273 = ORIENTED_EDGE ( 'NONE', *, *, #835, .T. ) ;
#274 = ADVANCED_BREP_SHAPE_REPRESENTATION ( 'Potentiometer', ( #654, #646 ), #1130 ) ;
#275 = DIRECTION ( 'NONE',  ( 0.000000000000000000, 0.000000000000000000, 1.000000000000000000 ) ) ;
#276 = ORIENTED_EDGE ( 'NONE', *, *, #917, .T. ) ;
#277 = VECTOR ( 'NONE', #1551, 1000.000000000000000 ) ;
#278 = CARTESIAN_POINT ( 'NONE',  ( 1.323371201251817286, -7.470557681872512568, 2.220470772003431126 ) ) ;
#279 = CARTESIAN_POINT ( 'NONE',  ( 1.267949192431115701, 0.000000000000000000, 0.000000000000000000 ) ) ;
#280 = CARTESIAN_POINT ( 'NONE',  ( 1.267949192431115479, 1.780678199393402439, 7.799306709586761421 ) ) ;
#281 = FACE_OUTER_BOUND ( 'NONE', #484, .T. ) ;
#282 = VERTEX_POINT ( 'NONE', #1420 ) ;
#283 = DIRECTION ( 'NONE',  ( 0.000000000000000000, 0.000000000000000000, 1.000000000000000000 ) ) ;
#284 = ADVANCED_FACE ( 'NONE', ( #456 ), #95, .T. ) ;
#285 = DIRECTION ( 'NONE',  ( 0.000000000000000000, 8.673617379884032514E-16, 1.000000000000000000 ) ) ;
#286 = CYLINDRICAL_SURFACE ( 'NONE', #1065, 8.000000000000000000 ) ;
#287 = TOROIDAL_SURFACE ( 'NONE', #1428, 7.000000000000000000, 1.000000000000000000 ) ;
#288 = DIRECTION ( 'NONE',  ( -1.000000000000000000, -0.000000000000000000, -0.000000000000000000 ) ) ;
#289 = AXIS2_PLACEMENT_3D ( 'NONE', #1527, #851, #1270 ) ;
#290 = ORIENTED_EDGE ( 'NONE', *, *, #1670, .T. ) ;
#291 = EDGE_CURVE ( 'NONE', #354, #1570, #324, .T. ) ;
#292 = B_SPLINE_CURVE_WITH_KNOTS ( 'NONE', 3,
 ( #587, #327, #1301, #1692, #458, #189, #741, #1153 ),
 .UNSPECIFIED., .F., .F.,
 ( 4, 2, 2, 4 ),
 ( -6.694346574660019269E-06, 0.0008485698355562501386, 0.001276201926621705176, 0.001703834017687160321 ),
 .UNSPECIFIED. ) ;
#293 = CARTESIAN_POINT ( 'NONE',  ( 1.267949192431115701, -5.864058642711794000, -5.441765911433266822 ) ) ;
#294 = CC_DESIGN_PERSON_AND_ORGANIZATION_ASSIGNMENT ( #462, #1724, ( #1484 ) ) ;
#295 = DIRECTION ( 'NONE',  ( -0.000000000000000000, 1.000000000000000000, -0.000000000000000000 ) ) ;
#296 = CARTESIAN_POINT ( 'NONE',  ( 1.668812010858321981, -3.059745495334428078, 5.742137106616416631 ) ) ;
#297 = CARTESIAN_POINT ( 'NONE',  ( 3.692456087618571026, -6.592224752043491343, 0.7610475149489396296 ) ) ;
#298 = ORIENTED_EDGE ( 'NONE', *, *, #1171, .F. ) ;
#299 = CARTESIAN_POINT ( 'NONE',  ( 0.000000000000000000, 0.000000000000000000, 9.000000000000000000 ) ) ;
#300 = LINE ( 'NONE', #1116, #1177 ) ;
#301 = FACE_BOUND ( 'NONE', #1779, .T. ) ;
#302 = CARTESIAN_POINT ( 'NONE',  ( 4.797876157157936916, -6.895860610532759338, 1.489621672612711389 ) ) ;
#303 = ORIENTED_EDGE ( 'NONE', *, *, #35, .F. ) ;
#304 = AXIS2_PLACEMENT_3D ( 'NONE', #1074, #1237, #410 ) ;
#305 = CARTESIAN_POINT ( 'NONE',  ( 18.73205081243111536, 9.500000000000000000, 0.000000000000000000 ) ) ;
#306 = DIRECTION ( 'NONE',  ( 0.000000000000000000, 0.000000000000000000, 1.000000000000000000 ) ) ;
#307 = ADVANCED_FACE ( 'NONE', ( #847 ), #1133, .F. ) ;
#308 = CARTESIAN_POINT ( 'NONE',  ( 13.80000000000000071, -0.4000000000000001332, 1.750000000000000222 ) ) ;
#309 = CARTESIAN_POINT ( 'NONE',  ( 0.6163365060105172599, 0.000000000000000000, 0.000000000000000000 ) ) ;
#310 = AXIS2_PLACEMENT_3D ( 'NONE', #1317, #1174, #1741 ) ;
#311 = EDGE_CURVE ( 'NONE', #1186, #1080, #926, .T. ) ;
#312 = VERTEX_POINT ( 'NONE', #779 ) ;
#313 = AXIS2_PLACEMENT_3D ( 'NONE', #1458, #220, #1747 ) ;
#314 = CARTESIAN_POINT ( 'NONE',  ( 17.73205081243111536, 0.000000000000000000, 0.000000000000000000 ) ) ;
#315 = CARTESIAN_POINT ( 'NONE',  ( 18.73205081243111536, 0.000000000000000000, 7.000000000000000000 ) ) ;
#316 = DIRECTION ( 'NONE',  ( -0.000000000000000000, 1.000000000000000000, -0.000000000000000000 ) ) ;
#317 = ORIENTED_EDGE ( 'NONE', *, *, #265, .F. ) ;
#318 = AXIS2_PLACEMENT_3D ( 'NONE', #314, #735, #850 ) ;
#319 = ORIENTED_EDGE ( 'NONE', *, *, #291, .F. ) ;
#320 =( NAMED_UNIT ( * ) PLANE_ANGLE_UNIT ( ) SI_UNIT ( $, .RADIAN. ) );
#321 = EDGE_LOOP ( 'NONE', ( #891, #707, #771, #855, #1265, #1323 ) ) ;
#322 = CARTESIAN_POINT ( 'NONE',  ( 17.73205081243111536, 1.780678199393511241, -7.799306709586736552 ) ) ;
#323 = DIRECTION ( 'NONE',  ( 0.000000000000000000, -0.000000000000000000, -1.000000000000000000 ) ) ;
#324 = CIRCLE ( 'NONE', #1332, 3.000000000000000888 ) ;
#325 = DIRECTION ( 'NONE',  ( -0.000000000000000000, -1.000000000000000000, 0.000000000000000000 ) ) ;
#326 = DIRECTION ( 'NONE',  ( 1.000000000000000000, -0.000000000000000000, -0.000000000000000000 ) ) ;
#327 = CARTESIAN_POINT ( 'NONE',  ( 18.73205081243111891, -5.621357620950873546, 4.569503448712293192 ) ) ;
#328 = ORIENTED_EDGE ( 'NONE', *, *, #1646, .F. ) ;
#329 = ORGANIZATION ( 'UNSPECIFIED', 'UNSPECIFIED', '' ) ;
#330 = DIRECTION ( 'NONE',  ( 0.000000000000000000, 1.000000000000000000, -0.000000000000000000 ) ) ;
#331 = CARTESIAN_POINT ( 'NONE',  ( 0.000000000000000000, 0.000000000000000000, 0.000000000000000000 ) ) ;
#332 = EDGE_LOOP ( 'NONE', ( #600, #807 ) ) ;
#333 = CARTESIAN_POINT ( 'NONE',  ( 5.760605715111438485, -6.798619569779970284, 1.307602985357071645 ) ) ;
#334 = EDGE_CURVE ( 'NONE', #97, #400, #982, .T. ) ;
#335 = DIRECTION ( 'NONE',  ( 1.000000000000000000, 0.000000000000000000, 0.000000000000000000 ) ) ;
#336 = DIRECTION ( 'NONE',  ( 0.000000000000000000, 0.000000000000000000, 1.000000000000000000 ) ) ;
#337 = CARTESIAN_POINT ( 'NONE',  ( 5.000000000000000888, -6.901923788646683100, 1.500000000000000666 ) ) ;
#338 = ORIENTED_EDGE ( 'NONE', *, *, #240, .F. ) ;
#339 = LINE ( 'NONE', #1156, #183 ) ;
#340 = AXIS2_PLACEMENT_3D ( 'NONE', #357, #1069, #1750 ) ;
#341 = DIRECTION ( 'NONE',  ( 0.000000000000000000, 0.000000000000000000, 1.000000000000000000 ) ) ;
#342 = ORIENTED_EDGE ( 'NONE', *, *, #853, .F. ) ;
#343 = CIRCLE ( 'NONE', #1291, 8.000000000000000000 ) ;
#344 = EDGE_CURVE ( 'NONE', #579, #122, #874, .T. ) ;
#345 = CIRCLE ( 'NONE', #114, 7.000000000000000000 ) ;
#346 = CARTESIAN_POINT ( 'NONE',  ( 18.73205081243111536, 6.486842105263157521, -2.630756450412133240 ) ) ;
#347 = CARTESIAN_POINT ( 'NONE',  ( 18.73205081243111536, -4.750000000000039080, 8.227241335952145462 ) ) ;
#348 = EDGE_CURVE ( 'NONE', #1087, #386, #904, .T. ) ;
#349 = DIRECTION ( 'NONE',  ( 1.000000000000000000, 0.000000000000000000, 0.000000000000000000 ) ) ;
#350 = CARTESIAN_POINT ( 'NONE',  ( 1.267949192431115701, 1.780678199393511463, -7.799306709586736552 ) ) ;
#351 = DIRECTION ( 'NONE',  ( 0.000000000000000000, 0.000000000000000000, 1.000000000000000000 ) ) ;
#352 = VERTEX_POINT ( 'NONE', #396 ) ;
#353 = CIRCLE ( 'NONE', #1358, 8.000000000000000000 ) ;
#354 = VERTEX_POINT ( 'NONE', #1201 ) ;
#355 = CARTESIAN_POINT ( 'NONE',  ( 9.339869734848905480, -7.644736842105262831, 2.357540798153544337 ) ) ;
#356 = FACE_OUTER_BOUND ( 'NONE', #591, .T. ) ;
#357 = CARTESIAN_POINT ( 'NONE',  ( 17.73205081243111536, 0.000000000000000000, 0.000000000000000000 ) ) ;
#358 = TOROIDAL_SURFACE ( 'NONE', #1552, 8.499999999999998224, 0.5000000000000000000 ) ;
#359 = ORIENTED_EDGE ( 'NONE', *, *, #761, .T. ) ;
#360 = CARTESIAN_POINT ( 'NONE',  ( 18.26991464295391765, -1.652196904927688781, -7.678572734864777871 ) ) ;
#361 = PERSON_AND_ORGANIZATION ( #734, #329 ) ;
#362 = ORIENTED_EDGE ( 'NONE', *, *, #311, .F. ) ;
#363 = CARTESIAN_POINT ( 'NONE',  ( 5.489719324791415112, -6.857641430312105157, 1.421183182499557107 ) ) ;
#364 = FACE_BOUND ( 'NONE', #656, .T. ) ;
#365 = CARTESIAN_POINT ( 'NONE',  ( 1.267949192431129690, 5.864058642712127067, 5.441765911432854708 ) ) ;
#366 = DIRECTION ( 'NONE',  ( -1.000000000000000000, -0.000000000000000000, -0.000000000000000000 ) ) ;
#367 = EDGE_CURVE ( 'NONE', #958, #1338, #192, .T. ) ;
#368 = DIRECTION ( 'NONE',  ( 0.000000000000000000, 0.000000000000000000, -1.000000000000000000 ) ) ;
#369 = ORIENTED_EDGE ( 'NONE', *, *, #922, .F. ) ;
#370 = EDGE_CURVE ( 'NONE', #1433, #603, #668, .T. ) ;
#371 = CARTESIAN_POINT ( 'NONE',  ( 13.50000000000000178, 0.3999999999999999112, 1.450000000000000178 ) ) ;
#372 = ORIENTED_EDGE ( 'NONE', *, *, #8, .F. ) ;
#373 = CARTESIAN_POINT ( 'NONE',  ( 1.659489489111181770, -6.526305944784365209, 0.4570172328976865317 ) ) ;
#374 = TOROIDAL_SURFACE ( 'NONE', #1175, 4.000000000000000000, 1.000000000000000000 ) ;
#375 = DIRECTION ( 'NONE',  ( 0.000000000000000000, 0.000000000000000000, 1.000000000000000000 ) ) ;
#376 = CARTESIAN_POINT ( 'NONE',  ( 1.267949192431115701, 9.797174393178825657E-16, -8.000000000000000000 ) ) ;
#377 = CARTESIAN_POINT ( 'NONE',  ( 3.540278073196101882, -3.105117075278171157, -0.3978681616153032508 ) ) ;
#378 = CARTESIAN_POINT ( 'NONE',  ( 1.590007016563823816, 4.323592611574761158, -5.249075331413340706 ) ) ;
#379 = VERTEX_POINT ( 'NONE', #1619 ) ;
#380 = CARTESIAN_POINT ( 'NONE',  ( 0.6163365060105172599, 0.000000000000000000, 9.000000000000000000 ) ) ;
#381 = ORIENTED_EDGE ( 'NONE', *, *, #1590, .F. ) ;
#382 = DIRECTION ( 'NONE',  ( -1.000000000000000000, -0.000000000000000000, -0.000000000000000000 ) ) ;
#383 = CARTESIAN_POINT ( 'NONE',  ( 5.761276454114683254, -2.839624621620128853, -1.307431572348524806 ) ) ;
#384 = DIRECTION ( 'NONE',  ( -0.000000000000000000, 1.000000000000000000, -0.000000000000000000 ) ) ;
#385 = CARTESIAN_POINT ( 'NONE',  ( 1.619347398935528037, 6.630598026197898953, 0.9045324932849077015 ) ) ;
#386 = VERTEX_POINT ( 'NONE', #1306 ) ;
#387 = CARTESIAN_POINT ( 'NONE',  ( 18.01884431757945748, 7.607512347348288628, 2.369366197373856675 ) ) ;
#388 = CALENDAR_DATE ( 2026, 26, 5 ) ;
#389 = ORIENTED_EDGE ( 'NONE', *, *, #457, .T. ) ;
#390 = EDGE_CURVE ( 'NONE', #1338, #1217, #251, .T. ) ;
#391 = DIRECTION ( 'NONE',  ( 1.000000000000000000, 0.000000000000000000, -0.000000000000000000 ) ) ;
#392 = EDGE_CURVE ( 'NONE', #557, #1180, #969, .T. ) ;
#393 = AXIS2_PLACEMENT_3D ( 'NONE', #714, #1518, #849 ) ;
#394 = CARTESIAN_POINT ( 'NONE',  ( 18.26991722450702227, -5.823740166829157516, -5.270129088244498661 ) ) ;
#395 = TOROIDAL_SURFACE ( 'NONE', #677, 4.000000000000000000, 1.000000000000000000 ) ;
#396 = CARTESIAN_POINT ( 'NONE',  ( 17.73205081243111536, 4.749999999999980460, 5.227241335952176549 ) ) ;
#397 = CARTESIAN_POINT ( 'NONE',  ( -0.2439113260742434286, 4.749999999999980460, 8.227241335952177437 ) ) ;
#398 = ORIENTED_EDGE ( 'NONE', *, *, #63, .F. ) ;
#399 = DIRECTION ( 'NONE',  ( 1.000000000000000000, 0.000000000000000000, -0.000000000000000000 ) ) ;
#400 = VERTEX_POINT ( 'NONE', #1036 ) ;
#401 = CARTESIAN_POINT ( 'NONE',  ( 1.669829230900896855, -3.049402866736446338, -5.745108932538045998 ) ) ;
#402 = EDGE_CURVE ( 'NONE', #536, #1180, #1589, .T. ) ;
#403 = CYLINDRICAL_SURFACE ( 'NONE', #261, 3.000000000000000888 ) ;
#404 = CIRCLE ( 'NONE', #1349, 0.2999999999999999334 ) ;
#405 = CIRCLE ( 'NONE', #486, 3.000000000000000888 ) ;
#406 = CYLINDRICAL_SURFACE ( 'NONE', #824, 9.000000000000000000 ) ;
#407 = CARTESIAN_POINT ( 'NONE',  ( 3.871296115477310007, -6.668040469789230151, -0.9926264334014908153 ) ) ;
#408 = VERTEX_POINT ( 'NONE', #681 ) ;
#409 = ORIENTED_EDGE ( 'NONE', *, *, #457, .F. ) ;
#410 = DIRECTION ( 'NONE',  ( 0.000000000000000000, 6.360652745248290839E-15, 1.000000000000000000 ) ) ;
#411 = DIRECTION ( 'NONE',  ( 0.000000000000000000, 0.000000000000000000, -1.000000000000000000 ) ) ;
#412 = CARTESIAN_POINT ( 'NONE',  ( 0.000000000000000000, 0.000000000000000000, 0.000000000000000000 ) ) ;
#413 = DIRECTION ( 'NONE',  ( 0.000000000000000000, 0.000000000000000000, 1.000000000000000000 ) ) ;
#414 = EDGE_LOOP ( 'NONE', ( #1405, #949, #1146, #1753 ) ) ;
#415 = ADVANCED_FACE ( 'NONE', ( #790 ), #1340, .F. ) ;
#416 = CARTESIAN_POINT ( 'NONE',  ( 18.73205081243111536, -5.521722969858283037, 4.302391828290333287 ) ) ;
#417 = ORIENTED_EDGE ( 'NONE', *, *, #1325, .F. ) ;
#418 = TOROIDAL_SURFACE ( 'NONE', #925, 4.000000000000000000, 1.000000000000000000 ) ;
#419 = CARTESIAN_POINT ( 'NONE',  ( 1.517437055701407855, -4.771293536134150415, -5.218854582625988670 ) ) ;
#420 = CARTESIAN_POINT ( 'NONE',  ( 18.73205081243111181, -5.621357620950814926, -4.569503448712368687 ) ) ;
#421 = DIRECTION ( 'NONE',  ( 1.000000000000000000, -0.000000000000000000, -0.000000000000000000 ) ) ;
#422 = CIRCLE ( 'NONE', #1308, 8.000000000000000000 ) ;
#423 = CARTESIAN_POINT ( 'NONE',  ( 5.000000000000000000, -6.901923788646683100, -1.500000000000000666 ) ) ;
#424 = VERTEX_POINT ( 'NONE', #938 ) ;
#425 = EDGE_CURVE ( 'NONE', #312, #424, #1078, .T. ) ;
#426 = DIRECTION ( 'NONE',  ( 0.000000000000000000, 0.000000000000000000, 1.000000000000000000 ) ) ;
#427 = LINE ( 'NONE', #1496, #1288 ) ;
#428 = CARTESIAN_POINT ( 'NONE',  ( 18.73205081243111891, 6.768378537190683275, -2.583420591925735810 ) ) ;
#429 = AXIS2_PLACEMENT_3D ( 'NONE', #124, #1612, #672 ) ;
#430 = DIRECTION ( 'NONE',  ( 1.000000000000000000, 0.000000000000000000, 0.000000000000000000 ) ) ;
#431 = VERTEX_POINT ( 'NONE', #416 ) ;
#432 = FACE_OUTER_BOUND ( 'NONE', #463, .T. ) ;
#433 = DIRECTION ( 'NONE',  ( 0.000000000000000000, 6.217248937900876626E-15, 1.000000000000000000 ) ) ;
#434 = DIRECTION ( 'NONE',  ( 0.000000000000000000, 0.000000000000000000, 1.000000000000000000 ) ) ;
#435 = CARTESIAN_POINT ( 'NONE',  ( 3.654511901941128293, -6.574384167490132214, -0.6702126884413422969 ) ) ;
#436 = ORIENTED_EDGE ( 'NONE', *, *, #1642, .T. ) ;
#437 = DIRECTION ( 'NONE',  ( -1.000000000000000000, -0.000000000000000000, -0.000000000000000000 ) ) ;
#438 = AXIS2_PLACEMENT_3D ( 'NONE', #1441, #213, #73 ) ;
#439 = EDGE_CURVE ( 'NONE', #1769, #471, #1139, .T. ) ;
#440 = CARTESIAN_POINT ( 'NONE',  ( 0.000000000000000000, 1.102182119232617714E-15, -9.000000000000000000 ) ) ;
#441 = ADVANCED_FACE ( 'NONE', ( #1359 ), #1061, .T. ) ;
#442 = CARTESIAN_POINT ( 'NONE',  ( 17.73205081243111536, -4.749999999999923617, -8.227241335952209411 ) ) ;
#443 = DIRECTION ( 'NONE',  ( -1.000000000000000000, -0.000000000000000000, -0.000000000000000000 ) ) ;
#444 = VECTOR ( 'NONE', #23, 1000.000000000000000 ) ;
#445 = ORIENTED_EDGE ( 'NONE', *, *, #712, .F. ) ;
#446 = DIRECTION ( 'NONE',  ( -1.000000000000000000, -0.000000000000000000, -0.000000000000000000 ) ) ;
#447 = CARTESIAN_POINT ( 'NONE',  ( 13.80000000000000071, 0.3999999999999999112, 1.450000000000000178 ) ) ;
#448 = CARTESIAN_POINT ( 'NONE',  ( 1.267949192431115701, 0.000000000000000000, 0.000000000000000000 ) ) ;
#449 = DIRECTION ( 'NONE',  ( 0.000000000000000000, 0.000000000000000000, 1.000000000000000000 ) ) ;
#450 = CIRCLE ( 'NONE', #1576, 8.000000000000000000 ) ;
#451 = ORIENTED_EDGE ( 'NONE', *, *, #1394, .T. ) ;
#452 = VERTEX_POINT ( 'NONE', #959 ) ;
#453 = AXIS2_PLACEMENT_3D ( 'NONE', #1025, #1055, #1577 ) ;
#454 = ORIENTED_EDGE ( 'NONE', *, *, #1670, .F. ) ;
#455 = DIRECTION ( 'NONE',  ( -1.000000000000000000, -0.000000000000000000, -0.000000000000000000 ) ) ;
#456 = FACE_OUTER_BOUND ( 'NONE', #1507, .T. ) ;
#457 = EDGE_CURVE ( 'NONE', #1669, #61, #644, .T. ) ;
#458 = CARTESIAN_POINT ( 'NONE',  ( 18.26991722450701516, -5.823740166829229459, 5.270129088244418725 ) ) ;
#459 = VERTEX_POINT ( 'NONE', #1097 ) ;
#460 = EDGE_CURVE ( 'NONE', #1112, #752, #1375, .T. ) ;
#461 = CARTESIAN_POINT ( 'NONE',  ( 6.499866716524218546, -3.124936023942674002, -0.1993103588885848654 ) ) ;
#462 = PERSON_AND_ORGANIZATION ( #734, #329 ) ;
#463 = EDGE_LOOP ( 'NONE', ( #1637, #1592, #32, #27 ) ) ;
#464 = CARTESIAN_POINT ( 'NONE',  ( 5.924178144619781428, -6.745324849412767776, 1.197034434826538929 ) ) ;
#465 = CYLINDRICAL_SURFACE ( 'NONE', #173, 3.000000000000000888 ) ;
#466 = TOROIDAL_SURFACE ( 'NONE', #1702, 7.000000000000000000, 1.000000000000000000 ) ;
#467 = DIRECTION ( 'NONE',  ( -1.000000000000000000, -0.000000000000000000, -0.000000000000000000 ) ) ;
#468 = DIRECTION ( 'NONE',  ( -1.000000000000000000, -0.000000000000000000, -0.000000000000000000 ) ) ;
#469 = CARTESIAN_POINT ( 'NONE',  ( 4.800408352365422182, -2.747032563392297178, 1.489941916306476655 ) ) ;
#470 = ADVANCED_FACE ( 'NONE', ( #1226 ), #287, .T. ) ;
#471 = VERTEX_POINT ( 'NONE', #380 ) ;
#472 = ORIENTED_EDGE ( 'NONE', *, *, #1264, .T. ) ;
#473 = DATE_AND_TIME ( #76, #1107 ) ;
#474 = AXIS2_PLACEMENT_3D ( 'NONE', #648, #391, #1361 ) ;
#475 = ORIENTED_EDGE ( 'NONE', *, *, #886, .F. ) ;
#476 = EDGE_CURVE ( 'NONE', #238, #731, #1716, .T. ) ;
#477 = DIRECTION ( 'NONE',  ( 0.000000000000000000, 0.000000000000000000, 1.000000000000000000 ) ) ;
#478 = DIRECTION ( 'NONE',  ( 0.000000000000000000, 0.000000000000000000, 1.000000000000000000 ) ) ;
#479 = CARTESIAN_POINT ( 'NONE',  ( 1.267949192431115701, 5.864058642711906799, -5.441765911433143366 ) ) ;
#480 = CARTESIAN_POINT ( 'NONE',  ( 17.73205081243111536, 5.864058642711832192, 5.441765911433226854 ) ) ;
#481 = ORIENTED_EDGE ( 'NONE', *, *, #390, .T. ) ;
#482 = ORIENTED_EDGE ( 'NONE', *, *, #598, .T. ) ;
#483 = DIRECTION ( 'NONE',  ( 0.000000000000000000, 0.000000000000000000, 1.000000000000000000 ) ) ;
#484 = EDGE_LOOP ( 'NONE', ( #848, #1555, #74, #765 ) ) ;
#485 = AXIS2_PLACEMENT_3D ( 'NONE', #1304, #1604, #375 ) ;
#486 = AXIS2_PLACEMENT_3D ( 'NONE', #970, #933, #285 ) ;
#487 = CARTESIAN_POINT ( 'NONE',  ( 13.50000000000000178, -0.4000000000000001332, -1.750000000000000000 ) ) ;
#488 = DIRECTION ( 'NONE',  ( -1.000000000000000000, -0.000000000000000000, -0.000000000000000000 ) ) ;
#489 = CARTESIAN_POINT ( 'NONE',  ( 1.519006527427270603, 4.749999999999980460, 5.227241335952176549 ) ) ;
#490 = EDGE_LOOP ( 'NONE', ( #745, #359, #1256, #513 ) ) ;
#491 = CARTESIAN_POINT ( 'NONE',  ( 17.73205081243111536, -1.780678199393347594, -7.799306709586774744 ) ) ;
#492 = CIRCLE ( 'NONE', #1037, 0.2999999999999999334 ) ;
#493 = ORIENTED_EDGE ( 'NONE', *, *, #830, .T. ) ;
#494 = DIRECTION ( 'NONE',  ( 1.000000000000000000, -0.000000000000000000, -0.000000000000000000 ) ) ;
#495 = EDGE_CURVE ( 'NONE', #1275, #614, #112, .T. ) ;
#496 = DIRECTION ( 'NONE',  ( -0.000000000000000000, 0.000000000000000000, 1.000000000000000000 ) ) ;
#497 = LINE ( 'NONE', #1200, #1663 ) ;
#498 = CARTESIAN_POINT ( 'NONE',  ( 9.340314302920925016, 5.864058642711906799, -5.441765911433143366 ) ) ;
#499 = AXIS2_PLACEMENT_3D ( 'NONE', #947, #430, #1086 ) ;
#500 = ADVANCED_FACE ( 'NONE', ( #1150 ), #596, .F. ) ;
#501 = CARTESIAN_POINT ( 'NONE',  ( 18.37949530498619666, -7.381958282778365188, 2.435362811712077580 ) ) ;
#502 = VERTEX_POINT ( 'NONE', #1680 ) ;
#503 = CARTESIAN_POINT ( 'NONE',  ( 5.488920024211768833, -2.783318555446050002, 1.421457057257026868 ) ) ;
#504 = SHAPE_DEFINITION_REPRESENTATION ( #1219, #274 ) ;
#505 = EDGE_LOOP ( 'NONE', ( #633, #573, #1196, #41 ) ) ;
#506 = CARTESIAN_POINT ( 'NONE',  ( 1.473586582005331769, -2.029362021810248606, -6.943276905742305161 ) ) ;
#507 = CARTESIAN_POINT ( 'NONE',  ( 13.50000000000000178, -0.4000000000000001332, -1.450000000000000178 ) ) ;
#508 = CARTESIAN_POINT ( 'NONE',  ( 17.73205081243111536, -1.780678199393347594, -7.799306709586774744 ) ) ;
#509 = CARTESIAN_POINT ( 'NONE',  ( 1.484564340350478240, 4.941133319796072954, 5.227241335952176549 ) ) ;
#510 = CARTESIAN_POINT ( 'NONE',  ( 18.73205081243111181, -6.767984879740845727, 2.583486779144241297 ) ) ;
#511 = ORIENTED_EDGE ( 'NONE', *, *, #439, .F. ) ;
#512 = CARTESIAN_POINT ( 'NONE',  ( 9.339263279609014035, 1.780678199393401995, 7.799306709586761421 ) ) ;
#513 = ORIENTED_EDGE ( 'NONE', *, *, #1214, .T. ) ;
#514 = CYLINDRICAL_SURFACE ( 'NONE', #250, 8.000000000000000000 ) ;
#515 = CIRCLE ( 'NONE', #485, 8.000000000000000000 ) ;
#516 = CARTESIAN_POINT ( 'NONE',  ( 5.200101193711109460, -2.747060608309443097, -1.489891982990245056 ) ) ;
#517 = CARTESIAN_POINT ( 'NONE',  ( 1.267949192431129690, 5.864058642712127067, 5.441765911432854708 ) ) ;
#518 = CARTESIAN_POINT ( 'NONE',  ( 14.50000000000000000, 0.3999999999999999112, -1.750000000000000000 ) ) ;
#519 = ORIENTED_EDGE ( 'NONE', *, *, #569, .F. ) ;
#520 = EDGE_CURVE ( 'NONE', #1112, #190, #1517, .T. ) ;
#521 = EDGE_CURVE ( 'NONE', #379, #386, #657, .T. ) ;
#522 = CARTESIAN_POINT ( 'NONE',  ( 1.669975879152159504, -6.499737248778981069, 0.2255306326417921003 ) ) ;
#523 = CARTESIAN_POINT ( 'NONE',  ( 18.73205081243111536, -9.500000000000000000, 0.000000000000000000 ) ) ;
#524 = CARTESIAN_POINT ( 'NONE',  ( 1.267949192431115701, 0.000000000000000000, 0.000000000000000000 ) ) ;
#525 = DIRECTION ( 'NONE',  ( 0.000000000000000000, 0.000000000000000000, -1.000000000000000000 ) ) ;
#526 = CARTESIAN_POINT ( 'NONE',  ( 1.473333057670797697, 2.028944380480055987, -6.944371082623267633 ) ) ;
#527 = EDGE_LOOP ( 'NONE', ( #84, #1469, #791, #77 ) ) ;
#528 = EDGE_CURVE ( 'NONE', #224, #1186, #1327, .T. ) ;
#529 = EDGE_LOOP ( 'NONE', ( #1581, #1558, #625, #1771 ) ) ;
#530 = CARTESIAN_POINT ( 'NONE',  ( 1.669768512610369182, -6.500266761233848278, -0.2324675006654639553 ) ) ;
#531 = TOROIDAL_SURFACE ( 'NONE', #1709, 4.000000000000000000, 1.000000000000000000 ) ;
#532 = CARTESIAN_POINT ( 'NONE',  ( 17.87707244836813913, 5.864058642711905911, -5.441765911433143366 ) ) ;
#533 = DIRECTION ( 'NONE',  ( 0.000000000000000000, 0.000000000000000000, 1.000000000000000000 ) ) ;
#534 = ORIENTED_EDGE ( 'NONE', *, *, #197, .F. ) ;
#535 = DIRECTION ( 'NONE',  ( -1.000000000000000000, -0.000000000000000000, 0.000000000000000000 ) ) ;
#536 = VERTEX_POINT ( 'NONE', #508 ) ;
#537 = VECTOR ( 'NONE', #104, 1000.000000000000000 ) ;
#538 = DIRECTION ( 'NONE',  ( 1.000000000000000000, -0.000000000000000000, -0.000000000000000000 ) ) ;
#539 = CIRCLE ( 'NONE', #140, 8.000000000000000000 ) ;
#540 = CARTESIAN_POINT ( 'NONE',  ( 18.73205081243111536, 5.521722969858314123, -4.302391828290293319 ) ) ;
#541 = CARTESIAN_POINT ( 'NONE',  ( 0.000000000000000000, 0.000000000000000000, 0.000000000000000000 ) ) ;
#542 = VERTEX_POINT ( 'NONE', #91 ) ;
#543 = EDGE_LOOP ( 'NONE', ( #1744, #1294, #1310, #1762 ) ) ;
#544 = CARTESIAN_POINT ( 'NONE',  ( -4.814824860968089633E-32, 0.000000000000000000, 0.000000000000000000 ) ) ;
#545 = EDGE_CURVE ( 'NONE', #452, #760, #1056, .T. ) ;
#546 = CARTESIAN_POINT ( 'NONE',  ( 18.73205081243111536, 5.521722969858253727, 4.302391828290369702 ) ) ;
#547 = CARTESIAN_POINT ( 'NONE',  ( 1.433087248339032227, -1.955995986643126461, 7.120550608028594297 ) ) ;
#548 = DIRECTION ( 'NONE',  ( 0.000000000000000000, 0.000000000000000000, -1.000000000000000000 ) ) ;
#549 = ADVANCED_FACE ( 'NONE', ( #1335 ), #1739, .T. ) ;
#550 = ORIENTED_EDGE ( 'NONE', *, *, #1017, .T. ) ;
#551 = DIRECTION ( 'NONE',  ( -1.000000000000000000, -0.000000000000000000, -0.000000000000000000 ) ) ;
#552 = DIRECTION ( 'NONE',  ( 0.000000000000000000, 0.000000000000000000, 1.000000000000000000 ) ) ;
#553 = AXIS2_PLACEMENT_3D ( 'NONE', #967, #1121, #483 ) ;
#554 = CARTESIAN_POINT ( 'NONE',  ( 18.64301992670275609, 5.709105794329596861, -4.845553324233121018 ) ) ;
#555 = AXIS2_PLACEMENT_3D ( 'NONE', #239, #1625, #1352 ) ;
#556 = CARTESIAN_POINT ( 'NONE',  ( 3.549265788228010532, -6.524376330928508771, 0.3940746338556661565 ) ) ;
#557 = VERTEX_POINT ( 'NONE', #376 ) ;
#558 = APPROVAL ( #1493, 'UNSPECIFIED' ) ;
#559 = DIRECTION ( 'NONE',  ( -1.000000000000000000, -0.000000000000000000, -0.000000000000000000 ) ) ;
#560 = PLANE ( 'NONE',  #1717 ) ;
#561 = FACE_OUTER_BOUND ( 'NONE', #1655, .T. ) ;
#562 = AXIS2_PLACEMENT_3D ( 'NONE', #524, #366, #1075 ) ;
#563 = CARTESIAN_POINT ( 'NONE',  ( 4.605249431062035548, -6.873878389926035837, -1.450515136544822337 ) ) ;
#564 = AXIS2_PLACEMENT_3D ( 'NONE', #169, #1689, #1254 ) ;
#565 = AXIS2_PLACEMENT_3D ( 'NONE', #861, #845, #1260 ) ;
#566 = EDGE_CURVE ( 'NONE', #920, #227, #740, .T. ) ;
#567 = EDGE_LOOP ( 'NONE', ( #1706, #674, #1143, #1682 ) ) ;
#568 = LINE ( 'NONE', #1266, #1013 ) ;
#569 = EDGE_CURVE ( 'NONE', #1351, #282, #822, .T. ) ;
#570 = FACE_OUTER_BOUND ( 'NONE', #1544, .T. ) ;
#571 = LINE ( 'NONE', #1699, #994 ) ;
#572 = DIRECTION ( 'NONE',  ( 0.000000000000000000, 0.000000000000000000, -1.000000000000000000 ) ) ;
#573 = ORIENTED_EDGE ( 'NONE', *, *, #706, .F. ) ;
#574 = DIRECTION ( 'NONE',  ( 0.000000000000000000, 0.000000000000000000, 1.000000000000000000 ) ) ;
#575 = CARTESIAN_POINT ( 'NONE',  ( -0.2439113260742434286, 4.749999999999980460, 8.227241335952177437 ) ) ;
#576 = CARTESIAN_POINT ( 'NONE',  ( 1.267949192431115701, 0.000000000000000000, 0.000000000000000000 ) ) ;
#577 = CARTESIAN_POINT ( 'NONE',  ( 1.267949192431115701, 9.797174393178825657E-16, -8.000000000000000000 ) ) ;
#578 = EDGE_LOOP ( 'NONE', ( #1015, #342, #1490, #754 ) ) ;
#579 = VERTEX_POINT ( 'NONE', #1599 ) ;
#580 = DIRECTION ( 'NONE',  ( -0.000000000000000000, -1.000000000000000000, 2.710505431213761085E-16 ) ) ;
#581 = EDGE_LOOP ( 'NONE', ( #1106, #436, #1135, #328 ) ) ;
#582 = CARTESIAN_POINT ( 'NONE',  ( 13.50000000000000178, 0.3999999999999999112, -1.750000000000000000 ) ) ;
#583 = DIRECTION ( 'NONE',  ( 0.000000000000000000, 1.000000000000000000, -0.000000000000000000 ) ) ;
#584 = CARTESIAN_POINT ( 'NONE',  ( 18.01884587393706738, 1.751824530598302232, 7.772981756350457516 ) ) ;
#585 = ADVANCED_FACE ( 'NONE', ( #768 ), #1348, .T. ) ;
#586 = AXIS2_PLACEMENT_3D ( 'NONE', #1654, #749, #696 ) ;
#587 = CARTESIAN_POINT ( 'NONE',  ( 18.73205081243111536, -5.521722969858283037, 4.302391828290333287 ) ) ;
#588 = ORIENTED_EDGE ( 'NONE', *, *, #476, .F. ) ;
#589 = DIRECTION ( 'NONE',  ( 1.000000000000000000, 0.000000000000000000, 0.000000000000000000 ) ) ;
#590 = APPROVAL_DATE_TIME ( #473, #1379 ) ;
#591 = EDGE_LOOP ( 'NONE', ( #1522, #751, #1649, #929, #1176, #451, #1039, #1494, #1213, #645, #273, #865, #937, #1462, #268 ) ) ;
#592 = CARTESIAN_POINT ( 'NONE',  ( 6.298298805352763985, -6.596006482868806309, -0.7575449228572160854 ) ) ;
#593 = DIRECTION ( 'NONE',  ( 0.000000000000000000, -1.000000000000000000, 0.000000000000000000 ) ) ;
#594 = EDGE_CURVE ( 'NONE', #502, #94, #497, .T. ) ;
#595 = DIRECTION ( 'NONE',  ( -1.000000000000000000, -0.000000000000000000, -0.000000000000000000 ) ) ;
#596 = CYLINDRICAL_SURFACE ( 'NONE', #586, 1.500000000000000666 ) ;
#597 = DIRECTION ( 'NONE',  ( 0.000000000000000000, -1.776356839400250465E-15, 1.000000000000000000 ) ) ;
#598 = EDGE_CURVE ( 'NONE', #1433, #352, #1578, .T. ) ;
#599 = ORIENTED_EDGE ( 'NONE', *, *, #883, .F. ) ;
#600 = ORIENTED_EDGE ( 'NONE', *, *, #495, .T. ) ;
#601 = CARTESIAN_POINT ( 'NONE',  ( 5.916771548902376665, -2.889674846530315921, 1.191155393823192021 ) ) ;
#602 = COORDINATED_UNIVERSAL_TIME_OFFSET ( 1, 0, .AHEAD. ) ;
#603 = VERTEX_POINT ( 'NONE', #365 ) ;
#604 = CARTESIAN_POINT ( 'NONE',  ( 17.73205081243111536, 0.000000000000000000, 0.000000000000000000 ) ) ;
#605 = CARTESIAN_POINT ( 'NONE',  ( 17.73205081243111536, 0.000000000000000000, 0.000000000000000000 ) ) ;
#606 = FACE_OUTER_BOUND ( 'NONE', #887, .T. ) ;
#607 = CARTESIAN_POINT ( 'NONE',  ( 18.73205081243111536, 5.621497129863066711, 4.569877459673553410 ) ) ;
#608 = DIRECTION ( 'NONE',  ( 1.000000000000000000, 0.000000000000000000, 0.000000000000000000 ) ) ;
#609 = VERTEX_POINT ( 'NONE', #660 ) ;
#610 = EDGE_LOOP ( 'NONE', ( #34, #1313, #1602, #13, #381 ) ) ;
#611 = AXIS2_PLACEMENT_3D ( 'NONE', #544, #446, #426 ) ;
#612 = CARTESIAN_POINT ( 'NONE',  ( 6.459766474981035067, -3.105149097802133884, 0.3972293084712136824 ) ) ;
#613 = AXIS2_PLACEMENT_3D ( 'NONE', #215, #729, #1187 ) ;
#614 = VERTEX_POINT ( 'NONE', #1210 ) ;
#615 = CC_DESIGN_PERSON_AND_ORGANIZATION_ASSIGNMENT ( #1006, #193, ( #1163 ) ) ;
#616 = CARTESIAN_POINT ( 'NONE',  ( 6.459496822586289433, -6.520810541221500500, -0.3986363348694829112 ) ) ;
#617 = CARTESIAN_POINT ( 'NONE',  ( 18.73205081243111536, -0.9651191354049274418, 6.933148278702486955 ) ) ;
#618 = CARTESIAN_POINT ( 'NONE',  ( -4.814824860968089633E-32, 0.000000000000000000, 0.000000000000000000 ) ) ;
#619 = CARTESIAN_POINT ( 'NONE',  ( 1.473489918521136754, 7.027989353466904454, 1.714684451513220242 ) ) ;
#620 = FACE_OUTER_BOUND ( 'NONE', #245, .T. ) ;
#621 = EDGE_LOOP ( 'NONE', ( #116, #1208, #362, #1389 ) ) ;
#622 = ADVANCED_FACE ( 'NONE', ( #1759 ), #403, .F. ) ;
#623 = CARTESIAN_POINT ( 'NONE',  ( 17.73205081243111536, 5.864058642711906799, -5.441765911433143366 ) ) ;
#624 = CARTESIAN_POINT ( 'NONE',  ( 13.50000000000000178, -0.4000000000000001332, 1.750000000000000222 ) ) ;
#625 = ORIENTED_EDGE ( 'NONE', *, *, #662, .T. ) ;
#626 = CIRCLE ( 'NONE', #876, 3.000000000000000888 ) ;
#627 = DIRECTION ( 'NONE',  ( 1.000000000000000000, 0.000000000000000000, -0.000000000000000000 ) ) ;
#628 = EDGE_CURVE ( 'NONE', #1436, #1080, #427, .T. ) ;
#629 = PLANE ( 'NONE',  #739 ) ;
#630 = DIRECTION ( 'NONE',  ( 0.000000000000000000, 0.000000000000000000, 1.000000000000000000 ) ) ;
#631 = CARTESIAN_POINT ( 'NONE',  ( 3.578876600008142006, -3.087730349778872618, 0.4898555719135320174 ) ) ;
#632 = CARTESIAN_POINT ( 'NONE',  ( 1.323899314059945098, 1.812596016069683458, -7.577837674259285450 ) ) ;
#633 = ORIENTED_EDGE ( 'NONE', *, *, #758, .F. ) ;
#634 = B_SPLINE_CURVE_WITH_KNOTS ( 'NONE', 3,
 ( #271, #532, #1085, #1109, #1076, #554, #1776, #540 ),
 .UNSPECIFIED., .F., .F.,
 ( 4, 2, 2, 4 ),
 ( 0.000000000000000000, 0.0004282308635530241575, 0.0008564617271060483150, 0.001712923454212096630 ),
 .UNSPECIFIED. ) ;
#635 = CARTESIAN_POINT ( 'NONE',  ( 6.197655692157016283, -2.988899797035990957, 0.9238328335445120665 ) ) ;
#636 = PERSON_AND_ORGANIZATION_ROLE ( 'classification_officer' ) ;
#637 = VERTEX_POINT ( 'NONE', #1505 ) ;
#638 = CARTESIAN_POINT ( 'NONE',  ( 5.198946176994403423, -6.901923788646684876, -1.500000000000000888 ) ) ;
#639 = CARTESIAN_POINT ( 'NONE',  ( 5.000000000000000000, -2.741464024932662724, 1.500000000000000666 ) ) ;
#640 = CARTESIAN_POINT ( 'NONE',  ( 13.50000000000000178, 0.3999999999999999112, -1.750000000000000000 ) ) ;
#641 = CARTESIAN_POINT ( 'NONE',  ( 4.601314620948362411, -2.764721476687193480, -1.459091477240381796 ) ) ;
#642 = VECTOR ( 'NONE', #1271, 1000.000000000000000 ) ;
#643 = ORIENTED_EDGE ( 'NONE', *, *, #99, .T. ) ;
#644 = LINE ( 'NONE', #512, #1236 ) ;
#645 = ORIENTED_EDGE ( 'NONE', *, *, #1425, .T. ) ;
#646 = AXIS2_PLACEMENT_3D ( 'NONE', #331, #1443, #1595 ) ;
#647 = AXIS2_PLACEMENT_3D ( 'NONE', #1714, #1726, #1044 ) ;
#648 = CARTESIAN_POINT ( 'NONE',  ( -0.2439113260742434286, -4.749999999999923617, -8.227241335952209411 ) ) ;
#649 = PLANE ( 'NONE',  #313 ) ;
#650 = CARTESIAN_POINT ( 'NONE',  ( 1.377018910190306755, 7.308941893119215827, -2.061543630902296531 ) ) ;
#651 = CARTESIAN_POINT ( 'NONE',  ( 1.473482305758276212, 4.998808990115842121, -5.229225734586824714 ) ) ;
#652 = EDGE_CURVE ( 'NONE', #637, #579, #1515, .T. ) ;
#653 = ORIENTED_EDGE ( 'NONE', *, *, #265, .T. ) ;
#654 = MANIFOLD_SOLID_BREP ( 'Fillet2', #1221 ) ;
#655 = CARTESIAN_POINT ( 'NONE',  ( 18.37949246294176575, 7.381960906934077471, 2.435362076842534584 ) ) ;
#656 = EDGE_LOOP ( 'NONE', ( #916, #1398 ) ) ;
#657 = CIRCLE ( 'NONE', #1684, 3.124999999999998224 ) ;
#658 = CARTESIAN_POINT ( 'NONE',  ( 1.376396130988734701, -7.310793296340334813, 2.063537640933020612 ) ) ;
#659 = CIRCLE ( 'NONE', #1500, 0.5000000000000004441 ) ;
#660 = CARTESIAN_POINT ( 'NONE',  ( 17.73205081243111536, -1.780678199393457506, 7.799306709586748987 ) ) ;
#661 = CARTESIAN_POINT ( 'NONE',  ( 1.620258915543035583, 6.628209034128231814, -0.8970321153435939499 ) ) ;
#662 = EDGE_CURVE ( 'NONE', #542, #379, #687, .T. ) ;
#663 = EDGE_LOOP ( 'NONE', ( #319, #781, #727, #797 ) ) ;
#664 = PRODUCT_DEFINITION ( 'UNKNOWN', '', #1163, #1206 ) ;
#665 = ORIENTED_EDGE ( 'NONE', *, *, #1615, .T. ) ;
#666 = DIRECTION ( 'NONE',  ( 0.000000000000000000, 0.000000000000000000, 1.000000000000000000 ) ) ;
#667 = CARTESIAN_POINT ( 'NONE',  ( 18.01884587393706738, -7.607511929451638899, -2.369366331704331863 ) ) ;
#668 = B_SPLINE_CURVE_WITH_KNOTS ( 'NONE', 3,
 ( #489, #509, #82, #233, #924, #517 ),
 .UNSPECIFIED., .F., .F.,
 ( 4, 2, 4 ),
 ( 0.002452996444634323973, 0.003034802113920264353, 0.003616607783206204300 ),
 .UNSPECIFIED. ) ;
#669 = FACE_OUTER_BOUND ( 'NONE', #581, .T. ) ;
#670 = VECTOR ( 'NONE', #1742, 1000.000000000000000 ) ;
#671 = EDGE_LOOP ( 'NONE', ( #1529, #472, #1096, #774, #1031 ) ) ;
#672 = DIRECTION ( 'NONE',  ( 0.000000000000000000, 0.000000000000000000, -1.000000000000000000 ) ) ;
#673 = PERSON_AND_ORGANIZATION ( #734, #329 ) ;
#674 = ORIENTED_EDGE ( 'NONE', *, *, #1545, .F. ) ;
#675 = CARTESIAN_POINT ( 'NONE',  ( 1.517135759283780416, -6.906135130239881903, 1.524182575785511196 ) ) ;
#676 = CARTESIAN_POINT ( 'NONE',  ( -0.001000000000001000089, 4.750000000000095923, -8.227241335952111712 ) ) ;
#677 = AXIS2_PLACEMENT_3D ( 'NONE', #1390, #1399, #1244 ) ;
#678 = CARTESIAN_POINT ( 'NONE',  ( 1.311603344197920018, -1.805581544957040485, 7.626509178529179422 ) ) ;
#679 = FACE_OUTER_BOUND ( 'NONE', #235, .T. ) ;
#680 = ORIENTED_EDGE ( 'NONE', *, *, #1321, .F. ) ;
#681 = CARTESIAN_POINT ( 'NONE',  ( 18.73205081243111536, -0.9651191354048302973, -6.933148278702499390 ) ) ;
#682 = VERTEX_POINT ( 'NONE', #829 ) ;
#683 = EDGE_CURVE ( 'NONE', #682, #637, #1258, .T. ) ;
#684 = CARTESIAN_POINT ( 'NONE',  ( 1.376497913432177311, -1.868521890132834207, -7.362649195825420989 ) ) ;
#685 = VECTOR ( 'NONE', #1192, 1000.000000000000000 ) ;
#686 = EDGE_CURVE ( 'NONE', #1302, #33, #450, .T. ) ;
#687 = LINE ( 'NONE', #1784, #1027 ) ;
#688 = AXIS2_PLACEMENT_3D ( 'NONE', #831, #1094, #1635 ) ;
#689 = CARTESIAN_POINT ( 'NONE',  ( 1.536448690768106529, 2.194141718232097915, 6.646293042899983128 ) ) ;
#690 = CARTESIAN_POINT ( 'NONE',  ( 3.499915105078018396, -6.499957552550836404, 0.09800554214942566733 ) ) ;
#691 = ORIENTED_EDGE ( 'NONE', *, *, #1665, .T. ) ;
#692 = CARTESIAN_POINT ( 'NONE',  ( 1.323894139673287507, -5.656321137413268474, -5.358680718451098279 ) ) ;
#693 = DIRECTION ( 'NONE',  ( 0.000000000000000000, 1.000000000000000000, -2.710505431213761085E-16 ) ) ;
#694 = CARTESIAN_POINT ( 'NONE',  ( 18.37949246294176930, 7.381960906934077471, -2.435362076842534140 ) ) ;
#695 = CARTESIAN_POINT ( 'NONE',  ( 4.243113226221197465, -6.794992836004919212, 1.298630474078805719 ) ) ;
#696 = DIRECTION ( 'NONE',  ( 0.000000000000000000, 0.000000000000000000, 1.000000000000000000 ) ) ;
#697 = EDGE_LOOP ( 'NONE', ( #1472, #1543, #1320, #1060 ) ) ;
#698 = AXIS2_PLACEMENT_3D ( 'NONE', #1537, #1337, #368 ) ;
#699 = DIRECTION ( 'NONE',  ( -1.000000000000000000, -0.000000000000000000, -0.000000000000000000 ) ) ;
#700 = CARTESIAN_POINT ( 'NONE',  ( 18.37949530498620021, -7.381958282778363412, -2.435362811712078024 ) ) ;
#701 = CC_DESIGN_SECURITY_CLASSIFICATION ( #12, ( #1163 ) ) ;
#702 = ADVANCED_FACE ( 'NONE', ( #1362 ), #129, .F. ) ;
#703 = DIRECTION ( 'NONE',  ( -1.000000000000000000, -0.000000000000000000, -0.000000000000000000 ) ) ;
#704 = CIRCLE ( 'NONE', #1392, 3.124999999999999112 ) ;
#705 = CARTESIAN_POINT ( 'NONE',  ( 4.511218988699174481, -6.857841570777825524, -1.421566387485695859 ) ) ;
#706 = EDGE_CURVE ( 'NONE', #536, #1614, #405, .T. ) ;
#707 = ORIENTED_EDGE ( 'NONE', *, *, #1081, .T. ) ;
#708 = DIRECTION ( 'NONE',  ( 0.000000000000000000, 0.000000000000000000, 1.000000000000000000 ) ) ;
#709 = DIRECTION ( 'NONE',  ( -0.000000000000000000, -1.000000000000000000, 0.000000000000000000 ) ) ;
#710 = CARTESIAN_POINT ( 'NONE',  ( 1.582747820889704782, 4.396274349523470626, 5.227241335952177437 ) ) ;
#711 = CARTESIAN_POINT ( 'NONE',  ( 4.900702747799105197, -6.901923788646681324, -1.500000000000000444 ) ) ;
#712 = EDGE_CURVE ( 'NONE', #1704, #94, #626, .T. ) ;
#713 = VERTEX_POINT ( 'NONE', #1652 ) ;
#714 = CARTESIAN_POINT ( 'NONE',  ( 0.6163365060105172599, 1.040949779275249943E-15, 8.499999999999998224 ) ) ;
#715 = DIRECTION ( 'NONE',  ( 0.000000000000000000, 0.000000000000000000, 1.000000000000000000 ) ) ;
#716 = CARTESIAN_POINT ( 'NONE',  ( 17.87707324507321616, 1.780678199393401995, 7.799306709586762310 ) ) ;
#717 = EDGE_LOOP ( 'NONE', ( #1005, #1763, #1413, #1686 ) ) ;
#718 = DIRECTION ( 'NONE',  ( 1.000000000000000000, 0.000000000000000000, 0.000000000000000000 ) ) ;
#719 = ORIENTED_EDGE ( 'NONE', *, *, #259, .T. ) ;
#720 = CIRCLE ( 'NONE', #6, 9.000000000000000000 ) ;
#721 = EDGE_CURVE ( 'NONE', #431, #682, #345, .T. ) ;
#722 = CARTESIAN_POINT ( 'NONE',  ( 18.73205081243111536, 0.000000000000000000, 0.000000000000000000 ) ) ;
#723 = CARTESIAN_POINT ( 'NONE',  ( 14.50000000000000000, -0.4000000000000001332, -1.750000000000000000 ) ) ;
#724 = CARTESIAN_POINT ( 'NONE',  ( 18.73205081243111536, 5.521722969858253727, 4.302391828290369702 ) ) ;
#725 = DIRECTION ( 'NONE',  ( 1.000000000000000000, 0.000000000000000000, 0.000000000000000000 ) ) ;
#726 = CIRCLE ( 'NONE', #1632, 3.000000000000000444 ) ;
#727 = ORIENTED_EDGE ( 'NONE', *, *, #1524, .F. ) ;
#728 = ORIENTED_EDGE ( 'NONE', *, *, #652, .T. ) ;
#729 = DIRECTION ( 'NONE',  ( -1.000000000000000000, -0.000000000000000000, -0.000000000000000000 ) ) ;
#730 = PERSON_AND_ORGANIZATION ( #734, #329 ) ;
#731 = VERTEX_POINT ( 'NONE', #546 ) ;
#732 = EDGE_CURVE ( 'NONE', #1415, #1224, #1386, .T. ) ;
#733 = CARTESIAN_POINT ( 'NONE',  ( 5.000000000000000000, -6.901923788646683100, -1.500000000000000666 ) ) ;
#734 = PERSON ( 'UNSPECIFIED', 'UNSPECIFIED', 'UNSPECIFIED', ('UNSPECIFIED'), ('UNSPECIFIED'), ('UNSPECIFIED') ) ;
#735 = DIRECTION ( 'NONE',  ( -1.000000000000000000, -0.000000000000000000, -0.000000000000000000 ) ) ;
#736 = ADVANCED_FACE ( 'NONE', ( #260 ), #1512, .F. ) ;
#737 = CYLINDRICAL_SURFACE ( 'NONE', #1461, 8.000000000000000000 ) ;
#738 = CARTESIAN_POINT ( 'NONE',  ( 18.73205081243111536, -0.9651191354049274418, 6.933148278702486955 ) ) ;
#739 = AXIS2_PLACEMENT_3D ( 'NONE', #1182, #1728, #496 ) ;
#740 = CIRCLE ( 'NONE', #1777, 8.629409522551252820 ) ;
#741 = CARTESIAN_POINT ( 'NONE',  ( 17.87707324507321616, -5.864058642711867719, 5.441765911433185110 ) ) ;
#742 = ORIENTED_EDGE ( 'NONE', *, *, #566, .T. ) ;
#743 = CARTESIAN_POINT ( 'NONE',  ( 14.50000000000000000, 0.3999999999999999112, 1.750000000000000000 ) ) ;
#744 = SECURITY_CLASSIFICATION_LEVEL ( 'unclassified' ) ;
#745 = ORIENTED_EDGE ( 'NONE', *, *, #1743, .T. ) ;
#746 = CARTESIAN_POINT ( 'NONE',  ( 5.393777442551819234, -6.874017783500794287, 1.450765854004874900 ) ) ;
#747 = DIRECTION ( 'NONE',  ( 0.000000000000000000, -1.000000000000000000, 0.000000000000000000 ) ) ;
#748 = CARTESIAN_POINT ( 'NONE',  ( 18.64302292903445490, -1.341815360569397431, 7.367003092296580569 ) ) ;
#749 = DIRECTION ( 'NONE',  ( -0.000000000000000000, 1.000000000000000000, -0.000000000000000000 ) ) ;
#750 = CARTESIAN_POINT ( 'NONE',  ( 4.239716211329562334, -2.839436520288208143, 1.307804592914351138 ) ) ;
#751 = ORIENTED_EDGE ( 'NONE', *, *, #18, .T. ) ;
#752 = VERTEX_POINT ( 'NONE', #801 ) ;
#753 = DIRECTION ( 'NONE',  ( 0.000000000000000000, 0.000000000000000000, -1.000000000000000000 ) ) ;
#754 = ORIENTED_EDGE ( 'NONE', *, *, #1473, .F. ) ;
#755 = CARTESIAN_POINT ( 'NONE',  ( 6.196302931074619380, -6.642506230073696116, 0.9251248446861779495 ) ) ;
#756 = CARTESIAN_POINT ( 'NONE',  ( 17.73205081243111536, -1.780678199393457506, 7.799306709586748987 ) ) ;
#757 = CARTESIAN_POINT ( 'NONE',  ( 1.659720000835965603, 6.525715909800634762, -0.4533035609913460551 ) ) ;
#758 = EDGE_CURVE ( 'NONE', #1614, #459, #1030, .T. ) ;
#759 = ORIENTED_EDGE ( 'NONE', *, *, #1245, .F. ) ;
#760 = VERTEX_POINT ( 'NONE', #1525 ) ;
#761 = EDGE_CURVE ( 'NONE', #55, #1383, #300, .T. ) ;
#762 = APPROVAL_PERSON_ORGANIZATION ( #730, #1379, #65 ) ;
#763 = CARTESIAN_POINT ( 'NONE',  ( 5.991187239908009055, -2.914439329356130592, 1.130048415231126757 ) ) ;
#764 = DATE_AND_TIME ( #1685, #218 ) ;
#765 = ORIENTED_EDGE ( 'NONE', *, *, #712, .T. ) ;
#766 = CARTESIAN_POINT ( 'NONE',  ( 18.37949246294176575, 1.581895027508262386, -7.610646713569773958 ) ) ;
#767 = DIRECTION ( 'NONE',  ( 0.000000000000000000, 0.000000000000000000, -1.000000000000000000 ) ) ;
#768 = FACE_OUTER_BOUND ( 'NONE', #973, .T. ) ;
#769 = CARTESIAN_POINT ( 'NONE',  ( 3.803401986309923988, -2.988533074152653679, 0.9247955755071832762 ) ) ;
#770 = CARTESIAN_POINT ( 'NONE',  ( 1.516678877908218759, 4.775553027029413755, -5.218812667310659847 ) ) ;
#771 = ORIENTED_EDGE ( 'NONE', *, *, #1743, .F. ) ;
#772 = VECTOR ( 'NONE', #1719, 1000.000000000000000 ) ;
#773 = LINE ( 'NONE', #1051, #962 ) ;
#774 = ORIENTED_EDGE ( 'NONE', *, *, #392, .F. ) ;
#775 = VECTOR ( 'NONE', #1381, 1000.000000000000000 ) ;
#776 = CARTESIAN_POINT ( 'NONE',  ( 17.87707244836814269, 1.780678199393511241, -7.799306709586738329 ) ) ;
#777 = CYLINDRICAL_SURFACE ( 'NONE', #1450, 0.2999999999999999334 ) ;
#778 = DIRECTION ( 'NONE',  ( 0.000000000000000000, 0.000000000000000000, 1.000000000000000000 ) ) ;
#779 = CARTESIAN_POINT ( 'NONE',  ( 17.73205081243111536, 7.644736842105262831, 2.357540798153544337 ) ) ;
#780 = ORIENTED_EDGE ( 'NONE', *, *, #311, .T. ) ;
#781 = ORIENTED_EDGE ( 'NONE', *, *, #1354, .T. ) ;
#782 = ADVANCED_FACE ( 'NONE', ( #1666 ), #263, .T. ) ;
#783 = DIRECTION ( 'NONE',  ( 0.000000000000000000, 0.000000000000000000, 1.000000000000000000 ) ) ;
#784 = ADVANCED_FACE ( 'NONE', ( #989 ), #560, .F. ) ;
#785 = CARTESIAN_POINT ( 'NONE',  ( 5.099133070105276389, -2.741464024932663168, -1.500000000000000666 ) ) ;
#786 = CARTESIAN_POINT ( 'NONE',  ( 1.267949192431115701, 0.000000000000000000, 0.000000000000000000 ) ) ;
#787 = CARTESIAN_POINT ( 'NONE',  ( 3.701402398668355076, -3.033073678962780573, -0.7570324426561548803 ) ) ;
#788 = DIRECTION ( 'NONE',  ( 0.000000000000000000, -7.105427357601001859E-15, 1.000000000000000000 ) ) ;
#789 = VERTEX_POINT ( 'NONE', #1549 ) ;
#790 = FACE_OUTER_BOUND ( 'NONE', #717, .T. ) ;
#791 = ORIENTED_EDGE ( 'NONE', *, *, #917, .F. ) ;
#792 = AXIS2_PLACEMENT_3D ( 'NONE', #1066, #382, #1475 ) ;
#793 = DIRECTION ( 'NONE',  ( 1.000000000000000000, -0.000000000000000000, -0.000000000000000000 ) ) ;
#794 = EDGE_CURVE ( 'NONE', #713, #253, #166, .T. ) ;
#795 = CARTESIAN_POINT ( 'NONE',  ( 1.669728158829737907, 6.500369805144977420, 0.2358882981308701721 ) ) ;
#796 = ADVANCED_FACE ( 'NONE', ( #1148, #1276 ), #836, .F. ) ;
#797 = ORIENTED_EDGE ( 'NONE', *, *, #1417, .F. ) ;
#798 = ORIENTED_EDGE ( 'NONE', *, *, #995, .F. ) ;
#799 = CARTESIAN_POINT ( 'NONE',  ( 1.619886999492029078, -6.629183830766148589, 0.9000753344335974404 ) ) ;
#800 = VECTOR ( 'NONE', #1710, 1000.000000000000000 ) ;
#801 = CARTESIAN_POINT ( 'NONE',  ( 17.73205081243111536, 0.000000000000000000, 8.000000000000000000 ) ) ;
#802 = CARTESIAN_POINT ( 'NONE',  ( 1.624358457034422276, -4.044709459015601638, 5.305851975012719990 ) ) ;
#803 = CARTESIAN_POINT ( 'NONE',  ( 1.619794936731912216, 2.534120462467248203, -6.191920983074376217 ) ) ;
#804 = ORIENTED_EDGE ( 'NONE', *, *, #1646, .T. ) ;
#805 = CARTESIAN_POINT ( 'NONE',  ( 17.73205081243111536, 7.644736842105262831, 2.357540798153544337 ) ) ;
#806 = COORDINATED_UNIVERSAL_TIME_OFFSET ( 1, 0, .AHEAD. ) ;
#807 = ORIENTED_EDGE ( 'NONE', *, *, #1321, .T. ) ;
#808 = CIRCLE ( 'NONE', #1268, 7.000000000000000000 ) ;
#809 = CARTESIAN_POINT ( 'NONE',  ( 1.659631956776740580, -3.657181140454226043, -5.424029153239823486 ) ) ;
#810 = DIRECTION ( 'NONE',  ( 0.000000000000000000, 0.000000000000000000, 1.000000000000000000 ) ) ;
#811 = CARTESIAN_POINT ( 'NONE',  ( 1.661304387723890219, -2.911817725172681559, 5.849590156696776511 ) ) ;
#812 = CARTESIAN_POINT ( 'NONE',  ( 3.509892861412122755, -6.504983180146835409, 0.1987593665305358581 ) ) ;
#813 = ORIENTED_EDGE ( 'NONE', *, *, #1376, .T. ) ;
#814 = EDGE_CURVE ( 'NONE', #603, #238, #176, .T. ) ;
#815 = ORIENTED_EDGE ( 'NONE', *, *, #732, .F. ) ;
#816 = EDGE_CURVE ( 'NONE', #1769, #614, #871, .T. ) ;
#817 = FACE_OUTER_BOUND ( 'NONE', #1624, .T. ) ;
#818 = CARTESIAN_POINT ( 'NONE',  ( 17.73205081243111536, -5.864058642711794000, -5.441765911433266822 ) ) ;
#819 = CARTESIAN_POINT ( 'NONE',  ( 18.64301992670276675, 7.050925171342847797, -2.521453988665725898 ) ) ;
#820 = CARTESIAN_POINT ( 'NONE',  ( 17.73205081243111536, 4.750000000000095923, -8.227241335952111712 ) ) ;
#821 = ORIENTED_EDGE ( 'NONE', *, *, #721, .F. ) ;
#822 = CIRCLE ( 'NONE', #990, 8.000000000000000000 ) ;
#823 = CARTESIAN_POINT ( 'NONE',  ( 17.87707324507321616, -5.864058642711794000, -5.441765911433265934 ) ) ;
#824 = AXIS2_PLACEMENT_3D ( 'NONE', #412, #1212, #1387 ) ;
#825 = CARTESIAN_POINT ( 'NONE',  ( 1.565963558315639270, 2.292847145452235225, 6.496789686714564027 ) ) ;
#826 = DIRECTION ( 'NONE',  ( -1.000000000000000000, -0.000000000000000000, -0.000000000000000000 ) ) ;
#827 = ORIENTED_EDGE ( 'NONE', *, *, #291, .T. ) ;
#828 = FACE_OUTER_BOUND ( 'NONE', #697, .T. ) ;
#829 = CARTESIAN_POINT ( 'NONE',  ( 18.73205081243111536, -6.486842105263157521, 2.630756450412133240 ) ) ;
#830 = EDGE_CURVE ( 'NONE', #1769, #227, #659, .T. ) ;
#831 = CARTESIAN_POINT ( 'NONE',  ( 17.73205081243111536, 4.749999999999980460, 8.227241335952177437 ) ) ;
#832 = FACE_OUTER_BOUND ( 'NONE', #940, .T. ) ;
#833 = ORIENTED_EDGE ( 'NONE', *, *, #460, .T. ) ;
#834 = DIRECTION ( 'NONE',  ( 0.000000000000000000, 0.000000000000000000, -1.000000000000000000 ) ) ;
#835 = EDGE_CURVE ( 'NONE', #1421, #1112, #808, .T. ) ;
#836 = CYLINDRICAL_SURFACE ( 'NONE', #565, 3.124999999999999112 ) ;
#837 = AXIS2_PLACEMENT_3D ( 'NONE', #167, #551, #708 ) ;
#838 = DIRECTION ( 'NONE',  ( 0.000000000000000000, 0.000000000000000000, 1.000000000000000000 ) ) ;
#839 = AXIS2_PLACEMENT_3D ( 'NONE', #908, #893, #1189 ) ;
#840 = CARTESIAN_POINT ( 'NONE',  ( 17.73205081243111536, -7.644736842105262831, 2.357540798153544337 ) ) ;
#841 = CC_DESIGN_PERSON_AND_ORGANIZATION_ASSIGNMENT ( #868, #1283, ( #664 ) ) ;
#842 = ORIENTED_EDGE ( 'NONE', *, *, #1249, .F. ) ;
#843 = CARTESIAN_POINT ( 'NONE',  ( 9.339670112423691606, -5.864058642711867719, 5.441765911433185110 ) ) ;
#844 = B_SPLINE_CURVE_WITH_KNOTS ( 'NONE', 3,
 ( #241, #785, #516, #1067, #1617, #383, #923, #199, #85, #53, #191, #1032, #461, #64, #612, #1463, #635, #763, #601, #1568, #889, #503, #1168, #42, #1442, #1694 ),
 .UNSPECIFIED., .F., .F.,
 ( 4, 2, 2, 2, 2, 2, 2, 2, 2, 2, 2, 2, 4 ),
 ( 0.004763849893940100451, 0.005061143990961546046, 0.005358438087982990775, 0.005953026282025881966, 0.006250320379047327561, 0.006547614476068773157, 0.007142202670111664348, 0.007736790864154555539, 0.008331379058197446730, 0.008628673155218893193, 0.008925967252240339656, 0.009223261349261786118, 0.009520555446283232581 ),
 .UNSPECIFIED. ) ;
#845 = DIRECTION ( 'NONE',  ( -1.000000000000000000, -0.000000000000000000, -0.000000000000000000 ) ) ;
#846 = CARTESIAN_POINT ( 'NONE',  ( 17.73205081243111536, 0.000000000000000000, 0.000000000000000000 ) ) ;
#847 = FACE_OUTER_BOUND ( 'NONE', #184, .T. ) ;
#848 = ORIENTED_EDGE ( 'NONE', *, *, #594, .F. ) ;
#849 = DIRECTION ( 'NONE',  ( 0.000000000000000000, 1.224646799147353454E-16, 1.000000000000000000 ) ) ;
#850 = DIRECTION ( 'NONE',  ( 0.000000000000000000, 0.000000000000000000, 1.000000000000000000 ) ) ;
#851 = DIRECTION ( 'NONE',  ( -1.000000000000000000, 0.000000000000000000, 0.000000000000000000 ) ) ;
#852 = CARTESIAN_POINT ( 'NONE',  ( 18.73205081243111891, 1.146627258789973069, 7.152990227856898642 ) ) ;
#853 = EDGE_CURVE ( 'NONE', #424, #731, #1727, .T. ) ;
#854 = ORIENTED_EDGE ( 'NONE', *, *, #794, .F. ) ;
#855 = ORIENTED_EDGE ( 'NONE', *, *, #794, .T. ) ;
#856 = CALENDAR_DATE ( 2026, 26, 5 ) ;
#857 = ORIENTED_EDGE ( 'NONE', *, *, #390, .F. ) ;
#858 = AXIS2_PLACEMENT_3D ( 'NONE', #200, #210, #449 ) ;
#859 = ADVANCED_FACE ( 'NONE', ( #570 ), #465, .F. ) ;
#860 = LINE ( 'NONE', #1707, #103 ) ;
#861 = CARTESIAN_POINT ( 'NONE',  ( 0.000000000000000000, 0.000000000000000000, 0.000000000000000000 ) ) ;
#862 = DIRECTION ( 'NONE',  ( 0.000000000000000000, 0.000000000000000000, -1.000000000000000000 ) ) ;
#863 = APPROVAL_PERSON_ORGANIZATION ( #361, #1487, #1136 ) ;
#864 = CIRCLE ( 'NONE', #304, 3.000000000000000888 ) ;
#865 = ORIENTED_EDGE ( 'NONE', *, *, #520, .T. ) ;
#866 = ORIENTED_EDGE ( 'NONE', *, *, #1425, .F. ) ;
#867 = DIRECTION ( 'NONE',  ( -0.2588190451025147443, 0.000000000000000000, 0.9659258262890699775 ) ) ;
#868 = PERSON_AND_ORGANIZATION ( #734, #329 ) ;
#869 = ORIENTED_EDGE ( 'NONE', *, *, #1240, .F. ) ;
#870 = CARTESIAN_POINT ( 'NONE',  ( 5.000000000000000888, -6.901923788646683100, 1.500000000000000666 ) ) ;
#871 = LINE ( 'NONE', #440, #1430 ) ;
#872 = CARTESIAN_POINT ( 'NONE',  ( 0.000000000000000000, 0.000000000000000000, 0.000000000000000000 ) ) ;
#873 = CARTESIAN_POINT ( 'NONE',  ( 4.606683108621634659, -2.767860049853624993, 1.450884407087263739 ) ) ;
#874 = CIRCLE ( 'NONE', #310, 3.000000000000000444 ) ;
#875 = ORIENTED_EDGE ( 'NONE', *, *, #1058, .T. ) ;
#876 = AXIS2_PLACEMENT_3D ( 'NONE', #1108, #1775, #1239 ) ;
#877 = ORIENTED_EDGE ( 'NONE', *, *, #965, .F. ) ;
#878 = PLANE ( 'NONE',  #1014 ) ;
#879 = DIRECTION ( 'NONE',  ( 1.000000000000000000, -0.000000000000000000, -0.000000000000000000 ) ) ;
#880 = EDGE_LOOP ( 'NONE', ( #780, #1134 ) ) ;
#881 = DIRECTION ( 'NONE',  ( 1.000000000000000000, -0.000000000000000000, -0.000000000000000000 ) ) ;
#882 = DIRECTION ( 'NONE',  ( -1.000000000000000000, -0.000000000000000000, -0.000000000000000000 ) ) ;
#883 = EDGE_CURVE ( 'NONE', #1614, #1224, #1184, .T. ) ;
#884 = DIRECTION ( 'NONE',  ( -1.000000000000000000, -0.000000000000000000, -0.000000000000000000 ) ) ;
#885 = LINE ( 'NONE', #1681, #642 ) ;
#886 = EDGE_CURVE ( 'NONE', #400, #1217, #1586, .T. ) ;
#887 = EDGE_LOOP ( 'NONE', ( #216, #1053, #1243, #821 ) ) ;
#888 = ORIENTED_EDGE ( 'NONE', *, *, #1218, .F. ) ;
#889 = CARTESIAN_POINT ( 'NONE',  ( 5.669519574284616503, -2.820651671398881621, 1.345855302530992947 ) ) ;
#890 = APPROVAL_DATE_TIME ( #1414, #1487 ) ;
#891 = ORIENTED_EDGE ( 'NONE', *, *, #1774, .F. ) ;
#892 = CIRCLE ( 'NONE', #126, 7.000000000000000000 ) ;
#893 = DIRECTION ( 'NONE',  ( -1.000000000000000000, -0.000000000000000000, -0.000000000000000000 ) ) ;
#894 = CARTESIAN_POINT ( 'NONE',  ( 18.01884587393706738, -1.751824530598358853, 7.772981756350446858 ) ) ;
#895 = CARTESIAN_POINT ( 'NONE',  ( 1.099299419155052915, 0.000000000000000000, 0.000000000000000000 ) ) ;
#896 = CARTESIAN_POINT ( 'NONE',  ( 3.499876492178645382, -3.125059283745457162, -0.1985863896139143381 ) ) ;
#897 = CARTESIAN_POINT ( 'NONE',  ( 1.659710752897483488, 2.869432452984464366, -5.878599863780009649 ) ) ;
#898 = CIRCLE ( 'NONE', #611, 3.124999999999998224 ) ;
#899 = CARTESIAN_POINT ( 'NONE',  ( 18.37949246294176930, -1.581895027508102070, -7.610646713569807709 ) ) ;
#900 = AXIS2_PLACEMENT_3D ( 'NONE', #1523, #699, #283 ) ;
#901 = ORIENTED_EDGE ( 'NONE', *, *, #367, .F. ) ;
#902 = CARTESIAN_POINT ( 'NONE',  ( 18.01884431757945393, 1.751824855880340426, -7.772982051094311728 ) ) ;
#903 = LINE ( 'NONE', #1439, #1318 ) ;
#904 = LINE ( 'NONE', #1344, #537 ) ;
#905 = CARTESIAN_POINT ( 'NONE',  ( 1.267949192431115479, 1.780678199393402439, 7.799306709586761421 ) ) ;
#906 = ORIENTED_EDGE ( 'NONE', *, *, #1017, .F. ) ;
#907 = VECTOR ( 'NONE', #384, 1000.000000000000000 ) ;
#908 = CARTESIAN_POINT ( 'NONE',  ( 18.73205081243111536, 4.750000000000095923, -8.227241335952111712 ) ) ;
#909 = VERTEX_POINT ( 'NONE', #1678 ) ;
#910 = CIRCLE ( 'NONE', #453, 8.000000000000000000 ) ;
#911 = ADVANCED_FACE ( 'NONE', ( #36 ), #1648, .T. ) ;
#912 = CARTESIAN_POINT ( 'NONE',  ( 1.589837923664066510, -2.383418351084165998, -6.369764733823302549 ) ) ;
#913 = LINE ( 'NONE', #507, #1400 ) ;
#914 = CARTESIAN_POINT ( 'NONE',  ( 1.516677787658249787, 6.907416217613080889, 1.526131799648286158 ) ) ;
#915 = CARTESIAN_POINT ( 'NONE',  ( 1.323218714861175371, 5.658829157751259054, -5.359683808160166762 ) ) ;
#916 = ORIENTED_EDGE ( 'NONE', *, *, #521, .F. ) ;
#917 = EDGE_CURVE ( 'NONE', #1383, #909, #492, .T. ) ;
#918 = CARTESIAN_POINT ( 'NONE',  ( 18.26991464295391410, 7.475937505663315719, 2.408441875710917834 ) ) ;
#919 = CALENDAR_DATE ( 2026, 26, 5 ) ;
#920 = VERTEX_POINT ( 'NONE', #1024 ) ;
#921 = CARTESIAN_POINT ( 'NONE',  ( 1.473837683137161125, -7.027009211520941712, 1.713222153427149896 ) ) ;
#922 = EDGE_CURVE ( 'NONE', #752, #1669, #353, .T. ) ;
#923 = CARTESIAN_POINT ( 'NONE',  ( 5.924124635130540995, -2.890224956268264034, -1.197213627590267171 ) ) ;
#924 = CARTESIAN_POINT ( 'NONE',  ( 1.315202713032407322, 5.688594566505056349, 5.371588566171816126 ) ) ;
#925 = AXIS2_PLACEMENT_3D ( 'NONE', #820, #826, #1373 ) ;
#926 = B_SPLINE_CURVE_WITH_KNOTS ( 'NONE', 3,
 ( #1151, #1700, #469, #873, #1432, #750, #1299, #769, #1607, #631, #92, #934, #1478, #896, #377, #113, #787, #1183, #1600, #1057, #1720, #641, #71, #1467 ),
 .UNSPECIFIED., .F., .F.,
 ( 4, 2, 2, 2, 2, 2, 2, 2, 2, 2, 2, 4 ),
 ( 0.000000000000000000, 0.0002977406183712553024, 0.0005954812367425106048, 0.001190962473485023595, 0.001786443710227536260, 0.002084184328598792917, 0.002381924946970049358, 0.002977406183712561806, 0.003275146802083817813, 0.003572887420455074254, 0.004168368657197587569, 0.004763849893940100451 ),
 .UNSPECIFIED. ) ;
#927 = ORIENTED_EDGE ( 'NONE', *, *, #1049, .F. ) ;
#928 = UNCERTAINTY_MEASURE_WITH_UNIT (LENGTH_MEASURE( 1.000000000000000082E-05 ), #1546, 'distance_accuracy_value', 'NONE');
#929 = ORIENTED_EDGE ( 'NONE', *, *, #1559, .T. ) ;
#930 = LOCAL_TIME ( 9, 22, 32.00000000000000000, #806 ) ;
#931 = CIRCLE ( 'NONE', #1339, 3.000000000000000888 ) ;
#932 = CARTESIAN_POINT ( 'NONE',  ( 14.50000000000000000, 0.000000000000000000, 0.000000000000000000 ) ) ;
#933 = DIRECTION ( 'NONE',  ( 1.000000000000000000, 0.000000000000000000, 0.000000000000000000 ) ) ;
#934 = CARTESIAN_POINT ( 'NONE',  ( 3.509976494492059729, -3.120175690173426553, 0.1991902949396187894 ) ) ;
#935 = CARTESIAN_POINT ( 'NONE',  ( 18.01884431757945748, 7.607512347348287740, -2.369366197373857119 ) ) ;
#936 = B_SPLINE_CURVE_WITH_KNOTS ( 'NONE', 3,
 ( #870, #1697, #1285, #746, #363, #333, #464, #755, #46, #206, #67, #1000, #1457, #1597, #616, #1314, #592, #1181, #229, #1009, #1324, #1560, #638, #1426 ),
 .UNSPECIFIED., .F., .F.,
 ( 4, 2, 2, 2, 2, 2, 2, 2, 2, 2, 2, 4 ),
 ( 8.940560153363745023E-19, 0.0002981809602553645846, 0.0005963619205107283019, 0.001192723841021455736, 0.001789085761532183605, 0.002087266721787547647, 0.002385447682042911906, 0.002981809602553640425, 0.003279990562809004685, 0.003578171523064369811, 0.004174533443575101366, 0.004770895364085833354 ),
 .UNSPECIFIED. ) ;
#937 = ORIENTED_EDGE ( 'NONE', *, *, #948, .T. ) ;
#938 = CARTESIAN_POINT ( 'NONE',  ( 18.73205081243111536, 6.486842105263158409, 2.630756450412133685 ) ) ;
#939 = DATE_AND_TIME ( #388, #930 ) ;
#940 = EDGE_LOOP ( 'NONE', ( #180, #691, #906, #1547 ) ) ;
#941 = CARTESIAN_POINT ( 'NONE',  ( 1.315249291638739937, -5.688421608553443143, 5.371519391158008361 ) ) ;
#942 = CIRCLE ( 'NONE', #1575, 8.000000000000000000 ) ;
#943 = AXIS2_PLACEMENT_3D ( 'NONE', #144, #1380, #693 ) ;
#944 = ADVANCED_FACE ( 'NONE', ( #207 ), #1780, .T. ) ;
#945 = CARTESIAN_POINT ( 'NONE',  ( -0.001000000000001000089, -4.750000000000039080, 8.227241335952145462 ) ) ;
#946 = CARTESIAN_POINT ( 'NONE',  ( 1.267949192431116812, -7.644736842105250396, -2.357540798153578976 ) ) ;
#947 = CARTESIAN_POINT ( 'NONE',  ( 17.73205081243111536, 4.749999999999980460, 8.227241335952177437 ) ) ;
#948 = EDGE_CURVE ( 'NONE', #190, #431, #1539, .T. ) ;
#949 = ORIENTED_EDGE ( 'NONE', *, *, #348, .T. ) ;
#950 = CARTESIAN_POINT ( 'NONE',  ( 17.73205081243111536, 0.000000000000000000, 0.000000000000000000 ) ) ;
#951 = ORIENTED_EDGE ( 'NONE', *, *, #392, .T. ) ;
#952 = FACE_OUTER_BOUND ( 'NONE', #1683, .T. ) ;
#953 = CARTESIAN_POINT ( 'NONE',  ( 18.73205081243111536, 0.000000000000000000, 0.000000000000000000 ) ) ;
#954 = B_SPLINE_CURVE_WITH_KNOTS ( 'NONE', 3,
 ( #154, #1659, #935, #1103, #694, #819, #428, #1241 ),
 .UNSPECIFIED., .F., .F.,
 ( 4, 2, 2, 4 ),
 ( 0.000000000000000000, 0.0004282308635530239949, 0.0008564617271060479898, 0.001712923454212095546 ),
 .UNSPECIFIED. ) ;
#955 = DIRECTION ( 'NONE',  ( -1.000000000000000000, -0.000000000000000000, -0.000000000000000000 ) ) ;
#956 = AXIS2_PLACEMENT_3D ( 'NONE', #1012, #1404, #1141 ) ;
#957 = FACE_OUTER_BOUND ( 'NONE', #663, .T. ) ;
#958 = VERTEX_POINT ( 'NONE', #9 ) ;
#959 = CARTESIAN_POINT ( 'NONE',  ( 13.80000000000000071, 0.3999999999999999112, -1.750000000000000000 ) ) ;
#960 = ORIENTED_EDGE ( 'NONE', *, *, #569, .T. ) ;
#961 = CARTESIAN_POINT ( 'NONE',  ( 17.73205081243111536, -4.749999999999923617, -5.227241335952209411 ) ) ;
#962 = VECTOR ( 'NONE', #867, 999.9999999999998863 ) ;
#963 = CARTESIAN_POINT ( 'NONE',  ( 18.01884587393707093, -5.855687398853267389, -5.403615424646177168 ) ) ;
#964 = CARTESIAN_POINT ( 'NONE',  ( 18.73205081243111536, 5.521722969858314123, -4.302391828290293319 ) ) ;
#965 = EDGE_CURVE ( 'NONE', #502, #1351, #257, .T. ) ;
#966 = ORIENTED_EDGE ( 'NONE', *, *, #127, .T. ) ;
#967 = CARTESIAN_POINT ( 'NONE',  ( 17.73205081243111536, -4.749999999999923617, -8.227241335952209411 ) ) ;
#968 = ADVANCED_FACE ( 'NONE', ( #1497 ), #1506, .F. ) ;
#969 = CIRCLE ( 'NONE', #562, 8.000000000000000000 ) ;
#970 = CARTESIAN_POINT ( 'NONE',  ( 17.73205081243111536, -4.749999999999923617, -8.227241335952209411 ) ) ;
#971 = FACE_OUTER_BOUND ( 'NONE', #1154, .T. ) ;
#972 = CARTESIAN_POINT ( 'NONE',  ( 3.803039569526282637, -6.642273418271760654, 0.9245640766124921806 ) ) ;
#973 = EDGE_LOOP ( 'NONE', ( #202, #1071, #1481, #1374 ) ) ;
#974 = EDGE_CURVE ( 'NONE', #1338, #1033, #634, .T. ) ;
#975 = CARTESIAN_POINT ( 'NONE',  ( 1.473273341311138962, -4.999864879059704670, -5.229296083769356507 ) ) ;
#976 = EDGE_CURVE ( 'NONE', #958, #1444, #954, .T. ) ;
#977 = DIRECTION ( 'NONE',  ( 0.000000000000000000, 0.000000000000000000, -1.000000000000000000 ) ) ;
#978 = PLANE ( 'NONE',  #289 ) ;
#979 = CARTESIAN_POINT ( 'NONE',  ( 3.810104870807455857, -6.642824150406688055, -0.9184726846780488785 ) ) ;
#980 = ORIENTED_EDGE ( 'NONE', *, *, #566, .F. ) ;
#981 = DIRECTION ( 'NONE',  ( -1.000000000000000000, -0.000000000000000000, -0.000000000000000000 ) ) ;
#982 = B_SPLINE_CURVE_WITH_KNOTS ( 'NONE', 3,
 ( #1447, #1047, #1486, #619, #914, #243, #385, #1628, #795, #1328, #757, #661, #1211, #1730, #1760, #650, #1336, #222 ),
 .UNSPECIFIED., .F., .F.,
 ( 4, 2, 2, 2, 2, 2, 2, 2, 4 ),
 ( 0.01385850793557975337, 0.01454159622583326393, 0.01522468451608677449, 0.01590777280634028332, 0.01659086109659379388, 0.01727394938684730444, 0.01795703767710081500, 0.01864012596735432209, 0.01932321425760783265 ),
 .UNSPECIFIED. ) ;
#983 = DIRECTION ( 'NONE',  ( 0.000000000000000000, -1.776356839400250465E-15, 1.000000000000000000 ) ) ;
#984 = FACE_OUTER_BOUND ( 'NONE', #1170, .T. ) ;
#985 = AXIS2_PLACEMENT_3D ( 'NONE', #1671, #1384, #834 ) ;
#986 = DIRECTION ( 'NONE',  ( 0.000000000000000000, 0.000000000000000000, 1.000000000000000000 ) ) ;
#987 = ORIENTED_EDGE ( 'NONE', *, *, #1642, .F. ) ;
#988 = LINE ( 'NONE', #299, #1368 ) ;
#989 = FACE_OUTER_BOUND ( 'NONE', #1360, .T. ) ;
#990 = AXIS2_PLACEMENT_3D ( 'NONE', #786, #221, #81 ) ;
#991 = EDGE_CURVE ( 'NONE', #579, #1029, #1355, .T. ) ;
#992 = DIRECTION ( 'NONE',  ( -1.000000000000000000, -0.000000000000000000, -0.000000000000000000 ) ) ;
#993 = CARTESIAN_POINT ( 'NONE',  ( 17.73205081243111536, 0.000000000000000000, 0.000000000000000000 ) ) ;
#994 = VECTOR ( 'NONE', #992, 1000.000000000000000 ) ;
#995 = EDGE_CURVE ( 'NONE', #352, #238, #1142, .T. ) ;
#996 = ORIENTED_EDGE ( 'NONE', *, *, #72, .F. ) ;
#997 = ORIENTED_EDGE ( 'NONE', *, *, #965, .T. ) ;
#998 = LINE ( 'NONE', #624, #1562 ) ;
#999 = ORIENTED_EDGE ( 'NONE', *, *, #1590, .T. ) ;
#1000 = CARTESIAN_POINT ( 'NONE',  ( 6.489976891465444098, -6.505047814102285386, 0.1995687586931199353 ) ) ;
#1001 = CARTESIAN_POINT ( 'NONE',  ( 0.6163365060105172599, 0.000000000000000000, 0.000000000000000000 ) ) ;
#1002 = DIRECTION ( 'NONE',  ( 0.000000000000000000, 0.000000000000000000, 1.000000000000000000 ) ) ;
#1003 = CARTESIAN_POINT ( 'NONE',  ( 9.339263314412532324, 7.644736842105262831, 2.357540798153544337 ) ) ;
#1004 = EDGE_LOOP ( 'NONE', ( #317, #951, #999, #804, #1367, #194, #1696, #997, #960, #813, #742 ) ) ;
#1005 = ORIENTED_EDGE ( 'NONE', *, *, #1397, .F. ) ;
#1006 = PERSON_AND_ORGANIZATION ( #734, #329 ) ;
#1007 = ORIENTED_EDGE ( 'NONE', *, *, #1615, .F. ) ;
#1008 = B_SPLINE_CURVE_WITH_KNOTS ( 'NONE', 3,
 ( #1609, #510, #115, #501, #106, #1070, #1468, #1048 ),
 .UNSPECIFIED., .F., .F.,
 ( 4, 2, 2, 4 ),
 ( -6.694346574660390270E-06, 0.0008485698355562518733, 0.001276201926621705609, 0.001703834017687159454 ),
 .UNSPECIFIED. ) ;
#1009 = CARTESIAN_POINT ( 'NONE',  ( 5.922510446269207307, -6.745898888452691367, -1.198355835169727879 ) ) ;
#1010 = DIRECTION ( 'NONE',  ( 0.000000000000000000, 0.000000000000000000, -1.000000000000000000 ) ) ;
#1011 = CARTESIAN_POINT ( 'NONE',  ( 0.000000000000000000, 0.000000000000000000, 0.000000000000000000 ) ) ;
#1012 = CARTESIAN_POINT ( 'NONE',  ( 0.000000000000000000, 0.000000000000000000, 0.000000000000000000 ) ) ;
#1013 = VECTOR ( 'NONE', #1511, 1000.000000000000000 ) ;
#1014 = AXIS2_PLACEMENT_3D ( 'NONE', #1179, #330, #1144 ) ;
#1015 = ORIENTED_EDGE ( 'NONE', *, *, #476, .T. ) ;
#1016 = ORIENTED_EDGE ( 'NONE', *, *, #175, .F. ) ;
#1017 = EDGE_CURVE ( 'NONE', #227, #920, #79, .T. ) ;
#1018 = CARTESIAN_POINT ( 'NONE',  ( 1.267949192431115479, -7.644736842105262831, 2.357540798153544337 ) ) ;
#1019 = PERSON_AND_ORGANIZATION ( #734, #329 ) ;
#1020 = ORIENTED_EDGE ( 'NONE', *, *, #201, .F. ) ;
#1021 = B_SPLINE_CURVE_WITH_KNOTS ( 'NONE', 3,
 ( #617, #100, #748, #1334, #1315, #894, #58, #756 ),
 .UNSPECIFIED., .F., .F.,
 ( 4, 2, 2, 4 ),
 ( -6.694346574660309802E-06, 0.0008485698355562494881, 0.001276201926621704308, 0.001703834017687159237 ),
 .UNSPECIFIED. ) ;
#1022 = FACE_OUTER_BOUND ( 'NONE', #1365, .T. ) ;
#1023 = ADVANCED_FACE ( 'NONE', ( #971 ), #406, .T. ) ;
#1024 = CARTESIAN_POINT ( 'NONE',  ( 1.099299419155052915, 0.000000000000000000, 8.629409522551254597 ) ) ;
#1025 = CARTESIAN_POINT ( 'NONE',  ( 17.73205081243111536, 0.000000000000000000, 0.000000000000000000 ) ) ;
#1026 = CARTESIAN_POINT ( 'NONE',  ( 13.80000000000000071, -0.4000000000000001332, -1.750000000000000000 ) ) ;
#1027 = VECTOR ( 'NONE', #1222, 1000.000000000000000 ) ;
#1028 = AXIS2_PLACEMENT_3D ( 'NONE', #1446, #884, #1161 ) ;
#1029 = VERTEX_POINT ( 'NONE', #946 ) ;
#1030 = CIRCLE ( 'NONE', #1117, 1.000000000000000000 ) ;
#1031 = ORIENTED_EDGE ( 'NONE', *, *, #1165, .F. ) ;
#1032 = CARTESIAN_POINT ( 'NONE',  ( 6.459015078574908308, -3.104804465678022041, -0.3992952230174594552 ) ) ;
#1033 = VERTEX_POINT ( 'NONE', #964 ) ;
#1034 = ADVANCED_FACE ( 'NONE', ( #669 ), #286, .T. ) ;
#1035 = DIRECTION ( 'NONE',  ( 0.000000000000000000, 0.000000000000000000, 1.000000000000000000 ) ) ;
#1036 = CARTESIAN_POINT ( 'NONE',  ( 1.267949192431172767, 7.644736842104975061, -2.357540798153824557 ) ) ;
#1037 = AXIS2_PLACEMENT_3D ( 'NONE', #447, #1286, #1296 ) ;
#1038 = CARTESIAN_POINT ( 'NONE',  ( 1.619504932377481277, 4.097205417110725278, -5.290356841632315010 ) ) ;
#1039 = ORIENTED_EDGE ( 'NONE', *, *, #63, .T. ) ;
#1040 = CARTESIAN_POINT ( 'NONE',  ( 17.87707244836814269, -1.780678199393348038, -7.799306709586774744 ) ) ;
#1041 = CARTESIAN_POINT ( 'NONE',  ( 13.80000000000000071, -0.4000000000000001887, 1.750000000000000222 ) ) ;
#1042 = ORIENTED_EDGE ( 'NONE', *, *, #37, .F. ) ;
#1043 = CIRCLE ( 'NONE', #1272, 7.000000000000000000 ) ;
#1044 = DIRECTION ( 'NONE',  ( 0.000000000000000000, 0.000000000000000000, 1.000000000000000000 ) ) ;
#1045 = FACE_OUTER_BOUND ( 'NONE', #527, .T. ) ;
#1046 = DIRECTION ( 'NONE',  ( 1.000000000000000000, -0.000000000000000000, -0.000000000000000000 ) ) ;
#1047 = CARTESIAN_POINT ( 'NONE',  ( 1.323220604612881601, 7.471030973921319429, 2.220843228463893038 ) ) ;
#1048 = CARTESIAN_POINT ( 'NONE',  ( 17.73205081243111536, -7.644736842105262831, 2.357540798153544337 ) ) ;
#1049 = EDGE_CURVE ( 'NONE', #61, #1433, #1277, .T. ) ;
#1050 = ORIENTED_EDGE ( 'NONE', *, *, #99, .F. ) ;
#1051 = CARTESIAN_POINT ( 'NONE',  ( 1.267949192431115701, 0.000000000000000000, 8.000000000000000000 ) ) ;
#1052 = COORDINATED_UNIVERSAL_TIME_OFFSET ( 1, 0, .AHEAD. ) ;
#1053 = ORIENTED_EDGE ( 'NONE', *, *, #1102, .F. ) ;
#1054 = CARTESIAN_POINT ( 'NONE',  ( 1.516761777500138297, -2.132169369388571489, -6.744712814177958649 ) ) ;
#1055 = DIRECTION ( 'NONE',  ( -1.000000000000000000, -0.000000000000000000, -0.000000000000000000 ) ) ;
#1056 = LINE ( 'NONE', #640, #772 ) ;
#1057 = CARTESIAN_POINT ( 'NONE',  ( 4.077524783380501283, -2.889697249237701548, -1.198434237912425981 ) ) ;
#1058 = EDGE_CURVE ( 'NONE', #752, #282, #571, .T. ) ;
#1059 = CARTESIAN_POINT ( 'NONE',  ( 1.267949192431121475, -5.864058642711981406, 5.441765911433043001 ) ) ;
#1060 = ORIENTED_EDGE ( 'NONE', *, *, #683, .F. ) ;
#1061 = TOROIDAL_SURFACE ( 'NONE', #1204, 4.000000000000000000, 1.000000000000000000 ) ;
#1062 = EDGE_CURVE ( 'NONE', #253, #452, #1289, .T. ) ;
#1063 = CARTESIAN_POINT ( 'NONE',  ( 18.64301992670275609, 7.050925171342849573, 2.521453988665726786 ) ) ;
#1064 = EDGE_LOOP ( 'NONE', ( #877, #1647, #665, #842 ) ) ;
#1065 = AXIS2_PLACEMENT_3D ( 'NONE', #1629, #955, #264 ) ;
#1066 = CARTESIAN_POINT ( 'NONE',  ( 18.73205081243111536, 4.750000000000095923, -8.227241335952111712 ) ) ;
#1067 = CARTESIAN_POINT ( 'NONE',  ( 5.394349444092727985, -2.767998009763929179, -1.450623012586995664 ) ) ;
#1068 = DIRECTION ( 'NONE',  ( -1.000000000000000000, -0.000000000000000000, -0.000000000000000000 ) ) ;
#1069 = DIRECTION ( 'NONE',  ( -1.000000000000000000, -0.000000000000000000, -0.000000000000000000 ) ) ;
#1070 = CARTESIAN_POINT ( 'NONE',  ( 18.01884587393706738, -7.607511929451640675, 2.369366331704331863 ) ) ;
#1071 = ORIENTED_EDGE ( 'NONE', *, *, #1688, .F. ) ;
#1072 = CARTESIAN_POINT ( 'NONE',  ( 0.6163365060105172599, 0.000000000000000000, 0.000000000000000000 ) ) ;
#1073 = EDGE_LOOP ( 'NONE', ( #1580, #511, #493, #980 ) ) ;
#1074 = CARTESIAN_POINT ( 'NONE',  ( 17.73205081243111536, 4.750000000000095923, -8.227241335952111712 ) ) ;
#1075 = DIRECTION ( 'NONE',  ( 0.000000000000000000, 0.000000000000000000, 1.000000000000000000 ) ) ;
#1076 = CARTESIAN_POINT ( 'NONE',  ( 18.37949246294176575, 5.800065879425964077, -5.175284636727187859 ) ) ;
#1077 = ORIENTED_EDGE ( 'NONE', *, *, #816, .F. ) ;
#1078 = B_SPLINE_CURVE_WITH_KNOTS ( 'NONE', 3,
 ( #805, #1623, #387, #918, #655, #1063, #1088, #1470 ),
 .UNSPECIFIED., .F., .F.,
 ( 4, 2, 2, 4 ),
 ( 0.000000000000000000, 0.0004282308635530236696, 0.0008564617271060473392, 0.001712923454212094678 ),
 .UNSPECIFIED. ) ;
#1079 = CARTESIAN_POINT ( 'NONE',  ( 13.50000000000000178, 0.3999999999999999112, -1.750000000000000000 ) ) ;
#1080 = VERTEX_POINT ( 'NONE', #16 ) ;
#1081 = EDGE_CURVE ( 'NONE', #1137, #55, #404, .T. ) ;
#1082 = VECTOR ( 'NONE', #494, 1000.000000000000000 ) ;
#1083 = FACE_OUTER_BOUND ( 'NONE', #610, .T. ) ;
#1084 = ADVANCED_FACE ( 'NONE', ( #1123 ), #374, .T. ) ;
#1085 = CARTESIAN_POINT ( 'NONE',  ( 18.01884431757945748, 5.855687491468101413, -5.403615853720407536 ) ) ;
#1086 = DIRECTION ( 'NONE',  ( 0.000000000000000000, 8.673617379884032514E-16, 1.000000000000000000 ) ) ;
#1087 = VERTEX_POINT ( 'NONE', #187 ) ;
#1088 = CARTESIAN_POINT ( 'NONE',  ( 18.73205081243111536, 6.768378537190692157, 2.583420591925795762 ) ) ;
#1089 = EDGE_LOOP ( 'NONE', ( #256, #1412, #481, #475 ) ) ;
#1090 = VECTOR ( 'NONE', #535, 1000.000000000000000 ) ;
#1091 = CARTESIAN_POINT ( 'NONE',  ( 1.267949192431116812, -7.644736842105250396, -2.357540798153578976 ) ) ;
#1092 = CIRCLE ( 'NONE', #564, 3.124999999999999112 ) ;
#1093 = DIRECTION ( 'NONE',  ( -1.000000000000000000, -0.000000000000000000, -0.000000000000000000 ) ) ;
#1094 = DIRECTION ( 'NONE',  ( 1.000000000000000000, 0.000000000000000000, 0.000000000000000000 ) ) ;
#1095 = CARTESIAN_POINT ( 'NONE',  ( 3.541267396037059090, -6.521164670626824034, -0.4002402643399313731 ) ) ;
#1096 = ORIENTED_EDGE ( 'NONE', *, *, #402, .T. ) ;
#1097 = CARTESIAN_POINT ( 'NONE',  ( 18.73205081243111536, -4.749999999999923617, -4.227241335952210299 ) ) ;
#1098 = ORIENTED_EDGE ( 'NONE', *, *, #1545, .T. ) ;
#1099 = AXIS2_PLACEMENT_3D ( 'NONE', #1138, #168, #1269 ) ;
#1100 = LINE ( 'NONE', #843, #444 ) ;
#1101 = DIRECTION ( 'NONE',  ( 0.000000000000000000, 0.000000000000000000, -1.000000000000000000 ) ) ;
#1102 = EDGE_CURVE ( 'NONE', #122, #1704, #942, .T. ) ;
#1103 = CARTESIAN_POINT ( 'NONE',  ( 18.26991464295391765, 7.475937505663316607, -2.408441875710916946 ) ) ;
#1104 = AXIS2_PLACEMENT_3D ( 'NONE', #993, #1290, #986 ) ;
#1105 = ADVANCED_FACE ( 'NONE', ( #162 ), #737, .T. ) ;
#1106 = ORIENTED_EDGE ( 'NONE', *, *, #1429, .T. ) ;
#1107 = LOCAL_TIME ( 9, 22, 32.00000000000000000, #44 ) ;
#1108 = CARTESIAN_POINT ( 'NONE',  ( 17.73205081243111536, -4.750000000000039080, 8.227241335952145462 ) ) ;
#1109 = CARTESIAN_POINT ( 'NONE',  ( 18.26991464295391410, 5.823740600735617612, -5.270130859153774772 ) ) ;
#1110 = FACE_OUTER_BOUND ( 'NONE', #1089, .T. ) ;
#1111 = ADVANCED_FACE ( 'NONE', ( #984 ), #1535, .T. ) ;
#1112 = VERTEX_POINT ( 'NONE', #315 ) ;
#1113 = EDGE_CURVE ( 'NONE', #603, #97, #47, .T. ) ;
#1114 = CARTESIAN_POINT ( 'NONE',  ( 17.73205081243111536, -4.750000000000039080, 8.227241335952145462 ) ) ;
#1115 = VECTOR ( 'NONE', #583, 1000.000000000000000 ) ;
#1116 = CARTESIAN_POINT ( 'NONE',  ( 13.50000000000000178, 0.3999999999999998557, 1.450000000000000178 ) ) ;
#1117 = AXIS2_PLACEMENT_3D ( 'NONE', #1353, #593, #977 ) ;
#1118 = CARTESIAN_POINT ( 'NONE',  ( 1.634577260396406384, 2.641996159182180559, 6.085170167277935249 ) ) ;
#1119 = FACE_OUTER_BOUND ( 'NONE', #1329, .T. ) ;
#1120 = ORIENTED_EDGE ( 'NONE', *, *, #1214, .F. ) ;
#1121 = DIRECTION ( 'NONE',  ( -1.000000000000000000, -0.000000000000000000, -0.000000000000000000 ) ) ;
#1122 = PRODUCT_RELATED_PRODUCT_CATEGORY ( 'detail', '', ( #1484 ) ) ;
#1123 = FACE_OUTER_BOUND ( 'NONE', #1234, .T. ) ;
#1124 = CARTESIAN_POINT ( 'NONE',  ( 1.099299419155052915, 1.056797875032408302E-15, -8.629409522551254597 ) ) ;
#1125 = TOROIDAL_SURFACE ( 'NONE', #30, 4.000000000000000000, 1.000000000000000000 ) ;
#1126 = ORIENTED_EDGE ( 'NONE', *, *, #123, .F. ) ;
#1127 = CARTESIAN_POINT ( 'NONE',  ( 18.73205081243111536, 0.9651191354049760696, -6.933148278702479850 ) ) ;
#1128 = CARTESIAN_POINT ( 'NONE',  ( 9.339263279609014035, 5.864058642711832192, 5.441765911433226854 ) ) ;
#1129 = EDGE_CURVE ( 'NONE', #542, #1087, #1092, .T. ) ;
#1130 =( GEOMETRIC_REPRESENTATION_CONTEXT ( 3 ) GLOBAL_UNCERTAINTY_ASSIGNED_CONTEXT ( ( #928 ) ) GLOBAL_UNIT_ASSIGNED_CONTEXT ( ( #1546, #320, #204 ) ) REPRESENTATION_CONTEXT ( 'NONE', 'WORKASPACE' ) );
#1131 = CARTESIAN_POINT ( 'NONE',  ( 17.73205081243111536, 0.000000000000000000, 0.000000000000000000 ) ) ;
#1132 = CARTESIAN_POINT ( 'NONE',  ( 18.64301992670275965, 5.709105794329533801, 4.845553324233200065 ) ) ;
#1133 = CYLINDRICAL_SURFACE ( 'NONE', #1574, 1.500000000000000666 ) ;
#1134 = ORIENTED_EDGE ( 'NONE', *, *, #1300, .T. ) ;
#1135 = ORIENTED_EDGE ( 'NONE', *, *, #991, .T. ) ;
#1136 = APPROVAL_ROLE ( '' ) ;
#1137 = VERTEX_POINT ( 'NONE', #308 ) ;
#1138 = CARTESIAN_POINT ( 'NONE',  ( 1.267949192431115701, 0.000000000000000000, 0.000000000000000000 ) ) ;
#1139 = CIRCLE ( 'NONE', #20, 9.000000000000000000 ) ;
#1140 = DIRECTION ( 'NONE',  ( -1.000000000000000000, -0.000000000000000000, -0.000000000000000000 ) ) ;
#1141 = DIRECTION ( 'NONE',  ( 0.000000000000000000, 0.000000000000000000, 1.000000000000000000 ) ) ;
#1142 = CIRCLE ( 'NONE', #688, 3.000000000000000888 ) ;
#1143 = ORIENTED_EDGE ( 'NONE', *, *, #974, .T. ) ;
#1144 = DIRECTION ( 'NONE',  ( 0.000000000000000000, 0.000000000000000000, 1.000000000000000000 ) ) ;
#1145 = PERSON_AND_ORGANIZATION ( #734, #329 ) ;
#1146 = ORIENTED_EDGE ( 'NONE', *, *, #1661, .T. ) ;
#1147 = CARTESIAN_POINT ( 'NONE',  ( 18.64301992670275965, 1.341819377013390158, -7.367007312898898874 ) ) ;
#1148 = FACE_BOUND ( 'NONE', #880, .T. ) ;
#1149 = CARTESIAN_POINT ( 'NONE',  ( 1.668727667461204600, 3.057240021446743672, 5.743832374948263819 ) ) ;
#1150 = FACE_OUTER_BOUND ( 'NONE', #621, .T. ) ;
#1151 = CARTESIAN_POINT ( 'NONE',  ( 5.000000000000000000, -2.741464024932662724, 1.500000000000000666 ) ) ;
#1152 = ADVANCED_FACE ( 'NONE', ( #561, #301 ), #978, .T. ) ;
#1153 = CARTESIAN_POINT ( 'NONE',  ( 17.73205081243111536, -5.864058642711867719, 5.441765911433185110 ) ) ;
#1154 = EDGE_LOOP ( 'NONE', ( #1077, #51, #290, #680 ) ) ;
#1155 = ADVANCED_FACE ( 'NONE', ( #1262 ), #262, .T. ) ;
#1156 = CARTESIAN_POINT ( 'NONE',  ( 14.50000000000000000, 0.3999999999999999112, 1.750000000000000000 ) ) ;
#1157 = COORDINATED_UNIVERSAL_TIME_OFFSET ( 1, 0, .AHEAD. ) ;
#1158 = ORIENTED_EDGE ( 'NONE', *, *, #1249, .T. ) ;
#1159 = DIRECTION ( 'NONE',  ( -1.000000000000000000, -0.000000000000000000, -0.000000000000000000 ) ) ;
#1160 = DIRECTION ( 'NONE',  ( -1.000000000000000000, -0.000000000000000000, -0.000000000000000000 ) ) ;
#1161 = DIRECTION ( 'NONE',  ( 0.000000000000000000, 0.000000000000000000, 1.000000000000000000 ) ) ;
#1162 = CARTESIAN_POINT ( 'NONE',  ( 18.73205081243111536, 0.000000000000000000, 0.000000000000000000 ) ) ;
#1163 = PRODUCT_DEFINITION_FORMATION_WITH_SPECIFIED_SOURCE ( 'ANY', '', #1484, .NOT_KNOWN. ) ;
#1164 = VECTOR ( 'NONE', #881, 1000.000000000000000 ) ;
#1165 = EDGE_CURVE ( 'NONE', #164, #557, #343, .T. ) ;
#1166 = CARTESIAN_POINT ( 'NONE',  ( 1.267949192431115701, 0.000000000000000000, 0.000000000000000000 ) ) ;
#1167 = ORIENTED_EDGE ( 'NONE', *, *, #1049, .T. ) ;
#1168 = CARTESIAN_POINT ( 'NONE',  ( 5.395461375229841039, -2.768166207184942884, 1.450302701234011504 ) ) ;
#1169 = CARTESIAN_POINT ( 'NONE',  ( 0.000000000000000000, 0.000000000000000000, 0.000000000000000000 ) ) ;
#1170 = EDGE_LOOP ( 'NONE', ( #1735, #875, #519, #1158 ) ) ;
#1171 = EDGE_CURVE ( 'NONE', #66, #1424, #1409, .T. ) ;
#1172 = LINE ( 'NONE', #487, #1164 ) ;
#1173 = DIRECTION ( 'NONE',  ( -1.000000000000000000, -0.000000000000000000, -0.000000000000000000 ) ) ;
#1174 = DIRECTION ( 'NONE',  ( 1.000000000000000000, 0.000000000000000000, 0.000000000000000000 ) ) ;
#1175 = AXIS2_PLACEMENT_3D ( 'NONE', #442, #1140, #1278 ) ;
#1176 = ORIENTED_EDGE ( 'NONE', *, *, #1524, .T. ) ;
#1177 = VECTOR ( 'NONE', #1672, 1000.000000000000000 ) ;
#1178 = ORIENTED_EDGE ( 'NONE', *, *, #520, .F. ) ;
#1179 = CARTESIAN_POINT ( 'NONE',  ( 13.50000000000000178, -0.4000000000000001332, -1.750000000000000000 ) ) ;
#1180 = VERTEX_POINT ( 'NONE', #1550 ) ;
#1181 = CARTESIAN_POINT ( 'NONE',  ( 6.189634620985474456, -6.642933481522201866, -0.9188163944335683286 ) ) ;
#1182 = CARTESIAN_POINT ( 'NONE',  ( 18.73205081243111536, 8.000000000000000000, 0.000000000000000000 ) ) ;
#1183 = CARTESIAN_POINT ( 'NONE',  ( 3.810001362600877961, -2.988189580472476514, -0.9183447568350777690 ) ) ;
#1184 = CIRCLE ( 'NONE', #1407, 3.000000000000000888 ) ;
#1185 = CARTESIAN_POINT ( 'NONE',  ( 9.340314302920925016, 1.780678199393511241, -7.799306709586736552 ) ) ;
#1186 = VERTEX_POINT ( 'NONE', #639 ) ;
#1187 = DIRECTION ( 'NONE',  ( 0.000000000000000000, 0.000000000000000000, 1.000000000000000000 ) ) ;
#1188 = VECTOR ( 'NONE', #1620, 1000.000000000000000 ) ;
#1189 = DIRECTION ( 'NONE',  ( 0.000000000000000000, 0.000000000000000000, 1.000000000000000000 ) ) ;
#1190 = ADVANCED_FACE ( 'NONE', ( #1298 ), #649, .T. ) ;
#1191 = FACE_OUTER_BOUND ( 'NONE', #332, .T. ) ;
#1192 = DIRECTION ( 'NONE',  ( -1.000000000000000000, 0.000000000000000000, -0.000000000000000000 ) ) ;
#1193 = ADVANCED_FACE ( 'NONE', ( #364, #1191 ), #1598, .F. ) ;
#1194 = ORIENTED_EDGE ( 'NONE', *, *, #1165, .T. ) ;
#1195 = CIRCLE ( 'NONE', #839, 4.000000000000000000 ) ;
#1196 = ORIENTED_EDGE ( 'NONE', *, *, #1370, .T. ) ;
#1197 = DIRECTION ( 'NONE',  ( 0.000000000000000000, 0.000000000000000000, 1.000000000000000000 ) ) ;
#1198 = B_SPLINE_CURVE_WITH_KNOTS ( 'NONE', 3,
 ( #322, #776, #902, #1416, #766, #1147, #1437, #78 ),
 .UNSPECIFIED., .F., .F.,
 ( 4, 2, 2, 4 ),
 ( 0.000000000000000000, 0.0004282308635530239407, 0.0008564617271060478813, 0.001712923454212096196 ),
 .UNSPECIFIED. ) ;
#1199 = CARTESIAN_POINT ( 'NONE',  ( 0.000000000000000000, 0.000000000000000000, 9.000000000000000000 ) ) ;
#1200 = CARTESIAN_POINT ( 'NONE',  ( -0.001000000000001000089, -4.750000000000039080, 5.227241335952145462 ) ) ;
#1201 = CARTESIAN_POINT ( 'NONE',  ( 17.73205081243111536, 4.750000000000095923, -5.227241335952110823 ) ) ;
#1202 = CARTESIAN_POINT ( 'NONE',  ( 14.50000000000000000, -0.4000000000000001332, -1.750000000000000000 ) ) ;
#1203 = EDGE_LOOP ( 'NONE', ( #1782, #398, #266, #901 ) ) ;
#1204 = AXIS2_PLACEMENT_3D ( 'NONE', #1755, #1639, #254 ) ;
#1205 = CC_DESIGN_DATE_AND_TIME_ASSIGNMENT ( #939, #1215, ( #12 ) ) ;
#1206 = DESIGN_CONTEXT ( 'detailed design', #1452, 'design' ) ;
#1207 = CARTESIAN_POINT ( 'NONE',  ( 18.37949246294176930, 5.800065879425893023, 5.175284636727270460 ) ) ;
#1208 = ORIENTED_EDGE ( 'NONE', *, *, #628, .T. ) ;
#1209 = DIRECTION ( 'NONE',  ( -1.000000000000000000, -0.000000000000000000, -0.000000000000000000 ) ) ;
#1210 = CARTESIAN_POINT ( 'NONE',  ( 0.000000000000000000, 1.102182119232617714E-15, -9.000000000000000000 ) ) ;
#1211 = CARTESIAN_POINT ( 'NONE',  ( 1.590690685170887075, 6.705820118790154716, -1.115058613530967024 ) ) ;
#1212 = DIRECTION ( 'NONE',  ( -1.000000000000000000, -0.000000000000000000, -0.000000000000000000 ) ) ;
#1213 = ORIENTED_EDGE ( 'NONE', *, *, #853, .T. ) ;
#1214 = EDGE_CURVE ( 'NONE', #1732, #713, #913, .T. ) ;
#1215 = DATE_TIME_ROLE ( 'classification_date' ) ;
#1216 = APPLICATION_CONTEXT ( 'configuration controlled 3d designs of mechanical parts and assemblies' ) ;
#1217 = VERTEX_POINT ( 'NONE', #479 ) ;
#1218 = EDGE_CURVE ( 'NONE', #190, #609, #1021, .T. ) ;
#1219 = PRODUCT_DEFINITION_SHAPE ( 'NONE', 'NONE',  #664 ) ;
#1220 = CARTESIAN_POINT ( 'NONE',  ( 1.267949192431121475, -5.864058642711981406, 5.441765911433043001 ) ) ;
#1221 = CLOSED_SHELL ( 'NONE', ( #500, #89, #1084, #152, #470, #622, #968, #11, #236, #796, #1111, #1152, #549, #1034, #1105, #1508, #1715, #1772, #1193, #1023, #944, #146, #1287, #21, #859, #156, #1626, #1533, #702, #441, #1155, #1526, #585, #143, #911, #1225, #1622, #1611, #284, #105, #1751, #782, #307, #736, #784, #415, #1346, #1190, #1297, #1476 ) ) ;
#1222 = DIRECTION ( 'NONE',  ( -1.000000000000000000, -0.000000000000000000, -0.000000000000000000 ) ) ;
#1223 = CARTESIAN_POINT ( 'NONE',  ( 1.621161120482072837, -2.506705668672339460, 6.203337344689583865 ) ) ;
#1224 = VERTEX_POINT ( 'NONE', #1737 ) ;
#1225 = ADVANCED_FACE ( 'NONE', ( #606 ), #1491, .T. ) ;
#1226 = FACE_OUTER_BOUND ( 'NONE', #1662, .T. ) ;
#1227 = EDGE_LOOP ( 'NONE', ( #719, #19, #1293, #454 ) ) ;
#1228 = AXIS2_PLACEMENT_3D ( 'NONE', #305, #437, #1657 ) ;
#1229 = CIRCLE ( 'NONE', #900, 8.000000000000000000 ) ;
#1230 = CARTESIAN_POINT ( 'NONE',  ( 17.73205081243111536, 0.000000000000000000, 0.000000000000000000 ) ) ;
#1231 = DIRECTION ( 'NONE',  ( 1.000000000000000000, -0.000000000000000000, 0.000000000000000000 ) ) ;
#1232 = CARTESIAN_POINT ( 'NONE',  ( 1.470339299771594943, -2.026644629557542654, 6.956574198406180187 ) ) ;
#1233 = CARTESIAN_POINT ( 'NONE',  ( 4.899187533091256874, -6.901923788646684876, 1.500000000000001110 ) ) ;
#1234 = EDGE_LOOP ( 'NONE', ( #599, #1456, #1630, #158 ) ) ;
#1235 = ORIENTED_EDGE ( 'NONE', *, *, #1453, .T. ) ;
#1236 = VECTOR ( 'NONE', #1781, 1000.000000000000000 ) ;
#1237 = DIRECTION ( 'NONE',  ( 1.000000000000000000, 0.000000000000000000, 0.000000000000000000 ) ) ;
#1238 = AXIS2_PLACEMENT_3D ( 'NONE', #1131, #1679, #1541 ) ;
#1239 = DIRECTION ( 'NONE',  ( 0.000000000000000000, 0.000000000000000000, 1.000000000000000000 ) ) ;
#1240 = EDGE_CURVE ( 'NONE', #1309, #760, #231, .T. ) ;
#1241 = CARTESIAN_POINT ( 'NONE',  ( 18.73205081243111536, 6.486842105263157521, -2.630756450412133240 ) ) ;
#1242 = CARTESIAN_POINT ( 'NONE',  ( 3.500171456105094947, -6.500085728028778043, -0.1998835960714642479 ) ) ;
#1243 = ORIENTED_EDGE ( 'NONE', *, *, #60, .F. ) ;
#1244 = DIRECTION ( 'NONE',  ( 0.000000000000000000, 0.000000000000000000, 1.000000000000000000 ) ) ;
#1245 = EDGE_CURVE ( 'NONE', #609, #752, #910, .T. ) ;
#1246 = CARTESIAN_POINT ( 'NONE',  ( 18.26991722450701516, -7.475935755057616205, -2.408442385391693197 ) ) ;
#1247 = CARTESIAN_POINT ( 'NONE',  ( 9.339869734848905480, -7.644736842105262831, -2.357540798153544337 ) ) ;
#1248 = LINE ( 'NONE', #272, #1733 ) ;
#1249 = EDGE_CURVE ( 'NONE', #1351, #609, #903, .T. ) ;
#1250 = ORIENTED_EDGE ( 'NONE', *, *, #1062, .F. ) ;
#1251 = CARTESIAN_POINT ( 'NONE',  ( 17.73205081243111536, -9.500000000000000000, 0.000000000000000000 ) ) ;
#1252 = CC_DESIGN_APPROVAL ( #558, ( #12 ) ) ;
#1253 = AXIS2_PLACEMENT_3D ( 'NONE', #1734, #1435, #753 ) ;
#1254 = DIRECTION ( 'NONE',  ( 0.000000000000000000, 0.000000000000000000, 1.000000000000000000 ) ) ;
#1255 = CARTESIAN_POINT ( 'NONE',  ( 4.008679403118773799, -6.719948154844943566, 1.129896776333831676 ) ) ;
#1256 = ORIENTED_EDGE ( 'NONE', *, *, #171, .T. ) ;
#1257 = CARTESIAN_POINT ( 'NONE',  ( 17.73205081243111536, 1.780678199393401995, 7.799306709586761421 ) ) ;
#1258 = CIRCLE ( 'NONE', #228, 4.000000000000000000 ) ;
#1259 = AXIS2_PLACEMENT_3D ( 'NONE', #347, #882, #1438 ) ;
#1260 = DIRECTION ( 'NONE',  ( 0.000000000000000000, 0.000000000000000000, 1.000000000000000000 ) ) ;
#1261 = AXIS2_PLACEMENT_3D ( 'NONE', #676, #1231, #411 ) ;
#1262 = FACE_OUTER_BOUND ( 'NONE', #578, .T. ) ;
#1263 = LINE ( 'NONE', #26, #1764 ) ;
#1264 = EDGE_CURVE ( 'NONE', #1570, #536, #515, .T. ) ;
#1265 = ORIENTED_EDGE ( 'NONE', *, *, #1397, .T. ) ;
#1266 = CARTESIAN_POINT ( 'NONE',  ( 13.50000000000000178, -0.4000000000000001332, -1.750000000000000000 ) ) ;
#1267 = EDGE_CURVE ( 'NONE', #282, #61, #539, .T. ) ;
#1268 = AXIS2_PLACEMENT_3D ( 'NONE', #722, #161, #433 ) ;
#1269 = DIRECTION ( 'NONE',  ( 0.000000000000000000, 0.000000000000000000, 1.000000000000000000 ) ) ;
#1270 = DIRECTION ( 'NONE',  ( 0.000000000000000000, 0.000000000000000000, 1.000000000000000000 ) ) ;
#1271 = DIRECTION ( 'NONE',  ( -0.000000000000000000, -0.000000000000000000, -1.000000000000000000 ) ) ;
#1272 = AXIS2_PLACEMENT_3D ( 'NONE', #1162, #608, #597 ) ;
#1273 = ORIENTED_EDGE ( 'NONE', *, *, #1559, .F. ) ;
#1274 = APPROVAL_STATUS ( 'not_yet_approved' ) ;
#1275 = VERTEX_POINT ( 'NONE', #1199 ) ;
#1276 = FACE_OUTER_BOUND ( 'NONE', #414, .T. ) ;
#1277 = B_SPLINE_CURVE_WITH_KNOTS ( 'NONE', 3,
 ( #280, #1372, #137, #689, #825, #1395, #1118, #25, #1149, #1419, #1564, #1673, #710, #49 ),
 .UNSPECIFIED., .F., .F.,
 ( 4, 2, 2, 2, 2, 2, 4 ),
 ( 0.01724604965372494858, 0.01832278284204944679, 0.01886114943621169590, 0.01939951603037394501, 0.01993788262453619411, 0.02047624921869844322, 0.02155298240702294144 ),
 .UNSPECIFIED. ) ;
#1278 = DIRECTION ( 'NONE',  ( 0.000000000000000000, 0.000000000000000000, 1.000000000000000000 ) ) ;
#1279 = LINE ( 'NONE', #1003, #277 ) ;
#1280 = ORIENTED_EDGE ( 'NONE', *, *, #545, .F. ) ;
#1281 = EDGE_LOOP ( 'NONE', ( #857, #1098, #827, #1042, #303 ) ) ;
#1282 = CARTESIAN_POINT ( 'NONE',  ( 18.73205081243111536, 4.750000000000095923, -4.227241335952110823 ) ) ;
#1283 = PERSON_AND_ORGANIZATION_ROLE ( 'creator' ) ;
#1284 = ORIENTED_EDGE ( 'NONE', *, *, #1300, .F. ) ;
#1285 = CARTESIAN_POINT ( 'NONE',  ( 5.199878722348053373, -6.896027375190952213, 1.489909639461954871 ) ) ;
#1286 = DIRECTION ( 'NONE',  ( -0.000000000000000000, 1.000000000000000000, -0.000000000000000000 ) ) ;
#1287 = ADVANCED_FACE ( 'NONE', ( #356 ), #629, .F. ) ;
#1288 = VECTOR ( 'NONE', #295, 1000.000000000000000 ) ;
#1289 = LINE ( 'NONE', #1403, #1115 ) ;
#1290 = DIRECTION ( 'NONE',  ( -1.000000000000000000, -0.000000000000000000, -0.000000000000000000 ) ) ;
#1291 = AXIS2_PLACEMENT_3D ( 'NONE', #576, #455, #1002 ) ;
#1292 = ORIENTED_EDGE ( 'NONE', *, *, #175, .T. ) ;
#1293 = ORIENTED_EDGE ( 'NONE', *, *, #495, .F. ) ;
#1294 = ORIENTED_EDGE ( 'NONE', *, *, #1102, .T. ) ;
#1295 = CARTESIAN_POINT ( 'NONE',  ( 18.73205081243111536, -5.521722969858223529, -4.302391828290407894 ) ) ;
#1296 = DIRECTION ( 'NONE',  ( 0.000000000000000000, 0.000000000000000000, -1.000000000000000000 ) ) ;
#1297 = ADVANCED_FACE ( 'NONE', ( #1045 ), #777, .T. ) ;
#1298 = FACE_OUTER_BOUND ( 'NONE', #490, .T. ) ;
#1299 = CARTESIAN_POINT ( 'NONE',  ( 4.075848802957022343, -2.890248875777524429, 1.197095747151716960 ) ) ;
#1300 = EDGE_CURVE ( 'NONE', #1080, #1186, #844, .T. ) ;
#1301 = CARTESIAN_POINT ( 'NONE',  ( 18.64302292903445490, -5.709104147402699780, 4.845547735589511795 ) ) ;
#1302 = VERTEX_POINT ( 'NONE', #1018 ) ;
#1303 = CARTESIAN_POINT ( 'NONE',  ( 18.73205081243111536, 4.749999999999980460, 8.227241335952177437 ) ) ;
#1304 = CARTESIAN_POINT ( 'NONE',  ( 17.73205081243111536, 0.000000000000000000, 0.000000000000000000 ) ) ;
#1305 = CARTESIAN_POINT ( 'NONE',  ( 18.73205081243111536, 0.000000000000000000, 0.000000000000000000 ) ) ;
#1306 = CARTESIAN_POINT ( 'NONE',  ( -4.814824860968089633E-32, 3.827021247335477324E-16, -3.124999999999998224 ) ) ;
#1307 = CIRCLE ( 'NONE', #1228, 4.000000000000000000 ) ;
#1308 = AXIS2_PLACEMENT_3D ( 'NONE', #604, #1159, #477 ) ;
#1309 = VERTEX_POINT ( 'NONE', #743 ) ;
#1310 = ORIENTED_EDGE ( 'NONE', *, *, #1738, .T. ) ;
#1311 = FACE_OUTER_BOUND ( 'NONE', #321, .T. ) ;
#1312 = APPLICATION_PROTOCOL_DEFINITION ( 'international standard', 'config_control_design', 1994, #1216 ) ;
#1313 = ORIENTED_EDGE ( 'NONE', *, *, #706, .T. ) ;
#1314 = CARTESIAN_POINT ( 'NONE',  ( 6.344733847467336929, -6.574736108559850578, -0.6719012986520123132 ) ) ;
#1315 = CARTESIAN_POINT ( 'NONE',  ( 18.26991722450701516, -1.652195588228446033, 7.678571473636132794 ) ) ;
#1316 = AXIS2_PLACEMENT_3D ( 'NONE', #188, #468, #3 ) ;
#1317 = CARTESIAN_POINT ( 'NONE',  ( 17.73205081243111536, -9.500000000000000000, 0.000000000000000000 ) ) ;
#1318 = VECTOR ( 'NONE', #209, 1000.000000000000000 ) ;
#1319 = CARTESIAN_POINT ( 'NONE',  ( 1.376762299725744043, 1.868957525990180946, -7.361508100856893222 ) ) ;
#1320 = ORIENTED_EDGE ( 'NONE', *, *, #652, .F. ) ;
#1321 = EDGE_CURVE ( 'NONE', #614, #1275, #1480, .T. ) ;
#1322 = CARTESIAN_POINT ( 'NONE',  ( 18.64301992670276675, -1.341819377013236059, -7.367007312898928184 ) ) ;
#1323 = ORIENTED_EDGE ( 'NONE', *, *, #1171, .T. ) ;
#1324 = CARTESIAN_POINT ( 'NONE',  ( 5.758257308667305452, -6.799213269658019421, -1.308782340224917018 ) ) ;
#1325 = EDGE_CURVE ( 'NONE', #1424, #1309, #339, .T. ) ;
#1326 = CARTESIAN_POINT ( 'NONE',  ( 13.80000000000000071, 3.930232875259954066E-16, 1.450000000000000178 ) ) ;
#1327 = LINE ( 'NONE', #102, #907 ) ;
#1328 = CARTESIAN_POINT ( 'NONE',  ( 1.670014856819089566, 6.499637718788086715, -0.2263863435852754569 ) ) ;
#1329 = EDGE_LOOP ( 'NONE', ( #1722, #1007, #445, #372, #1601 ) ) ;
#1330 = CARTESIAN_POINT ( 'NONE',  ( 18.01884431757945393, 5.855687491468025030, 5.403615853720489248 ) ) ;
#1331 = ORIENTED_EDGE ( 'NONE', *, *, #1370, .F. ) ;
#1332 = AXIS2_PLACEMENT_3D ( 'NONE', #50, #725, #1536 ) ;
#1333 = CARTESIAN_POINT ( 'NONE',  ( 0.000000000000000000, 0.000000000000000000, 0.000000000000000000 ) ) ;
#1334 = CARTESIAN_POINT ( 'NONE',  ( 18.37949530498620021, -1.581893079014659254, 7.610644808419045226 ) ) ;
#1335 = FACE_OUTER_BOUND ( 'NONE', #671, .T. ) ;
#1336 = CARTESIAN_POINT ( 'NONE',  ( 1.323418984660196474, 7.470407509150125414, -2.220352593807149777 ) ) ;
#1337 = DIRECTION ( 'NONE',  ( 1.000000000000000000, -0.000000000000000000, -0.000000000000000000 ) ) ;
#1338 = VERTEX_POINT ( 'NONE', #623 ) ;
#1339 = AXIS2_PLACEMENT_3D ( 'NONE', #1114, #718, #574 ) ;
#1340 = PLANE ( 'NONE',  #138 ) ;
#1341 = VERTEX_POINT ( 'NONE', #1282 ) ;
#1342 = DIRECTION ( 'NONE',  ( -1.000000000000000000, -0.000000000000000000, -0.000000000000000000 ) ) ;
#1343 = EDGE_CURVE ( 'NONE', #312, #958, #726, .T. ) ;
#1344 = CARTESIAN_POINT ( 'NONE',  ( 0.000000000000000000, 3.827021247335477817E-16, -3.124999999999999112 ) ) ;
#1345 = CARTESIAN_POINT ( 'NONE',  ( 1.267949192431115701, 1.780678199393511463, -7.799306709586736552 ) ) ;
#1346 = ADVANCED_FACE ( 'NONE', ( #1311 ), #878, .F. ) ;
#1347 = ORIENTED_EDGE ( 'NONE', *, *, #1267, .T. ) ;
#1348 = TOROIDAL_SURFACE ( 'NONE', #43, 4.000000000000000000, 1.000000000000000000 ) ;
#1349 = AXIS2_PLACEMENT_3D ( 'NONE', #178, #325, #336 ) ;
#1350 = AXIS2_PLACEMENT_3D ( 'NONE', #1561, #709, #306 ) ;
#1351 = VERTEX_POINT ( 'NONE', #1723 ) ;
#1352 = DIRECTION ( 'NONE',  ( 0.000000000000000000, 5.329070518200751394E-15, 1.000000000000000000 ) ) ;
#1353 = CARTESIAN_POINT ( 'NONE',  ( 17.73205081243111536, -4.749999999999923617, -4.227241335952210299 ) ) ;
#1354 = EDGE_CURVE ( 'NONE', #354, #1341, #1563, .T. ) ;
#1355 = LINE ( 'NONE', #1247, #775 ) ;
#1356 = LINE ( 'NONE', #1185, #670 ) ;
#1357 = ORIENTED_EDGE ( 'NONE', *, *, #886, .T. ) ;
#1358 = AXIS2_PLACEMENT_3D ( 'NONE', #605, #1160, #1573 ) ;
#1359 = FACE_OUTER_BOUND ( 'NONE', #203, .T. ) ;
#1360 = EDGE_LOOP ( 'NONE', ( #1479, #276, #643, #1422, #1280, #181 ) ) ;
#1361 = DIRECTION ( 'NONE',  ( 0.000000000000000000, 0.000000000000000000, -1.000000000000000000 ) ) ;
#1362 = FACE_OUTER_BOUND ( 'NONE', #1281, .T. ) ;
#1363 = CARTESIAN_POINT ( 'NONE',  ( 1.353539563901148712, -1.845397620919609682, 7.456198008137942423 ) ) ;
#1364 = CARTESIAN_POINT ( 'NONE',  ( 3.578272984370728160, -6.538551172242577536, 0.4882708200720343727 ) ) ;
#1365 = EDGE_LOOP ( 'NONE', ( #1621, #1250, #854, #1120 ) ) ;
#1366 = CARTESIAN_POINT ( 'NONE',  ( 17.73205081243111536, 5.864058642711832192, 5.441765911433226854 ) ) ;
#1367 = ORIENTED_EDGE ( 'NONE', *, *, #1510, .T. ) ;
#1368 = VECTOR ( 'NONE', #160, 1000.000000000000000 ) ;
#1369 = CARTESIAN_POINT ( 'NONE',  ( 1.590337915740172026, -6.706748652537087629, 1.117593126679144566 ) ) ;
#1370 = EDGE_CURVE ( 'NONE', #536, #408, #1758, .T. ) ;
#1371 = CARTESIAN_POINT ( 'NONE',  ( 18.73205081243111536, -6.486842105263158409, -2.630756450412133685 ) ) ;
#1372 = CARTESIAN_POINT ( 'NONE',  ( 1.355961543999956387, 1.830886528183983675, 7.450924793133377300 ) ) ;
#1373 = DIRECTION ( 'NONE',  ( 0.000000000000000000, 0.000000000000000000, 1.000000000000000000 ) ) ;
#1374 = ORIENTED_EDGE ( 'NONE', *, *, #1343, .F. ) ;
#1375 = CIRCLE ( 'NONE', #429, 1.000000000000000000 ) ;
#1376 = EDGE_CURVE ( 'NONE', #282, #920, #773, .T. ) ;
#1377 = CARTESIAN_POINT ( 'NONE',  ( 1.590301082162977941, -4.321360556357690896, -5.249471616913504946 ) ) ;
#1378 = AXIS2_PLACEMENT_3D ( 'NONE', #1488, #1644, #1520 ) ;
#1379 = APPROVAL ( #1274, 'UNSPECIFIED' ) ;
#1380 = DIRECTION ( 'NONE',  ( 0.000000000000000000, -2.710505431213761085E-16, -1.000000000000000000 ) ) ;
#1381 = DIRECTION ( 'NONE',  ( -1.000000000000000000, 0.000000000000000000, 0.000000000000000000 ) ) ;
#1382 = DIRECTION ( 'NONE',  ( -1.000000000000000000, -0.000000000000000000, -0.000000000000000000 ) ) ;
#1383 = VERTEX_POINT ( 'NONE', #371 ) ;
#1384 = DIRECTION ( 'NONE',  ( 1.000000000000000000, -0.000000000000000000, -0.000000000000000000 ) ) ;
#1385 = DIRECTION ( 'NONE',  ( 0.000000000000000000, 8.881784197001252323E-16, 1.000000000000000000 ) ) ;
#1386 = B_SPLINE_CURVE_WITH_KNOTS ( 'NONE', 3,
 ( #1485, #420, #153, #1627, #394, #963, #823, #818 ),
 .UNSPECIFIED., .F., .F.,
 ( 4, 2, 2, 4 ),
 ( -6.694346574660019269E-06, 0.0008485698355562514396, 0.001276201926621706043, 0.001703834017687160538 ),
 .UNSPECIFIED. ) ;
#1387 = DIRECTION ( 'NONE',  ( 0.000000000000000000, 0.000000000000000000, 1.000000000000000000 ) ) ;
#1388 = DIRECTION ( 'NONE',  ( 1.000000000000000000, -0.000000000000000000, -0.000000000000000000 ) ) ;
#1389 = ORIENTED_EDGE ( 'NONE', *, *, #528, .F. ) ;
#1390 = CARTESIAN_POINT ( 'NONE',  ( 17.73205081243111536, 4.750000000000095923, -8.227241335952111712 ) ) ;
#1391 = APPROVAL_PERSON_ORGANIZATION ( #673, #558, #1613 ) ;
#1392 = AXIS2_PLACEMENT_3D ( 'NONE', #932, #793, #666 ) ;
#1393 = DIRECTION ( 'NONE',  ( 0.000000000000000000, -1.000000000000000000, 0.000000000000000000 ) ) ;
#1394 = EDGE_CURVE ( 'NONE', #1341, #1033, #1195, .T. ) ;
#1395 = CARTESIAN_POINT ( 'NONE',  ( 1.614968627922679811, 2.516130845170423402, 6.216795698770611445 ) ) ;
#1396 = CARTESIAN_POINT ( 'NONE',  ( 4.082898010293033231, -6.745864522492057702, 1.190899927367094824 ) ) ;
#1397 = EDGE_CURVE ( 'NONE', #253, #66, #1172, .T. ) ;
#1398 = ORIENTED_EDGE ( 'NONE', *, *, #1661, .F. ) ;
#1399 = DIRECTION ( 'NONE',  ( -1.000000000000000000, -0.000000000000000000, -0.000000000000000000 ) ) ;
#1400 = VECTOR ( 'NONE', #1587, 1000.000000000000000 ) ;
#1401 = CARTESIAN_POINT ( 'NONE',  ( 17.73205081243111536, -4.749999999999923617, -8.227241335952209411 ) ) ;
#1402 = VECTOR ( 'NONE', #1540, 1000.000000000000000 ) ;
#1403 = CARTESIAN_POINT ( 'NONE',  ( 13.80000000000000071, 0.3999999999999999112, -1.750000000000000000 ) ) ;
#1404 = DIRECTION ( 'NONE',  ( -1.000000000000000000, -0.000000000000000000, -0.000000000000000000 ) ) ;
#1405 = ORIENTED_EDGE ( 'NONE', *, *, #1129, .T. ) ;
#1406 = LINE ( 'NONE', #1041, #157 ) ;
#1407 = AXIS2_PLACEMENT_3D ( 'NONE', #1401, #335, #196 ) ;
#1408 = DIRECTION ( 'NONE',  ( 0.000000000000000000, 0.000000000000000000, -1.000000000000000000 ) ) ;
#1409 = LINE ( 'NONE', #723, #22 ) ;
#1410 = DIRECTION ( 'NONE',  ( 0.000000000000000000, 0.000000000000000000, 1.000000000000000000 ) ) ;
#1411 = AXIS2_PLACEMENT_3D ( 'NONE', #179, #170, #572 ) ;
#1412 = ORIENTED_EDGE ( 'NONE', *, *, #367, .T. ) ;
#1413 = ORIENTED_EDGE ( 'NONE', *, *, #545, .T. ) ;
#1414 = DATE_AND_TIME ( #856, #68 ) ;
#1415 = VERTEX_POINT ( 'NONE', #1295 ) ;
#1416 = CARTESIAN_POINT ( 'NONE',  ( 18.26991464295390699, 1.652196904927850429, -7.678572734864743232 ) ) ;
#1417 = EDGE_CURVE ( 'NONE', #1570, #1693, #1198, .T. ) ;
#1418 = CIRCLE ( 'NONE', #792, 4.000000000000000000 ) ;
#1419 = CARTESIAN_POINT ( 'NONE',  ( 1.670773541484158242, 3.368074351589840365, 5.558339330472714224 ) ) ;
#1420 = CARTESIAN_POINT ( 'NONE',  ( 1.267949192431115701, 0.000000000000000000, 8.000000000000000000 ) ) ;
#1421 = VERTEX_POINT ( 'NONE', #1548 ) ;
#1422 = ORIENTED_EDGE ( 'NONE', *, *, #1240, .T. ) ;
#1423 = FACE_OUTER_BOUND ( 'NONE', #529, .T. ) ;
#1424 = VERTEX_POINT ( 'NONE', #87 ) ;
#1425 = EDGE_CURVE ( 'NONE', #731, #1421, #14, .T. ) ;
#1426 = CARTESIAN_POINT ( 'NONE',  ( 5.000000000000000000, -6.901923788646683100, -1.500000000000000666 ) ) ;
#1427 = CARTESIAN_POINT ( 'NONE',  ( 18.73205081243111536, 0.000000000000000000, 0.000000000000000000 ) ) ;
#1428 = AXIS2_PLACEMENT_3D ( 'NONE', #950, #1501, #275 ) ;
#1429 = EDGE_CURVE ( 'NONE', #789, #1224, #860, .T. ) ;
#1430 = VECTOR ( 'NONE', #24, 1000.000000000000000 ) ;
#1431 = DIRECTION ( 'NONE',  ( -1.000000000000000000, -0.000000000000000000, -0.000000000000000000 ) ) ;
#1432 = CARTESIAN_POINT ( 'NONE',  ( 4.510771295280047610, -2.783371256925635695, 1.421355461388450925 ) ) ;
#1433 = VERTEX_POINT ( 'NONE', #195 ) ;
#1434 = ORIENTED_EDGE ( 'NONE', *, *, #1510, .F. ) ;
#1435 = DIRECTION ( 'NONE',  ( 0.000000000000000000, -1.000000000000000000, 0.000000000000000000 ) ) ;
#1436 = VERTEX_POINT ( 'NONE', #733 ) ;
#1437 = CARTESIAN_POINT ( 'NONE',  ( 18.73205081243111181, 1.146881407327690727, -7.153298051599518814 ) ) ;
#1438 = DIRECTION ( 'NONE',  ( 0.000000000000000000, 0.000000000000000000, 1.000000000000000000 ) ) ;
#1439 = CARTESIAN_POINT ( 'NONE',  ( 9.339670112423691606, -1.780678199393457506, 7.799306709586748987 ) ) ;
#1440 = CARTESIAN_POINT ( 'NONE',  ( 18.64302292903445490, 1.341815360569344362, 7.367003092296592115 ) ) ;
#1441 = CARTESIAN_POINT ( 'NONE',  ( 18.73205081243111536, -4.749999999999923617, -8.227241335952209411 ) ) ;
#1442 = CARTESIAN_POINT ( 'NONE',  ( 5.100673538059573353, -2.741464024932662724, 1.500000000000001110 ) ) ;
#1443 = DIRECTION ( 'NONE',  ( 0.000000000000000000, 0.000000000000000000, 1.000000000000000000 ) ) ;
#1444 = VERTEX_POINT ( 'NONE', #346 ) ;
#1445 = DIRECTION ( 'NONE',  ( 0.000000000000000000, 0.000000000000000000, 1.000000000000000000 ) ) ;
#1446 = CARTESIAN_POINT ( 'NONE',  ( 17.73205081243111536, 0.000000000000000000, 0.000000000000000000 ) ) ;
#1447 = CARTESIAN_POINT ( 'NONE',  ( 1.267949192431115923, 7.644736842105262831, 2.357540798153544781 ) ) ;
#1448 = CC_DESIGN_APPROVAL ( #1379, ( #1163 ) ) ;
#1449 = EDGE_CURVE ( 'NONE', #452, #1732, #1740, .T. ) ;
#1450 = AXIS2_PLACEMENT_3D ( 'NONE', #1326, #90, #1466 ) ;
#1451 = CARTESIAN_POINT ( 'NONE',  ( 1.267949192431115701, 5.864058642711906799, -5.441765911433143366 ) ) ;
#1452 = APPLICATION_CONTEXT ( 'configuration controlled 3d designs of mechanical parts and assemblies' ) ;
#1453 = EDGE_CURVE ( 'NONE', #224, #1436, #936, .T. ) ;
#1454 = CARTESIAN_POINT ( 'NONE',  ( 18.73205081243111891, -1.146881407327511315, -7.153298051599570329 ) ) ;
#1455 = CYLINDRICAL_SURFACE ( 'NONE', #1531, 3.124999999999999112 ) ;
#1456 = ORIENTED_EDGE ( 'NONE', *, *, #758, .T. ) ;
#1457 = CARTESIAN_POINT ( 'NONE',  ( 6.499934264761598968, -6.500032867613933618, 0.1009433552548125168 ) ) ;
#1458 = CARTESIAN_POINT ( 'NONE',  ( 13.50000000000000178, 0.000000000000000000, 0.000000000000000000 ) ) ;
#1459 = AXIS2_PLACEMENT_3D ( 'NONE', #1305, #1477, #232 ) ;
#1460 = CARTESIAN_POINT ( 'NONE',  ( 9.339652227046558508, -1.780678199393347594, -7.799306709586774744 ) ) ;
#1461 = AXIS2_PLACEMENT_3D ( 'NONE', #872, #595, #715 ) ;
#1462 = ORIENTED_EDGE ( 'NONE', *, *, #721, .T. ) ;
#1463 = CARTESIAN_POINT ( 'NONE',  ( 6.307945636178748039, -3.036734190755240537, 0.7602548900125762898 ) ) ;
#1464 = ORIENTED_EDGE ( 'NONE', *, *, #370, .T. ) ;
#1465 = CARTESIAN_POINT ( 'NONE',  ( 1.267949192431115479, -7.644736842105262831, 2.357540798153544337 ) ) ;
#1466 = DIRECTION ( 'NONE',  ( 0.000000000000000000, -2.710505431213761578E-16, -1.000000000000000000 ) ) ;
#1467 = CARTESIAN_POINT ( 'NONE',  ( 5.000000000000000000, -2.741464024932662280, -1.500000000000000666 ) ) ;
#1468 = CARTESIAN_POINT ( 'NONE',  ( 17.87707324507321616, -7.644736842105263719, 2.357540798153544337 ) ) ;
#1469 = ORIENTED_EDGE ( 'NONE', *, *, #1754, .F. ) ;
#1470 = CARTESIAN_POINT ( 'NONE',  ( 18.73205081243111536, 6.486842105263158409, 2.630756450412133685 ) ) ;
#1471 = APPROVAL_DATE_TIME ( #255, #558 ) ;
#1472 = ORIENTED_EDGE ( 'NONE', *, *, #60, .T. ) ;
#1473 = EDGE_CURVE ( 'NONE', #238, #312, #422, .T. ) ;
#1474 = CIRCLE ( 'NONE', #438, 4.000000000000000000 ) ;
#1475 = DIRECTION ( 'NONE',  ( 0.000000000000000000, 0.000000000000000000, 1.000000000000000000 ) ) ;
#1476 = ADVANCED_FACE ( 'NONE', ( #1022 ), #1572, .T. ) ;
#1477 = DIRECTION ( 'NONE',  ( 1.000000000000000000, 0.000000000000000000, 0.000000000000000000 ) ) ;
#1478 = CARTESIAN_POINT ( 'NONE',  ( 3.500062187031746763, -3.124970150229172905, 0.1006892767009312517 ) ) ;
#1479 = ORIENTED_EDGE ( 'NONE', *, *, #171, .F. ) ;
#1480 = CIRCLE ( 'NONE', #613, 9.000000000000000000 ) ;
#1481 = ORIENTED_EDGE ( 'NONE', *, *, #976, .F. ) ;
#1482 = CARTESIAN_POINT ( 'NONE',  ( 1.472878267232857308, -7.029757649561243049, -1.716967959605717242 ) ) ;
#1483 = EDGE_CURVE ( 'NONE', #1302, #122, #1584, .T. ) ;
#1484 = PRODUCT ( 'Potentiometer', 'Potentiometer', '', ( #54 ) ) ;
#1485 = CARTESIAN_POINT ( 'NONE',  ( 18.73205081243111536, -5.521722969858223529, -4.302391828290407894 ) ) ;
#1486 = CARTESIAN_POINT ( 'NONE',  ( 1.375826906489970414, 7.312484057545820093, 2.065370041020004432 ) ) ;
#1487 = APPROVAL ( #1582, 'UNSPECIFIED' ) ;
#1488 = CARTESIAN_POINT ( 'NONE',  ( 1.099299419155052915, 0.000000000000000000, 0.000000000000000000 ) ) ;
#1489 = CARTESIAN_POINT ( 'NONE',  ( 1.659205194311241804, 3.663119961960069393, -5.421867370981332535 ) ) ;
#1490 = ORIENTED_EDGE ( 'NONE', *, *, #425, .F. ) ;
#1491 = TOROIDAL_SURFACE ( 'NONE', #1028, 7.000000000000000000, 1.000000000000000000 ) ;
#1492 = AXIS2_PLACEMENT_3D ( 'NONE', #1001, #48, #1408 ) ;
#1493 = APPROVAL_STATUS ( 'not_yet_approved' ) ;
#1494 = ORIENTED_EDGE ( 'NONE', *, *, #1688, .T. ) ;
#1495 = CARTESIAN_POINT ( 'NONE',  ( 1.669916456394194171, -3.448084174188474904, -5.514672984694637847 ) ) ;
#1496 = CARTESIAN_POINT ( 'NONE',  ( 5.000000000000000000, -9.000000000000000000, -1.500000000000000666 ) ) ;
#1497 = FACE_OUTER_BOUND ( 'NONE', #149, .T. ) ;
#1498 = CARTESIAN_POINT ( 'NONE',  ( 3.701547268568156746, -6.595936826998087810, -0.7572733952893320186 ) ) ;
#1499 = ORIENTED_EDGE ( 'NONE', *, *, #628, .F. ) ;
#1500 = AXIS2_PLACEMENT_3D ( 'NONE', #29, #747, #1698 ) ;
#1501 = DIRECTION ( 'NONE',  ( -1.000000000000000000, -0.000000000000000000, -0.000000000000000000 ) ) ;
#1502 = EDGE_LOOP ( 'NONE', ( #1194, #653, #550, #107, #1347, #1167, #1464, #40, #62, #1357, #4 ) ) ;
#1503 = CARTESIAN_POINT ( 'NONE',  ( 1.659446985899700522, -6.526407218981156610, -0.4586561877466452386 ) ) ;
#1504 = CONICAL_SURFACE ( 'NONE', #212, 8.000000000000000000, 1.308996938995753423 ) ;
#1505 = CARTESIAN_POINT ( 'NONE',  ( 18.73205081243111536, -6.486842105263158409, -2.630756450412133685 ) ) ;
#1506 = CYLINDRICAL_SURFACE ( 'NONE', #1638, 3.000000000000000888 ) ;
#1507 = EDGE_LOOP ( 'NONE', ( #214, #1273, #1331, #1554 ) ) ;
#1508 = ADVANCED_FACE ( 'NONE', ( #952 ), #514, .T. ) ;
#1509 = ORIENTED_EDGE ( 'NONE', *, *, #995, .T. ) ;
#1510 = EDGE_CURVE ( 'NONE', #1029, #1302, #211, .T. ) ;
#1511 = DIRECTION ( 'NONE',  ( 0.000000000000000000, 0.000000000000000000, 1.000000000000000000 ) ) ;
#1512 = PLANE ( 'NONE',  #943 ) ;
#1513 = CARTESIAN_POINT ( 'NONE',  ( 1.642253724790914804, -3.868422063268511124, 5.354088893760161838 ) ) ;
#1514 = CARTESIAN_POINT ( 'NONE',  ( 17.73205081243111536, -4.750000000000039080, 8.227241335952145462 ) ) ;
#1515 = B_SPLINE_CURVE_WITH_KNOTS ( 'NONE', 3,
 ( #1371, #270, #1643, #700, #1246, #667, #136, #1658 ),
 .UNSPECIFIED., .F., .F.,
 ( 4, 2, 2, 4 ),
 ( -6.694346574661029780E-06, 0.0008485698355562507891, 0.001276201926621704525, 0.001703834017687158369 ),
 .UNSPECIFIED. ) ;
#1516 = ORIENTED_EDGE ( 'NONE', *, *, #814, .F. ) ;
#1517 = CIRCLE ( 'NONE', #1459, 7.000000000000000000 ) ;
#1518 = DIRECTION ( 'NONE',  ( 0.000000000000000000, 1.000000000000000000, -1.224646799147353207E-16 ) ) ;
#1519 = CC_DESIGN_PERSON_AND_ORGANIZATION_ASSIGNMENT ( #1145, #1695, ( #1163 ) ) ;
#1520 = DIRECTION ( 'NONE',  ( 0.000000000000000000, 0.000000000000000000, -1.000000000000000000 ) ) ;
#1521 = CARTESIAN_POINT ( 'NONE',  ( 5.000000000000000888, -6.901923788646683100, 1.500000000000000666 ) ) ;
#1522 = ORIENTED_EDGE ( 'NONE', *, *, #197, .T. ) ;
#1523 = CARTESIAN_POINT ( 'NONE',  ( 1.267949192431115701, 0.000000000000000000, 0.000000000000000000 ) ) ;
#1524 = EDGE_CURVE ( 'NONE', #1693, #1341, #1418, .T. ) ;
#1525 = CARTESIAN_POINT ( 'NONE',  ( 14.50000000000000000, 0.3999999999999999112, -1.750000000000000000 ) ) ;
#1526 = ADVANCED_FACE ( 'NONE', ( #817 ), #1677, .T. ) ;
#1527 = CARTESIAN_POINT ( 'NONE',  ( 14.50000000000000000, 0.000000000000000000, 0.000000000000000000 ) ) ;
#1528 = CARTESIAN_POINT ( 'NONE',  ( 4.603601729151213462, -6.873629976362531480, 1.450067304034825533 ) ) ;
#1529 = ORIENTED_EDGE ( 'NONE', *, *, #37, .T. ) ;
#1530 = FACE_OUTER_BOUND ( 'NONE', #567, .T. ) ;
#1531 = AXIS2_PLACEMENT_3D ( 'NONE', #1169, #1557, #341 ) ;
#1532 = CIRCLE ( 'NONE', #555, 7.000000000000000000 ) ;
#1533 = ADVANCED_FACE ( 'NONE', ( #1083 ), #269, .F. ) ;
#1534 = DIRECTION ( 'NONE',  ( 1.000000000000000000, -0.000000000000000000, -0.000000000000000000 ) ) ;
#1535 = CYLINDRICAL_SURFACE ( 'NONE', #165, 8.000000000000000000 ) ;
#1536 = DIRECTION ( 'NONE',  ( 0.000000000000000000, 0.000000000000000000, 1.000000000000000000 ) ) ;
#1537 = CARTESIAN_POINT ( 'NONE',  ( -0.03293345427243452028, 9.500000000000000000, 0.000000000000000000 ) ) ;
#1538 = CARTESIAN_POINT ( 'NONE',  ( 1.376477810606476337, -5.442011462352281725, -5.299575315237719408 ) ) ;
#1539 = CIRCLE ( 'NONE', #1259, 4.000000000000000000 ) ;
#1540 = DIRECTION ( 'NONE',  ( 1.000000000000000000, -0.000000000000000000, -0.000000000000000000 ) ) ;
#1541 = DIRECTION ( 'NONE',  ( 0.000000000000000000, 0.000000000000000000, 1.000000000000000000 ) ) ;
#1542 = CARTESIAN_POINT ( 'NONE',  ( 5.000000000000000000, -9.000000000000000000, 0.000000000000000000 ) ) ;
#1543 = ORIENTED_EDGE ( 'NONE', *, *, #344, .F. ) ;
#1544 = EDGE_LOOP ( 'NONE', ( #1713, #927, #409, #1610 ) ) ;
#1545 = EDGE_CURVE ( 'NONE', #1338, #354, #864, .T. ) ;
#1546 =( LENGTH_UNIT ( ) NAMED_UNIT ( * ) SI_UNIT ( .MILLI., .METRE. ) );
#1547 = ORIENTED_EDGE ( 'NONE', *, *, #830, .F. ) ;
#1548 = CARTESIAN_POINT ( 'NONE',  ( 18.73205081243111536, 0.9651191354048789250, 6.933148278702494061 ) ) ;
#1549 = CARTESIAN_POINT ( 'NONE',  ( 1.267949192431115701, -5.864058642711794000, -5.441765911433266822 ) ) ;
#1550 = CARTESIAN_POINT ( 'NONE',  ( 1.267949192431115479, -1.780678199393348038, -7.799306709586774744 ) ) ;
#1551 = DIRECTION ( 'NONE',  ( -1.000000000000000000, 0.000000000000000000, 0.000000000000000000 ) ) ;
#1552 = AXIS2_PLACEMENT_3D ( 'NONE', #1660, #163, #548 ) ;
#1553 = EDGE_CURVE ( 'NONE', #1087, #542, #704, .T. ) ;
#1554 = ORIENTED_EDGE ( 'NONE', *, *, #1264, .F. ) ;
#1555 = ORIENTED_EDGE ( 'NONE', *, *, #1585, .F. ) ;
#1556 = DIRECTION ( 'NONE',  ( -0.000000000000000000, 1.000000000000000000, -2.710505431213761085E-16 ) ) ;
#1557 = DIRECTION ( 'NONE',  ( -1.000000000000000000, -0.000000000000000000, -0.000000000000000000 ) ) ;
#1558 = ORIENTED_EDGE ( 'NONE', *, *, #1553, .T. ) ;
#1559 = EDGE_CURVE ( 'NONE', #408, #1693, #1532, .T. ) ;
#1560 = CARTESIAN_POINT ( 'NONE',  ( 5.399209882707738828, -6.877279399727171061, -1.458936883412188745 ) ) ;
#1561 = CARTESIAN_POINT ( 'NONE',  ( 13.80000000000000071, -0.4000000000000001332, -1.450000000000000178 ) ) ;
#1562 = VECTOR ( 'NONE', #879, 1000.000000000000000 ) ;
#1563 = CIRCLE ( 'NONE', #1253, 1.000000000000000000 ) ;
#1564 = CARTESIAN_POINT ( 'NONE',  ( 1.665272872705059415, 3.532336601704515022, 5.479627764666800793 ) ) ;
#1565 = CARTESIAN_POINT ( 'NONE',  ( 17.73205081243111536, 1.780678199393401995, 7.799306709586761421 ) ) ;
#1566 = ORIENTED_EDGE ( 'NONE', *, *, #460, .F. ) ;
#1567 = ORIENTED_EDGE ( 'NONE', *, *, #991, .F. ) ;
#1568 = CARTESIAN_POINT ( 'NONE',  ( 5.756503548267852821, -2.842894346319431609, 1.298854736515634212 ) ) ;
#1569 = APPLICATION_PROTOCOL_DEFINITION ( 'international standard', 'config_control_design', 1994, #1452 ) ;
#1570 = VERTEX_POINT ( 'NONE', #119 ) ;
#1571 = B_SPLINE_CURVE_WITH_KNOTS ( 'NONE', 3,
 ( #423, #711, #1668, #563, #705, #148, #1636, #407, #979, #1498, #435, #1095, #1242, #690, #812, #556, #1364, #297, #972, #1255, #1396, #695, #17, #131, #1528, #302, #1233, #1521 ),
 .UNSPECIFIED., .F., .F.,
 ( 4, 2, 2, 2, 2, 2, 2, 2, 2, 2, 2, 2, 2, 4 ),
 ( 0.004770895364085833354, 0.005068549236698978444, 0.005366203109312122667, 0.005961510854538412847, 0.006259164727151557937, 0.006556818599764702160, 0.007152126344990992340, 0.007449780217604136563, 0.007747434090217280786, 0.008342741835443569232, 0.008640395708056712587, 0.008938049580669855942, 0.009235703453282999298, 0.009533357325896142653 ),
 .UNSPECIFIED. ) ;
#1572 = CYLINDRICAL_SURFACE ( 'NONE', #647, 0.2999999999999999334 ) ;
#1573 = DIRECTION ( 'NONE',  ( 0.000000000000000000, 0.000000000000000000, 1.000000000000000000 ) ) ;
#1574 = AXIS2_PLACEMENT_3D ( 'NONE', #1542, #316, #1410 ) ;
#1575 = AXIS2_PLACEMENT_3D ( 'NONE', #846, #467, #1667 ) ;
#1576 = AXIS2_PLACEMENT_3D ( 'NONE', #279, #1093, #552 ) ;
#1577 = DIRECTION ( 'NONE',  ( 0.000000000000000000, 0.000000000000000000, 1.000000000000000000 ) ) ;
#1578 = LINE ( 'NONE', #1729, #1749 ) ;
#1579 = DIRECTION ( 'NONE',  ( -0.2588190451025147443, 1.182917971378672060E-16, -0.9659258262890699775 ) ) ;
#1580 = ORIENTED_EDGE ( 'NONE', *, *, #1665, .F. ) ;
#1581 = ORIENTED_EDGE ( 'NONE', *, *, #348, .F. ) ;
#1582 = APPROVAL_STATUS ( 'not_yet_approved' ) ;
#1583 = ORIENTED_EDGE ( 'NONE', *, *, #922, .T. ) ;
#1584 = LINE ( 'NONE', #355, #1082 ) ;
#1585 = EDGE_CURVE ( 'NONE', #33, #502, #145, .T. ) ;
#1586 = CIRCLE ( 'NONE', #1099, 8.000000000000000000 ) ;
#1587 = DIRECTION ( 'NONE',  ( 0.000000000000000000, -1.000000000000000000, 0.000000000000000000 ) ) ;
#1588 = CARTESIAN_POINT ( 'NONE',  ( 0.000000000000000000, 0.000000000000000000, 0.000000000000000000 ) ) ;
#1589 = LINE ( 'NONE', #1460, #1090 ) ;
#1590 = EDGE_CURVE ( 'NONE', #1180, #789, #1701, .T. ) ;
#1591 = CARTESIAN_POINT ( 'NONE',  ( 1.669834316758446846, 3.449675439715750525, -5.513996458934028233 ) ) ;
#1592 = ORIENTED_EDGE ( 'NONE', *, *, #1473, .T. ) ;
#1593 = AXIS2_PLACEMENT_3D ( 'NONE', #541, #288, #413 ) ;
#1594 = CARTESIAN_POINT ( 'NONE',  ( 18.01884431757945748, -1.751824855880177001, -7.772982051094349032 ) ) ;
#1595 = DIRECTION ( 'NONE',  ( 1.000000000000000000, 0.000000000000000000, 0.000000000000000000 ) ) ;
#1596 = ORIENTED_EDGE ( 'NONE', *, *, #370, .F. ) ;
#1597 = CARTESIAN_POINT ( 'NONE',  ( 6.500130506965487776, -6.499934746527749496, -0.1989419522762525538 ) ) ;
#1598 = PLANE ( 'NONE',  #1687 ) ;
#1599 = CARTESIAN_POINT ( 'NONE',  ( 17.73205081243111536, -7.644736842105262831, -2.357540798153544337 ) ) ;
#1600 = CARTESIAN_POINT ( 'NONE',  ( 3.872631750347151236, -2.963532577359158093, -0.9941539702903943176 ) ) ;
#1601 = ORIENTED_EDGE ( 'NONE', *, *, #948, .F. ) ;
#1602 = ORIENTED_EDGE ( 'NONE', *, *, #883, .T. ) ;
#1603 = CARTESIAN_POINT ( 'NONE',  ( 1.619303501347221674, -6.630708903425395206, -0.9054215200686229759 ) ) ;
#1604 = DIRECTION ( 'NONE',  ( -1.000000000000000000, -0.000000000000000000, -0.000000000000000000 ) ) ;
#1605 = DIRECTION ( 'NONE',  ( 0.000000000000000000, 0.000000000000000000, 1.000000000000000000 ) ) ;
#1606 = AXIS2_PLACEMENT_3D ( 'NONE', #1588, #249, #1605 ) ;
#1607 = CARTESIAN_POINT ( 'NONE',  ( 3.692233857457338786, -3.036663508416025170, 0.7602292508024687256 ) ) ;
#1608 = AXIS2_PLACEMENT_3D ( 'NONE', #57, #1708, #478 ) ;
#1609 = CARTESIAN_POINT ( 'NONE',  ( 18.73205081243111536, -6.486842105263157521, 2.630756450412133240 ) ) ;
#1610 = ORIENTED_EDGE ( 'NONE', *, *, #123, .T. ) ;
#1611 = ADVANCED_FACE ( 'NONE', ( #828 ), #531, .T. ) ;
#1612 = DIRECTION ( 'NONE',  ( 0.000000000000000000, -1.000000000000000000, 0.000000000000000000 ) ) ;
#1613 = APPROVAL_ROLE ( '' ) ;
#1614 = VERTEX_POINT ( 'NONE', #961 ) ;
#1615 = EDGE_CURVE ( 'NONE', #94, #609, #931, .T. ) ;
#1616 = CARTESIAN_POINT ( 'NONE',  ( 1.323595164214804054, -7.469853815635137728, -2.219916865534745654 ) ) ;
#1617 = CARTESIAN_POINT ( 'NONE',  ( 5.488316497123714832, -2.783191206042793908, -1.421716141720161364 ) ) ;
#1618 = DIRECTION ( 'NONE',  ( 1.000000000000000000, -0.000000000000000000, -0.000000000000000000 ) ) ;
#1619 = CARTESIAN_POINT ( 'NONE',  ( -4.814824860968089633E-32, 0.000000000000000000, 3.124999999999998224 ) ) ;
#1620 = DIRECTION ( 'NONE',  ( 0.000000000000000000, -1.000000000000000000, 0.000000000000000000 ) ) ;
#1621 = ORIENTED_EDGE ( 'NONE', *, *, #1449, .F. ) ;
#1622 = ADVANCED_FACE ( 'NONE', ( #1530 ), #395, .T. ) ;
#1623 = CARTESIAN_POINT ( 'NONE',  ( 17.87707244836813913, 7.644736842105261942, 2.357540798153543893 ) ) ;
#1624 = EDGE_LOOP ( 'NONE', ( #1566, #1640, #1292, #369 ) ) ;
#1625 = DIRECTION ( 'NONE',  ( 1.000000000000000000, 0.000000000000000000, 0.000000000000000000 ) ) ;
#1626 = ADVANCED_FACE ( 'NONE', ( #1676, #150 ), #174, .F. ) ;
#1627 = CARTESIAN_POINT ( 'NONE',  ( 18.37949530498619666, -5.800065203763690391, -5.175281996707026266 ) ) ;
#1628 = CARTESIAN_POINT ( 'NONE',  ( 1.659186009045006349, 6.527082133605054182, 0.4619589574164846280 ) ) ;
#1629 = CARTESIAN_POINT ( 'NONE',  ( 0.000000000000000000, 0.000000000000000000, 0.000000000000000000 ) ) ;
#1630 = ORIENTED_EDGE ( 'NONE', *, *, #18, .F. ) ;
#1631 = CIRCLE ( 'NONE', #393, 0.5000000000000004441 ) ;
#1632 = AXIS2_PLACEMENT_3D ( 'NONE', #75, #589, #1705 ) ;
#1633 = ORIENTED_EDGE ( 'NONE', *, *, #1343, .T. ) ;
#1634 = CARTESIAN_POINT ( 'NONE',  ( 1.659249477199959522, -2.864422165494584060, -5.882864352286873100 ) ) ;
#1635 = DIRECTION ( 'NONE',  ( 0.000000000000000000, 0.000000000000000000, 1.000000000000000000 ) ) ;
#1636 = CARTESIAN_POINT ( 'NONE',  ( 4.075660365678008823, -6.745278045457488325, -1.196960743432038843 ) ) ;
#1637 = ORIENTED_EDGE ( 'NONE', *, *, #814, .T. ) ;
#1638 = AXIS2_PLACEMENT_3D ( 'NONE', #397, #421, #525 ) ;
#1639 = DIRECTION ( 'NONE',  ( -1.000000000000000000, -0.000000000000000000, -0.000000000000000000 ) ) ;
#1640 = ORIENTED_EDGE ( 'NONE', *, *, #835, .F. ) ;
#1641 = CARTESIAN_POINT ( 'NONE',  ( 1.484535393593492625, -4.941293956800595133, 5.227241335952145462 ) ) ;
#1642 = EDGE_CURVE ( 'NONE', #1224, #579, #159, .T. ) ;
#1643 = CARTESIAN_POINT ( 'NONE',  ( 18.64302292903446201, -7.050919507972043476, -2.521455356707050122 ) ) ;
#1644 = DIRECTION ( 'NONE',  ( 1.000000000000000000, 0.000000000000000000, 0.000000000000000000 ) ) ;
#1645 = CARTESIAN_POINT ( 'NONE',  ( 1.267949192431115923, 7.644736842105262831, 2.357540798153544781 ) ) ;
#1646 = EDGE_CURVE ( 'NONE', #789, #1029, #1229, .T. ) ;
#1647 = ORIENTED_EDGE ( 'NONE', *, *, #594, .T. ) ;
#1648 = TOROIDAL_SURFACE ( 'NONE', #318, 7.000000000000000000, 1.000000000000000000 ) ;
#1649 = ORIENTED_EDGE ( 'NONE', *, *, #208, .T. ) ;
#1650 = CARTESIAN_POINT ( 'NONE',  ( 13.50000000000000178, 0.3999999999999999112, -1.450000000000000178 ) ) ;
#1651 = VECTOR ( 'NONE', #1579, 999.9999999999998863 ) ;
#1652 = CARTESIAN_POINT ( 'NONE',  ( 13.50000000000000178, -0.4000000000000001332, -1.450000000000000178 ) ) ;
#1653 = CARTESIAN_POINT ( 'NONE',  ( 1.665280595723706680, -3.532298837404497682, 5.479626280450550446 ) ) ;
#1654 = CARTESIAN_POINT ( 'NONE',  ( 5.000000000000000000, -9.000000000000000000, 0.000000000000000000 ) ) ;
#1655 = EDGE_LOOP ( 'NONE', ( #1756, #172 ) ) ;
#1656 = AXIS2_PLACEMENT_3D ( 'NONE', #1230, #1342, #783 ) ;
#1657 = DIRECTION ( 'NONE',  ( 0.000000000000000000, 0.000000000000000000, 1.000000000000000000 ) ) ;
#1658 = CARTESIAN_POINT ( 'NONE',  ( 17.73205081243111536, -7.644736842105262831, -2.357540798153544337 ) ) ;
#1659 = CARTESIAN_POINT ( 'NONE',  ( 17.87707244836814269, 7.644736842105263719, -2.357540798153543893 ) ) ;
#1660 = CARTESIAN_POINT ( 'NONE',  ( 0.6163365060105172599, 0.000000000000000000, 0.000000000000000000 ) ) ;
#1661 = EDGE_CURVE ( 'NONE', #386, #379, #898, .T. ) ;
#1662 = EDGE_LOOP ( 'NONE', ( #1178, #833, #759, #888 ) ) ;
#1663 = VECTOR ( 'NONE', #1618, 1000.000000000000000 ) ;
#1664 = CYLINDRICAL_SURFACE ( 'NONE', #837, 8.000000000000000000 ) ;
#1665 = EDGE_CURVE ( 'NONE', #471, #920, #1631, .T. ) ;
#1666 = FACE_OUTER_BOUND ( 'NONE', #1073, .T. ) ;
#1667 = DIRECTION ( 'NONE',  ( 0.000000000000000000, 0.000000000000000000, 1.000000000000000000 ) ) ;
#1668 = CARTESIAN_POINT ( 'NONE',  ( 4.799522545414517616, -6.895988112734949382, -1.489842596795183383 ) ) ;
#1669 = VERTEX_POINT ( 'NONE', #1257 ) ;
#1670 = EDGE_CURVE ( 'NONE', #471, #1275, #988, .T. ) ;
#1671 = CARTESIAN_POINT ( 'NONE',  ( -0.03293345427243452028, -9.500000000000000000, 0.000000000000000000 ) ) ;
#1672 = DIRECTION ( 'NONE',  ( 0.000000000000000000, 1.000000000000000000, -2.710505431213761085E-16 ) ) ;
#1673 = CARTESIAN_POINT ( 'NONE',  ( 1.630802782058984102, 4.035721253640508266, 5.291573809283117491 ) ) ;
#1674 = CYLINDRICAL_SURFACE ( 'NONE', #956, 9.000000000000000000 ) ;
#1675 = ORIENTED_EDGE ( 'NONE', *, *, #1483, .F. ) ;
#1676 = FACE_BOUND ( 'NONE', #118, .T. ) ;
#1677 = TOROIDAL_SURFACE ( 'NONE', #1656, 7.000000000000000000, 1.000000000000000000 ) ;
#1678 = CARTESIAN_POINT ( 'NONE',  ( 13.80000000000000071, 0.3999999999999999112, 1.750000000000000000 ) ) ;
#1679 = DIRECTION ( 'NONE',  ( -1.000000000000000000, -0.000000000000000000, -0.000000000000000000 ) ) ;
#1680 = CARTESIAN_POINT ( 'NONE',  ( 1.519006527427266384, -4.750000000000039080, 5.227241335952145462 ) ) ;
#1681 = CARTESIAN_POINT ( 'NONE',  ( 13.50000000000000178, 0.3999999999999999112, -1.750000000000000000 ) ) ;
#1682 = ORIENTED_EDGE ( 'NONE', *, *, #1394, .F. ) ;
#1683 = EDGE_LOOP ( 'NONE', ( #132, #1583, #389, #109 ) ) ;
#1684 = AXIS2_PLACEMENT_3D ( 'NONE', #618, #1173, #778 ) ;
#1685 = CALENDAR_DATE ( 2026, 26, 5 ) ;
#1686 = ORIENTED_EDGE ( 'NONE', *, *, #72, .T. ) ;
#1687 = AXIS2_PLACEMENT_3D ( 'NONE', #70, #349, #767 ) ;
#1688 = EDGE_CURVE ( 'NONE', #1444, #424, #1307, .T. ) ;
#1689 = DIRECTION ( 'NONE',  ( 1.000000000000000000, -0.000000000000000000, -0.000000000000000000 ) ) ;
#1690 = LINE ( 'NONE', #577, #1651 ) ;
#1691 = CC_DESIGN_DATE_AND_TIME_ASSIGNMENT ( #764, #226, ( #664 ) ) ;
#1692 = CARTESIAN_POINT ( 'NONE',  ( 18.37949530498620021, -5.800065203763764110, 5.175281996706947218 ) ) ;
#1693 = VERTEX_POINT ( 'NONE', #1127 ) ;
#1694 = CARTESIAN_POINT ( 'NONE',  ( 5.000000000000000000, -2.741464024932662724, 1.500000000000000666 ) ) ;
#1695 = PERSON_AND_ORGANIZATION_ROLE ( 'creator' ) ;
#1696 = ORIENTED_EDGE ( 'NONE', *, *, #1585, .T. ) ;
#1697 = CARTESIAN_POINT ( 'NONE',  ( 5.100990986358273638, -6.901923788646680435, 1.500000000000000444 ) ) ;
#1698 = DIRECTION ( 'NONE',  ( 0.000000000000000000, 0.000000000000000000, -1.000000000000000000 ) ) ;
#1699 = CARTESIAN_POINT ( 'NONE',  ( 0.000000000000000000, 0.000000000000000000, 8.000000000000000000 ) ) ;
#1700 = CARTESIAN_POINT ( 'NONE',  ( 4.899175255157128817, -2.741464024932662724, 1.500000000000000444 ) ) ;
#1701 = B_SPLINE_CURVE_WITH_KNOTS ( 'NONE', 3,
 ( #247, #135, #684, #506, #1054, #912, #98, #1634, #401, #1495, #809, #128, #1377, #419, #975, #1538, #692, #293 ),
 .UNSPECIFIED., .F., .F.,
 ( 4, 2, 2, 2, 2, 2, 2, 2, 4 ),
 ( 0.007624043174442998727, 0.008308180174474429774, 0.008992317174505860822, 0.009676454174537293604, 0.01036059117456872465, 0.01104472817460015570, 0.01172886517463158848, 0.01241300217466302126, 0.01309713917469445404 ),
 .UNSPECIFIED. ) ;
#1702 = AXIS2_PLACEMENT_3D ( 'NONE', #155, #1382, #533 ) ;
#1703 = FACE_OUTER_BOUND ( 'NONE', #1502, .T. ) ;
#1704 = VERTEX_POINT ( 'NONE', #15 ) ;
#1705 = DIRECTION ( 'NONE',  ( 0.000000000000000000, 1.156482317317871133E-15, 1.000000000000000000 ) ) ;
#1706 = ORIENTED_EDGE ( 'NONE', *, *, #1354, .F. ) ;
#1707 = CARTESIAN_POINT ( 'NONE',  ( 9.339652227046558508, -5.864058642711794000, -5.441765911433266822 ) ) ;
#1708 = DIRECTION ( 'NONE',  ( -1.000000000000000000, -0.000000000000000000, -0.000000000000000000 ) ) ;
#1709 = AXIS2_PLACEMENT_3D ( 'NONE', #1251, #981, #28 ) ;
#1710 = DIRECTION ( 'NONE',  ( -0.000000000000000000, -0.000000000000000000, -1.000000000000000000 ) ) ;
#1711 = FACE_OUTER_BOUND ( 'NONE', #1227, .T. ) ;
#1712 = DIRECTION ( 'NONE',  ( -1.000000000000000000, -0.000000000000000000, -0.000000000000000000 ) ) ;
#1713 = ORIENTED_EDGE ( 'NONE', *, *, #598, .F. ) ;
#1714 = CARTESIAN_POINT ( 'NONE',  ( 13.80000000000000071, 0.000000000000000000, -1.450000000000000178 ) ) ;
#1715 = ADVANCED_FACE ( 'NONE', ( #432 ), #1664, .T. ) ;
#1716 = B_SPLINE_CURVE_WITH_KNOTS ( 'NONE', 3,
 ( #1366, #237, #1330, #96, #1207, #1132, #607, #724 ),
 .UNSPECIFIED., .F., .F.,
 ( 4, 2, 2, 4 ),
 ( 0.000000000000000000, 0.0004282308635530237238, 0.0008564617271060474477, 0.001712923454212097281 ),
 .UNSPECIFIED. ) ;
#1717 = AXIS2_PLACEMENT_3D ( 'NONE', #582, #1393, #323 ) ;
#1718 = CARTESIAN_POINT ( 'NONE',  ( 1.267949192431115701, 0.000000000000000000, 0.000000000000000000 ) ) ;
#1719 = DIRECTION ( 'NONE',  ( 1.000000000000000000, -0.000000000000000000, -0.000000000000000000 ) ) ;
#1720 = CARTESIAN_POINT ( 'NONE',  ( 4.242066592153641125, -2.838872639431974765, -1.308982398543032666 ) ) ;
#1721 = CYLINDRICAL_SURFACE ( 'NONE', #698, 3.000000000000000444 ) ;
#1722 = ORIENTED_EDGE ( 'NONE', *, *, #1218, .T. ) ;
#1723 = CARTESIAN_POINT ( 'NONE',  ( 1.267949192431115479, -1.780678199393457506, 7.799306709586748987 ) ) ;
#1724 = PERSON_AND_ORGANIZATION_ROLE ( 'design_owner' ) ;
#1725 = ORIENTED_EDGE ( 'NONE', *, *, #1453, .F. ) ;
#1726 = DIRECTION ( 'NONE',  ( 0.000000000000000000, 1.000000000000000000, -0.000000000000000000 ) ) ;
#1727 = CIRCLE ( 'NONE', #88, 7.000000000000000000 ) ;
#1728 = DIRECTION ( 'NONE',  ( -1.000000000000000000, 0.000000000000000000, -0.000000000000000000 ) ) ;
#1729 = CARTESIAN_POINT ( 'NONE',  ( -0.2439113260742434286, 4.749999999999980460, 5.227241335952176549 ) ) ;
#1730 = CARTESIAN_POINT ( 'NONE',  ( 1.517986315290829502, 6.903786602473390488, -1.520023984899844471 ) ) ;
#1731 = CARTESIAN_POINT ( 'NONE',  ( 13.50000000000000178, -0.4000000000000001332, 1.450000000000000622 ) ) ;
#1732 = VERTEX_POINT ( 'NONE', #1650 ) ;
#1733 = VECTOR ( 'NONE', #1388, 1000.000000000000000 ) ;
#1734 = CARTESIAN_POINT ( 'NONE',  ( 17.73205081243111536, 4.750000000000095923, -4.227241335952110823 ) ) ;
#1735 = ORIENTED_EDGE ( 'NONE', *, *, #1245, .T. ) ;
#1736 = CARTESIAN_POINT ( 'NONE',  ( 13.80000000000000071, 0.3999999999999999112, -1.450000000000000178 ) ) ;
#1737 = CARTESIAN_POINT ( 'NONE',  ( 17.73205081243111536, -5.864058642711794000, -5.441765911433266822 ) ) ;
#1738 = EDGE_CURVE ( 'NONE', #1704, #33, #1100, .T. ) ;
#1739 = CYLINDRICAL_SURFACE ( 'NONE', #1606, 8.000000000000000000 ) ;
#1740 = CIRCLE ( 'NONE', #1770, 0.2999999999999999334 ) ;
#1741 = DIRECTION ( 'NONE',  ( 0.000000000000000000, 1.156482317317871133E-15, 1.000000000000000000 ) ) ;
#1742 = DIRECTION ( 'NONE',  ( 1.000000000000000000, -0.000000000000000000, 0.000000000000000000 ) ) ;
#1743 = EDGE_CURVE ( 'NONE', #713, #55, #568, .T. ) ;
#1744 = ORIENTED_EDGE ( 'NONE', *, *, #1483, .T. ) ;
#1745 = DIRECTION ( 'NONE',  ( 0.000000000000000000, 0.000000000000000000, -1.000000000000000000 ) ) ;
#1746 = CARTESIAN_POINT ( 'NONE',  ( 1.589813414542446735, -6.708160924811417125, -1.120795645722437950 ) ) ;
#1747 = DIRECTION ( 'NONE',  ( 0.000000000000000000, 0.000000000000000000, 1.000000000000000000 ) ) ;
#1748 = CARTESIAN_POINT ( 'NONE',  ( 17.73205081243111536, 9.500000000000000000, 0.000000000000000000 ) ) ;
#1749 = VECTOR ( 'NONE', #1046, 1000.000000000000000 ) ;
#1750 = DIRECTION ( 'NONE',  ( 0.000000000000000000, 0.000000000000000000, 1.000000000000000000 ) ) ;
#1751 = ADVANCED_FACE ( 'NONE', ( #5 ), #133, .T. ) ;
#1752 = LINE ( 'NONE', #518, #1188 ) ;
#1753 = ORIENTED_EDGE ( 'NONE', *, *, #662, .F. ) ;
#1754 = EDGE_CURVE ( 'NONE', #909, #1137, #1406, .T. ) ;
#1755 = CARTESIAN_POINT ( 'NONE',  ( 17.73205081243111536, 4.749999999999980460, 8.227241335952177437 ) ) ;
#1756 = ORIENTED_EDGE ( 'NONE', *, *, #1129, .F. ) ;
#1757 = CARTESIAN_POINT ( 'NONE',  ( 1.376058556536539301, -7.311822767139946500, -2.064450687666512074 ) ) ;
#1758 = B_SPLINE_CURVE_WITH_KNOTS ( 'NONE', 3,
 ( #491, #1040, #1594, #360, #899, #1322, #1454, #225 ),
 .UNSPECIFIED., .F., .F.,
 ( 4, 2, 2, 4 ),
 ( 0.000000000000000000, 0.0004282308635530243201, 0.0008564617271060486403, 0.001712923454212096847 ),
 .UNSPECIFIED. ) ;
#1759 = FACE_OUTER_BOUND ( 'NONE', #1064, .T. ) ;
#1760 = CARTESIAN_POINT ( 'NONE',  ( 1.474276888141158315, 7.025768156452866009, -1.711395499064776837 ) ) ;
#1761 = CARTESIAN_POINT ( 'NONE',  ( 1.550898773429619570, -4.573017311862599854, 5.227241335952146351 ) ) ;
#1762 = ORIENTED_EDGE ( 'NONE', *, *, #686, .F. ) ;
#1763 = ORIENTED_EDGE ( 'NONE', *, *, #1062, .T. ) ;
#1764 = VECTOR ( 'NONE', #326, 1000.000000000000000 ) ;
#1765 = CARTESIAN_POINT ( 'NONE',  ( 1.360280908492052188, -5.507511716816517300, 5.318254068199997242 ) ) ;
#1766 = CC_DESIGN_PERSON_AND_ORGANIZATION_ASSIGNMENT ( #1019, #636, ( #12 ) ) ;
#1767 = CARTESIAN_POINT ( 'NONE',  ( 1.569728982112563731, -2.278803965007323296, 6.489936541373697132 ) ) ;
#1768 = CYLINDRICAL_SURFACE ( 'NONE', #1593, 8.000000000000000000 ) ;
#1769 = VERTEX_POINT ( 'NONE', #182 ) ;
#1770 = AXIS2_PLACEMENT_3D ( 'NONE', #1736, #217, #56 ) ;
#1771 = ORIENTED_EDGE ( 'NONE', *, *, #521, .T. ) ;
#1772 = ADVANCED_FACE ( 'NONE', ( #1423 ), #1455, .F. ) ;
#1773 = CARTESIAN_POINT ( 'NONE',  ( 1.444797971957085592, -5.134819438251594370, 5.245975677711988361 ) ) ;
#1774 = EDGE_CURVE ( 'NONE', #1137, #1424, #998, .T. ) ;
#1775 = DIRECTION ( 'NONE',  ( 1.000000000000000000, 0.000000000000000000, 0.000000000000000000 ) ) ;
#1776 = CARTESIAN_POINT ( 'NONE',  ( 18.73205081243111536, 5.621497129863595177, -4.569877459673299391 ) ) ;
#1777 = AXIS2_PLACEMENT_3D ( 'NONE', #895, #242, #111 ) ;
#1778 = DIRECTION ( 'NONE',  ( 0.000000000000000000, 0.000000000000000000, 1.000000000000000000 ) ) ;
#1779 = EDGE_LOOP ( 'NONE', ( #869, #417, #298, #996 ) ) ;
#1780 = CONICAL_SURFACE ( 'NONE', #1608, 8.000000000000000000, 1.308996938995753423 ) ;
#1781 = DIRECTION ( 'NONE',  ( -1.000000000000000000, 0.000000000000000000, 0.000000000000000000 ) ) ;
#1782 = ORIENTED_EDGE ( 'NONE', *, *, #976, .T. ) ;
#1783 = CARTESIAN_POINT ( 'NONE',  ( 17.73205081243111536, 0.000000000000000000, 0.000000000000000000 ) ) ;
#1784 = CARTESIAN_POINT ( 'NONE',  ( 0.000000000000000000, 0.000000000000000000, 3.124999999999999112 ) ) ;
ENDSEC;
END-ISO-10303-21;
