ISO-10303-21;
HEADER;
/* Generated by software containing ST-Developer
 * from STEP Tools, Inc. (www.steptools.com) 
 */

FILE_DESCRIPTION(
/* description */ ('STEP AP214'),
/* implementation_level */ '2;1');

FILE_NAME(
/* name */ 'Removable_Tip_step_final.stp',
/* time_stamp */ '2026-05-08T12:22:19+02:00',
/* author */ ('milamigh'),
/* organization */ (''),
/* preprocessor_version */ 'ST-DEVELOPER v19.2',
/* originating_system */ 'Autodesk Inventor 2024',
/* authorisation */ '');

FILE_SCHEMA (('AUTOMOTIVE_DESIGN { 1 0 10303 214 3 1 1 }'));
ENDSEC;

DATA;
#10=MECHANICAL_DESIGN_GEOMETRIC_PRESENTATION_REPRESENTATION('',(#16),#3406);
#11=GEOMETRICALLY_BOUNDED_WIREFRAME_SHAPE_REPRESENTATION('',(#12),#3405);
#12=GEOMETRIC_CURVE_SET('Esquisse13',(#3402));
#13=SHAPE_REPRESENTATION_RELATIONSHIP('SRR','None',#3413,#15);
#14=SHAPE_REPRESENTATION_RELATIONSHIP('SRR','None',#3413,#11);
#15=ADVANCED_BREP_SHAPE_REPRESENTATION('',(#17),#3405);
#16=STYLED_ITEM('',(#3423),#17);
#17=MANIFOLD_SOLID_BREP('Solide1',#2016);
#18=B_SPLINE_SURFACE_WITH_KNOTS('',1,3,((#3239,#3240,#3241,#3242,#3243,
#3244),(#3245,#3246,#3247,#3248,#3249,#3250),(#3251,#3252,#3253,#3254,#3255,
#3256)),.UNSPECIFIED.,.F.,.F.,.F.,(2,1,2),(4,2,4),(-0.01,0.,1.),(-1.57091535482568,
-0.785398163397448,0.),.UNSPECIFIED.);
#19=B_SPLINE_SURFACE_WITH_KNOTS('',1,3,((#3292,#3293,#3294,#3295,#3296,
#3297),(#3298,#3299,#3300,#3301,#3302,#3303),(#3304,#3305,#3306,#3307,#3308,
#3309)),.UNSPECIFIED.,.F.,.F.,.F.,(2,1,2),(4,2,4),(-0.01,0.,1.),(3.1415926535898,
3.92699081698724,4.71251107406415),.UNSPECIFIED.);
#20=CONICAL_SURFACE('',#2137,1.7,0.785398163397443);
#21=CONICAL_SURFACE('',#2141,2.3,0.785398163397446);
#22=CONICAL_SURFACE('',#2144,1.7,0.785398163397451);
#23=CONICAL_SURFACE('',#2147,1.7,0.785398163397451);
#24=CONICAL_SURFACE('',#2150,1.7,0.785398163397463);
#25=CONICAL_SURFACE('',#2153,1.7,0.785398163397451);
#26=CONICAL_SURFACE('',#2156,2.3,0.785398163397448);
#27=CONICAL_SURFACE('',#2160,1.7,0.785398163397446);
#28=B_SPLINE_CURVE_WITH_KNOTS('',3,(#2875,#2876,#2877,#2878,#2879,#2880,
#2881,#2882),.UNSPECIFIED.,.F.,.F.,(4,2,2,4),(-1.56893304378571,-1.5390336698335,
-1.47786739226177,-1.45653790698836),.UNSPECIFIED.);
#29=B_SPLINE_CURVE_WITH_KNOTS('',3,(#3262,#3263,#3264,#3265,#3266,#3267,
#3268,#3269,#3270,#3271,#3272,#3273),.UNSPECIFIED.,.F.,.F.,(4,2,2,2,2,4),
(0.,0.0668375753931411,0.129867449898047,0.204036604239709,0.246750653494819,
0.288056908423594),.UNSPECIFIED.);
#30=B_SPLINE_CURVE_WITH_KNOTS('',3,(#3274,#3275,#3276,#3277,#3278,#3279,
#3280,#3281,#3282,#3283,#3284,#3285),.UNSPECIFIED.,.F.,.F.,(4,2,2,2,2,4),
(-0.30585448624739,-0.268949780477922,-0.231615149652938,-0.159333335931173,
-0.08363290313975,0.),.UNSPECIFIED.);
#31=B_SPLINE_CURVE_WITH_KNOTS('',3,(#3314,#3315,#3316,#3317,#3318,#3319,
#3320,#3321,#3322,#3323,#3324,#3325),.UNSPECIFIED.,.F.,.F.,(4,2,2,2,2,4),
(1.00000018522891E-6,0.0318803885305659,0.0648488147851712,0.122044526390696,
0.170605978447699,0.222096796853872),.UNSPECIFIED.);
#32=B_SPLINE_CURVE_WITH_KNOTS('',3,(#3327,#3328,#3329,#3330,#3331,#3332,
#3333,#3334,#3335,#3336,#3337,#3338),.UNSPECIFIED.,.F.,.F.,(4,2,2,2,2,4),
(-0.303922887801538,-0.220818162877756,-0.145595809696894,-0.0737704854528213,
-0.0366716377668463,0.),.UNSPECIFIED.);
#33=B_SPLINE_CURVE_WITH_KNOTS('',3,(#3358,#3359,#3360,#3361,#3362,#3363,
#3364,#3365),.UNSPECIFIED.,.F.,.F.,(4,2,2,4),(-0.835150931418064,-0.813821446144655,
-0.752655168572916,-0.696207753419205),.UNSPECIFIED.);
#34=FACE_BOUND('',#232,.T.);
#35=FACE_BOUND('',#235,.T.);
#36=FACE_BOUND('',#247,.T.);
#37=FACE_BOUND('',#255,.T.);
#38=FACE_BOUND('',#263,.T.);
#39=FACE_BOUND('',#264,.T.);
#40=FACE_BOUND('',#279,.T.);
#41=FACE_BOUND('',#280,.T.);
#42=FACE_BOUND('',#281,.T.);
#43=FACE_BOUND('',#282,.T.);
#44=FACE_BOUND('',#329,.T.);
#45=FACE_BOUND('',#332,.T.);
#46=FACE_BOUND('',#336,.T.);
#47=FACE_BOUND('',#339,.T.);
#48=CIRCLE('',#2043,1.);
#49=CIRCLE('',#2046,1.);
#50=CIRCLE('',#2050,2.);
#51=CIRCLE('',#2051,2.);
#52=CIRCLE('',#2056,2.);
#53=CIRCLE('',#2058,2.);
#54=CIRCLE('',#2066,1.05);
#55=CIRCLE('',#2074,1.05);
#56=CIRCLE('',#2076,1.05);
#57=CIRCLE('',#2077,1.05);
#58=CIRCLE('',#2079,1.05);
#59=CIRCLE('',#2081,1.05);
#60=CIRCLE('',#2083,1.1);
#61=CIRCLE('',#2084,1.1);
#62=CIRCLE('',#2086,1.1);
#63=CIRCLE('',#2088,1.05);
#64=CIRCLE('',#2094,2.);
#65=CIRCLE('',#2095,2.);
#66=CIRCLE('',#2096,2.);
#67=CIRCLE('',#2097,2.);
#68=CIRCLE('',#2111,2.);
#69=CIRCLE('',#2112,2.);
#70=CIRCLE('',#2120,1.55);
#71=CIRCLE('',#2121,1.55);
#72=CIRCLE('',#2123,1.55);
#73=CIRCLE('',#2124,1.55);
#74=CIRCLE('',#2126,2.);
#75=CIRCLE('',#2128,2.);
#76=CIRCLE('',#2129,1.7);
#77=CIRCLE('',#2130,1.69999999999999);
#78=CIRCLE('',#2131,1.69999999999999);
#79=CIRCLE('',#2132,1.7);
#80=CIRCLE('',#2134,2.);
#81=CIRCLE('',#2138,1.7);
#82=CIRCLE('',#2139,2.);
#83=CIRCLE('',#2142,2.3);
#84=CIRCLE('',#2143,2.);
#85=CIRCLE('',#2145,2.);
#86=CIRCLE('',#2148,2.);
#87=CIRCLE('',#2151,2.);
#88=CIRCLE('',#2154,2.);
#89=CIRCLE('',#2157,2.3);
#90=CIRCLE('',#2158,2.);
#91=CIRCLE('',#2161,1.7);
#92=CIRCLE('',#2165,1.12691220160878);
#93=CIRCLE('',#2167,1.12691220158673);
#94=CIRCLE('',#2171,1.5);
#95=CIRCLE('',#2173,1.5);
#96=ELLIPSE('',#2042,1.41421356236302,0.999999999996516);
#97=ELLIPSE('',#2045,1.41421356237373,1.0000000000002);
#98=ELLIPSE('',#2078,1.48492424049175,1.05);
#99=ELLIPSE('',#2085,1.5556349186104,1.1);
#100=ELLIPSE('',#2164,2.44948500756667,1.49999803066829);
#101=ELLIPSE('',#2169,2.44948765668425,1.49999913828486);
#102=CYLINDRICAL_SURFACE('',#2041,1.);
#103=CYLINDRICAL_SURFACE('',#2044,1.);
#104=CYLINDRICAL_SURFACE('',#2057,2.);
#105=CYLINDRICAL_SURFACE('',#2075,1.05);
#106=CYLINDRICAL_SURFACE('',#2080,1.05);
#107=CYLINDRICAL_SURFACE('',#2082,1.1);
#108=CYLINDRICAL_SURFACE('',#2087,1.05);
#109=CYLINDRICAL_SURFACE('',#2119,1.55);
#110=CYLINDRICAL_SURFACE('',#2122,1.55);
#111=CYLINDRICAL_SURFACE('',#2133,2.);
#112=CYLINDRICAL_SURFACE('',#2170,1.5);
#113=CYLINDRICAL_SURFACE('',#2172,1.5);
#114=CYLINDRICAL_SURFACE('',#2174,2.);
#115=CYLINDRICAL_SURFACE('',#2175,2.);
#116=CYLINDRICAL_SURFACE('',#2176,2.);
#117=CYLINDRICAL_SURFACE('',#2177,2.);
#118=CYLINDRICAL_SURFACE('',#2178,2.);
#119=CYLINDRICAL_SURFACE('',#2179,2.);
#120=CYLINDRICAL_SURFACE('',#2180,2.);
#121=CYLINDRICAL_SURFACE('',#2181,2.);
#122=FACE_OUTER_BOUND('',#226,.T.);
#123=FACE_OUTER_BOUND('',#227,.T.);
#124=FACE_OUTER_BOUND('',#228,.T.);
#125=FACE_OUTER_BOUND('',#229,.T.);
#126=FACE_OUTER_BOUND('',#230,.T.);
#127=FACE_OUTER_BOUND('',#231,.T.);
#128=FACE_OUTER_BOUND('',#233,.T.);
#129=FACE_OUTER_BOUND('',#234,.T.);
#130=FACE_OUTER_BOUND('',#236,.T.);
#131=FACE_OUTER_BOUND('',#237,.T.);
#132=FACE_OUTER_BOUND('',#238,.T.);
#133=FACE_OUTER_BOUND('',#239,.T.);
#134=FACE_OUTER_BOUND('',#240,.T.);
#135=FACE_OUTER_BOUND('',#241,.T.);
#136=FACE_OUTER_BOUND('',#242,.T.);
#137=FACE_OUTER_BOUND('',#243,.T.);
#138=FACE_OUTER_BOUND('',#244,.T.);
#139=FACE_OUTER_BOUND('',#245,.T.);
#140=FACE_OUTER_BOUND('',#246,.T.);
#141=FACE_OUTER_BOUND('',#248,.T.);
#142=FACE_OUTER_BOUND('',#249,.T.);
#143=FACE_OUTER_BOUND('',#250,.T.);
#144=FACE_OUTER_BOUND('',#251,.T.);
#145=FACE_OUTER_BOUND('',#252,.T.);
#146=FACE_OUTER_BOUND('',#253,.T.);
#147=FACE_OUTER_BOUND('',#254,.T.);
#148=FACE_OUTER_BOUND('',#256,.T.);
#149=FACE_OUTER_BOUND('',#257,.T.);
#150=FACE_OUTER_BOUND('',#258,.T.);
#151=FACE_OUTER_BOUND('',#259,.T.);
#152=FACE_OUTER_BOUND('',#260,.T.);
#153=FACE_OUTER_BOUND('',#261,.T.);
#154=FACE_OUTER_BOUND('',#262,.T.);
#155=FACE_OUTER_BOUND('',#265,.T.);
#156=FACE_OUTER_BOUND('',#266,.T.);
#157=FACE_OUTER_BOUND('',#267,.T.);
#158=FACE_OUTER_BOUND('',#268,.T.);
#159=FACE_OUTER_BOUND('',#269,.T.);
#160=FACE_OUTER_BOUND('',#270,.T.);
#161=FACE_OUTER_BOUND('',#271,.T.);
#162=FACE_OUTER_BOUND('',#272,.T.);
#163=FACE_OUTER_BOUND('',#273,.T.);
#164=FACE_OUTER_BOUND('',#274,.T.);
#165=FACE_OUTER_BOUND('',#275,.T.);
#166=FACE_OUTER_BOUND('',#276,.T.);
#167=FACE_OUTER_BOUND('',#277,.T.);
#168=FACE_OUTER_BOUND('',#278,.T.);
#169=FACE_OUTER_BOUND('',#283,.T.);
#170=FACE_OUTER_BOUND('',#284,.T.);
#171=FACE_OUTER_BOUND('',#285,.T.);
#172=FACE_OUTER_BOUND('',#286,.T.);
#173=FACE_OUTER_BOUND('',#287,.T.);
#174=FACE_OUTER_BOUND('',#288,.T.);
#175=FACE_OUTER_BOUND('',#289,.T.);
#176=FACE_OUTER_BOUND('',#290,.T.);
#177=FACE_OUTER_BOUND('',#291,.T.);
#178=FACE_OUTER_BOUND('',#292,.T.);
#179=FACE_OUTER_BOUND('',#293,.T.);
#180=FACE_OUTER_BOUND('',#294,.T.);
#181=FACE_OUTER_BOUND('',#295,.T.);
#182=FACE_OUTER_BOUND('',#296,.T.);
#183=FACE_OUTER_BOUND('',#297,.T.);
#184=FACE_OUTER_BOUND('',#298,.T.);
#185=FACE_OUTER_BOUND('',#299,.T.);
#186=FACE_OUTER_BOUND('',#300,.T.);
#187=FACE_OUTER_BOUND('',#301,.T.);
#188=FACE_OUTER_BOUND('',#302,.T.);
#189=FACE_OUTER_BOUND('',#303,.T.);
#190=FACE_OUTER_BOUND('',#304,.T.);
#191=FACE_OUTER_BOUND('',#305,.T.);
#192=FACE_OUTER_BOUND('',#306,.T.);
#193=FACE_OUTER_BOUND('',#307,.T.);
#194=FACE_OUTER_BOUND('',#308,.T.);
#195=FACE_OUTER_BOUND('',#309,.T.);
#196=FACE_OUTER_BOUND('',#310,.T.);
#197=FACE_OUTER_BOUND('',#311,.T.);
#198=FACE_OUTER_BOUND('',#312,.T.);
#199=FACE_OUTER_BOUND('',#313,.T.);
#200=FACE_OUTER_BOUND('',#314,.T.);
#201=FACE_OUTER_BOUND('',#315,.T.);
#202=FACE_OUTER_BOUND('',#316,.T.);
#203=FACE_OUTER_BOUND('',#317,.T.);
#204=FACE_OUTER_BOUND('',#318,.T.);
#205=FACE_OUTER_BOUND('',#319,.T.);
#206=FACE_OUTER_BOUND('',#320,.T.);
#207=FACE_OUTER_BOUND('',#321,.T.);
#208=FACE_OUTER_BOUND('',#322,.T.);
#209=FACE_OUTER_BOUND('',#323,.T.);
#210=FACE_OUTER_BOUND('',#324,.T.);
#211=FACE_OUTER_BOUND('',#325,.T.);
#212=FACE_OUTER_BOUND('',#326,.T.);
#213=FACE_OUTER_BOUND('',#327,.T.);
#214=FACE_OUTER_BOUND('',#328,.T.);
#215=FACE_OUTER_BOUND('',#330,.T.);
#216=FACE_OUTER_BOUND('',#331,.T.);
#217=FACE_OUTER_BOUND('',#333,.T.);
#218=FACE_OUTER_BOUND('',#334,.T.);
#219=FACE_OUTER_BOUND('',#335,.T.);
#220=FACE_OUTER_BOUND('',#337,.T.);
#221=FACE_OUTER_BOUND('',#338,.T.);
#222=FACE_OUTER_BOUND('',#340,.T.);
#223=FACE_OUTER_BOUND('',#341,.T.);
#224=FACE_OUTER_BOUND('',#342,.T.);
#225=FACE_OUTER_BOUND('',#343,.T.);
#226=EDGE_LOOP('',(#1266,#1267,#1268,#1269,#1270,#1271));
#227=EDGE_LOOP('',(#1272,#1273,#1274,#1275,#1276,#1277));
#228=EDGE_LOOP('',(#1278,#1279,#1280));
#229=EDGE_LOOP('',(#1281,#1282,#1283));
#230=EDGE_LOOP('',(#1284,#1285,#1286,#1287));
#231=EDGE_LOOP('',(#1288,#1289,#1290,#1291,#1292,#1293,#1294,#1295));
#232=EDGE_LOOP('',(#1296,#1297,#1298,#1299));
#233=EDGE_LOOP('',(#1300,#1301,#1302,#1303,#1304,#1305,#1306,#1307,#1308));
#234=EDGE_LOOP('',(#1309,#1310,#1311,#1312));
#235=EDGE_LOOP('',(#1313,#1314,#1315,#1316));
#236=EDGE_LOOP('',(#1317,#1318,#1319,#1320,#1321,#1322,#1323,#1324,#1325,
#1326,#1327,#1328));
#237=EDGE_LOOP('',(#1329,#1330,#1331,#1332));
#238=EDGE_LOOP('',(#1333,#1334,#1335));
#239=EDGE_LOOP('',(#1336,#1337,#1338,#1339));
#240=EDGE_LOOP('',(#1340,#1341,#1342,#1343));
#241=EDGE_LOOP('',(#1344,#1345,#1346,#1347));
#242=EDGE_LOOP('',(#1348,#1349,#1350,#1351));
#243=EDGE_LOOP('',(#1352,#1353,#1354,#1355));
#244=EDGE_LOOP('',(#1356,#1357,#1358,#1359));
#245=EDGE_LOOP('',(#1360,#1361,#1362,#1363));
#246=EDGE_LOOP('',(#1364,#1365,#1366,#1367,#1368,#1369));
#247=EDGE_LOOP('',(#1370));
#248=EDGE_LOOP('',(#1371,#1372,#1373,#1374));
#249=EDGE_LOOP('',(#1375,#1376,#1377,#1378));
#250=EDGE_LOOP('',(#1379,#1380,#1381,#1382));
#251=EDGE_LOOP('',(#1383,#1384,#1385,#1386));
#252=EDGE_LOOP('',(#1387,#1388,#1389,#1390));
#253=EDGE_LOOP('',(#1391,#1392,#1393,#1394));
#254=EDGE_LOOP('',(#1395,#1396,#1397,#1398,#1399,#1400));
#255=EDGE_LOOP('',(#1401));
#256=EDGE_LOOP('',(#1402,#1403,#1404,#1405,#1406,#1407,#1408));
#257=EDGE_LOOP('',(#1409,#1410,#1411,#1412));
#258=EDGE_LOOP('',(#1413,#1414,#1415,#1416,#1417,#1418,#1419));
#259=EDGE_LOOP('',(#1420,#1421,#1422,#1423));
#260=EDGE_LOOP('',(#1424,#1425,#1426,#1427,#1428,#1429,#1430));
#261=EDGE_LOOP('',(#1431,#1432,#1433,#1434));
#262=EDGE_LOOP('',(#1435,#1436,#1437,#1438));
#263=EDGE_LOOP('',(#1439,#1440,#1441,#1442,#1443,#1444));
#264=EDGE_LOOP('',(#1445,#1446,#1447,#1448,#1449,#1450));
#265=EDGE_LOOP('',(#1451,#1452,#1453,#1454));
#266=EDGE_LOOP('',(#1455,#1456,#1457,#1458,#1459,#1460,#1461,#1462,#1463,
#1464,#1465,#1466,#1467,#1468));
#267=EDGE_LOOP('',(#1469,#1470,#1471,#1472));
#268=EDGE_LOOP('',(#1473,#1474,#1475,#1476));
#269=EDGE_LOOP('',(#1477,#1478,#1479,#1480,#1481));
#270=EDGE_LOOP('',(#1482,#1483,#1484,#1485,#1486));
#271=EDGE_LOOP('',(#1487,#1488,#1489,#1490));
#272=EDGE_LOOP('',(#1491,#1492,#1493,#1494));
#273=EDGE_LOOP('',(#1495,#1496,#1497,#1498,#1499));
#274=EDGE_LOOP('',(#1500,#1501,#1502,#1503));
#275=EDGE_LOOP('',(#1504,#1505,#1506,#1507));
#276=EDGE_LOOP('',(#1508,#1509,#1510,#1511));
#277=EDGE_LOOP('',(#1512,#1513,#1514,#1515));
#278=EDGE_LOOP('',(#1516,#1517,#1518,#1519,#1520,#1521,#1522,#1523,#1524));
#279=EDGE_LOOP('',(#1525));
#280=EDGE_LOOP('',(#1526));
#281=EDGE_LOOP('',(#1527));
#282=EDGE_LOOP('',(#1528));
#283=EDGE_LOOP('',(#1529,#1530,#1531,#1532,#1533,#1534,#1535,#1536,#1537));
#284=EDGE_LOOP('',(#1538,#1539,#1540,#1541));
#285=EDGE_LOOP('',(#1542,#1543,#1544,#1545,#1546,#1547));
#286=EDGE_LOOP('',(#1548,#1549,#1550,#1551));
#287=EDGE_LOOP('',(#1552,#1553,#1554,#1555));
#288=EDGE_LOOP('',(#1556,#1557,#1558,#1559));
#289=EDGE_LOOP('',(#1560,#1561,#1562,#1563,#1564,#1565,#1566,#1567));
#290=EDGE_LOOP('',(#1568,#1569,#1570,#1571));
#291=EDGE_LOOP('',(#1572,#1573,#1574,#1575));
#292=EDGE_LOOP('',(#1576,#1577,#1578));
#293=EDGE_LOOP('',(#1579,#1580,#1581,#1582,#1583,#1584,#1585,#1586,#1587,
#1588,#1589,#1590,#1591,#1592,#1593,#1594,#1595,#1596,#1597,#1598,#1599,
#1600,#1601,#1602,#1603,#1604));
#294=EDGE_LOOP('',(#1605,#1606,#1607,#1608));
#295=EDGE_LOOP('',(#1609,#1610,#1611,#1612,#1613,#1614,#1615,#1616,#1617,
#1618,#1619,#1620));
#296=EDGE_LOOP('',(#1621,#1622,#1623,#1624));
#297=EDGE_LOOP('',(#1625,#1626,#1627,#1628));
#298=EDGE_LOOP('',(#1629,#1630,#1631,#1632));
#299=EDGE_LOOP('',(#1633,#1634,#1635,#1636));
#300=EDGE_LOOP('',(#1637,#1638,#1639,#1640));
#301=EDGE_LOOP('',(#1641,#1642,#1643,#1644));
#302=EDGE_LOOP('',(#1645,#1646,#1647,#1648));
#303=EDGE_LOOP('',(#1649,#1650,#1651,#1652));
#304=EDGE_LOOP('',(#1653,#1654,#1655,#1656));
#305=EDGE_LOOP('',(#1657,#1658,#1659,#1660));
#306=EDGE_LOOP('',(#1661,#1662,#1663,#1664));
#307=EDGE_LOOP('',(#1665,#1666,#1667,#1668,#1669,#1670,#1671));
#308=EDGE_LOOP('',(#1672,#1673,#1674,#1675));
#309=EDGE_LOOP('',(#1676,#1677,#1678,#1679));
#310=EDGE_LOOP('',(#1680,#1681,#1682,#1683));
#311=EDGE_LOOP('',(#1684,#1685,#1686,#1687));
#312=EDGE_LOOP('',(#1688,#1689,#1690,#1691,#1692));
#313=EDGE_LOOP('',(#1693,#1694,#1695,#1696,#1697));
#314=EDGE_LOOP('',(#1698,#1699,#1700,#1701));
#315=EDGE_LOOP('',(#1702,#1703,#1704,#1705,#1706));
#316=EDGE_LOOP('',(#1707,#1708,#1709,#1710,#1711));
#317=EDGE_LOOP('',(#1712,#1713,#1714,#1715,#1716));
#318=EDGE_LOOP('',(#1717,#1718,#1719,#1720,#1721));
#319=EDGE_LOOP('',(#1722,#1723,#1724,#1725,#1726,#1727));
#320=EDGE_LOOP('',(#1728,#1729,#1730,#1731,#1732,#1733));
#321=EDGE_LOOP('',(#1734,#1735,#1736,#1737));
#322=EDGE_LOOP('',(#1738,#1739,#1740,#1741));
#323=EDGE_LOOP('',(#1742,#1743,#1744,#1745));
#324=EDGE_LOOP('',(#1746,#1747,#1748,#1749));
#325=EDGE_LOOP('',(#1750,#1751,#1752,#1753));
#326=EDGE_LOOP('',(#1754,#1755,#1756,#1757));
#327=EDGE_LOOP('',(#1758,#1759,#1760,#1761,#1762,#1763));
#328=EDGE_LOOP('',(#1764,#1765,#1766,#1767));
#329=EDGE_LOOP('',(#1768));
#330=EDGE_LOOP('',(#1769,#1770,#1771,#1772,#1773,#1774));
#331=EDGE_LOOP('',(#1775,#1776,#1777,#1778));
#332=EDGE_LOOP('',(#1779));
#333=EDGE_LOOP('',(#1780,#1781,#1782,#1783));
#334=EDGE_LOOP('',(#1784,#1785,#1786,#1787));
#335=EDGE_LOOP('',(#1788,#1789,#1790,#1791,#1792,#1793,#1794,#1795,#1796));
#336=EDGE_LOOP('',(#1797));
#337=EDGE_LOOP('',(#1798,#1799,#1800,#1801));
#338=EDGE_LOOP('',(#1802,#1803,#1804,#1805,#1806,#1807,#1808,#1809,#1810));
#339=EDGE_LOOP('',(#1811));
#340=EDGE_LOOP('',(#1812,#1813,#1814,#1815));
#341=EDGE_LOOP('',(#1816,#1817,#1818,#1819));
#342=EDGE_LOOP('',(#1820,#1821,#1822,#1823,#1824,#1825,#1826,#1827,#1828,
#1829,#1830,#1831,#1832,#1833));
#343=EDGE_LOOP('',(#1834,#1835,#1836,#1837));
#344=LINE('',#2739,#570);
#345=LINE('',#2741,#571);
#346=LINE('',#2743,#572);
#347=LINE('',#2745,#573);
#348=LINE('',#2747,#574);
#349=LINE('',#2748,#575);
#350=LINE('',#2752,#576);
#351=LINE('',#2754,#577);
#352=LINE('',#2756,#578);
#353=LINE('',#2758,#579);
#354=LINE('',#2760,#580);
#355=LINE('',#2761,#581);
#356=LINE('',#2768,#582);
#357=LINE('',#2774,#583);
#358=LINE('',#2779,#584);
#359=LINE('',#2781,#585);
#360=LINE('',#2783,#586);
#361=LINE('',#2784,#587);
#362=LINE('',#2786,#588);
#363=LINE('',#2788,#589);
#364=LINE('',#2790,#590);
#365=LINE('',#2792,#591);
#366=LINE('',#2794,#592);
#367=LINE('',#2795,#593);
#368=LINE('',#2798,#594);
#369=LINE('',#2800,#595);
#370=LINE('',#2802,#596);
#371=LINE('',#2803,#597);
#372=LINE('',#2806,#598);
#373=LINE('',#2808,#599);
#374=LINE('',#2810,#600);
#375=LINE('',#2814,#601);
#376=LINE('',#2818,#602);
#377=LINE('',#2819,#603);
#378=LINE('',#2822,#604);
#379=LINE('',#2823,#605);
#380=LINE('',#2826,#606);
#381=LINE('',#2828,#607);
#382=LINE('',#2830,#608);
#383=LINE('',#2831,#609);
#384=LINE('',#2834,#610);
#385=LINE('',#2836,#611);
#386=LINE('',#2838,#612);
#387=LINE('',#2840,#613);
#388=LINE('',#2842,#614);
#389=LINE('',#2844,#615);
#390=LINE('',#2846,#616);
#391=LINE('',#2848,#617);
#392=LINE('',#2850,#618);
#393=LINE('',#2852,#619);
#394=LINE('',#2853,#620);
#395=LINE('',#2857,#621);
#396=LINE('',#2859,#622);
#397=LINE('',#2861,#623);
#398=LINE('',#2862,#624);
#399=LINE('',#2866,#625);
#400=LINE('',#2868,#626);
#401=LINE('',#2874,#627);
#402=LINE('',#2886,#628);
#403=LINE('',#2888,#629);
#404=LINE('',#2890,#630);
#405=LINE('',#2891,#631);
#406=LINE('',#2894,#632);
#407=LINE('',#2896,#633);
#408=LINE('',#2897,#634);
#409=LINE('',#2900,#635);
#410=LINE('',#2902,#636);
#411=LINE('',#2903,#637);
#412=LINE('',#2906,#638);
#413=LINE('',#2908,#639);
#414=LINE('',#2909,#640);
#415=LINE('',#2912,#641);
#416=LINE('',#2914,#642);
#417=LINE('',#2915,#643);
#418=LINE('',#2917,#644);
#419=LINE('',#2918,#645);
#420=LINE('',#2925,#646);
#421=LINE('',#2927,#647);
#422=LINE('',#2929,#648);
#423=LINE('',#2930,#649);
#424=LINE('',#2933,#650);
#425=LINE('',#2935,#651);
#426=LINE('',#2936,#652);
#427=LINE('',#2939,#653);
#428=LINE('',#2941,#654);
#429=LINE('',#2942,#655);
#430=LINE('',#2945,#656);
#431=LINE('',#2947,#657);
#432=LINE('',#2948,#658);
#433=LINE('',#2951,#659);
#434=LINE('',#2953,#660);
#435=LINE('',#2954,#661);
#436=LINE('',#2956,#662);
#437=LINE('',#2957,#663);
#438=LINE('',#2965,#664);
#439=LINE('',#2973,#665);
#440=LINE('',#2978,#666);
#441=LINE('',#2986,#667);
#442=LINE('',#2989,#668);
#443=LINE('',#2991,#669);
#444=LINE('',#2993,#670);
#445=LINE('',#2995,#671);
#446=LINE('',#2996,#672);
#447=LINE('',#2998,#673);
#448=LINE('',#2999,#674);
#449=LINE('',#3001,#675);
#450=LINE('',#3005,#676);
#451=LINE('',#3007,#677);
#452=LINE('',#3009,#678);
#453=LINE('',#3010,#679);
#454=LINE('',#3013,#680);
#455=LINE('',#3015,#681);
#456=LINE('',#3019,#682);
#457=LINE('',#3023,#683);
#458=LINE('',#3027,#684);
#459=LINE('',#3031,#685);
#460=LINE('',#3032,#686);
#461=LINE('',#3034,#687);
#462=LINE('',#3035,#688);
#463=LINE('',#3037,#689);
#464=LINE('',#3040,#690);
#465=LINE('',#3041,#691);
#466=LINE('',#3043,#692);
#467=LINE('',#3046,#693);
#468=LINE('',#3047,#694);
#469=LINE('',#3049,#695);
#470=LINE('',#3050,#696);
#471=LINE('',#3052,#697);
#472=LINE('',#3053,#698);
#473=LINE('',#3057,#699);
#474=LINE('',#3058,#700);
#475=LINE('',#3061,#701);
#476=LINE('',#3062,#702);
#477=LINE('',#3064,#703);
#478=LINE('',#3068,#704);
#479=LINE('',#3070,#705);
#480=LINE('',#3074,#706);
#481=LINE('',#3076,#707);
#482=LINE('',#3078,#708);
#483=LINE('',#3080,#709);
#484=LINE('',#3082,#710);
#485=LINE('',#3083,#711);
#486=LINE('',#3085,#712);
#487=LINE('',#3087,#713);
#488=LINE('',#3093,#714);
#489=LINE('',#3099,#715);
#490=LINE('',#3104,#716);
#491=LINE('',#3107,#717);
#492=LINE('',#3109,#718);
#493=LINE('',#3112,#719);
#494=LINE('',#3113,#720);
#495=LINE('',#3115,#721);
#496=LINE('',#3119,#722);
#497=LINE('',#3123,#723);
#498=LINE('',#3127,#724);
#499=LINE('',#3131,#725);
#500=LINE('',#3134,#726);
#501=LINE('',#3138,#727);
#502=LINE('',#3140,#728);
#503=LINE('',#3142,#729);
#504=LINE('',#3144,#730);
#505=LINE('',#3146,#731);
#506=LINE('',#3148,#732);
#507=LINE('',#3150,#733);
#508=LINE('',#3152,#734);
#509=LINE('',#3154,#735);
#510=LINE('',#3156,#736);
#511=LINE('',#3158,#737);
#512=LINE('',#3159,#738);
#513=LINE('',#3163,#739);
#514=LINE('',#3164,#740);
#515=LINE('',#3165,#741);
#516=LINE('',#3169,#742);
#517=LINE('',#3175,#743);
#518=LINE('',#3176,#744);
#519=LINE('',#3177,#745);
#520=LINE('',#3183,#746);
#521=LINE('',#3187,#747);
#522=LINE('',#3188,#748);
#523=LINE('',#3191,#749);
#524=LINE('',#3195,#750);
#525=LINE('',#3196,#751);
#526=LINE('',#3199,#752);
#527=LINE('',#3203,#753);
#528=LINE('',#3204,#754);
#529=LINE('',#3207,#755);
#530=LINE('',#3211,#756);
#531=LINE('',#3212,#757);
#532=LINE('',#3216,#758);
#533=LINE('',#3221,#759);
#534=LINE('',#3222,#760);
#535=LINE('',#3223,#761);
#536=LINE('',#3226,#762);
#537=LINE('',#3229,#763);
#538=LINE('',#3230,#764);
#539=LINE('',#3233,#765);
#540=LINE('',#3235,#766);
#541=LINE('',#3238,#767);
#542=LINE('',#3259,#768);
#543=LINE('',#3289,#769);
#544=LINE('',#3290,#770);
#545=LINE('',#3291,#771);
#546=LINE('',#3312,#772);
#547=LINE('',#3341,#773);
#548=LINE('',#3343,#774);
#549=LINE('',#3346,#775);
#550=LINE('',#3348,#776);
#551=LINE('',#3352,#777);
#552=LINE('',#3354,#778);
#553=LINE('',#3357,#779);
#554=LINE('',#3367,#780);
#555=LINE('',#3369,#781);
#556=LINE('',#3370,#782);
#557=LINE('',#3372,#783);
#558=LINE('',#3373,#784);
#559=LINE('',#3375,#785);
#560=LINE('',#3376,#786);
#561=LINE('',#3378,#787);
#562=LINE('',#3379,#788);
#563=LINE('',#3381,#789);
#564=LINE('',#3382,#790);
#565=LINE('',#3385,#791);
#566=LINE('',#3386,#792);
#567=LINE('',#3387,#793);
#568=LINE('',#3394,#794);
#569=LINE('',#3397,#795);
#570=VECTOR('',#2199,10.);
#571=VECTOR('',#2200,10.);
#572=VECTOR('',#2201,10.);
#573=VECTOR('',#2202,1000.);
#574=VECTOR('',#2203,1000.);
#575=VECTOR('',#2204,10.);
#576=VECTOR('',#2207,1000.);
#577=VECTOR('',#2208,1000.);
#578=VECTOR('',#2209,10.);
#579=VECTOR('',#2210,10.);
#580=VECTOR('',#2211,10.);
#581=VECTOR('',#2212,10.);
#582=VECTOR('',#2219,10.);
#583=VECTOR('',#2224,10.);
#584=VECTOR('',#2229,10.);
#585=VECTOR('',#2230,10.);
#586=VECTOR('',#2231,10.);
#587=VECTOR('',#2232,10.);
#588=VECTOR('',#2235,10.);
#589=VECTOR('',#2236,10.);
#590=VECTOR('',#2237,10.);
#591=VECTOR('',#2238,10.);
#592=VECTOR('',#2239,10.);
#593=VECTOR('',#2240,10.);
#594=VECTOR('',#2241,10.);
#595=VECTOR('',#2242,10.);
#596=VECTOR('',#2243,10.);
#597=VECTOR('',#2244,10.);
#598=VECTOR('',#2247,10.);
#599=VECTOR('',#2248,1000.);
#600=VECTOR('',#2249,1000.);
#601=VECTOR('',#2252,1000.);
#602=VECTOR('',#2255,1000.);
#603=VECTOR('',#2256,1000.);
#604=VECTOR('',#2259,10.);
#605=VECTOR('',#2260,1000.);
#606=VECTOR('',#2261,10.);
#607=VECTOR('',#2262,10.);
#608=VECTOR('',#2263,10.);
#609=VECTOR('',#2264,10.);
#610=VECTOR('',#2267,10.);
#611=VECTOR('',#2268,10.);
#612=VECTOR('',#2269,10.);
#613=VECTOR('',#2270,10.);
#614=VECTOR('',#2271,10.);
#615=VECTOR('',#2272,10.);
#616=VECTOR('',#2273,10.);
#617=VECTOR('',#2274,10.);
#618=VECTOR('',#2275,10.);
#619=VECTOR('',#2276,10.);
#620=VECTOR('',#2277,10.);
#621=VECTOR('',#2280,10.);
#622=VECTOR('',#2281,10.);
#623=VECTOR('',#2282,10.);
#624=VECTOR('',#2283,10.);
#625=VECTOR('',#2286,10.);
#626=VECTOR('',#2287,1000.);
#627=VECTOR('',#2294,1000.);
#628=VECTOR('',#2297,10.);
#629=VECTOR('',#2298,10.);
#630=VECTOR('',#2299,10.);
#631=VECTOR('',#2300,10.);
#632=VECTOR('',#2303,10.);
#633=VECTOR('',#2304,10.);
#634=VECTOR('',#2305,10.);
#635=VECTOR('',#2308,10.);
#636=VECTOR('',#2309,10.);
#637=VECTOR('',#2310,10.);
#638=VECTOR('',#2313,10.);
#639=VECTOR('',#2314,10.);
#640=VECTOR('',#2315,10.);
#641=VECTOR('',#2318,10.);
#642=VECTOR('',#2319,10.);
#643=VECTOR('',#2320,10.);
#644=VECTOR('',#2323,10.);
#645=VECTOR('',#2324,10.);
#646=VECTOR('',#2331,10.);
#647=VECTOR('',#2332,10.);
#648=VECTOR('',#2333,10.);
#649=VECTOR('',#2334,10.);
#650=VECTOR('',#2337,10.);
#651=VECTOR('',#2338,10.);
#652=VECTOR('',#2339,10.);
#653=VECTOR('',#2342,10.);
#654=VECTOR('',#2343,10.);
#655=VECTOR('',#2344,10.);
#656=VECTOR('',#2347,10.);
#657=VECTOR('',#2348,10.);
#658=VECTOR('',#2349,10.);
#659=VECTOR('',#2352,10.);
#660=VECTOR('',#2353,10.);
#661=VECTOR('',#2354,10.);
#662=VECTOR('',#2357,10.);
#663=VECTOR('',#2358,10.);
#664=VECTOR('',#2367,1.05);
#665=VECTOR('',#2378,1.05);
#666=VECTOR('',#2383,1.1);
#667=VECTOR('',#2394,1.05);
#668=VECTOR('',#2397,1000.);
#669=VECTOR('',#2398,1000.);
#670=VECTOR('',#2399,1000.);
#671=VECTOR('',#2400,1000.);
#672=VECTOR('',#2401,1000.);
#673=VECTOR('',#2404,10.);
#674=VECTOR('',#2405,10.);
#675=VECTOR('',#2408,10.);
#676=VECTOR('',#2411,10.);
#677=VECTOR('',#2412,10.);
#678=VECTOR('',#2413,10.);
#679=VECTOR('',#2414,10.);
#680=VECTOR('',#2417,1000.);
#681=VECTOR('',#2418,1000.);
#682=VECTOR('',#2421,1000.);
#683=VECTOR('',#2424,1000.);
#684=VECTOR('',#2427,1000.);
#685=VECTOR('',#2430,1000.);
#686=VECTOR('',#2431,1000.);
#687=VECTOR('',#2434,10.);
#688=VECTOR('',#2435,10.);
#689=VECTOR('',#2438,10.);
#690=VECTOR('',#2441,10.);
#691=VECTOR('',#2442,10.);
#692=VECTOR('',#2445,10.);
#693=VECTOR('',#2448,10.);
#694=VECTOR('',#2449,10.);
#695=VECTOR('',#2452,10.);
#696=VECTOR('',#2453,10.);
#697=VECTOR('',#2456,10.);
#698=VECTOR('',#2457,10.);
#699=VECTOR('',#2462,10.);
#700=VECTOR('',#2463,10.);
#701=VECTOR('',#2466,10.);
#702=VECTOR('',#2467,10.);
#703=VECTOR('',#2470,10.);
#704=VECTOR('',#2475,10.);
#705=VECTOR('',#2476,1000.);
#706=VECTOR('',#2479,1000.);
#707=VECTOR('',#2482,1000.);
#708=VECTOR('',#2485,1000.);
#709=VECTOR('',#2488,1000.);
#710=VECTOR('',#2491,10.);
#711=VECTOR('',#2492,10.);
#712=VECTOR('',#2495,10.);
#713=VECTOR('',#2498,10.);
#714=VECTOR('',#2505,1.55);
#715=VECTOR('',#2512,1.55);
#716=VECTOR('',#2517,10.);
#717=VECTOR('',#2520,1000.);
#718=VECTOR('',#2523,1000.);
#719=VECTOR('',#2526,1000.);
#720=VECTOR('',#2527,1000.);
#721=VECTOR('',#2528,1000.);
#722=VECTOR('',#2531,1000.);
#723=VECTOR('',#2534,1000.);
#724=VECTOR('',#2537,1000.);
#725=VECTOR('',#2542,1000.);
#726=VECTOR('',#2545,1000.);
#727=VECTOR('',#2548,1000.);
#728=VECTOR('',#2549,1000.);
#729=VECTOR('',#2550,1000.);
#730=VECTOR('',#2551,1000.);
#731=VECTOR('',#2552,1000.);
#732=VECTOR('',#2553,1000.);
#733=VECTOR('',#2554,1000.);
#734=VECTOR('',#2555,1000.);
#735=VECTOR('',#2556,1000.);
#736=VECTOR('',#2557,1000.);
#737=VECTOR('',#2558,1000.);
#738=VECTOR('',#2559,1000.);
#739=VECTOR('',#2562,1000.);
#740=VECTOR('',#2563,1000.);
#741=VECTOR('',#2564,1000.);
#742=VECTOR('',#2567,1000.);
#743=VECTOR('',#2574,1000.);
#744=VECTOR('',#2575,1000.);
#745=VECTOR('',#2576,1000.);
#746=VECTOR('',#2585,1000.);
#747=VECTOR('',#2590,1000.);
#748=VECTOR('',#2591,1000.);
#749=VECTOR('',#2594,1000.);
#750=VECTOR('',#2599,1000.);
#751=VECTOR('',#2600,1000.);
#752=VECTOR('',#2603,1000.);
#753=VECTOR('',#2608,1000.);
#754=VECTOR('',#2609,1000.);
#755=VECTOR('',#2612,1000.);
#756=VECTOR('',#2617,1000.);
#757=VECTOR('',#2618,1000.);
#758=VECTOR('',#2621,1000.);
#759=VECTOR('',#2628,1000.);
#760=VECTOR('',#2629,1000.);
#761=VECTOR('',#2630,1000.);
#762=VECTOR('',#2633,1000.);
#763=VECTOR('',#2638,1000.);
#764=VECTOR('',#2639,1000.);
#765=VECTOR('',#2642,1000.);
#766=VECTOR('',#2643,10.);
#767=VECTOR('',#2646,1000.);
#768=VECTOR('',#2647,10.);
#769=VECTOR('',#2652,10.);
#770=VECTOR('',#2653,1000.);
#771=VECTOR('',#2654,1000.);
#772=VECTOR('',#2655,10.);
#773=VECTOR('',#2660,1000.);
#774=VECTOR('',#2663,1000.);
#775=VECTOR('',#2666,1000.);
#776=VECTOR('',#2667,1000.);
#777=VECTOR('',#2672,1000.);
#778=VECTOR('',#2673,1000.);
#779=VECTOR('',#2678,1000.);
#780=VECTOR('',#2681,1000.);
#781=VECTOR('',#2684,1000.);
#782=VECTOR('',#2685,1000.);
#783=VECTOR('',#2688,1000.);
#784=VECTOR('',#2689,1000.);
#785=VECTOR('',#2692,1000.);
#786=VECTOR('',#2693,1000.);
#787=VECTOR('',#2696,1000.);
#788=VECTOR('',#2697,1000.);
#789=VECTOR('',#2700,1000.);
#790=VECTOR('',#2701,1000.);
#791=VECTOR('',#2706,1000.);
#792=VECTOR('',#2707,1000.);
#793=VECTOR('',#2708,1000.);
#794=VECTOR('',#2721,1000.);
#795=VECTOR('',#2726,1000.);
#796=VERTEX_POINT('',#2737);
#797=VERTEX_POINT('',#2738);
#798=VERTEX_POINT('',#2740);
#799=VERTEX_POINT('',#2742);
#800=VERTEX_POINT('',#2744);
#801=VERTEX_POINT('',#2746);
#802=VERTEX_POINT('',#2750);
#803=VERTEX_POINT('',#2751);
#804=VERTEX_POINT('',#2753);
#805=VERTEX_POINT('',#2755);
#806=VERTEX_POINT('',#2757);
#807=VERTEX_POINT('',#2759);
#808=VERTEX_POINT('',#2763);
#809=VERTEX_POINT('',#2764);
#810=VERTEX_POINT('',#2766);
#811=VERTEX_POINT('',#2770);
#812=VERTEX_POINT('',#2771);
#813=VERTEX_POINT('',#2773);
#814=VERTEX_POINT('',#2777);
#815=VERTEX_POINT('',#2778);
#816=VERTEX_POINT('',#2780);
#817=VERTEX_POINT('',#2782);
#818=VERTEX_POINT('',#2787);
#819=VERTEX_POINT('',#2789);
#820=VERTEX_POINT('',#2791);
#821=VERTEX_POINT('',#2793);
#822=VERTEX_POINT('',#2796);
#823=VERTEX_POINT('',#2797);
#824=VERTEX_POINT('',#2799);
#825=VERTEX_POINT('',#2801);
#826=VERTEX_POINT('',#2805);
#827=VERTEX_POINT('',#2807);
#828=VERTEX_POINT('',#2809);
#829=VERTEX_POINT('',#2811);
#830=VERTEX_POINT('',#2813);
#831=VERTEX_POINT('',#2815);
#832=VERTEX_POINT('',#2817);
#833=VERTEX_POINT('',#2821);
#834=VERTEX_POINT('',#2824);
#835=VERTEX_POINT('',#2825);
#836=VERTEX_POINT('',#2827);
#837=VERTEX_POINT('',#2829);
#838=VERTEX_POINT('',#2833);
#839=VERTEX_POINT('',#2835);
#840=VERTEX_POINT('',#2837);
#841=VERTEX_POINT('',#2839);
#842=VERTEX_POINT('',#2841);
#843=VERTEX_POINT('',#2843);
#844=VERTEX_POINT('',#2845);
#845=VERTEX_POINT('',#2847);
#846=VERTEX_POINT('',#2849);
#847=VERTEX_POINT('',#2851);
#848=VERTEX_POINT('',#2855);
#849=VERTEX_POINT('',#2856);
#850=VERTEX_POINT('',#2858);
#851=VERTEX_POINT('',#2860);
#852=VERTEX_POINT('',#2864);
#853=VERTEX_POINT('',#2865);
#854=VERTEX_POINT('',#2867);
#855=VERTEX_POINT('',#2871);
#856=VERTEX_POINT('',#2873);
#857=VERTEX_POINT('',#2884);
#858=VERTEX_POINT('',#2885);
#859=VERTEX_POINT('',#2887);
#860=VERTEX_POINT('',#2889);
#861=VERTEX_POINT('',#2893);
#862=VERTEX_POINT('',#2895);
#863=VERTEX_POINT('',#2899);
#864=VERTEX_POINT('',#2901);
#865=VERTEX_POINT('',#2905);
#866=VERTEX_POINT('',#2907);
#867=VERTEX_POINT('',#2911);
#868=VERTEX_POINT('',#2913);
#869=VERTEX_POINT('',#2920);
#870=VERTEX_POINT('',#2923);
#871=VERTEX_POINT('',#2924);
#872=VERTEX_POINT('',#2926);
#873=VERTEX_POINT('',#2928);
#874=VERTEX_POINT('',#2932);
#875=VERTEX_POINT('',#2934);
#876=VERTEX_POINT('',#2938);
#877=VERTEX_POINT('',#2940);
#878=VERTEX_POINT('',#2944);
#879=VERTEX_POINT('',#2946);
#880=VERTEX_POINT('',#2950);
#881=VERTEX_POINT('',#2952);
#882=VERTEX_POINT('',#2959);
#883=VERTEX_POINT('',#2962);
#884=VERTEX_POINT('',#2964);
#885=VERTEX_POINT('',#2967);
#886=VERTEX_POINT('',#2971);
#887=VERTEX_POINT('',#2975);
#888=VERTEX_POINT('',#2977);
#889=VERTEX_POINT('',#2979);
#890=VERTEX_POINT('',#2984);
#891=VERTEX_POINT('',#2988);
#892=VERTEX_POINT('',#2990);
#893=VERTEX_POINT('',#2992);
#894=VERTEX_POINT('',#2994);
#895=VERTEX_POINT('',#3003);
#896=VERTEX_POINT('',#3004);
#897=VERTEX_POINT('',#3006);
#898=VERTEX_POINT('',#3008);
#899=VERTEX_POINT('',#3012);
#900=VERTEX_POINT('',#3014);
#901=VERTEX_POINT('',#3016);
#902=VERTEX_POINT('',#3018);
#903=VERTEX_POINT('',#3020);
#904=VERTEX_POINT('',#3022);
#905=VERTEX_POINT('',#3024);
#906=VERTEX_POINT('',#3026);
#907=VERTEX_POINT('',#3028);
#908=VERTEX_POINT('',#3030);
#909=VERTEX_POINT('',#3039);
#910=VERTEX_POINT('',#3045);
#911=VERTEX_POINT('',#3056);
#912=VERTEX_POINT('',#3060);
#913=VERTEX_POINT('',#3067);
#914=VERTEX_POINT('',#3069);
#915=VERTEX_POINT('',#3071);
#916=VERTEX_POINT('',#3073);
#917=VERTEX_POINT('',#3090);
#918=VERTEX_POINT('',#3092);
#919=VERTEX_POINT('',#3096);
#920=VERTEX_POINT('',#3098);
#921=VERTEX_POINT('',#3102);
#922=VERTEX_POINT('',#3103);
#923=VERTEX_POINT('',#3105);
#924=VERTEX_POINT('',#3111);
#925=VERTEX_POINT('',#3114);
#926=VERTEX_POINT('',#3116);
#927=VERTEX_POINT('',#3118);
#928=VERTEX_POINT('',#3120);
#929=VERTEX_POINT('',#3122);
#930=VERTEX_POINT('',#3124);
#931=VERTEX_POINT('',#3126);
#932=VERTEX_POINT('',#3130);
#933=VERTEX_POINT('',#3132);
#934=VERTEX_POINT('',#3136);
#935=VERTEX_POINT('',#3137);
#936=VERTEX_POINT('',#3139);
#937=VERTEX_POINT('',#3141);
#938=VERTEX_POINT('',#3143);
#939=VERTEX_POINT('',#3145);
#940=VERTEX_POINT('',#3147);
#941=VERTEX_POINT('',#3149);
#942=VERTEX_POINT('',#3151);
#943=VERTEX_POINT('',#3153);
#944=VERTEX_POINT('',#3155);
#945=VERTEX_POINT('',#3157);
#946=VERTEX_POINT('',#3161);
#947=VERTEX_POINT('',#3162);
#948=VERTEX_POINT('',#3167);
#949=VERTEX_POINT('',#3168);
#950=VERTEX_POINT('',#3173);
#951=VERTEX_POINT('',#3174);
#952=VERTEX_POINT('',#3182);
#953=VERTEX_POINT('',#3186);
#954=VERTEX_POINT('',#3190);
#955=VERTEX_POINT('',#3194);
#956=VERTEX_POINT('',#3198);
#957=VERTEX_POINT('',#3202);
#958=VERTEX_POINT('',#3206);
#959=VERTEX_POINT('',#3210);
#960=VERTEX_POINT('',#3214);
#961=VERTEX_POINT('',#3215);
#962=VERTEX_POINT('',#3220);
#963=VERTEX_POINT('',#3225);
#964=VERTEX_POINT('',#3232);
#965=VERTEX_POINT('',#3234);
#966=VERTEX_POINT('',#3236);
#967=VERTEX_POINT('',#3257);
#968=VERTEX_POINT('',#3258);
#969=VERTEX_POINT('',#3260);
#970=VERTEX_POINT('',#3287);
#971=VERTEX_POINT('',#3288);
#972=VERTEX_POINT('',#3310);
#973=VERTEX_POINT('',#3311);
#974=VERTEX_POINT('',#3313);
#975=VERTEX_POINT('',#3340);
#976=VERTEX_POINT('',#3345);
#977=VERTEX_POINT('',#3347);
#978=VERTEX_POINT('',#3351);
#979=VERTEX_POINT('',#3353);
#980=EDGE_CURVE('',#796,#797,#344,.T.);
#981=EDGE_CURVE('',#798,#797,#345,.T.);
#982=EDGE_CURVE('',#799,#798,#346,.T.);
#983=EDGE_CURVE('',#799,#800,#347,.T.);
#984=EDGE_CURVE('',#801,#800,#348,.T.);
#985=EDGE_CURVE('',#801,#796,#349,.T.);
#986=EDGE_CURVE('',#802,#803,#350,.T.);
#987=EDGE_CURVE('',#803,#804,#351,.T.);
#988=EDGE_CURVE('',#804,#805,#352,.T.);
#989=EDGE_CURVE('',#806,#805,#353,.T.);
#990=EDGE_CURVE('',#807,#806,#354,.T.);
#991=EDGE_CURVE('',#807,#802,#355,.T.);
#992=EDGE_CURVE('',#808,#809,#96,.T.);
#993=EDGE_CURVE('',#809,#810,#48,.T.);
#994=EDGE_CURVE('',#808,#810,#356,.T.);
#995=EDGE_CURVE('',#811,#812,#97,.T.);
#996=EDGE_CURVE('',#811,#813,#357,.T.);
#997=EDGE_CURVE('',#813,#812,#49,.T.);
#998=EDGE_CURVE('',#814,#815,#358,.T.);
#999=EDGE_CURVE('',#816,#814,#359,.T.);
#1000=EDGE_CURVE('',#817,#816,#360,.T.);
#1001=EDGE_CURVE('',#815,#817,#361,.T.);
#1002=EDGE_CURVE('',#802,#801,#362,.T.);
#1003=EDGE_CURVE('',#818,#807,#363,.T.);
#1004=EDGE_CURVE('',#819,#818,#364,.T.);
#1005=EDGE_CURVE('',#820,#819,#365,.T.);
#1006=EDGE_CURVE('',#821,#820,#366,.T.);
#1007=EDGE_CURVE('',#796,#821,#367,.T.);
#1008=EDGE_CURVE('',#822,#823,#368,.T.);
#1009=EDGE_CURVE('',#823,#824,#369,.T.);
#1010=EDGE_CURVE('',#824,#825,#370,.T.);
#1011=EDGE_CURVE('',#825,#822,#371,.T.);
#1012=EDGE_CURVE('',#817,#826,#372,.T.);
#1013=EDGE_CURVE('',#827,#826,#373,.T.);
#1014=EDGE_CURVE('',#828,#827,#374,.T.);
#1015=EDGE_CURVE('',#829,#828,#50,.T.);
#1016=EDGE_CURVE('',#829,#830,#375,.T.);
#1017=EDGE_CURVE('',#830,#831,#51,.T.);
#1018=EDGE_CURVE('',#831,#832,#376,.T.);
#1019=EDGE_CURVE('',#815,#832,#377,.T.);
#1020=EDGE_CURVE('',#816,#833,#378,.T.);
#1021=EDGE_CURVE('',#826,#833,#379,.T.);
#1022=EDGE_CURVE('',#834,#835,#380,.T.);
#1023=EDGE_CURVE('',#835,#836,#381,.T.);
#1024=EDGE_CURVE('',#836,#837,#382,.T.);
#1025=EDGE_CURVE('',#837,#834,#383,.T.);
#1026=EDGE_CURVE('',#822,#838,#384,.T.);
#1027=EDGE_CURVE('',#838,#839,#385,.T.);
#1028=EDGE_CURVE('',#839,#840,#386,.T.);
#1029=EDGE_CURVE('',#840,#841,#387,.T.);
#1030=EDGE_CURVE('',#841,#842,#388,.T.);
#1031=EDGE_CURVE('',#842,#843,#389,.T.);
#1032=EDGE_CURVE('',#843,#844,#390,.T.);
#1033=EDGE_CURVE('',#844,#845,#391,.T.);
#1034=EDGE_CURVE('',#846,#845,#392,.T.);
#1035=EDGE_CURVE('',#846,#847,#393,.T.);
#1036=EDGE_CURVE('',#823,#847,#394,.T.);
#1037=EDGE_CURVE('',#848,#849,#395,.T.);
#1038=EDGE_CURVE('',#850,#849,#396,.T.);
#1039=EDGE_CURVE('',#850,#851,#397,.T.);
#1040=EDGE_CURVE('',#851,#848,#398,.T.);
#1041=EDGE_CURVE('',#852,#853,#399,.T.);
#1042=EDGE_CURVE('',#853,#854,#400,.T.);
#1043=EDGE_CURVE('',#854,#852,#52,.T.);
#1044=EDGE_CURVE('',#853,#855,#53,.T.);
#1045=EDGE_CURVE('',#855,#856,#401,.T.);
#1046=EDGE_CURVE('',#856,#854,#28,.T.);
#1047=EDGE_CURVE('',#857,#858,#402,.T.);
#1048=EDGE_CURVE('',#857,#859,#403,.T.);
#1049=EDGE_CURVE('',#859,#860,#404,.T.);
#1050=EDGE_CURVE('',#858,#860,#405,.T.);
#1051=EDGE_CURVE('',#861,#857,#406,.T.);
#1052=EDGE_CURVE('',#861,#862,#407,.T.);
#1053=EDGE_CURVE('',#862,#859,#408,.T.);
#1054=EDGE_CURVE('',#863,#861,#409,.T.);
#1055=EDGE_CURVE('',#863,#864,#410,.T.);
#1056=EDGE_CURVE('',#864,#862,#411,.T.);
#1057=EDGE_CURVE('',#865,#863,#412,.T.);
#1058=EDGE_CURVE('',#865,#866,#413,.T.);
#1059=EDGE_CURVE('',#866,#864,#414,.T.);
#1060=EDGE_CURVE('',#867,#865,#415,.T.);
#1061=EDGE_CURVE('',#867,#868,#416,.T.);
#1062=EDGE_CURVE('',#868,#866,#417,.T.);
#1063=EDGE_CURVE('',#858,#867,#418,.T.);
#1064=EDGE_CURVE('',#860,#868,#419,.T.);
#1065=EDGE_CURVE('',#869,#869,#54,.T.);
#1066=EDGE_CURVE('',#870,#871,#420,.T.);
#1067=EDGE_CURVE('',#870,#872,#421,.T.);
#1068=EDGE_CURVE('',#872,#873,#422,.T.);
#1069=EDGE_CURVE('',#871,#873,#423,.T.);
#1070=EDGE_CURVE('',#874,#870,#424,.T.);
#1071=EDGE_CURVE('',#874,#875,#425,.T.);
#1072=EDGE_CURVE('',#875,#872,#426,.T.);
#1073=EDGE_CURVE('',#876,#874,#427,.T.);
#1074=EDGE_CURVE('',#876,#877,#428,.T.);
#1075=EDGE_CURVE('',#877,#875,#429,.T.);
#1076=EDGE_CURVE('',#878,#876,#430,.T.);
#1077=EDGE_CURVE('',#878,#879,#431,.T.);
#1078=EDGE_CURVE('',#879,#877,#432,.T.);
#1079=EDGE_CURVE('',#880,#878,#433,.T.);
#1080=EDGE_CURVE('',#880,#881,#434,.T.);
#1081=EDGE_CURVE('',#881,#879,#435,.T.);
#1082=EDGE_CURVE('',#871,#880,#436,.T.);
#1083=EDGE_CURVE('',#873,#881,#437,.T.);
#1084=EDGE_CURVE('',#882,#882,#55,.T.);
#1085=EDGE_CURVE('',#883,#883,#56,.T.);
#1086=EDGE_CURVE('',#883,#884,#438,.T.);
#1087=EDGE_CURVE('',#813,#884,#57,.T.);
#1088=EDGE_CURVE('',#885,#811,#98,.T.);
#1089=EDGE_CURVE('',#884,#885,#58,.T.);
#1090=EDGE_CURVE('',#886,#886,#59,.T.);
#1091=EDGE_CURVE('',#886,#869,#439,.T.);
#1092=EDGE_CURVE('',#887,#887,#60,.T.);
#1093=EDGE_CURVE('',#887,#888,#440,.T.);
#1094=EDGE_CURVE('',#889,#888,#61,.T.);
#1095=EDGE_CURVE('',#808,#889,#99,.T.);
#1096=EDGE_CURVE('',#888,#810,#62,.T.);
#1097=EDGE_CURVE('',#890,#890,#63,.T.);
#1098=EDGE_CURVE('',#890,#882,#441,.T.);
#1099=EDGE_CURVE('',#891,#889,#442,.T.);
#1100=EDGE_CURVE('',#891,#892,#443,.T.);
#1101=EDGE_CURVE('',#893,#892,#444,.T.);
#1102=EDGE_CURVE('',#894,#893,#445,.T.);
#1103=EDGE_CURVE('',#809,#894,#446,.T.);
#1104=EDGE_CURVE('',#799,#804,#447,.T.);
#1105=EDGE_CURVE('',#798,#805,#448,.T.);
#1106=EDGE_CURVE('',#806,#797,#449,.T.);
#1107=EDGE_CURVE('',#895,#896,#450,.T.);
#1108=EDGE_CURVE('',#896,#897,#451,.T.);
#1109=EDGE_CURVE('',#897,#898,#452,.T.);
#1110=EDGE_CURVE('',#898,#895,#453,.T.);
#1111=EDGE_CURVE('',#899,#803,#454,.T.);
#1112=EDGE_CURVE('',#899,#900,#455,.T.);
#1113=EDGE_CURVE('',#900,#901,#64,.T.);
#1114=EDGE_CURVE('',#901,#902,#456,.T.);
#1115=EDGE_CURVE('',#902,#903,#65,.T.);
#1116=EDGE_CURVE('',#903,#904,#457,.T.);
#1117=EDGE_CURVE('',#904,#905,#66,.T.);
#1118=EDGE_CURVE('',#905,#906,#458,.T.);
#1119=EDGE_CURVE('',#906,#907,#67,.T.);
#1120=EDGE_CURVE('',#908,#907,#459,.T.);
#1121=EDGE_CURVE('',#800,#908,#460,.T.);
#1122=EDGE_CURVE('',#842,#836,#461,.T.);
#1123=EDGE_CURVE('',#841,#837,#462,.T.);
#1124=EDGE_CURVE('',#840,#834,#463,.T.);
#1125=EDGE_CURVE('',#839,#909,#464,.T.);
#1126=EDGE_CURVE('',#909,#835,#465,.T.);
#1127=EDGE_CURVE('',#909,#843,#466,.T.);
#1128=EDGE_CURVE('',#839,#910,#467,.T.);
#1129=EDGE_CURVE('',#910,#843,#468,.T.);
#1130=EDGE_CURVE('',#851,#846,#469,.T.);
#1131=EDGE_CURVE('',#845,#848,#470,.T.);
#1132=EDGE_CURVE('',#910,#850,#471,.T.);
#1133=EDGE_CURVE('',#849,#844,#472,.T.);
#1134=EDGE_CURVE('',#825,#911,#473,.T.);
#1135=EDGE_CURVE('',#911,#838,#474,.T.);
#1136=EDGE_CURVE('',#824,#912,#475,.T.);
#1137=EDGE_CURVE('',#912,#911,#476,.T.);
#1138=EDGE_CURVE('',#847,#912,#477,.T.);
#1139=EDGE_CURVE('',#913,#814,#478,.T.);
#1140=EDGE_CURVE('',#913,#914,#479,.T.);
#1141=EDGE_CURVE('',#914,#915,#68,.T.);
#1142=EDGE_CURVE('',#915,#916,#480,.T.);
#1143=EDGE_CURVE('',#856,#916,#69,.T.);
#1144=EDGE_CURVE('',#833,#855,#481,.T.);
#1145=EDGE_CURVE('',#832,#913,#482,.T.);
#1146=EDGE_CURVE('',#908,#899,#483,.T.);
#1147=EDGE_CURVE('',#895,#818,#484,.T.);
#1148=EDGE_CURVE('',#819,#898,#485,.T.);
#1149=EDGE_CURVE('',#820,#897,#486,.T.);
#1150=EDGE_CURVE('',#821,#896,#487,.T.);
#1151=EDGE_CURVE('',#917,#917,#70,.T.);
#1152=EDGE_CURVE('',#917,#918,#488,.T.);
#1153=EDGE_CURVE('',#918,#918,#71,.T.);
#1154=EDGE_CURVE('',#919,#919,#72,.T.);
#1155=EDGE_CURVE('',#919,#920,#489,.T.);
#1156=EDGE_CURVE('',#920,#920,#73,.T.);
#1157=EDGE_CURVE('',#921,#922,#490,.T.);
#1158=EDGE_CURVE('',#922,#923,#74,.T.);
#1159=EDGE_CURVE('',#923,#921,#491,.T.);
#1160=EDGE_CURVE('',#894,#922,#492,.T.);
#1161=EDGE_CURVE('',#827,#921,#75,.T.);
#1162=EDGE_CURVE('',#852,#924,#493,.T.);
#1163=EDGE_CURVE('',#924,#812,#494,.T.);
#1164=EDGE_CURVE('',#885,#925,#495,.T.);
#1165=EDGE_CURVE('',#925,#926,#76,.T.);
#1166=EDGE_CURVE('',#926,#927,#496,.T.);
#1167=EDGE_CURVE('',#927,#928,#77,.T.);
#1168=EDGE_CURVE('',#928,#929,#497,.T.);
#1169=EDGE_CURVE('',#929,#930,#78,.T.);
#1170=EDGE_CURVE('',#930,#931,#498,.T.);
#1171=EDGE_CURVE('',#931,#891,#79,.T.);
#1172=EDGE_CURVE('',#932,#914,#499,.T.);
#1173=EDGE_CURVE('',#932,#933,#80,.T.);
#1174=EDGE_CURVE('',#915,#933,#500,.T.);
#1175=EDGE_CURVE('',#934,#935,#501,.T.);
#1176=EDGE_CURVE('',#936,#935,#502,.T.);
#1177=EDGE_CURVE('',#937,#936,#503,.T.);
#1178=EDGE_CURVE('',#937,#938,#504,.T.);
#1179=EDGE_CURVE('',#939,#938,#505,.T.);
#1180=EDGE_CURVE('',#939,#940,#506,.T.);
#1181=EDGE_CURVE('',#940,#941,#507,.T.);
#1182=EDGE_CURVE('',#941,#942,#508,.T.);
#1183=EDGE_CURVE('',#943,#942,#509,.T.);
#1184=EDGE_CURVE('',#943,#944,#510,.T.);
#1185=EDGE_CURVE('',#945,#944,#511,.T.);
#1186=EDGE_CURVE('',#945,#934,#512,.T.);
#1187=EDGE_CURVE('',#946,#947,#513,.T.);
#1188=EDGE_CURVE('',#934,#947,#514,.T.);
#1189=EDGE_CURVE('',#946,#945,#515,.T.);
#1190=EDGE_CURVE('',#948,#949,#516,.T.);
#1191=EDGE_CURVE('',#947,#949,#81,.T.);
#1192=EDGE_CURVE('',#948,#946,#82,.T.);
#1193=EDGE_CURVE('',#950,#951,#517,.T.);
#1194=EDGE_CURVE('',#949,#951,#518,.T.);
#1195=EDGE_CURVE('',#950,#948,#519,.T.);
#1196=EDGE_CURVE('',#951,#893,#83,.T.);
#1197=EDGE_CURVE('',#894,#950,#84,.T.);
#1198=EDGE_CURVE('',#931,#952,#520,.T.);
#1199=EDGE_CURVE('',#892,#952,#85,.T.);
#1200=EDGE_CURVE('',#930,#953,#521,.T.);
#1201=EDGE_CURVE('',#952,#953,#522,.T.);
#1202=EDGE_CURVE('',#929,#954,#523,.T.);
#1203=EDGE_CURVE('',#953,#954,#86,.T.);
#1204=EDGE_CURVE('',#928,#955,#524,.T.);
#1205=EDGE_CURVE('',#954,#955,#525,.T.);
#1206=EDGE_CURVE('',#927,#956,#526,.T.);
#1207=EDGE_CURVE('',#955,#956,#87,.T.);
#1208=EDGE_CURVE('',#926,#957,#527,.T.);
#1209=EDGE_CURVE('',#956,#957,#528,.T.);
#1210=EDGE_CURVE('',#925,#958,#529,.T.);
#1211=EDGE_CURVE('',#957,#958,#88,.T.);
#1212=EDGE_CURVE('',#924,#959,#530,.T.);
#1213=EDGE_CURVE('',#958,#959,#531,.T.);
#1214=EDGE_CURVE('',#960,#961,#532,.T.);
#1215=EDGE_CURVE('',#959,#961,#89,.T.);
#1216=EDGE_CURVE('',#960,#924,#90,.T.);
#1217=EDGE_CURVE('',#933,#962,#533,.T.);
#1218=EDGE_CURVE('',#961,#962,#534,.T.);
#1219=EDGE_CURVE('',#933,#960,#535,.T.);
#1220=EDGE_CURVE('',#932,#963,#536,.T.);
#1221=EDGE_CURVE('',#962,#963,#91,.T.);
#1222=EDGE_CURVE('',#963,#937,#537,.T.);
#1223=EDGE_CURVE('',#938,#932,#538,.T.);
#1224=EDGE_CURVE('',#964,#939,#539,.T.);
#1225=EDGE_CURVE('',#964,#965,#540,.T.);
#1226=EDGE_CURVE('',#966,#965,#100,.T.);
#1227=EDGE_CURVE('',#940,#966,#541,.T.);
#1228=EDGE_CURVE('',#967,#968,#542,.T.);
#1229=EDGE_CURVE('',#968,#969,#92,.T.);
#1230=EDGE_CURVE('',#965,#969,#29,.T.);
#1231=EDGE_CURVE('',#967,#964,#30,.T.);
#1232=EDGE_CURVE('',#970,#971,#543,.T.);
#1233=EDGE_CURVE('',#968,#971,#544,.T.);
#1234=EDGE_CURVE('',#970,#967,#545,.T.);
#1235=EDGE_CURVE('',#972,#973,#546,.T.);
#1236=EDGE_CURVE('',#974,#973,#31,.T.);
#1237=EDGE_CURVE('',#971,#974,#93,.T.);
#1238=EDGE_CURVE('',#972,#970,#32,.T.);
#1239=EDGE_CURVE('',#975,#943,#547,.T.);
#1240=EDGE_CURVE('',#975,#973,#101,.T.);
#1241=EDGE_CURVE('',#944,#972,#548,.T.);
#1242=EDGE_CURVE('',#966,#976,#549,.T.);
#1243=EDGE_CURVE('',#977,#969,#550,.T.);
#1244=EDGE_CURVE('',#976,#977,#94,.T.);
#1245=EDGE_CURVE('',#974,#978,#551,.T.);
#1246=EDGE_CURVE('',#979,#975,#552,.T.);
#1247=EDGE_CURVE('',#978,#979,#95,.T.);
#1248=EDGE_CURVE('',#829,#950,#553,.T.);
#1249=EDGE_CURVE('',#923,#828,#33,.T.);
#1250=EDGE_CURVE('',#960,#916,#554,.T.);
#1251=EDGE_CURVE('',#892,#900,#555,.T.);
#1252=EDGE_CURVE('',#901,#952,#556,.T.);
#1253=EDGE_CURVE('',#953,#902,#557,.T.);
#1254=EDGE_CURVE('',#903,#954,#558,.T.);
#1255=EDGE_CURVE('',#955,#904,#559,.T.);
#1256=EDGE_CURVE('',#905,#956,#560,.T.);
#1257=EDGE_CURVE('',#957,#906,#561,.T.);
#1258=EDGE_CURVE('',#907,#958,#562,.T.);
#1259=EDGE_CURVE('',#948,#830,#563,.T.);
#1260=EDGE_CURVE('',#831,#946,#564,.T.);
#1261=EDGE_CURVE('',#977,#978,#565,.T.);
#1262=EDGE_CURVE('',#979,#942,#566,.T.);
#1263=EDGE_CURVE('',#976,#941,#567,.T.);
#1264=EDGE_CURVE('',#936,#908,#568,.T.);
#1265=EDGE_CURVE('',#935,#899,#569,.T.);
#1266=ORIENTED_EDGE('',*,*,#980,.T.);
#1267=ORIENTED_EDGE('',*,*,#981,.F.);
#1268=ORIENTED_EDGE('',*,*,#982,.F.);
#1269=ORIENTED_EDGE('',*,*,#983,.T.);
#1270=ORIENTED_EDGE('',*,*,#984,.F.);
#1271=ORIENTED_EDGE('',*,*,#985,.T.);
#1272=ORIENTED_EDGE('',*,*,#986,.T.);
#1273=ORIENTED_EDGE('',*,*,#987,.T.);
#1274=ORIENTED_EDGE('',*,*,#988,.T.);
#1275=ORIENTED_EDGE('',*,*,#989,.F.);
#1276=ORIENTED_EDGE('',*,*,#990,.F.);
#1277=ORIENTED_EDGE('',*,*,#991,.T.);
#1278=ORIENTED_EDGE('',*,*,#992,.T.);
#1279=ORIENTED_EDGE('',*,*,#993,.T.);
#1280=ORIENTED_EDGE('',*,*,#994,.F.);
#1281=ORIENTED_EDGE('',*,*,#995,.F.);
#1282=ORIENTED_EDGE('',*,*,#996,.T.);
#1283=ORIENTED_EDGE('',*,*,#997,.T.);
#1284=ORIENTED_EDGE('',*,*,#998,.F.);
#1285=ORIENTED_EDGE('',*,*,#999,.F.);
#1286=ORIENTED_EDGE('',*,*,#1000,.F.);
#1287=ORIENTED_EDGE('',*,*,#1001,.F.);
#1288=ORIENTED_EDGE('',*,*,#1002,.F.);
#1289=ORIENTED_EDGE('',*,*,#991,.F.);
#1290=ORIENTED_EDGE('',*,*,#1003,.F.);
#1291=ORIENTED_EDGE('',*,*,#1004,.F.);
#1292=ORIENTED_EDGE('',*,*,#1005,.F.);
#1293=ORIENTED_EDGE('',*,*,#1006,.F.);
#1294=ORIENTED_EDGE('',*,*,#1007,.F.);
#1295=ORIENTED_EDGE('',*,*,#985,.F.);
#1296=ORIENTED_EDGE('',*,*,#1008,.T.);
#1297=ORIENTED_EDGE('',*,*,#1009,.T.);
#1298=ORIENTED_EDGE('',*,*,#1010,.T.);
#1299=ORIENTED_EDGE('',*,*,#1011,.T.);
#1300=ORIENTED_EDGE('',*,*,#1001,.T.);
#1301=ORIENTED_EDGE('',*,*,#1012,.T.);
#1302=ORIENTED_EDGE('',*,*,#1013,.F.);
#1303=ORIENTED_EDGE('',*,*,#1014,.F.);
#1304=ORIENTED_EDGE('',*,*,#1015,.F.);
#1305=ORIENTED_EDGE('',*,*,#1016,.T.);
#1306=ORIENTED_EDGE('',*,*,#1017,.T.);
#1307=ORIENTED_EDGE('',*,*,#1018,.T.);
#1308=ORIENTED_EDGE('',*,*,#1019,.F.);
#1309=ORIENTED_EDGE('',*,*,#1000,.T.);
#1310=ORIENTED_EDGE('',*,*,#1020,.T.);
#1311=ORIENTED_EDGE('',*,*,#1021,.F.);
#1312=ORIENTED_EDGE('',*,*,#1012,.F.);
#1313=ORIENTED_EDGE('',*,*,#1022,.T.);
#1314=ORIENTED_EDGE('',*,*,#1023,.T.);
#1315=ORIENTED_EDGE('',*,*,#1024,.T.);
#1316=ORIENTED_EDGE('',*,*,#1025,.T.);
#1317=ORIENTED_EDGE('',*,*,#1026,.T.);
#1318=ORIENTED_EDGE('',*,*,#1027,.T.);
#1319=ORIENTED_EDGE('',*,*,#1028,.T.);
#1320=ORIENTED_EDGE('',*,*,#1029,.T.);
#1321=ORIENTED_EDGE('',*,*,#1030,.T.);
#1322=ORIENTED_EDGE('',*,*,#1031,.T.);
#1323=ORIENTED_EDGE('',*,*,#1032,.T.);
#1324=ORIENTED_EDGE('',*,*,#1033,.T.);
#1325=ORIENTED_EDGE('',*,*,#1034,.F.);
#1326=ORIENTED_EDGE('',*,*,#1035,.T.);
#1327=ORIENTED_EDGE('',*,*,#1036,.F.);
#1328=ORIENTED_EDGE('',*,*,#1008,.F.);
#1329=ORIENTED_EDGE('',*,*,#1037,.T.);
#1330=ORIENTED_EDGE('',*,*,#1038,.F.);
#1331=ORIENTED_EDGE('',*,*,#1039,.T.);
#1332=ORIENTED_EDGE('',*,*,#1040,.T.);
#1333=ORIENTED_EDGE('',*,*,#1041,.T.);
#1334=ORIENTED_EDGE('',*,*,#1042,.T.);
#1335=ORIENTED_EDGE('',*,*,#1043,.T.);
#1336=ORIENTED_EDGE('',*,*,#1044,.T.);
#1337=ORIENTED_EDGE('',*,*,#1045,.T.);
#1338=ORIENTED_EDGE('',*,*,#1046,.T.);
#1339=ORIENTED_EDGE('',*,*,#1042,.F.);
#1340=ORIENTED_EDGE('',*,*,#1047,.F.);
#1341=ORIENTED_EDGE('',*,*,#1048,.T.);
#1342=ORIENTED_EDGE('',*,*,#1049,.T.);
#1343=ORIENTED_EDGE('',*,*,#1050,.F.);
#1344=ORIENTED_EDGE('',*,*,#1051,.F.);
#1345=ORIENTED_EDGE('',*,*,#1052,.T.);
#1346=ORIENTED_EDGE('',*,*,#1053,.T.);
#1347=ORIENTED_EDGE('',*,*,#1048,.F.);
#1348=ORIENTED_EDGE('',*,*,#1054,.F.);
#1349=ORIENTED_EDGE('',*,*,#1055,.T.);
#1350=ORIENTED_EDGE('',*,*,#1056,.T.);
#1351=ORIENTED_EDGE('',*,*,#1052,.F.);
#1352=ORIENTED_EDGE('',*,*,#1057,.F.);
#1353=ORIENTED_EDGE('',*,*,#1058,.T.);
#1354=ORIENTED_EDGE('',*,*,#1059,.T.);
#1355=ORIENTED_EDGE('',*,*,#1055,.F.);
#1356=ORIENTED_EDGE('',*,*,#1060,.F.);
#1357=ORIENTED_EDGE('',*,*,#1061,.T.);
#1358=ORIENTED_EDGE('',*,*,#1062,.T.);
#1359=ORIENTED_EDGE('',*,*,#1058,.F.);
#1360=ORIENTED_EDGE('',*,*,#1063,.F.);
#1361=ORIENTED_EDGE('',*,*,#1050,.T.);
#1362=ORIENTED_EDGE('',*,*,#1064,.T.);
#1363=ORIENTED_EDGE('',*,*,#1061,.F.);
#1364=ORIENTED_EDGE('',*,*,#1064,.F.);
#1365=ORIENTED_EDGE('',*,*,#1049,.F.);
#1366=ORIENTED_EDGE('',*,*,#1053,.F.);
#1367=ORIENTED_EDGE('',*,*,#1056,.F.);
#1368=ORIENTED_EDGE('',*,*,#1059,.F.);
#1369=ORIENTED_EDGE('',*,*,#1062,.F.);
#1370=ORIENTED_EDGE('',*,*,#1065,.F.);
#1371=ORIENTED_EDGE('',*,*,#1066,.F.);
#1372=ORIENTED_EDGE('',*,*,#1067,.T.);
#1373=ORIENTED_EDGE('',*,*,#1068,.T.);
#1374=ORIENTED_EDGE('',*,*,#1069,.F.);
#1375=ORIENTED_EDGE('',*,*,#1070,.F.);
#1376=ORIENTED_EDGE('',*,*,#1071,.T.);
#1377=ORIENTED_EDGE('',*,*,#1072,.T.);
#1378=ORIENTED_EDGE('',*,*,#1067,.F.);
#1379=ORIENTED_EDGE('',*,*,#1073,.F.);
#1380=ORIENTED_EDGE('',*,*,#1074,.T.);
#1381=ORIENTED_EDGE('',*,*,#1075,.T.);
#1382=ORIENTED_EDGE('',*,*,#1071,.F.);
#1383=ORIENTED_EDGE('',*,*,#1076,.F.);
#1384=ORIENTED_EDGE('',*,*,#1077,.T.);
#1385=ORIENTED_EDGE('',*,*,#1078,.T.);
#1386=ORIENTED_EDGE('',*,*,#1074,.F.);
#1387=ORIENTED_EDGE('',*,*,#1079,.F.);
#1388=ORIENTED_EDGE('',*,*,#1080,.T.);
#1389=ORIENTED_EDGE('',*,*,#1081,.T.);
#1390=ORIENTED_EDGE('',*,*,#1077,.F.);
#1391=ORIENTED_EDGE('',*,*,#1082,.F.);
#1392=ORIENTED_EDGE('',*,*,#1069,.T.);
#1393=ORIENTED_EDGE('',*,*,#1083,.T.);
#1394=ORIENTED_EDGE('',*,*,#1080,.F.);
#1395=ORIENTED_EDGE('',*,*,#1083,.F.);
#1396=ORIENTED_EDGE('',*,*,#1068,.F.);
#1397=ORIENTED_EDGE('',*,*,#1072,.F.);
#1398=ORIENTED_EDGE('',*,*,#1075,.F.);
#1399=ORIENTED_EDGE('',*,*,#1078,.F.);
#1400=ORIENTED_EDGE('',*,*,#1081,.F.);
#1401=ORIENTED_EDGE('',*,*,#1084,.F.);
#1402=ORIENTED_EDGE('',*,*,#1085,.T.);
#1403=ORIENTED_EDGE('',*,*,#1086,.T.);
#1404=ORIENTED_EDGE('',*,*,#1087,.F.);
#1405=ORIENTED_EDGE('',*,*,#996,.F.);
#1406=ORIENTED_EDGE('',*,*,#1088,.F.);
#1407=ORIENTED_EDGE('',*,*,#1089,.F.);
#1408=ORIENTED_EDGE('',*,*,#1086,.F.);
#1409=ORIENTED_EDGE('',*,*,#1090,.T.);
#1410=ORIENTED_EDGE('',*,*,#1091,.T.);
#1411=ORIENTED_EDGE('',*,*,#1065,.T.);
#1412=ORIENTED_EDGE('',*,*,#1091,.F.);
#1413=ORIENTED_EDGE('',*,*,#1092,.T.);
#1414=ORIENTED_EDGE('',*,*,#1093,.T.);
#1415=ORIENTED_EDGE('',*,*,#1094,.F.);
#1416=ORIENTED_EDGE('',*,*,#1095,.F.);
#1417=ORIENTED_EDGE('',*,*,#994,.T.);
#1418=ORIENTED_EDGE('',*,*,#1096,.F.);
#1419=ORIENTED_EDGE('',*,*,#1093,.F.);
#1420=ORIENTED_EDGE('',*,*,#1097,.T.);
#1421=ORIENTED_EDGE('',*,*,#1098,.T.);
#1422=ORIENTED_EDGE('',*,*,#1084,.T.);
#1423=ORIENTED_EDGE('',*,*,#1098,.F.);
#1424=ORIENTED_EDGE('',*,*,#1095,.T.);
#1425=ORIENTED_EDGE('',*,*,#1099,.F.);
#1426=ORIENTED_EDGE('',*,*,#1100,.T.);
#1427=ORIENTED_EDGE('',*,*,#1101,.F.);
#1428=ORIENTED_EDGE('',*,*,#1102,.F.);
#1429=ORIENTED_EDGE('',*,*,#1103,.F.);
#1430=ORIENTED_EDGE('',*,*,#992,.F.);
#1431=ORIENTED_EDGE('',*,*,#1104,.F.);
#1432=ORIENTED_EDGE('',*,*,#982,.T.);
#1433=ORIENTED_EDGE('',*,*,#1105,.T.);
#1434=ORIENTED_EDGE('',*,*,#988,.F.);
#1435=ORIENTED_EDGE('',*,*,#1105,.F.);
#1436=ORIENTED_EDGE('',*,*,#981,.T.);
#1437=ORIENTED_EDGE('',*,*,#1106,.F.);
#1438=ORIENTED_EDGE('',*,*,#989,.T.);
#1439=ORIENTED_EDGE('',*,*,#1047,.T.);
#1440=ORIENTED_EDGE('',*,*,#1063,.T.);
#1441=ORIENTED_EDGE('',*,*,#1060,.T.);
#1442=ORIENTED_EDGE('',*,*,#1057,.T.);
#1443=ORIENTED_EDGE('',*,*,#1054,.T.);
#1444=ORIENTED_EDGE('',*,*,#1051,.T.);
#1445=ORIENTED_EDGE('',*,*,#1066,.T.);
#1446=ORIENTED_EDGE('',*,*,#1082,.T.);
#1447=ORIENTED_EDGE('',*,*,#1079,.T.);
#1448=ORIENTED_EDGE('',*,*,#1076,.T.);
#1449=ORIENTED_EDGE('',*,*,#1073,.T.);
#1450=ORIENTED_EDGE('',*,*,#1070,.T.);
#1451=ORIENTED_EDGE('',*,*,#1107,.T.);
#1452=ORIENTED_EDGE('',*,*,#1108,.T.);
#1453=ORIENTED_EDGE('',*,*,#1109,.T.);
#1454=ORIENTED_EDGE('',*,*,#1110,.T.);
#1455=ORIENTED_EDGE('',*,*,#1104,.T.);
#1456=ORIENTED_EDGE('',*,*,#987,.F.);
#1457=ORIENTED_EDGE('',*,*,#1111,.F.);
#1458=ORIENTED_EDGE('',*,*,#1112,.T.);
#1459=ORIENTED_EDGE('',*,*,#1113,.T.);
#1460=ORIENTED_EDGE('',*,*,#1114,.T.);
#1461=ORIENTED_EDGE('',*,*,#1115,.T.);
#1462=ORIENTED_EDGE('',*,*,#1116,.T.);
#1463=ORIENTED_EDGE('',*,*,#1117,.T.);
#1464=ORIENTED_EDGE('',*,*,#1118,.T.);
#1465=ORIENTED_EDGE('',*,*,#1119,.T.);
#1466=ORIENTED_EDGE('',*,*,#1120,.F.);
#1467=ORIENTED_EDGE('',*,*,#1121,.F.);
#1468=ORIENTED_EDGE('',*,*,#983,.F.);
#1469=ORIENTED_EDGE('',*,*,#1024,.F.);
#1470=ORIENTED_EDGE('',*,*,#1122,.F.);
#1471=ORIENTED_EDGE('',*,*,#1030,.F.);
#1472=ORIENTED_EDGE('',*,*,#1123,.T.);
#1473=ORIENTED_EDGE('',*,*,#1025,.F.);
#1474=ORIENTED_EDGE('',*,*,#1123,.F.);
#1475=ORIENTED_EDGE('',*,*,#1029,.F.);
#1476=ORIENTED_EDGE('',*,*,#1124,.T.);
#1477=ORIENTED_EDGE('',*,*,#1022,.F.);
#1478=ORIENTED_EDGE('',*,*,#1124,.F.);
#1479=ORIENTED_EDGE('',*,*,#1028,.F.);
#1480=ORIENTED_EDGE('',*,*,#1125,.T.);
#1481=ORIENTED_EDGE('',*,*,#1126,.T.);
#1482=ORIENTED_EDGE('',*,*,#1023,.F.);
#1483=ORIENTED_EDGE('',*,*,#1126,.F.);
#1484=ORIENTED_EDGE('',*,*,#1127,.T.);
#1485=ORIENTED_EDGE('',*,*,#1031,.F.);
#1486=ORIENTED_EDGE('',*,*,#1122,.T.);
#1487=ORIENTED_EDGE('',*,*,#1128,.T.);
#1488=ORIENTED_EDGE('',*,*,#1129,.T.);
#1489=ORIENTED_EDGE('',*,*,#1127,.F.);
#1490=ORIENTED_EDGE('',*,*,#1125,.F.);
#1491=ORIENTED_EDGE('',*,*,#1130,.T.);
#1492=ORIENTED_EDGE('',*,*,#1034,.T.);
#1493=ORIENTED_EDGE('',*,*,#1131,.T.);
#1494=ORIENTED_EDGE('',*,*,#1040,.F.);
#1495=ORIENTED_EDGE('',*,*,#1132,.T.);
#1496=ORIENTED_EDGE('',*,*,#1038,.T.);
#1497=ORIENTED_EDGE('',*,*,#1133,.T.);
#1498=ORIENTED_EDGE('',*,*,#1032,.F.);
#1499=ORIENTED_EDGE('',*,*,#1129,.F.);
#1500=ORIENTED_EDGE('',*,*,#1037,.F.);
#1501=ORIENTED_EDGE('',*,*,#1131,.F.);
#1502=ORIENTED_EDGE('',*,*,#1033,.F.);
#1503=ORIENTED_EDGE('',*,*,#1133,.F.);
#1504=ORIENTED_EDGE('',*,*,#1134,.T.);
#1505=ORIENTED_EDGE('',*,*,#1135,.T.);
#1506=ORIENTED_EDGE('',*,*,#1026,.F.);
#1507=ORIENTED_EDGE('',*,*,#1011,.F.);
#1508=ORIENTED_EDGE('',*,*,#1136,.T.);
#1509=ORIENTED_EDGE('',*,*,#1137,.T.);
#1510=ORIENTED_EDGE('',*,*,#1134,.F.);
#1511=ORIENTED_EDGE('',*,*,#1010,.F.);
#1512=ORIENTED_EDGE('',*,*,#1036,.T.);
#1513=ORIENTED_EDGE('',*,*,#1138,.T.);
#1514=ORIENTED_EDGE('',*,*,#1136,.F.);
#1515=ORIENTED_EDGE('',*,*,#1009,.F.);
#1516=ORIENTED_EDGE('',*,*,#1035,.F.);
#1517=ORIENTED_EDGE('',*,*,#1130,.F.);
#1518=ORIENTED_EDGE('',*,*,#1039,.F.);
#1519=ORIENTED_EDGE('',*,*,#1132,.F.);
#1520=ORIENTED_EDGE('',*,*,#1128,.F.);
#1521=ORIENTED_EDGE('',*,*,#1027,.F.);
#1522=ORIENTED_EDGE('',*,*,#1135,.F.);
#1523=ORIENTED_EDGE('',*,*,#1137,.F.);
#1524=ORIENTED_EDGE('',*,*,#1138,.F.);
#1525=ORIENTED_EDGE('',*,*,#1092,.F.);
#1526=ORIENTED_EDGE('',*,*,#1085,.F.);
#1527=ORIENTED_EDGE('',*,*,#1097,.F.);
#1528=ORIENTED_EDGE('',*,*,#1090,.F.);
#1529=ORIENTED_EDGE('',*,*,#999,.T.);
#1530=ORIENTED_EDGE('',*,*,#1139,.F.);
#1531=ORIENTED_EDGE('',*,*,#1140,.T.);
#1532=ORIENTED_EDGE('',*,*,#1141,.T.);
#1533=ORIENTED_EDGE('',*,*,#1142,.T.);
#1534=ORIENTED_EDGE('',*,*,#1143,.F.);
#1535=ORIENTED_EDGE('',*,*,#1045,.F.);
#1536=ORIENTED_EDGE('',*,*,#1144,.F.);
#1537=ORIENTED_EDGE('',*,*,#1020,.F.);
#1538=ORIENTED_EDGE('',*,*,#998,.T.);
#1539=ORIENTED_EDGE('',*,*,#1019,.T.);
#1540=ORIENTED_EDGE('',*,*,#1145,.T.);
#1541=ORIENTED_EDGE('',*,*,#1139,.T.);
#1542=ORIENTED_EDGE('',*,*,#1121,.T.);
#1543=ORIENTED_EDGE('',*,*,#1146,.T.);
#1544=ORIENTED_EDGE('',*,*,#1111,.T.);
#1545=ORIENTED_EDGE('',*,*,#986,.F.);
#1546=ORIENTED_EDGE('',*,*,#1002,.T.);
#1547=ORIENTED_EDGE('',*,*,#984,.T.);
#1548=ORIENTED_EDGE('',*,*,#1147,.F.);
#1549=ORIENTED_EDGE('',*,*,#1110,.F.);
#1550=ORIENTED_EDGE('',*,*,#1148,.F.);
#1551=ORIENTED_EDGE('',*,*,#1004,.T.);
#1552=ORIENTED_EDGE('',*,*,#1148,.T.);
#1553=ORIENTED_EDGE('',*,*,#1109,.F.);
#1554=ORIENTED_EDGE('',*,*,#1149,.F.);
#1555=ORIENTED_EDGE('',*,*,#1005,.T.);
#1556=ORIENTED_EDGE('',*,*,#1149,.T.);
#1557=ORIENTED_EDGE('',*,*,#1108,.F.);
#1558=ORIENTED_EDGE('',*,*,#1150,.F.);
#1559=ORIENTED_EDGE('',*,*,#1006,.T.);
#1560=ORIENTED_EDGE('',*,*,#1150,.T.);
#1561=ORIENTED_EDGE('',*,*,#1107,.F.);
#1562=ORIENTED_EDGE('',*,*,#1147,.T.);
#1563=ORIENTED_EDGE('',*,*,#1003,.T.);
#1564=ORIENTED_EDGE('',*,*,#990,.T.);
#1565=ORIENTED_EDGE('',*,*,#1106,.T.);
#1566=ORIENTED_EDGE('',*,*,#980,.F.);
#1567=ORIENTED_EDGE('',*,*,#1007,.T.);
#1568=ORIENTED_EDGE('',*,*,#1151,.F.);
#1569=ORIENTED_EDGE('',*,*,#1152,.T.);
#1570=ORIENTED_EDGE('',*,*,#1153,.F.);
#1571=ORIENTED_EDGE('',*,*,#1152,.F.);
#1572=ORIENTED_EDGE('',*,*,#1154,.T.);
#1573=ORIENTED_EDGE('',*,*,#1155,.T.);
#1574=ORIENTED_EDGE('',*,*,#1156,.T.);
#1575=ORIENTED_EDGE('',*,*,#1155,.F.);
#1576=ORIENTED_EDGE('',*,*,#1157,.T.);
#1577=ORIENTED_EDGE('',*,*,#1158,.T.);
#1578=ORIENTED_EDGE('',*,*,#1159,.T.);
#1579=ORIENTED_EDGE('',*,*,#1094,.T.);
#1580=ORIENTED_EDGE('',*,*,#1096,.T.);
#1581=ORIENTED_EDGE('',*,*,#993,.F.);
#1582=ORIENTED_EDGE('',*,*,#1103,.T.);
#1583=ORIENTED_EDGE('',*,*,#1160,.T.);
#1584=ORIENTED_EDGE('',*,*,#1157,.F.);
#1585=ORIENTED_EDGE('',*,*,#1161,.F.);
#1586=ORIENTED_EDGE('',*,*,#1013,.T.);
#1587=ORIENTED_EDGE('',*,*,#1021,.T.);
#1588=ORIENTED_EDGE('',*,*,#1144,.T.);
#1589=ORIENTED_EDGE('',*,*,#1044,.F.);
#1590=ORIENTED_EDGE('',*,*,#1041,.F.);
#1591=ORIENTED_EDGE('',*,*,#1162,.T.);
#1592=ORIENTED_EDGE('',*,*,#1163,.T.);
#1593=ORIENTED_EDGE('',*,*,#997,.F.);
#1594=ORIENTED_EDGE('',*,*,#1087,.T.);
#1595=ORIENTED_EDGE('',*,*,#1089,.T.);
#1596=ORIENTED_EDGE('',*,*,#1164,.T.);
#1597=ORIENTED_EDGE('',*,*,#1165,.T.);
#1598=ORIENTED_EDGE('',*,*,#1166,.T.);
#1599=ORIENTED_EDGE('',*,*,#1167,.T.);
#1600=ORIENTED_EDGE('',*,*,#1168,.T.);
#1601=ORIENTED_EDGE('',*,*,#1169,.T.);
#1602=ORIENTED_EDGE('',*,*,#1170,.T.);
#1603=ORIENTED_EDGE('',*,*,#1171,.T.);
#1604=ORIENTED_EDGE('',*,*,#1099,.T.);
#1605=ORIENTED_EDGE('',*,*,#1141,.F.);
#1606=ORIENTED_EDGE('',*,*,#1172,.F.);
#1607=ORIENTED_EDGE('',*,*,#1173,.T.);
#1608=ORIENTED_EDGE('',*,*,#1174,.F.);
#1609=ORIENTED_EDGE('',*,*,#1175,.T.);
#1610=ORIENTED_EDGE('',*,*,#1176,.F.);
#1611=ORIENTED_EDGE('',*,*,#1177,.F.);
#1612=ORIENTED_EDGE('',*,*,#1178,.T.);
#1613=ORIENTED_EDGE('',*,*,#1179,.F.);
#1614=ORIENTED_EDGE('',*,*,#1180,.T.);
#1615=ORIENTED_EDGE('',*,*,#1181,.T.);
#1616=ORIENTED_EDGE('',*,*,#1182,.T.);
#1617=ORIENTED_EDGE('',*,*,#1183,.F.);
#1618=ORIENTED_EDGE('',*,*,#1184,.T.);
#1619=ORIENTED_EDGE('',*,*,#1185,.F.);
#1620=ORIENTED_EDGE('',*,*,#1186,.T.);
#1621=ORIENTED_EDGE('',*,*,#1187,.T.);
#1622=ORIENTED_EDGE('',*,*,#1188,.F.);
#1623=ORIENTED_EDGE('',*,*,#1186,.F.);
#1624=ORIENTED_EDGE('',*,*,#1189,.F.);
#1625=ORIENTED_EDGE('',*,*,#1190,.T.);
#1626=ORIENTED_EDGE('',*,*,#1191,.F.);
#1627=ORIENTED_EDGE('',*,*,#1187,.F.);
#1628=ORIENTED_EDGE('',*,*,#1192,.F.);
#1629=ORIENTED_EDGE('',*,*,#1193,.T.);
#1630=ORIENTED_EDGE('',*,*,#1194,.F.);
#1631=ORIENTED_EDGE('',*,*,#1190,.F.);
#1632=ORIENTED_EDGE('',*,*,#1195,.F.);
#1633=ORIENTED_EDGE('',*,*,#1102,.T.);
#1634=ORIENTED_EDGE('',*,*,#1196,.F.);
#1635=ORIENTED_EDGE('',*,*,#1193,.F.);
#1636=ORIENTED_EDGE('',*,*,#1197,.F.);
#1637=ORIENTED_EDGE('',*,*,#1198,.T.);
#1638=ORIENTED_EDGE('',*,*,#1199,.F.);
#1639=ORIENTED_EDGE('',*,*,#1100,.F.);
#1640=ORIENTED_EDGE('',*,*,#1171,.F.);
#1641=ORIENTED_EDGE('',*,*,#1200,.T.);
#1642=ORIENTED_EDGE('',*,*,#1201,.F.);
#1643=ORIENTED_EDGE('',*,*,#1198,.F.);
#1644=ORIENTED_EDGE('',*,*,#1170,.F.);
#1645=ORIENTED_EDGE('',*,*,#1202,.T.);
#1646=ORIENTED_EDGE('',*,*,#1203,.F.);
#1647=ORIENTED_EDGE('',*,*,#1200,.F.);
#1648=ORIENTED_EDGE('',*,*,#1169,.F.);
#1649=ORIENTED_EDGE('',*,*,#1204,.T.);
#1650=ORIENTED_EDGE('',*,*,#1205,.F.);
#1651=ORIENTED_EDGE('',*,*,#1202,.F.);
#1652=ORIENTED_EDGE('',*,*,#1168,.F.);
#1653=ORIENTED_EDGE('',*,*,#1206,.T.);
#1654=ORIENTED_EDGE('',*,*,#1207,.F.);
#1655=ORIENTED_EDGE('',*,*,#1204,.F.);
#1656=ORIENTED_EDGE('',*,*,#1167,.F.);
#1657=ORIENTED_EDGE('',*,*,#1208,.T.);
#1658=ORIENTED_EDGE('',*,*,#1209,.F.);
#1659=ORIENTED_EDGE('',*,*,#1206,.F.);
#1660=ORIENTED_EDGE('',*,*,#1166,.F.);
#1661=ORIENTED_EDGE('',*,*,#1210,.T.);
#1662=ORIENTED_EDGE('',*,*,#1211,.F.);
#1663=ORIENTED_EDGE('',*,*,#1208,.F.);
#1664=ORIENTED_EDGE('',*,*,#1165,.F.);
#1665=ORIENTED_EDGE('',*,*,#1088,.T.);
#1666=ORIENTED_EDGE('',*,*,#995,.T.);
#1667=ORIENTED_EDGE('',*,*,#1163,.F.);
#1668=ORIENTED_EDGE('',*,*,#1212,.T.);
#1669=ORIENTED_EDGE('',*,*,#1213,.F.);
#1670=ORIENTED_EDGE('',*,*,#1210,.F.);
#1671=ORIENTED_EDGE('',*,*,#1164,.F.);
#1672=ORIENTED_EDGE('',*,*,#1214,.T.);
#1673=ORIENTED_EDGE('',*,*,#1215,.F.);
#1674=ORIENTED_EDGE('',*,*,#1212,.F.);
#1675=ORIENTED_EDGE('',*,*,#1216,.F.);
#1676=ORIENTED_EDGE('',*,*,#1217,.T.);
#1677=ORIENTED_EDGE('',*,*,#1218,.F.);
#1678=ORIENTED_EDGE('',*,*,#1214,.F.);
#1679=ORIENTED_EDGE('',*,*,#1219,.F.);
#1680=ORIENTED_EDGE('',*,*,#1220,.T.);
#1681=ORIENTED_EDGE('',*,*,#1221,.F.);
#1682=ORIENTED_EDGE('',*,*,#1217,.F.);
#1683=ORIENTED_EDGE('',*,*,#1173,.F.);
#1684=ORIENTED_EDGE('',*,*,#1178,.F.);
#1685=ORIENTED_EDGE('',*,*,#1222,.F.);
#1686=ORIENTED_EDGE('',*,*,#1220,.F.);
#1687=ORIENTED_EDGE('',*,*,#1223,.F.);
#1688=ORIENTED_EDGE('',*,*,#1180,.F.);
#1689=ORIENTED_EDGE('',*,*,#1224,.F.);
#1690=ORIENTED_EDGE('',*,*,#1225,.T.);
#1691=ORIENTED_EDGE('',*,*,#1226,.F.);
#1692=ORIENTED_EDGE('',*,*,#1227,.F.);
#1693=ORIENTED_EDGE('',*,*,#1228,.T.);
#1694=ORIENTED_EDGE('',*,*,#1229,.T.);
#1695=ORIENTED_EDGE('',*,*,#1230,.F.);
#1696=ORIENTED_EDGE('',*,*,#1225,.F.);
#1697=ORIENTED_EDGE('',*,*,#1231,.F.);
#1698=ORIENTED_EDGE('',*,*,#1232,.T.);
#1699=ORIENTED_EDGE('',*,*,#1233,.F.);
#1700=ORIENTED_EDGE('',*,*,#1228,.F.);
#1701=ORIENTED_EDGE('',*,*,#1234,.F.);
#1702=ORIENTED_EDGE('',*,*,#1235,.T.);
#1703=ORIENTED_EDGE('',*,*,#1236,.F.);
#1704=ORIENTED_EDGE('',*,*,#1237,.F.);
#1705=ORIENTED_EDGE('',*,*,#1232,.F.);
#1706=ORIENTED_EDGE('',*,*,#1238,.F.);
#1707=ORIENTED_EDGE('',*,*,#1184,.F.);
#1708=ORIENTED_EDGE('',*,*,#1239,.F.);
#1709=ORIENTED_EDGE('',*,*,#1240,.T.);
#1710=ORIENTED_EDGE('',*,*,#1235,.F.);
#1711=ORIENTED_EDGE('',*,*,#1241,.F.);
#1712=ORIENTED_EDGE('',*,*,#1242,.F.);
#1713=ORIENTED_EDGE('',*,*,#1226,.T.);
#1714=ORIENTED_EDGE('',*,*,#1230,.T.);
#1715=ORIENTED_EDGE('',*,*,#1243,.F.);
#1716=ORIENTED_EDGE('',*,*,#1244,.F.);
#1717=ORIENTED_EDGE('',*,*,#1245,.F.);
#1718=ORIENTED_EDGE('',*,*,#1236,.T.);
#1719=ORIENTED_EDGE('',*,*,#1240,.F.);
#1720=ORIENTED_EDGE('',*,*,#1246,.F.);
#1721=ORIENTED_EDGE('',*,*,#1247,.F.);
#1722=ORIENTED_EDGE('',*,*,#1248,.F.);
#1723=ORIENTED_EDGE('',*,*,#1015,.T.);
#1724=ORIENTED_EDGE('',*,*,#1249,.F.);
#1725=ORIENTED_EDGE('',*,*,#1158,.F.);
#1726=ORIENTED_EDGE('',*,*,#1160,.F.);
#1727=ORIENTED_EDGE('',*,*,#1197,.T.);
#1728=ORIENTED_EDGE('',*,*,#1046,.F.);
#1729=ORIENTED_EDGE('',*,*,#1143,.T.);
#1730=ORIENTED_EDGE('',*,*,#1250,.F.);
#1731=ORIENTED_EDGE('',*,*,#1216,.T.);
#1732=ORIENTED_EDGE('',*,*,#1162,.F.);
#1733=ORIENTED_EDGE('',*,*,#1043,.F.);
#1734=ORIENTED_EDGE('',*,*,#1251,.F.);
#1735=ORIENTED_EDGE('',*,*,#1199,.T.);
#1736=ORIENTED_EDGE('',*,*,#1252,.F.);
#1737=ORIENTED_EDGE('',*,*,#1113,.F.);
#1738=ORIENTED_EDGE('',*,*,#1253,.F.);
#1739=ORIENTED_EDGE('',*,*,#1203,.T.);
#1740=ORIENTED_EDGE('',*,*,#1254,.F.);
#1741=ORIENTED_EDGE('',*,*,#1115,.F.);
#1742=ORIENTED_EDGE('',*,*,#1255,.F.);
#1743=ORIENTED_EDGE('',*,*,#1207,.T.);
#1744=ORIENTED_EDGE('',*,*,#1256,.F.);
#1745=ORIENTED_EDGE('',*,*,#1117,.F.);
#1746=ORIENTED_EDGE('',*,*,#1257,.F.);
#1747=ORIENTED_EDGE('',*,*,#1211,.T.);
#1748=ORIENTED_EDGE('',*,*,#1258,.F.);
#1749=ORIENTED_EDGE('',*,*,#1119,.F.);
#1750=ORIENTED_EDGE('',*,*,#1017,.F.);
#1751=ORIENTED_EDGE('',*,*,#1259,.F.);
#1752=ORIENTED_EDGE('',*,*,#1192,.T.);
#1753=ORIENTED_EDGE('',*,*,#1260,.F.);
#1754=ORIENTED_EDGE('',*,*,#1161,.T.);
#1755=ORIENTED_EDGE('',*,*,#1159,.F.);
#1756=ORIENTED_EDGE('',*,*,#1249,.T.);
#1757=ORIENTED_EDGE('',*,*,#1014,.T.);
#1758=ORIENTED_EDGE('',*,*,#1261,.T.);
#1759=ORIENTED_EDGE('',*,*,#1247,.T.);
#1760=ORIENTED_EDGE('',*,*,#1262,.T.);
#1761=ORIENTED_EDGE('',*,*,#1182,.F.);
#1762=ORIENTED_EDGE('',*,*,#1263,.F.);
#1763=ORIENTED_EDGE('',*,*,#1244,.T.);
#1764=ORIENTED_EDGE('',*,*,#1246,.T.);
#1765=ORIENTED_EDGE('',*,*,#1239,.T.);
#1766=ORIENTED_EDGE('',*,*,#1183,.T.);
#1767=ORIENTED_EDGE('',*,*,#1262,.F.);
#1768=ORIENTED_EDGE('',*,*,#1153,.T.);
#1769=ORIENTED_EDGE('',*,*,#1243,.T.);
#1770=ORIENTED_EDGE('',*,*,#1229,.F.);
#1771=ORIENTED_EDGE('',*,*,#1233,.T.);
#1772=ORIENTED_EDGE('',*,*,#1237,.T.);
#1773=ORIENTED_EDGE('',*,*,#1245,.T.);
#1774=ORIENTED_EDGE('',*,*,#1261,.F.);
#1775=ORIENTED_EDGE('',*,*,#1181,.F.);
#1776=ORIENTED_EDGE('',*,*,#1227,.T.);
#1777=ORIENTED_EDGE('',*,*,#1242,.T.);
#1778=ORIENTED_EDGE('',*,*,#1263,.T.);
#1779=ORIENTED_EDGE('',*,*,#1154,.F.);
#1780=ORIENTED_EDGE('',*,*,#1256,.T.);
#1781=ORIENTED_EDGE('',*,*,#1209,.T.);
#1782=ORIENTED_EDGE('',*,*,#1257,.T.);
#1783=ORIENTED_EDGE('',*,*,#1118,.F.);
#1784=ORIENTED_EDGE('',*,*,#1252,.T.);
#1785=ORIENTED_EDGE('',*,*,#1201,.T.);
#1786=ORIENTED_EDGE('',*,*,#1253,.T.);
#1787=ORIENTED_EDGE('',*,*,#1114,.F.);
#1788=ORIENTED_EDGE('',*,*,#1258,.T.);
#1789=ORIENTED_EDGE('',*,*,#1213,.T.);
#1790=ORIENTED_EDGE('',*,*,#1215,.T.);
#1791=ORIENTED_EDGE('',*,*,#1218,.T.);
#1792=ORIENTED_EDGE('',*,*,#1221,.T.);
#1793=ORIENTED_EDGE('',*,*,#1222,.T.);
#1794=ORIENTED_EDGE('',*,*,#1177,.T.);
#1795=ORIENTED_EDGE('',*,*,#1264,.T.);
#1796=ORIENTED_EDGE('',*,*,#1120,.T.);
#1797=ORIENTED_EDGE('',*,*,#1156,.F.);
#1798=ORIENTED_EDGE('',*,*,#1254,.T.);
#1799=ORIENTED_EDGE('',*,*,#1205,.T.);
#1800=ORIENTED_EDGE('',*,*,#1255,.T.);
#1801=ORIENTED_EDGE('',*,*,#1116,.F.);
#1802=ORIENTED_EDGE('',*,*,#1175,.F.);
#1803=ORIENTED_EDGE('',*,*,#1188,.T.);
#1804=ORIENTED_EDGE('',*,*,#1191,.T.);
#1805=ORIENTED_EDGE('',*,*,#1194,.T.);
#1806=ORIENTED_EDGE('',*,*,#1196,.T.);
#1807=ORIENTED_EDGE('',*,*,#1101,.T.);
#1808=ORIENTED_EDGE('',*,*,#1251,.T.);
#1809=ORIENTED_EDGE('',*,*,#1112,.F.);
#1810=ORIENTED_EDGE('',*,*,#1265,.F.);
#1811=ORIENTED_EDGE('',*,*,#1151,.T.);
#1812=ORIENTED_EDGE('',*,*,#1016,.F.);
#1813=ORIENTED_EDGE('',*,*,#1248,.T.);
#1814=ORIENTED_EDGE('',*,*,#1195,.T.);
#1815=ORIENTED_EDGE('',*,*,#1259,.T.);
#1816=ORIENTED_EDGE('',*,*,#1142,.F.);
#1817=ORIENTED_EDGE('',*,*,#1174,.T.);
#1818=ORIENTED_EDGE('',*,*,#1219,.T.);
#1819=ORIENTED_EDGE('',*,*,#1250,.T.);
#1820=ORIENTED_EDGE('',*,*,#1140,.F.);
#1821=ORIENTED_EDGE('',*,*,#1145,.F.);
#1822=ORIENTED_EDGE('',*,*,#1018,.F.);
#1823=ORIENTED_EDGE('',*,*,#1260,.T.);
#1824=ORIENTED_EDGE('',*,*,#1189,.T.);
#1825=ORIENTED_EDGE('',*,*,#1185,.T.);
#1826=ORIENTED_EDGE('',*,*,#1241,.T.);
#1827=ORIENTED_EDGE('',*,*,#1238,.T.);
#1828=ORIENTED_EDGE('',*,*,#1234,.T.);
#1829=ORIENTED_EDGE('',*,*,#1231,.T.);
#1830=ORIENTED_EDGE('',*,*,#1224,.T.);
#1831=ORIENTED_EDGE('',*,*,#1179,.T.);
#1832=ORIENTED_EDGE('',*,*,#1223,.T.);
#1833=ORIENTED_EDGE('',*,*,#1172,.T.);
#1834=ORIENTED_EDGE('',*,*,#1146,.F.);
#1835=ORIENTED_EDGE('',*,*,#1264,.F.);
#1836=ORIENTED_EDGE('',*,*,#1176,.T.);
#1837=ORIENTED_EDGE('',*,*,#1265,.T.);
#1838=PLANE('',#2039);
#1839=PLANE('',#2040);
#1840=PLANE('',#2047);
#1841=PLANE('',#2048);
#1842=PLANE('',#2049);
#1843=PLANE('',#2052);
#1844=PLANE('',#2053);
#1845=PLANE('',#2054);
#1846=PLANE('',#2055);
#1847=PLANE('',#2059);
#1848=PLANE('',#2060);
#1849=PLANE('',#2061);
#1850=PLANE('',#2062);
#1851=PLANE('',#2063);
#1852=PLANE('',#2064);
#1853=PLANE('',#2065);
#1854=PLANE('',#2067);
#1855=PLANE('',#2068);
#1856=PLANE('',#2069);
#1857=PLANE('',#2070);
#1858=PLANE('',#2071);
#1859=PLANE('',#2072);
#1860=PLANE('',#2073);
#1861=PLANE('',#2089);
#1862=PLANE('',#2090);
#1863=PLANE('',#2091);
#1864=PLANE('',#2092);
#1865=PLANE('',#2093);
#1866=PLANE('',#2098);
#1867=PLANE('',#2099);
#1868=PLANE('',#2100);
#1869=PLANE('',#2101);
#1870=PLANE('',#2102);
#1871=PLANE('',#2103);
#1872=PLANE('',#2104);
#1873=PLANE('',#2105);
#1874=PLANE('',#2106);
#1875=PLANE('',#2107);
#1876=PLANE('',#2108);
#1877=PLANE('',#2109);
#1878=PLANE('',#2110);
#1879=PLANE('',#2113);
#1880=PLANE('',#2114);
#1881=PLANE('',#2115);
#1882=PLANE('',#2116);
#1883=PLANE('',#2117);
#1884=PLANE('',#2118);
#1885=PLANE('',#2125);
#1886=PLANE('',#2127);
#1887=PLANE('',#2135);
#1888=PLANE('',#2136);
#1889=PLANE('',#2140);
#1890=PLANE('',#2146);
#1891=PLANE('',#2149);
#1892=PLANE('',#2152);
#1893=PLANE('',#2155);
#1894=PLANE('',#2159);
#1895=PLANE('',#2162);
#1896=PLANE('',#2163);
#1897=PLANE('',#2166);
#1898=PLANE('',#2168);
#1899=PLANE('',#2182);
#1900=PLANE('',#2183);
#1901=PLANE('',#2184);
#1902=PLANE('',#2185);
#1903=PLANE('',#2186);
#1904=PLANE('',#2187);
#1905=PLANE('',#2188);
#1906=PLANE('',#2189);
#1907=PLANE('',#2190);
#1908=PLANE('',#2191);
#1909=PLANE('',#2192);
#1910=PLANE('',#2193);
#1911=PLANE('',#2194);
#1912=ADVANCED_FACE('',(#122),#1838,.F.);
#1913=ADVANCED_FACE('',(#123),#1839,.F.);
#1914=ADVANCED_FACE('',(#124),#102,.T.);
#1915=ADVANCED_FACE('',(#125),#103,.T.);
#1916=ADVANCED_FACE('',(#126),#1840,.T.);
#1917=ADVANCED_FACE('',(#127,#34),#1841,.F.);
#1918=ADVANCED_FACE('',(#128),#1842,.F.);
#1919=ADVANCED_FACE('',(#129,#35),#1843,.F.);
#1920=ADVANCED_FACE('',(#130),#1844,.F.);
#1921=ADVANCED_FACE('',(#131),#1845,.F.);
#1922=ADVANCED_FACE('',(#132),#1846,.T.);
#1923=ADVANCED_FACE('',(#133),#104,.F.);
#1924=ADVANCED_FACE('',(#134),#1847,.F.);
#1925=ADVANCED_FACE('',(#135),#1848,.F.);
#1926=ADVANCED_FACE('',(#136),#1849,.F.);
#1927=ADVANCED_FACE('',(#137),#1850,.F.);
#1928=ADVANCED_FACE('',(#138),#1851,.F.);
#1929=ADVANCED_FACE('',(#139),#1852,.F.);
#1930=ADVANCED_FACE('',(#140,#36),#1853,.F.);
#1931=ADVANCED_FACE('',(#141),#1854,.F.);
#1932=ADVANCED_FACE('',(#142),#1855,.F.);
#1933=ADVANCED_FACE('',(#143),#1856,.F.);
#1934=ADVANCED_FACE('',(#144),#1857,.F.);
#1935=ADVANCED_FACE('',(#145),#1858,.F.);
#1936=ADVANCED_FACE('',(#146),#1859,.F.);
#1937=ADVANCED_FACE('',(#147,#37),#1860,.F.);
#1938=ADVANCED_FACE('',(#148),#105,.F.);
#1939=ADVANCED_FACE('',(#149),#106,.F.);
#1940=ADVANCED_FACE('',(#150),#107,.F.);
#1941=ADVANCED_FACE('',(#151),#108,.F.);
#1942=ADVANCED_FACE('',(#152),#1861,.T.);
#1943=ADVANCED_FACE('',(#153),#1862,.T.);
#1944=ADVANCED_FACE('',(#154,#38,#39),#1863,.T.);
#1945=ADVANCED_FACE('',(#155),#1864,.F.);
#1946=ADVANCED_FACE('',(#156),#1865,.F.);
#1947=ADVANCED_FACE('',(#157),#1866,.F.);
#1948=ADVANCED_FACE('',(#158),#1867,.F.);
#1949=ADVANCED_FACE('',(#159),#1868,.F.);
#1950=ADVANCED_FACE('',(#160),#1869,.F.);
#1951=ADVANCED_FACE('',(#161),#1870,.F.);
#1952=ADVANCED_FACE('',(#162),#1871,.F.);
#1953=ADVANCED_FACE('',(#163),#1872,.F.);
#1954=ADVANCED_FACE('',(#164),#1873,.F.);
#1955=ADVANCED_FACE('',(#165),#1874,.F.);
#1956=ADVANCED_FACE('',(#166),#1875,.F.);
#1957=ADVANCED_FACE('',(#167),#1876,.F.);
#1958=ADVANCED_FACE('',(#168,#40,#41,#42,#43),#1877,.T.);
#1959=ADVANCED_FACE('',(#169),#1878,.F.);
#1960=ADVANCED_FACE('',(#170),#1879,.T.);
#1961=ADVANCED_FACE('',(#171),#1880,.F.);
#1962=ADVANCED_FACE('',(#172),#1881,.T.);
#1963=ADVANCED_FACE('',(#173),#1882,.T.);
#1964=ADVANCED_FACE('',(#174),#1883,.T.);
#1965=ADVANCED_FACE('',(#175),#1884,.F.);
#1966=ADVANCED_FACE('',(#176),#109,.F.);
#1967=ADVANCED_FACE('',(#177),#110,.F.);
#1968=ADVANCED_FACE('',(#178),#1885,.T.);
#1969=ADVANCED_FACE('',(#179),#1886,.F.);
#1970=ADVANCED_FACE('',(#180),#111,.T.);
#1971=ADVANCED_FACE('',(#181),#1887,.T.);
#1972=ADVANCED_FACE('',(#182),#1888,.F.);
#1973=ADVANCED_FACE('',(#183),#20,.T.);
#1974=ADVANCED_FACE('',(#184),#1889,.F.);
#1975=ADVANCED_FACE('',(#185),#21,.F.);
#1976=ADVANCED_FACE('',(#186),#22,.T.);
#1977=ADVANCED_FACE('',(#187),#1890,.F.);
#1978=ADVANCED_FACE('',(#188),#23,.T.);
#1979=ADVANCED_FACE('',(#189),#1891,.T.);
#1980=ADVANCED_FACE('',(#190),#24,.T.);
#1981=ADVANCED_FACE('',(#191),#1892,.T.);
#1982=ADVANCED_FACE('',(#192),#25,.T.);
#1983=ADVANCED_FACE('',(#193),#1893,.F.);
#1984=ADVANCED_FACE('',(#194),#26,.F.);
#1985=ADVANCED_FACE('',(#195),#1894,.T.);
#1986=ADVANCED_FACE('',(#196),#27,.T.);
#1987=ADVANCED_FACE('',(#197),#1895,.T.);
#1988=ADVANCED_FACE('',(#198),#1896,.T.);
#1989=ADVANCED_FACE('',(#199),#18,.T.);
#1990=ADVANCED_FACE('',(#200),#1897,.F.);
#1991=ADVANCED_FACE('',(#201),#19,.T.);
#1992=ADVANCED_FACE('',(#202),#1898,.F.);
#1993=ADVANCED_FACE('',(#203),#112,.F.);
#1994=ADVANCED_FACE('',(#204),#113,.F.);
#1995=ADVANCED_FACE('',(#205),#114,.F.);
#1996=ADVANCED_FACE('',(#206),#115,.F.);
#1997=ADVANCED_FACE('',(#207),#116,.T.);
#1998=ADVANCED_FACE('',(#208),#117,.T.);
#1999=ADVANCED_FACE('',(#209),#118,.T.);
#2000=ADVANCED_FACE('',(#210),#119,.T.);
#2001=ADVANCED_FACE('',(#211),#120,.T.);
#2002=ADVANCED_FACE('',(#212),#121,.F.);
#2003=ADVANCED_FACE('',(#213),#1899,.T.);
#2004=ADVANCED_FACE('',(#214,#44),#1900,.T.);
#2005=ADVANCED_FACE('',(#215),#1901,.T.);
#2006=ADVANCED_FACE('',(#216,#45),#1902,.F.);
#2007=ADVANCED_FACE('',(#217),#1903,.T.);
#2008=ADVANCED_FACE('',(#218),#1904,.F.);
#2009=ADVANCED_FACE('',(#219,#46),#1905,.F.);
#2010=ADVANCED_FACE('',(#220),#1906,.T.);
#2011=ADVANCED_FACE('',(#221,#47),#1907,.T.);
#2012=ADVANCED_FACE('',(#222),#1908,.T.);
#2013=ADVANCED_FACE('',(#223),#1909,.T.);
#2014=ADVANCED_FACE('',(#224),#1910,.T.);
#2015=ADVANCED_FACE('',(#225),#1911,.T.);
#2016=CLOSED_SHELL('',(#1912,#1913,#1914,#1915,#1916,#1917,#1918,#1919,
#1920,#1921,#1922,#1923,#1924,#1925,#1926,#1927,#1928,#1929,#1930,#1931,
#1932,#1933,#1934,#1935,#1936,#1937,#1938,#1939,#1940,#1941,#1942,#1943,
#1944,#1945,#1946,#1947,#1948,#1949,#1950,#1951,#1952,#1953,#1954,#1955,
#1956,#1957,#1958,#1959,#1960,#1961,#1962,#1963,#1964,#1965,#1966,#1967,
#1968,#1969,#1970,#1971,#1972,#1973,#1974,#1975,#1976,#1977,#1978,#1979,
#1980,#1981,#1982,#1983,#1984,#1985,#1986,#1987,#1988,#1989,#1990,#1991,
#1992,#1993,#1994,#1995,#1996,#1997,#1998,#1999,#2000,#2001,#2002,#2003,
#2004,#2005,#2006,#2007,#2008,#2009,#2010,#2011,#2012,#2013,#2014,#2015));
#2017=DERIVED_UNIT_ELEMENT(#2020,1.);
#2018=DERIVED_UNIT_ELEMENT(#3408,-3.);
#2019=DIMENSIONAL_EXPONENTS(0.,1.,0.,0.,0.,0.,0.);
#2020=(
CONVERSION_BASED_UNIT('gram',#2022)
MASS_UNIT()
NAMED_UNIT(#2019)
);
#2021=(
MASS_UNIT()
NAMED_UNIT(*)
SI_UNIT(.KILO.,.GRAM.)
);
#2022=MASS_MEASURE_WITH_UNIT(MASS_MEASURE(0.001),#2021);
#2023=DERIVED_UNIT((#2017,#2018));
#2024=MEASURE_REPRESENTATION_ITEM('density measure',
POSITIVE_RATIO_MEASURE(1.),#2023);
#2025=PROPERTY_DEFINITION_REPRESENTATION(#2030,#2027);
#2026=PROPERTY_DEFINITION_REPRESENTATION(#2031,#2028);
#2027=REPRESENTATION('material name',(#2029),#3405);
#2028=REPRESENTATION('density',(#2024),#3405);
#2029=DESCRIPTIVE_REPRESENTATION_ITEM('G\X\E9n\X\E9rique','G\X\E9n\X\E9
rique');
#2030=PROPERTY_DEFINITION('material property','material name',#3415);
#2031=PROPERTY_DEFINITION('material property','density of part',#3415);
#2032=DATE_TIME_ROLE('creation_date');
#2033=APPLIED_DATE_AND_TIME_ASSIGNMENT(#2034,#2032,(#3415));
#2034=DATE_AND_TIME(#2035,#2036);
#2035=CALENDAR_DATE(2026,14,1);
#2036=LOCAL_TIME(13,22,47.,#2037);
#2037=COORDINATED_UNIVERSAL_TIME_OFFSET(0,0,.BEHIND.);
#2038=AXIS2_PLACEMENT_3D('',#2735,#2195,#2196);
#2039=AXIS2_PLACEMENT_3D('',#2736,#2197,#2198);
#2040=AXIS2_PLACEMENT_3D('',#2749,#2205,#2206);
#2041=AXIS2_PLACEMENT_3D('',#2762,#2213,#2214);
#2042=AXIS2_PLACEMENT_3D('',#2765,#2215,#2216);
#2043=AXIS2_PLACEMENT_3D('',#2767,#2217,#2218);
#2044=AXIS2_PLACEMENT_3D('',#2769,#2220,#2221);
#2045=AXIS2_PLACEMENT_3D('',#2772,#2222,#2223);
#2046=AXIS2_PLACEMENT_3D('',#2775,#2225,#2226);
#2047=AXIS2_PLACEMENT_3D('',#2776,#2227,#2228);
#2048=AXIS2_PLACEMENT_3D('',#2785,#2233,#2234);
#2049=AXIS2_PLACEMENT_3D('',#2804,#2245,#2246);
#2050=AXIS2_PLACEMENT_3D('',#2812,#2250,#2251);
#2051=AXIS2_PLACEMENT_3D('',#2816,#2253,#2254);
#2052=AXIS2_PLACEMENT_3D('',#2820,#2257,#2258);
#2053=AXIS2_PLACEMENT_3D('',#2832,#2265,#2266);
#2054=AXIS2_PLACEMENT_3D('',#2854,#2278,#2279);
#2055=AXIS2_PLACEMENT_3D('',#2863,#2284,#2285);
#2056=AXIS2_PLACEMENT_3D('',#2869,#2288,#2289);
#2057=AXIS2_PLACEMENT_3D('',#2870,#2290,#2291);
#2058=AXIS2_PLACEMENT_3D('',#2872,#2292,#2293);
#2059=AXIS2_PLACEMENT_3D('',#2883,#2295,#2296);
#2060=AXIS2_PLACEMENT_3D('',#2892,#2301,#2302);
#2061=AXIS2_PLACEMENT_3D('',#2898,#2306,#2307);
#2062=AXIS2_PLACEMENT_3D('',#2904,#2311,#2312);
#2063=AXIS2_PLACEMENT_3D('',#2910,#2316,#2317);
#2064=AXIS2_PLACEMENT_3D('',#2916,#2321,#2322);
#2065=AXIS2_PLACEMENT_3D('',#2919,#2325,#2326);
#2066=AXIS2_PLACEMENT_3D('',#2921,#2327,#2328);
#2067=AXIS2_PLACEMENT_3D('',#2922,#2329,#2330);
#2068=AXIS2_PLACEMENT_3D('',#2931,#2335,#2336);
#2069=AXIS2_PLACEMENT_3D('',#2937,#2340,#2341);
#2070=AXIS2_PLACEMENT_3D('',#2943,#2345,#2346);
#2071=AXIS2_PLACEMENT_3D('',#2949,#2350,#2351);
#2072=AXIS2_PLACEMENT_3D('',#2955,#2355,#2356);
#2073=AXIS2_PLACEMENT_3D('',#2958,#2359,#2360);
#2074=AXIS2_PLACEMENT_3D('',#2960,#2361,#2362);
#2075=AXIS2_PLACEMENT_3D('',#2961,#2363,#2364);
#2076=AXIS2_PLACEMENT_3D('',#2963,#2365,#2366);
#2077=AXIS2_PLACEMENT_3D('',#2966,#2368,#2369);
#2078=AXIS2_PLACEMENT_3D('',#2968,#2370,#2371);
#2079=AXIS2_PLACEMENT_3D('',#2969,#2372,#2373);
#2080=AXIS2_PLACEMENT_3D('',#2970,#2374,#2375);
#2081=AXIS2_PLACEMENT_3D('',#2972,#2376,#2377);
#2082=AXIS2_PLACEMENT_3D('',#2974,#2379,#2380);
#2083=AXIS2_PLACEMENT_3D('',#2976,#2381,#2382);
#2084=AXIS2_PLACEMENT_3D('',#2980,#2384,#2385);
#2085=AXIS2_PLACEMENT_3D('',#2981,#2386,#2387);
#2086=AXIS2_PLACEMENT_3D('',#2982,#2388,#2389);
#2087=AXIS2_PLACEMENT_3D('',#2983,#2390,#2391);
#2088=AXIS2_PLACEMENT_3D('',#2985,#2392,#2393);
#2089=AXIS2_PLACEMENT_3D('',#2987,#2395,#2396);
#2090=AXIS2_PLACEMENT_3D('',#2997,#2402,#2403);
#2091=AXIS2_PLACEMENT_3D('',#3000,#2406,#2407);
#2092=AXIS2_PLACEMENT_3D('',#3002,#2409,#2410);
#2093=AXIS2_PLACEMENT_3D('',#3011,#2415,#2416);
#2094=AXIS2_PLACEMENT_3D('',#3017,#2419,#2420);
#2095=AXIS2_PLACEMENT_3D('',#3021,#2422,#2423);
#2096=AXIS2_PLACEMENT_3D('',#3025,#2425,#2426);
#2097=AXIS2_PLACEMENT_3D('',#3029,#2428,#2429);
#2098=AXIS2_PLACEMENT_3D('',#3033,#2432,#2433);
#2099=AXIS2_PLACEMENT_3D('',#3036,#2436,#2437);
#2100=AXIS2_PLACEMENT_3D('',#3038,#2439,#2440);
#2101=AXIS2_PLACEMENT_3D('',#3042,#2443,#2444);
#2102=AXIS2_PLACEMENT_3D('',#3044,#2446,#2447);
#2103=AXIS2_PLACEMENT_3D('',#3048,#2450,#2451);
#2104=AXIS2_PLACEMENT_3D('',#3051,#2454,#2455);
#2105=AXIS2_PLACEMENT_3D('',#3054,#2458,#2459);
#2106=AXIS2_PLACEMENT_3D('',#3055,#2460,#2461);
#2107=AXIS2_PLACEMENT_3D('',#3059,#2464,#2465);
#2108=AXIS2_PLACEMENT_3D('',#3063,#2468,#2469);
#2109=AXIS2_PLACEMENT_3D('',#3065,#2471,#2472);
#2110=AXIS2_PLACEMENT_3D('',#3066,#2473,#2474);
#2111=AXIS2_PLACEMENT_3D('',#3072,#2477,#2478);
#2112=AXIS2_PLACEMENT_3D('',#3075,#2480,#2481);
#2113=AXIS2_PLACEMENT_3D('',#3077,#2483,#2484);
#2114=AXIS2_PLACEMENT_3D('',#3079,#2486,#2487);
#2115=AXIS2_PLACEMENT_3D('',#3081,#2489,#2490);
#2116=AXIS2_PLACEMENT_3D('',#3084,#2493,#2494);
#2117=AXIS2_PLACEMENT_3D('',#3086,#2496,#2497);
#2118=AXIS2_PLACEMENT_3D('',#3088,#2499,#2500);
#2119=AXIS2_PLACEMENT_3D('',#3089,#2501,#2502);
#2120=AXIS2_PLACEMENT_3D('',#3091,#2503,#2504);
#2121=AXIS2_PLACEMENT_3D('',#3094,#2506,#2507);
#2122=AXIS2_PLACEMENT_3D('',#3095,#2508,#2509);
#2123=AXIS2_PLACEMENT_3D('',#3097,#2510,#2511);
#2124=AXIS2_PLACEMENT_3D('',#3100,#2513,#2514);
#2125=AXIS2_PLACEMENT_3D('',#3101,#2515,#2516);
#2126=AXIS2_PLACEMENT_3D('',#3106,#2518,#2519);
#2127=AXIS2_PLACEMENT_3D('',#3108,#2521,#2522);
#2128=AXIS2_PLACEMENT_3D('',#3110,#2524,#2525);
#2129=AXIS2_PLACEMENT_3D('',#3117,#2529,#2530);
#2130=AXIS2_PLACEMENT_3D('',#3121,#2532,#2533);
#2131=AXIS2_PLACEMENT_3D('',#3125,#2535,#2536);
#2132=AXIS2_PLACEMENT_3D('',#3128,#2538,#2539);
#2133=AXIS2_PLACEMENT_3D('',#3129,#2540,#2541);
#2134=AXIS2_PLACEMENT_3D('',#3133,#2543,#2544);
#2135=AXIS2_PLACEMENT_3D('',#3135,#2546,#2547);
#2136=AXIS2_PLACEMENT_3D('',#3160,#2560,#2561);
#2137=AXIS2_PLACEMENT_3D('',#3166,#2565,#2566);
#2138=AXIS2_PLACEMENT_3D('',#3170,#2568,#2569);
#2139=AXIS2_PLACEMENT_3D('',#3171,#2570,#2571);
#2140=AXIS2_PLACEMENT_3D('',#3172,#2572,#2573);
#2141=AXIS2_PLACEMENT_3D('',#3178,#2577,#2578);
#2142=AXIS2_PLACEMENT_3D('',#3179,#2579,#2580);
#2143=AXIS2_PLACEMENT_3D('',#3180,#2581,#2582);
#2144=AXIS2_PLACEMENT_3D('',#3181,#2583,#2584);
#2145=AXIS2_PLACEMENT_3D('',#3184,#2586,#2587);
#2146=AXIS2_PLACEMENT_3D('',#3185,#2588,#2589);
#2147=AXIS2_PLACEMENT_3D('',#3189,#2592,#2593);
#2148=AXIS2_PLACEMENT_3D('',#3192,#2595,#2596);
#2149=AXIS2_PLACEMENT_3D('',#3193,#2597,#2598);
#2150=AXIS2_PLACEMENT_3D('',#3197,#2601,#2602);
#2151=AXIS2_PLACEMENT_3D('',#3200,#2604,#2605);
#2152=AXIS2_PLACEMENT_3D('',#3201,#2606,#2607);
#2153=AXIS2_PLACEMENT_3D('',#3205,#2610,#2611);
#2154=AXIS2_PLACEMENT_3D('',#3208,#2613,#2614);
#2155=AXIS2_PLACEMENT_3D('',#3209,#2615,#2616);
#2156=AXIS2_PLACEMENT_3D('',#3213,#2619,#2620);
#2157=AXIS2_PLACEMENT_3D('',#3217,#2622,#2623);
#2158=AXIS2_PLACEMENT_3D('',#3218,#2624,#2625);
#2159=AXIS2_PLACEMENT_3D('',#3219,#2626,#2627);
#2160=AXIS2_PLACEMENT_3D('',#3224,#2631,#2632);
#2161=AXIS2_PLACEMENT_3D('',#3227,#2634,#2635);
#2162=AXIS2_PLACEMENT_3D('',#3228,#2636,#2637);
#2163=AXIS2_PLACEMENT_3D('',#3231,#2640,#2641);
#2164=AXIS2_PLACEMENT_3D('',#3237,#2644,#2645);
#2165=AXIS2_PLACEMENT_3D('',#3261,#2648,#2649);
#2166=AXIS2_PLACEMENT_3D('',#3286,#2650,#2651);
#2167=AXIS2_PLACEMENT_3D('',#3326,#2656,#2657);
#2168=AXIS2_PLACEMENT_3D('',#3339,#2658,#2659);
#2169=AXIS2_PLACEMENT_3D('',#3342,#2661,#2662);
#2170=AXIS2_PLACEMENT_3D('',#3344,#2664,#2665);
#2171=AXIS2_PLACEMENT_3D('',#3349,#2668,#2669);
#2172=AXIS2_PLACEMENT_3D('',#3350,#2670,#2671);
#2173=AXIS2_PLACEMENT_3D('',#3355,#2674,#2675);
#2174=AXIS2_PLACEMENT_3D('',#3356,#2676,#2677);
#2175=AXIS2_PLACEMENT_3D('',#3366,#2679,#2680);
#2176=AXIS2_PLACEMENT_3D('',#3368,#2682,#2683);
#2177=AXIS2_PLACEMENT_3D('',#3371,#2686,#2687);
#2178=AXIS2_PLACEMENT_3D('',#3374,#2690,#2691);
#2179=AXIS2_PLACEMENT_3D('',#3377,#2694,#2695);
#2180=AXIS2_PLACEMENT_3D('',#3380,#2698,#2699);
#2181=AXIS2_PLACEMENT_3D('',#3383,#2702,#2703);
#2182=AXIS2_PLACEMENT_3D('',#3384,#2704,#2705);
#2183=AXIS2_PLACEMENT_3D('',#3388,#2709,#2710);
#2184=AXIS2_PLACEMENT_3D('',#3389,#2711,#2712);
#2185=AXIS2_PLACEMENT_3D('',#3390,#2713,#2714);
#2186=AXIS2_PLACEMENT_3D('',#3391,#2715,#2716);
#2187=AXIS2_PLACEMENT_3D('',#3392,#2717,#2718);
#2188=AXIS2_PLACEMENT_3D('',#3393,#2719,#2720);
#2189=AXIS2_PLACEMENT_3D('',#3395,#2722,#2723);
#2190=AXIS2_PLACEMENT_3D('',#3396,#2724,#2725);
#2191=AXIS2_PLACEMENT_3D('',#3398,#2727,#2728);
#2192=AXIS2_PLACEMENT_3D('',#3399,#2729,#2730);
#2193=AXIS2_PLACEMENT_3D('',#3400,#2731,#2732);
#2194=AXIS2_PLACEMENT_3D('',#3401,#2733,#2734);
#2195=DIRECTION('axis',(0.,0.,1.));
#2196=DIRECTION('refdir',(1.,0.,0.));
#2197=DIRECTION('center_axis',(-4.94434509327863E-17,-1.48927456905583E-32,
1.));
#2198=DIRECTION('ref_axis',(1.,0.,4.94434509327863E-17));
#2199=DIRECTION('',(0.,-1.,0.));
#2200=DIRECTION('',(1.,3.21382431063111E-16,6.32876171939664E-17));
#2201=DIRECTION('',(0.,-1.,0.));
#2202=DIRECTION('',(-1.,-3.21382431063111E-16,-4.94434509327863E-17));
#2203=DIRECTION('',(3.01207650550193E-16,-1.,0.));
#2204=DIRECTION('',(1.,0.,4.94434509327863E-17));
#2205=DIRECTION('center_axis',(-4.94434509327863E-17,-1.48927456905583E-32,
-1.));
#2206=DIRECTION('ref_axis',(-1.,0.,4.94434509327863E-17));
#2207=DIRECTION('',(3.01207650550193E-16,-1.,0.));
#2208=DIRECTION('',(1.,3.21382431063111E-16,-4.94434509327863E-17));
#2209=DIRECTION('',(0.,-1.,0.));
#2210=DIRECTION('',(-1.,-3.21382431063111E-16,6.32876171939665E-17));
#2211=DIRECTION('',(0.,-1.,0.));
#2212=DIRECTION('',(-1.,0.,4.94434509327863E-17));
#2213=DIRECTION('center_axis',(0.,1.,0.));
#2214=DIRECTION('ref_axis',(-1.,-3.24406949247631E-16,0.));
#2215=DIRECTION('center_axis',(0.,-0.707106781186532,0.707106781186563));
#2216=DIRECTION('ref_axis',(3.34923933652069E-13,-0.707106781186563,-0.707106781186532));
#2217=DIRECTION('center_axis',(0.,1.,0.));
#2218=DIRECTION('ref_axis',(-1.,-3.24406949247631E-16,0.));
#2219=DIRECTION('',(0.,-1.,0.));
#2220=DIRECTION('center_axis',(0.,1.,0.));
#2221=DIRECTION('ref_axis',(-1.,-3.24406949247631E-16,0.));
#2222=DIRECTION('center_axis',(0.,0.70710678118655,0.707106781186545));
#2223=DIRECTION('ref_axis',(-1.12603499087628E-13,-0.707106781186545,0.70710678118655));
#2224=DIRECTION('',(0.,-1.,0.));
#2225=DIRECTION('center_axis',(0.,1.,0.));
#2226=DIRECTION('ref_axis',(-1.,-3.24406949247631E-16,0.));
#2227=DIRECTION('center_axis',(3.1720657846433E-16,-1.,0.));
#2228=DIRECTION('ref_axis',(0.,0.,1.));
#2229=DIRECTION('',(0.,0.,1.));
#2230=DIRECTION('',(-1.,-3.1720657846433E-16,0.));
#2231=DIRECTION('',(0.,0.,-1.));
#2232=DIRECTION('',(1.,3.1720657846433E-16,0.));
#2233=DIRECTION('center_axis',(0.,-1.,0.));
#2234=DIRECTION('ref_axis',(0.,0.,-1.));
#2235=DIRECTION('',(0.,0.,-1.));
#2236=DIRECTION('',(0.,0.,1.));
#2237=DIRECTION('',(-1.,0.,7.55264033949548E-17));
#2238=DIRECTION('',(7.55264033949548E-17,0.,1.));
#2239=DIRECTION('',(1.,0.,-2.40392526906388E-16));
#2240=DIRECTION('',(0.,0.,1.));
#2241=DIRECTION('',(-3.01691039300314E-16,0.,-1.));
#2242=DIRECTION('',(1.,0.,-1.36502830896536E-16));
#2243=DIRECTION('',(2.41352831440251E-16,0.,1.));
#2244=DIRECTION('',(-1.,0.,2.73005661793071E-16));
#2245=DIRECTION('center_axis',(0.,0.,1.));
#2246=DIRECTION('ref_axis',(1.,0.,0.));
#2247=DIRECTION('',(3.01691039300288E-16,-1.,0.));
#2248=DIRECTION('',(1.,3.01691039300288E-16,0.));
#2249=DIRECTION('',(-3.01691039300288E-16,1.,0.));
#2250=DIRECTION('center_axis',(0.,0.,-1.));
#2251=DIRECTION('ref_axis',(1.,0.,0.));
#2252=DIRECTION('',(0.,-1.,0.));
#2253=DIRECTION('center_axis',(0.,0.,-1.));
#2254=DIRECTION('ref_axis',(1.,0.,0.));
#2255=DIRECTION('',(-0.866025403784439,-0.5,0.));
#2256=DIRECTION('',(0.,-1.,0.));
#2257=DIRECTION('center_axis',(1.,3.25260651745651E-16,0.));
#2258=DIRECTION('ref_axis',(-3.25260651745651E-16,1.,0.));
#2259=DIRECTION('',(3.01691039300288E-16,-1.,0.));
#2260=DIRECTION('',(0.,0.,-1.));
#2261=DIRECTION('',(3.25260651745651E-16,-1.,-2.62669836120914E-16));
#2262=DIRECTION('',(0.,0.,-1.));
#2263=DIRECTION('',(-3.25260651745651E-16,1.,1.01721651992284E-31));
#2264=DIRECTION('',(7.0775499273485E-32,-2.17596253631166E-16,1.));
#2265=DIRECTION('center_axis',(-1.,0.,3.01691039300314E-16));
#2266=DIRECTION('ref_axis',(-3.01691039300314E-16,0.,-1.));
#2267=DIRECTION('',(0.,-1.,0.));
#2268=DIRECTION('',(-3.01691039300314E-16,0.,-1.));
#2269=DIRECTION('',(7.92451358521617E-32,1.,2.62669836120914E-16));
#2270=DIRECTION('',(-3.01691039300314E-16,2.17596253631166E-16,-1.));
#2271=DIRECTION('',(0.,-1.,0.));
#2272=DIRECTION('',(3.01691039300314E-16,0.,1.));
#2273=DIRECTION('',(0.,-1.,0.));
#2274=DIRECTION('',(-3.01691039300314E-16,0.,-1.));
#2275=DIRECTION('',(0.,-1.,0.));
#2276=DIRECTION('',(-3.01691039300314E-16,0.,-1.));
#2277=DIRECTION('',(0.,-1.,0.));
#2278=DIRECTION('center_axis',(1.,0.,-4.75809867696496E-16));
#2279=DIRECTION('ref_axis',(4.75809867696496E-16,0.,1.));
#2280=DIRECTION('',(4.75809867696496E-16,0.,1.));
#2281=DIRECTION('',(0.,-1.,0.));
#2282=DIRECTION('',(-4.75809867696496E-16,0.,-1.));
#2283=DIRECTION('',(0.,-1.,0.));
#2284=DIRECTION('center_axis',(0.,0.,1.));
#2285=DIRECTION('ref_axis',(1.,0.,0.));
#2286=DIRECTION('',(-1.,-3.01691039300288E-16,0.));
#2287=DIRECTION('',(3.01691039300288E-16,-1.,0.));
#2288=DIRECTION('center_axis',(0.,0.,-1.));
#2289=DIRECTION('ref_axis',(1.,0.,0.));
#2290=DIRECTION('center_axis',(3.01691039300288E-16,-1.,0.));
#2291=DIRECTION('ref_axis',(1.,3.01691039300288E-16,0.));
#2292=DIRECTION('center_axis',(-3.01691039300288E-16,1.,0.));
#2293=DIRECTION('ref_axis',(1.,3.01691039300288E-16,0.));
#2294=DIRECTION('',(3.01691039300288E-16,-1.,0.));
#2295=DIRECTION('center_axis',(0.999829073855882,0.,0.0184884578180391));
#2296=DIRECTION('ref_axis',(0.0184884578180391,0.,-0.999829073855882));
#2297=DIRECTION('',(0.0184884578180391,0.,-0.999829073855882));
#2298=DIRECTION('',(0.,1.,0.));
#2299=DIRECTION('',(0.0184884578180391,0.,-0.999829073855882));
#2300=DIRECTION('',(0.,1.,0.));
#2301=DIRECTION('center_axis',(0.483903062780722,0.,0.875121606310481));
#2302=DIRECTION('ref_axis',(0.875121606310481,0.,-0.483903062780722));
#2303=DIRECTION('',(0.875121606310481,0.,-0.483903062780722));
#2304=DIRECTION('',(0.,1.,0.));
#2305=DIRECTION('',(0.875121606310481,0.,-0.483903062780722));
#2306=DIRECTION('center_axis',(-0.515926011075158,0.,0.856633148492443));
#2307=DIRECTION('ref_axis',(0.856633148492443,0.,0.515926011075158));
#2308=DIRECTION('',(0.856633148492443,0.,0.515926011075158));
#2309=DIRECTION('',(0.,1.,0.));
#2310=DIRECTION('',(0.856633148492443,0.,0.515926011075158));
#2311=DIRECTION('center_axis',(-0.999829073855882,0.,-0.0184884578180374));
#2312=DIRECTION('ref_axis',(-0.0184884578180374,0.,0.999829073855882));
#2313=DIRECTION('',(-0.0184884578180374,0.,0.999829073855882));
#2314=DIRECTION('',(0.,1.,0.));
#2315=DIRECTION('',(-0.0184884578180374,0.,0.999829073855882));
#2316=DIRECTION('center_axis',(-0.483903062780724,0.,-0.87512160631048));
#2317=DIRECTION('ref_axis',(-0.87512160631048,0.,0.483903062780724));
#2318=DIRECTION('',(-0.87512160631048,0.,0.483903062780724));
#2319=DIRECTION('',(0.,1.,0.));
#2320=DIRECTION('',(-0.87512160631048,0.,0.483903062780724));
#2321=DIRECTION('center_axis',(0.515926011075156,0.,-0.856633148492444));
#2322=DIRECTION('ref_axis',(-0.856633148492444,0.,-0.515926011075156));
#2323=DIRECTION('',(-0.856633148492444,0.,-0.515926011075156));
#2324=DIRECTION('',(-0.856633148492444,0.,-0.515926011075156));
#2325=DIRECTION('center_axis',(0.,1.,0.));
#2326=DIRECTION('ref_axis',(0.,0.,1.));
#2327=DIRECTION('center_axis',(0.,-1.,0.));
#2328=DIRECTION('ref_axis',(1.,0.,0.));
#2329=DIRECTION('center_axis',(0.999829073855882,0.,0.0184884578180391));
#2330=DIRECTION('ref_axis',(0.0184884578180391,0.,-0.999829073855882));
#2331=DIRECTION('',(0.0184884578180391,0.,-0.999829073855882));
#2332=DIRECTION('',(0.,1.,0.));
#2333=DIRECTION('',(0.0184884578180391,0.,-0.999829073855882));
#2334=DIRECTION('',(0.,1.,0.));
#2335=DIRECTION('center_axis',(0.483903062780722,0.,0.875121606310481));
#2336=DIRECTION('ref_axis',(0.875121606310481,0.,-0.483903062780722));
#2337=DIRECTION('',(0.875121606310481,0.,-0.483903062780722));
#2338=DIRECTION('',(0.,1.,0.));
#2339=DIRECTION('',(0.875121606310481,0.,-0.483903062780722));
#2340=DIRECTION('center_axis',(-0.51592601107516,0.,0.856633148492442));
#2341=DIRECTION('ref_axis',(0.856633148492442,0.,0.51592601107516));
#2342=DIRECTION('',(0.856633148492442,0.,0.51592601107516));
#2343=DIRECTION('',(0.,1.,0.));
#2344=DIRECTION('',(0.856633148492442,0.,0.51592601107516));
#2345=DIRECTION('center_axis',(-0.999829073855882,0.,-0.0184884578180392));
#2346=DIRECTION('ref_axis',(-0.0184884578180392,0.,0.999829073855882));
#2347=DIRECTION('',(-0.0184884578180392,0.,0.999829073855882));
#2348=DIRECTION('',(0.,1.,0.));
#2349=DIRECTION('',(-0.0184884578180392,0.,0.999829073855882));
#2350=DIRECTION('center_axis',(-0.483903062780723,0.,-0.875121606310481));
#2351=DIRECTION('ref_axis',(-0.87512160631048,0.,0.483903062780723));
#2352=DIRECTION('',(-0.87512160631048,0.,0.483903062780723));
#2353=DIRECTION('',(0.,1.,0.));
#2354=DIRECTION('',(-0.87512160631048,0.,0.483903062780723));
#2355=DIRECTION('center_axis',(0.51592601107516,0.,-0.856633148492442));
#2356=DIRECTION('ref_axis',(-0.856633148492442,0.,-0.51592601107516));
#2357=DIRECTION('',(-0.856633148492442,0.,-0.51592601107516));
#2358=DIRECTION('',(-0.856633148492442,0.,-0.51592601107516));
#2359=DIRECTION('center_axis',(0.,1.,0.));
#2360=DIRECTION('ref_axis',(0.,0.,1.));
#2361=DIRECTION('center_axis',(0.,-1.,0.));
#2362=DIRECTION('ref_axis',(1.,0.,0.));
#2363=DIRECTION('center_axis',(0.,-1.,0.));
#2364=DIRECTION('ref_axis',(1.,0.,0.));
#2365=DIRECTION('center_axis',(0.,1.,0.));
#2366=DIRECTION('ref_axis',(-1.,0.,0.));
#2367=DIRECTION('',(0.,-1.,0.));
#2368=DIRECTION('center_axis',(-3.01691039300288E-16,1.,0.));
#2369=DIRECTION('ref_axis',(1.,0.,0.));
#2370=DIRECTION('center_axis',(-2.13327779712451E-16,0.707106781186549,
0.707106781186546));
#2371=DIRECTION('ref_axis',(0.,-0.707106781186546,0.707106781186549));
#2372=DIRECTION('center_axis',(-3.01691039300288E-16,1.,0.));
#2373=DIRECTION('ref_axis',(1.,0.,0.));
#2374=DIRECTION('center_axis',(0.,-1.,0.));
#2375=DIRECTION('ref_axis',(1.,0.,0.));
#2376=DIRECTION('center_axis',(0.,1.,0.));
#2377=DIRECTION('ref_axis',(-1.,0.,0.));
#2378=DIRECTION('',(0.,-1.,0.));
#2379=DIRECTION('center_axis',(0.,-1.,0.));
#2380=DIRECTION('ref_axis',(1.,0.,0.));
#2381=DIRECTION('center_axis',(0.,1.,0.));
#2382=DIRECTION('ref_axis',(-1.,0.,0.));
#2383=DIRECTION('',(0.,-1.,0.));
#2384=DIRECTION('center_axis',(-3.01691039300288E-16,1.,0.));
#2385=DIRECTION('ref_axis',(1.,0.,0.));
#2386=DIRECTION('center_axis',(-2.13327779712451E-16,0.707106781186549,
-0.707106781186546));
#2387=DIRECTION('ref_axis',(0.,0.707106781186547,0.707106781186549));
#2388=DIRECTION('center_axis',(-3.01691039300288E-16,1.,0.));
#2389=DIRECTION('ref_axis',(1.,0.,0.));
#2390=DIRECTION('center_axis',(0.,-1.,0.));
#2391=DIRECTION('ref_axis',(1.,0.,0.));
#2392=DIRECTION('center_axis',(0.,1.,0.));
#2393=DIRECTION('ref_axis',(-1.,0.,0.));
#2394=DIRECTION('',(0.,-1.,0.));
#2395=DIRECTION('center_axis',(2.13327779712451E-16,-0.707106781186549,
0.707106781186546));
#2396=DIRECTION('ref_axis',(-1.,-3.01691039300288E-16,0.));
#2397=DIRECTION('',(-1.,-3.01691039300288E-16,0.));
#2398=DIRECTION('',(0.,0.707106781186546,0.70710678118655));
#2399=DIRECTION('',(1.,3.01691039300288E-16,0.));
#2400=DIRECTION('',(0.,0.707106781186546,0.70710678118655));
#2401=DIRECTION('',(-1.,-3.01691039300288E-16,0.));
#2402=DIRECTION('center_axis',(-1.,0.,-5.07376827044029E-16));
#2403=DIRECTION('ref_axis',(5.07376827044029E-16,1.63061998140498E-31,-1.));
#2404=DIRECTION('',(-5.07376827044029E-16,-1.63061998140498E-31,1.));
#2405=DIRECTION('',(4.94434509327863E-17,1.48927456905583E-32,1.));
#2406=DIRECTION('center_axis',(0.,-1.,0.));
#2407=DIRECTION('ref_axis',(0.,0.,-1.));
#2408=DIRECTION('',(4.94434509327863E-17,1.48927456905583E-32,-1.));
#2409=DIRECTION('center_axis',(-3.21382431063111E-16,1.,0.));
#2410=DIRECTION('ref_axis',(-1.,-3.21382431063111E-16,0.));
#2411=DIRECTION('',(6.32876171939664E-17,2.03395282699885E-32,-1.));
#2412=DIRECTION('',(1.,3.21382431063111E-16,-2.40392526906388E-16));
#2413=DIRECTION('',(7.55264033949548E-17,2.42728591325238E-32,1.));
#2414=DIRECTION('',(-1.,-3.21382431063111E-16,7.55264033949548E-17));
#2415=DIRECTION('center_axis',(-3.21382431063111E-16,1.,0.));
#2416=DIRECTION('ref_axis',(-1.,-3.21382431063111E-16,0.));
#2417=DIRECTION('',(0.,0.,1.));
#2418=DIRECTION('',(1.,3.01691039300288E-16,0.));
#2419=DIRECTION('center_axis',(-3.01691039300288E-16,1.,0.));
#2420=DIRECTION('ref_axis',(-1.,-3.01691039300288E-16,0.));
#2421=DIRECTION('',(0.894427190999916,2.69840668831203E-16,-0.447213595499958));
#2422=DIRECTION('center_axis',(-3.01691039300288E-16,1.,0.));
#2423=DIRECTION('ref_axis',(-1.,-3.01691039300288E-16,0.));
#2424=DIRECTION('',(0.,0.,-1.));
#2425=DIRECTION('center_axis',(-3.01691039300288E-16,1.,0.));
#2426=DIRECTION('ref_axis',(-1.,-3.01691039300288E-16,0.));
#2427=DIRECTION('',(-0.894427190999916,-2.69840668831202E-16,-0.447213595499958));
#2428=DIRECTION('center_axis',(-3.01691039300288E-16,1.,0.));
#2429=DIRECTION('ref_axis',(-1.,-3.01691039300288E-16,0.));
#2430=DIRECTION('',(1.,3.01691039300288E-16,0.));
#2431=DIRECTION('',(0.,0.,1.));
#2432=DIRECTION('center_axis',(-3.12738880176101E-16,0.,-1.));
#2433=DIRECTION('ref_axis',(0.,-1.,0.));
#2434=DIRECTION('',(-1.,0.,3.12738880176101E-16));
#2435=DIRECTION('',(-1.,0.,3.12738880176101E-16));
#2436=DIRECTION('center_axis',(6.80508086911256E-32,1.,2.17596253631166E-16));
#2437=DIRECTION('ref_axis',(-3.01691039300314E-16,2.17596253631166E-16,
-1.));
#2438=DIRECTION('',(-1.,0.,3.12738880176101E-16));
#2439=DIRECTION('center_axis',(3.12738880176101E-16,-2.62669836120914E-16,
1.));
#2440=DIRECTION('ref_axis',(7.92451358521617E-32,1.,2.62669836120914E-16));
#2441=DIRECTION('',(-7.92451358521617E-32,-1.,-2.62669836120914E-16));
#2442=DIRECTION('',(-1.,0.,3.12738880176101E-16));
#2443=DIRECTION('center_axis',(0.,-1.,0.));
#2444=DIRECTION('ref_axis',(3.01691039300314E-16,0.,1.));
#2445=DIRECTION('',(-3.01691039300314E-16,0.,-1.));
#2446=DIRECTION('center_axis',(1.,0.,-3.01691039300314E-16));
#2447=DIRECTION('ref_axis',(-3.01691039300314E-16,0.,-1.));
#2448=DIRECTION('',(-3.01691039300314E-16,0.,-1.));
#2449=DIRECTION('',(0.,-1.,0.));
#2450=DIRECTION('center_axis',(1.85037170770859E-16,0.,-1.));
#2451=DIRECTION('ref_axis',(1.,0.,1.85037170770859E-16));
#2452=DIRECTION('',(-1.,0.,-1.85037170770859E-16));
#2453=DIRECTION('',(1.,0.,1.85037170770859E-16));
#2454=DIRECTION('center_axis',(0.,0.,1.));
#2455=DIRECTION('ref_axis',(-1.,0.,0.));
#2456=DIRECTION('',(1.,0.,0.));
#2457=DIRECTION('',(-1.,0.,0.));
#2458=DIRECTION('center_axis',(0.,-1.,0.));
#2459=DIRECTION('ref_axis',(0.,0.,-1.));
#2460=DIRECTION('center_axis',(2.73005661793071E-16,0.,1.));
#2461=DIRECTION('ref_axis',(-1.,0.,2.73005661793071E-16));
#2462=DIRECTION('',(0.,-1.,0.));
#2463=DIRECTION('',(-1.,0.,2.73005661793071E-16));
#2464=DIRECTION('center_axis',(1.,0.,-2.41352831440251E-16));
#2465=DIRECTION('ref_axis',(2.41352831440251E-16,0.,1.));
#2466=DIRECTION('',(0.,-1.,0.));
#2467=DIRECTION('',(2.41352831440251E-16,0.,1.));
#2468=DIRECTION('center_axis',(-1.36502830896536E-16,0.,-1.));
#2469=DIRECTION('ref_axis',(1.,0.,-1.36502830896536E-16));
#2470=DIRECTION('',(1.,0.,-1.36502830896536E-16));
#2471=DIRECTION('center_axis',(0.,1.,0.));
#2472=DIRECTION('ref_axis',(0.,0.,1.));
#2473=DIRECTION('center_axis',(0.,0.,-1.));
#2474=DIRECTION('ref_axis',(-1.,0.,0.));
#2475=DIRECTION('',(0.,1.,0.));
#2476=DIRECTION('',(0.866025403784439,0.5,0.));
#2477=DIRECTION('center_axis',(0.,0.,1.));
#2478=DIRECTION('ref_axis',(-1.,1.73472347597681E-15,0.));
#2479=DIRECTION('',(0.,1.,0.));
#2480=DIRECTION('center_axis',(0.,0.,1.));
#2481=DIRECTION('ref_axis',(-1.,-1.73472347597681E-15,0.));
#2482=DIRECTION('',(-1.,-3.01691039300288E-16,0.));
#2483=DIRECTION('center_axis',(1.,0.,0.));
#2484=DIRECTION('ref_axis',(0.,0.,-1.));
#2485=DIRECTION('',(0.,0.,-1.));
#2486=DIRECTION('center_axis',(1.,3.01207650550193E-16,0.));
#2487=DIRECTION('ref_axis',(-3.01207650550193E-16,1.,0.));
#2488=DIRECTION('',(0.,0.,1.));
#2489=DIRECTION('center_axis',(7.55264033949548E-17,0.,1.));
#2490=DIRECTION('ref_axis',(-1.,-3.21382431063111E-16,7.55264033949548E-17));
#2491=DIRECTION('',(0.,1.,0.));
#2492=DIRECTION('',(0.,-1.,0.));
#2493=DIRECTION('center_axis',(1.,0.,-7.55264033949548E-17));
#2494=DIRECTION('ref_axis',(7.55264033949548E-17,2.42728591325238E-32,1.));
#2495=DIRECTION('',(0.,-1.,0.));
#2496=DIRECTION('center_axis',(-2.40392526906388E-16,0.,-1.));
#2497=DIRECTION('ref_axis',(1.,3.21382431063111E-16,-2.40392526906388E-16));
#2498=DIRECTION('',(3.01207650550193E-16,-1.,-7.24080682392973E-32));
#2499=DIRECTION('center_axis',(-1.,-3.01207650550193E-16,0.));
#2500=DIRECTION('ref_axis',(3.01207650550193E-16,-1.,0.));
#2501=DIRECTION('center_axis',(0.,0.,-1.));
#2502=DIRECTION('ref_axis',(-1.,0.,0.));
#2503=DIRECTION('center_axis',(0.,0.,-1.));
#2504=DIRECTION('ref_axis',(-1.,0.,0.));
#2505=DIRECTION('',(0.,0.,-1.));
#2506=DIRECTION('center_axis',(1.23908819712629E-16,0.,1.));
#2507=DIRECTION('ref_axis',(-1.,0.,1.23908819712629E-16));
#2508=DIRECTION('center_axis',(0.,0.,-1.));
#2509=DIRECTION('ref_axis',(-1.,0.,0.));
#2510=DIRECTION('center_axis',(-1.23908819712629E-16,0.,1.));
#2511=DIRECTION('ref_axis',(-1.,0.,-1.23908819712629E-16));
#2512=DIRECTION('',(0.,0.,-1.));
#2513=DIRECTION('center_axis',(0.,0.,-1.));
#2514=DIRECTION('ref_axis',(1.,0.,0.));
#2515=DIRECTION('center_axis',(0.,0.,-1.));
#2516=DIRECTION('ref_axis',(0.,-1.,0.));
#2517=DIRECTION('',(1.,3.01691039300288E-16,0.));
#2518=DIRECTION('center_axis',(0.,0.,1.));
#2519=DIRECTION('ref_axis',(-1.,0.,0.));
#2520=DIRECTION('',(-3.01691039300288E-16,1.,0.));
#2521=DIRECTION('center_axis',(-3.01691039300288E-16,1.,0.));
#2522=DIRECTION('ref_axis',(1.,3.01691039300288E-16,0.));
#2523=DIRECTION('',(0.,0.,-1.));
#2524=DIRECTION('center_axis',(-3.01691039300288E-16,1.,0.));
#2525=DIRECTION('ref_axis',(1.,3.01691039300288E-16,0.));
#2526=DIRECTION('',(0.,0.,-1.));
#2527=DIRECTION('',(1.,3.01691039300288E-16,0.));
#2528=DIRECTION('',(1.,3.01691039300288E-16,0.));
#2529=DIRECTION('center_axis',(3.01691039300288E-16,-1.,0.));
#2530=DIRECTION('ref_axis',(-1.,-3.01691039300288E-16,0.));
#2531=DIRECTION('',(0.894427190999916,2.69840668831202E-16,0.447213595499958));
#2532=DIRECTION('center_axis',(3.01691039300288E-16,-1.,0.));
#2533=DIRECTION('ref_axis',(-1.,-3.01691039300288E-16,0.));
#2534=DIRECTION('',(0.,0.,1.));
#2535=DIRECTION('center_axis',(3.01691039300288E-16,-1.,0.));
#2536=DIRECTION('ref_axis',(-1.,-3.01691039300288E-16,0.));
#2537=DIRECTION('',(-0.894427190999916,-2.69840668831203E-16,0.447213595499958));
#2538=DIRECTION('center_axis',(3.01691039300288E-16,-1.,0.));
#2539=DIRECTION('ref_axis',(-1.,-3.01691039300288E-16,0.));
#2540=DIRECTION('center_axis',(0.,0.,-1.));
#2541=DIRECTION('ref_axis',(-1.,0.,0.));
#2542=DIRECTION('',(0.,0.,1.));
#2543=DIRECTION('center_axis',(0.,0.,1.));
#2544=DIRECTION('ref_axis',(1.,0.,0.));
#2545=DIRECTION('',(0.,0.,-1.));
#2546=DIRECTION('center_axis',(-1.,0.,0.));
#2547=DIRECTION('ref_axis',(0.,0.,1.));
#2548=DIRECTION('',(0.,1.,0.));
#2549=DIRECTION('',(0.,0.,1.));
#2550=DIRECTION('',(0.,1.,0.));
#2551=DIRECTION('',(0.,-0.755928946018454,0.654653670707977));
#2552=DIRECTION('',(0.,0.,-1.));
#2553=DIRECTION('',(0.,0.755928946018455,0.654653670707976));
#2554=DIRECTION('',(0.,1.,0.));
#2555=DIRECTION('',(0.,0.,1.));
#2556=DIRECTION('',(0.,1.,0.));
#2557=DIRECTION('',(0.,-0.75592894601845,0.654653670707982));
#2558=DIRECTION('',(0.,0.,-1.));
#2559=DIRECTION('',(0.,0.755928946018453,0.654653670707979));
#2560=DIRECTION('center_axis',(-0.353553390593275,0.612372435695796,-0.707106781186546));
#2561=DIRECTION('ref_axis',(-0.894427190999915,2.77555756156289E-17,0.44721359549996));
#2562=DIRECTION('',(-0.353553390593267,0.612372435695801,0.707106781186546));
#2563=DIRECTION('',(0.866025403784439,0.5,0.));
#2564=DIRECTION('',(-0.866025403784439,-0.5,0.));
#2565=DIRECTION('center_axis',(0.,0.,-1.));
#2566=DIRECTION('ref_axis',(-1.,0.,0.));
#2567=DIRECTION('',(-0.70710678118655,0.,0.707106781186546));
#2568=DIRECTION('center_axis',(0.,0.,1.));
#2569=DIRECTION('ref_axis',(1.,0.,0.));
#2570=DIRECTION('center_axis',(0.,0.,-1.));
#2571=DIRECTION('ref_axis',(1.,0.,0.));
#2572=DIRECTION('center_axis',(-0.707106781186546,0.,-0.70710678118655));
#2573=DIRECTION('ref_axis',(-0.70710678118655,0.,0.707106781186546));
#2574=DIRECTION('',(-0.707106781186541,0.,0.707106781186554));
#2575=DIRECTION('',(0.,1.,0.));
#2576=DIRECTION('',(0.,-1.,0.));
#2577=DIRECTION('center_axis',(0.,0.,1.));
#2578=DIRECTION('ref_axis',(1.,0.,0.));
#2579=DIRECTION('center_axis',(0.,0.,-1.));
#2580=DIRECTION('ref_axis',(1.,0.,0.));
#2581=DIRECTION('center_axis',(0.,0.,1.));
#2582=DIRECTION('ref_axis',(1.,0.,0.));
#2583=DIRECTION('center_axis',(0.,1.,0.));
#2584=DIRECTION('ref_axis',(0.,0.,1.));
#2585=DIRECTION('',(0.316227766016843,0.707106781186545,0.632455532033676));
#2586=DIRECTION('center_axis',(0.,1.,0.));
#2587=DIRECTION('ref_axis',(0.,0.,1.));
#2588=DIRECTION('center_axis',(-0.316227766016838,0.707106781186548,-0.632455532033675));
#2589=DIRECTION('ref_axis',(-0.894427190999916,0.,0.447213595499958));
#2590=DIRECTION('',(0.316227766016826,0.707106781186546,0.632455532033683));
#2591=DIRECTION('',(0.894427190999916,2.69840668831203E-16,-0.447213595499958));
#2592=DIRECTION('center_axis',(0.,1.,0.));
#2593=DIRECTION('ref_axis',(0.,0.,1.));
#2594=DIRECTION('',(0.707106781186544,0.707106781186552,0.));
#2595=DIRECTION('center_axis',(0.,1.,0.));
#2596=DIRECTION('ref_axis',(0.,0.,1.));
#2597=DIRECTION('center_axis',(0.707106781186551,-0.707106781186544,0.));
#2598=DIRECTION('ref_axis',(0.,0.,-1.));
#2599=DIRECTION('',(0.70710678118656,0.707106781186535,0.));
#2600=DIRECTION('',(0.,0.,-1.));
#2601=DIRECTION('center_axis',(0.,1.,0.));
#2602=DIRECTION('ref_axis',(0.,0.,1.));
#2603=DIRECTION('',(0.316227766016826,0.707106781186546,-0.632455532033683));
#2604=DIRECTION('center_axis',(0.,1.,0.));
#2605=DIRECTION('ref_axis',(0.,0.,1.));
#2606=DIRECTION('center_axis',(0.316227766016839,-0.707106781186546,-0.632455532033677));
#2607=DIRECTION('ref_axis',(0.,0.666666666666668,-0.745355992499929));
#2608=DIRECTION('',(0.316227766016842,0.707106781186547,-0.632455532033675));
#2609=DIRECTION('',(-0.894427190999916,-2.69840668831203E-16,-0.447213595499958));
#2610=DIRECTION('center_axis',(0.,1.,0.));
#2611=DIRECTION('ref_axis',(0.,0.,1.));
#2612=DIRECTION('',(0.,0.707106781186547,-0.707106781186547));
#2613=DIRECTION('center_axis',(0.,1.,0.));
#2614=DIRECTION('ref_axis',(0.,0.,1.));
#2615=DIRECTION('center_axis',(-2.13327779712451E-16,0.707106781186549,
0.707106781186546));
#2616=DIRECTION('ref_axis',(1.,0.,3.01691039300288E-16));
#2617=DIRECTION('',(0.,0.707106781186544,-0.707106781186552));
#2618=DIRECTION('',(-1.,-3.01691039300288E-16,0.));
#2619=DIRECTION('center_axis',(0.,0.,-1.));
#2620=DIRECTION('ref_axis',(-1.,0.,0.));
#2621=DIRECTION('',(-0.70710678118655,0.,-0.707106781186546));
#2622=DIRECTION('center_axis',(0.,0.,1.));
#2623=DIRECTION('ref_axis',(1.,0.,0.));
#2624=DIRECTION('center_axis',(0.,0.,-1.));
#2625=DIRECTION('ref_axis',(1.,0.,0.));
#2626=DIRECTION('center_axis',(0.707106781186546,0.,-0.70710678118655));
#2627=DIRECTION('ref_axis',(0.,-1.,0.));
#2628=DIRECTION('',(-0.70710678118655,0.,-0.707106781186546));
#2629=DIRECTION('',(0.,-1.,0.));
#2630=DIRECTION('',(0.,1.,0.));
#2631=DIRECTION('center_axis',(0.,0.,1.));
#2632=DIRECTION('ref_axis',(1.,0.,0.));
#2633=DIRECTION('',(-0.35355339059327,0.612372435695798,-0.707106781186547));
#2634=DIRECTION('center_axis',(0.,0.,-1.));
#2635=DIRECTION('ref_axis',(1.,0.,0.));
#2636=DIRECTION('center_axis',(0.353553390593274,-0.612372435695794,-0.707106781186548));
#2637=DIRECTION('ref_axis',(0.,-0.755928946018455,0.654653670707977));
#2638=DIRECTION('',(-0.866025403784439,-0.5,0.));
#2639=DIRECTION('',(0.866025403784439,0.5,0.));
#2640=DIRECTION('center_axis',(0.353553390593274,-0.612372435695794,0.707106781186548));
#2641=DIRECTION('ref_axis',(-0.866025403784438,-0.5,2.77555756156289E-17));
#2642=DIRECTION('',(-0.866025403784439,-0.5,-1.07308185624083E-16));
#2643=DIRECTION('',(-0.353553390593208,0.612372435695665,0.707106781186693));
#2644=DIRECTION('center_axis',(0.353553390578302,-0.612372435673241,0.707106781213565));
#2645=DIRECTION('ref_axis',(-0.27386205561536,-0.790569415059266,-0.547722169048304));
#2646=DIRECTION('',(0.866025403784439,0.5,1.07308185624083E-16));
#2647=DIRECTION('',(-0.866025403784424,0.500000000000025,0.));
#2648=DIRECTION('center_axis',(-0.999999999448416,3.31880480553472E-5,-1.31201252570672E-6));
#2649=DIRECTION('ref_axis',(3.31812116702615E-5,0.996479910573695,-0.0838318956128772));
#2650=DIRECTION('center_axis',(0.49999999999999,0.866025403784444,0.));
#2651=DIRECTION('ref_axis',(0.,0.,-1.));
#2652=DIRECTION('',(-0.866025403784382,0.500000000000099,0.));
#2653=DIRECTION('',(0.,0.,1.));
#2654=DIRECTION('',(0.,0.,-1.));
#2655=DIRECTION('',(-0.353553390593191,0.612372435695635,-0.707106781186727));
#2656=DIRECTION('center_axis',(0.999999999448418,-3.31880041038849E-5,-1.31201194263064E-6));
#2657=DIRECTION('ref_axis',(3.31811678259995E-5,0.996479910574632,0.0838318956017564));
#2658=DIRECTION('center_axis',(-0.353553390593277,0.612372435695799,0.707106781186543));
#2659=DIRECTION('ref_axis',(0.866025403784438,0.5,0.));
#2660=DIRECTION('',(-0.866025403784439,-0.5,1.09165244043299E-16));
#2661=DIRECTION('center_axis',(-0.353553390625863,0.612372435748856,0.7071067811243));
#2662=DIRECTION('ref_axis',(-0.273861617191188,-0.790569415000937,0.54772238834514));
#2663=DIRECTION('',(0.866025403784439,0.5,-1.07308185624083E-16));
#2664=DIRECTION('center_axis',(0.,1.,0.));
#2665=DIRECTION('ref_axis',(0.,0.,1.));
#2666=DIRECTION('',(0.,1.,0.));
#2667=DIRECTION('',(0.,-1.,0.));
#2668=DIRECTION('center_axis',(0.,-1.,0.));
#2669=DIRECTION('ref_axis',(0.,0.,-1.));
#2670=DIRECTION('center_axis',(0.,-1.,0.));
#2671=DIRECTION('ref_axis',(0.,0.,-1.));
#2672=DIRECTION('',(0.,1.,0.));
#2673=DIRECTION('',(0.,-1.,0.));
#2674=DIRECTION('center_axis',(0.,-1.,0.));
#2675=DIRECTION('ref_axis',(0.,0.,-1.));
#2676=DIRECTION('center_axis',(0.,0.,-1.));
#2677=DIRECTION('ref_axis',(-1.,0.,0.));
#2678=DIRECTION('',(0.,0.,1.));
#2679=DIRECTION('center_axis',(0.,0.,-1.));
#2680=DIRECTION('ref_axis',(-1.,0.,0.));
#2681=DIRECTION('',(0.,0.,1.));
#2682=DIRECTION('center_axis',(0.,-1.,0.));
#2683=DIRECTION('ref_axis',(0.,0.,-1.));
#2684=DIRECTION('',(0.,1.,0.));
#2685=DIRECTION('',(0.,-1.,0.));
#2686=DIRECTION('center_axis',(0.,1.,0.));
#2687=DIRECTION('ref_axis',(0.,0.,1.));
#2688=DIRECTION('',(0.,1.,0.));
#2689=DIRECTION('',(0.,-1.,0.));
#2690=DIRECTION('center_axis',(0.,1.,0.));
#2691=DIRECTION('ref_axis',(0.,0.,1.));
#2692=DIRECTION('',(0.,1.,0.));
#2693=DIRECTION('',(0.,-1.,0.));
#2694=DIRECTION('center_axis',(0.,1.,0.));
#2695=DIRECTION('ref_axis',(0.,0.,1.));
#2696=DIRECTION('',(0.,1.,0.));
#2697=DIRECTION('',(0.,-1.,0.));
#2698=DIRECTION('center_axis',(0.,0.,-1.));
#2699=DIRECTION('ref_axis',(-1.,0.,0.));
#2700=DIRECTION('',(0.,0.,-1.));
#2701=DIRECTION('',(0.,0.,1.));
#2702=DIRECTION('center_axis',(3.01691039300288E-16,-1.,0.));
#2703=DIRECTION('ref_axis',(1.,3.01691039300288E-16,0.));
#2704=DIRECTION('center_axis',(0.,-1.,0.));
#2705=DIRECTION('ref_axis',(0.,0.,-1.));
#2706=DIRECTION('',(0.,0.,1.));
#2707=DIRECTION('',(-1.,0.,1.23908819712629E-16));
#2708=DIRECTION('',(-1.,0.,-1.23908819712629E-16));
#2709=DIRECTION('center_axis',(-1.23908819712629E-16,0.,-1.));
#2710=DIRECTION('ref_axis',(-1.,0.,1.23908819712629E-16));
#2711=DIRECTION('center_axis',(-1.,0.,0.));
#2712=DIRECTION('ref_axis',(0.,0.,1.));
#2713=DIRECTION('center_axis',(1.23908819712629E-16,0.,-1.));
#2714=DIRECTION('ref_axis',(0.,-1.,0.));
#2715=DIRECTION('center_axis',(0.447213595499958,0.,-0.894427190999916));
#2716=DIRECTION('ref_axis',(0.,-1.,0.));
#2717=DIRECTION('center_axis',(-0.447213595499958,0.,-0.894427190999916));
#2718=DIRECTION('ref_axis',(-0.894427190999916,0.,0.447213595499958));
#2719=DIRECTION('center_axis',(0.,0.,1.));
#2720=DIRECTION('ref_axis',(1.,0.,0.));
#2721=DIRECTION('',(1.,3.01691039300288E-16,0.));
#2722=DIRECTION('center_axis',(1.,0.,0.));
#2723=DIRECTION('ref_axis',(0.,1.,0.));
#2724=DIRECTION('center_axis',(0.,0.,1.));
#2725=DIRECTION('ref_axis',(1.,0.,0.));
#2726=DIRECTION('',(1.,3.01691039300288E-16,0.));
#2727=DIRECTION('center_axis',(1.,0.,0.));
#2728=DIRECTION('ref_axis',(0.,1.,0.));
#2729=DIRECTION('center_axis',(1.,0.,0.));
#2730=DIRECTION('ref_axis',(0.,1.,0.));
#2731=DIRECTION('center_axis',(0.5,-0.866025403784439,0.));
#2732=DIRECTION('ref_axis',(0.,0.,-1.));
#2733=DIRECTION('center_axis',(-3.01207650550193E-16,1.,0.));
#2734=DIRECTION('ref_axis',(-1.,-3.01207650550193E-16,0.));
#2735=CARTESIAN_POINT('',(0.,0.,0.));
#2736=CARTESIAN_POINT('Origin',(47.3287369415108,3.25,-11.));
#2737=CARTESIAN_POINT('',(82.4137369415108,-2.74999999999999,-11.));
#2738=CARTESIAN_POINT('',(82.4137369415108,-11.75,-11.));
#2739=CARTESIAN_POINT('',(82.4137369415108,-7.74999999999999,-11.));
#2740=CARTESIAN_POINT('',(75.9187121790599,-11.75,-11.));
#2741=CARTESIAN_POINT('',(47.3287369415108,-11.75,-11.));
#2742=CARTESIAN_POINT('',(75.9187121790599,-7.75,-11.));
#2743=CARTESIAN_POINT('',(75.9187121790599,-7.75,-11.));
#2744=CARTESIAN_POINT('',(47.3287369415108,-7.75,-11.));
#2745=CARTESIAN_POINT('',(47.3287369415108,-7.75,-11.));
#2746=CARTESIAN_POINT('',(47.3287369415108,-2.75000000000001,-11.));
#2747=CARTESIAN_POINT('',(47.3287369415108,3.25,-11.));
#2748=CARTESIAN_POINT('',(56.1032602871754,-2.75000000000001,-11.));
#2749=CARTESIAN_POINT('Origin',(47.3287369415108,3.25,11.));
#2750=CARTESIAN_POINT('',(47.3287369415108,-2.75000000000001,11.));
#2751=CARTESIAN_POINT('',(47.3287369415108,-7.75,11.));
#2752=CARTESIAN_POINT('',(47.3287369415108,3.25,11.));
#2753=CARTESIAN_POINT('',(75.9187121790599,-7.75,11.));
#2754=CARTESIAN_POINT('',(47.3287369415108,-7.75,11.));
#2755=CARTESIAN_POINT('',(75.9187121790599,-11.75,11.));
#2756=CARTESIAN_POINT('',(75.9187121790599,-7.75,11.));
#2757=CARTESIAN_POINT('',(82.4137369415108,-11.75,11.));
#2758=CARTESIAN_POINT('',(82.4137369415108,-11.75,11.));
#2759=CARTESIAN_POINT('',(82.4137369415108,-2.75000000000001,11.));
#2760=CARTESIAN_POINT('',(82.4137369415108,-7.74999999999999,11.));
#2761=CARTESIAN_POINT('',(56.1032602871754,-2.75000000000001,11.));
#2762=CARTESIAN_POINT('Origin',(58.3137369415108,-7.75000000000001,6.95));
#2763=CARTESIAN_POINT('',(58.3725345774701,-12.7017300775814,7.94826992241858));
#2764=CARTESIAN_POINT('',(58.0014870415909,-12.75,7.9));
#2765=CARTESIAN_POINT('Origin',(58.313736941511,-13.6999999999929,6.95000000000714));
#2766=CARTESIAN_POINT('',(58.3725345774701,-12.75,7.94826992241858));
#2767=CARTESIAN_POINT('Origin',(58.3137369415108,-12.75,6.95));
#2768=CARTESIAN_POINT('',(58.3725345774701,-7.75000000000001,7.94826992241858));
#2769=CARTESIAN_POINT('Origin',(58.3137369415108,-7.75000000000001,-7.05));
#2770=CARTESIAN_POINT('',(58.6673654468525,-12.6646140474597,-7.98538595254031));
#2771=CARTESIAN_POINT('',(57.7869542538682,-12.75,-7.9));
#2772=CARTESIAN_POINT('Origin',(58.3137369415107,-13.6000000000004,-7.04999999999954));
#2773=CARTESIAN_POINT('',(58.6673654468525,-12.75,-7.98538595254031));
#2774=CARTESIAN_POINT('',(58.6673654468525,-7.75000000000001,-7.98538595254031));
#2775=CARTESIAN_POINT('Origin',(58.3137369415108,-12.75,-7.05));
#2776=CARTESIAN_POINT('Origin',(54.8437369415108,-5.82087301873011,-5.94999999999999));
#2777=CARTESIAN_POINT('',(47.9737369415108,-5.82087301873011,-5.94999999999999));
#2778=CARTESIAN_POINT('',(47.9737369415108,-5.82087301873011,5.85000000000001));
#2779=CARTESIAN_POINT('',(47.9737369415108,-5.82087301873011,-2.975));
#2780=CARTESIAN_POINT('',(54.8437369415108,-5.82087301873011,-5.94999999999999));
#2781=CARTESIAN_POINT('',(55.2787369415108,-5.82087301873011,-5.94999999999999));
#2782=CARTESIAN_POINT('',(54.8437369415108,-5.82087301873011,5.85000000000001));
#2783=CARTESIAN_POINT('',(54.8437369415108,-5.82087301873011,-5.94999999999999));
#2784=CARTESIAN_POINT('',(55.2787369415108,-5.82087301873011,5.85000000000001));
#2785=CARTESIAN_POINT('Origin',(64.8777836328401,-2.75000000000001,2.4059630630111));
#2786=CARTESIAN_POINT('',(47.3287369415108,-2.75000000000001,-3.79701846849445));
#2787=CARTESIAN_POINT('',(82.4137369415108,-2.75000000000001,9.95904825573679));
#2788=CARTESIAN_POINT('',(82.4137369415108,-2.75000000000001,-3.79701846849445));
#2789=CARTESIAN_POINT('',(82.4300147602894,-2.75000000000001,9.95904825573679));
#2790=CARTESIAN_POINT('',(73.6538991965648,-2.75000000000001,9.95904825573679));
#2791=CARTESIAN_POINT('',(82.4300147602894,-2.75000000000001,-9.77290092488752));
#2792=CARTESIAN_POINT('',(82.4300147602894,-2.75000000000001,-3.68346893093821));
#2793=CARTESIAN_POINT('',(82.4137369415108,-2.75000000000001,-9.77290092488752));
#2794=CARTESIAN_POINT('',(60.1857227030698,-2.75000000000001,-9.77290092488752));
#2795=CARTESIAN_POINT('',(82.4137369415108,-2.75000000000001,-3.79701846849445));
#2796=CARTESIAN_POINT('',(56.8300147602894,-2.75000000000001,9.2));
#2797=CARTESIAN_POINT('',(56.8300147602894,-2.75000000000001,-9.2));
#2798=CARTESIAN_POINT('',(56.8300147602894,-2.75000000000001,2.95298153150555));
#2799=CARTESIAN_POINT('',(81.2300147602894,-2.75000000000001,-9.2));
#2800=CARTESIAN_POINT('',(60.8538991965648,-2.75000000000001,-9.2));
#2801=CARTESIAN_POINT('',(81.2300147602894,-2.75000000000001,9.2));
#2802=CARTESIAN_POINT('',(81.2300147602894,-2.75000000000001,-3.39701846849445));
#2803=CARTESIAN_POINT('',(73.0538991965648,-2.75000000000001,9.2));
#2804=CARTESIAN_POINT('Origin',(55.7137369415108,-2.1,5.85000000000001));
#2805=CARTESIAN_POINT('',(54.8437369415108,-12.75,5.85000000000001));
#2806=CARTESIAN_POINT('',(54.8437369415108,-10.25,5.85000000000001));
#2807=CARTESIAN_POINT('',(49.7607506958319,-12.75,5.85000000000001));
#2808=CARTESIAN_POINT('',(54.2660161513788,-12.75,5.85000000000001));
#2809=CARTESIAN_POINT('',(49.7607487218489,-13.5914559763097,5.84999935563235));
#2810=CARTESIAN_POINT('',(49.7607506958319,-37.75,5.85000000000001));
#2811=CARTESIAN_POINT('',(49.3910161513775,-14.75,5.85000000000001));
#2812=CARTESIAN_POINT('Origin',(51.3910161513775,-14.75,5.85000000000001));
#2813=CARTESIAN_POINT('',(49.3910161513775,-19.8142105483752,5.85000000000001));
#2814=CARTESIAN_POINT('',(49.3910161513775,-21.8518693220279,5.85000000000001));
#2815=CARTESIAN_POINT('',(48.3910161513775,-21.5462613559441,5.85000000000001));
#2816=CARTESIAN_POINT('Origin',(47.3910161513775,-19.8142105483752,5.85000000000001));
#2817=CARTESIAN_POINT('',(47.9737369415108,-21.7871776200879,5.85000000000001));
#2818=CARTESIAN_POINT('',(38.4535161513775,-27.283679656016,5.85000000000001));
#2819=CARTESIAN_POINT('',(47.9737369415108,1.44999999999999,5.85000000000001));
#2820=CARTESIAN_POINT('Origin',(54.8437369415108,-29.84,-5.94999999999999));
#2821=CARTESIAN_POINT('',(54.8437369415108,-12.75,-5.94999999999999));
#2822=CARTESIAN_POINT('',(54.8437369415108,-10.25,-5.94999999999999));
#2823=CARTESIAN_POINT('',(54.8437369415108,-12.75,8.202));
#2824=CARTESIAN_POINT('',(54.8437369415108,-5.83346104518618,3.56125334352482));
#2825=CARTESIAN_POINT('',(54.8437369415108,-10.0601474474805,3.56125334352482));
#2826=CARTESIAN_POINT('',(54.8437369415108,-19.9500737237403,3.56125334352482));
#2827=CARTESIAN_POINT('',(54.8437369415108,-10.0601474474805,-3.45429326348232));
#2828=CARTESIAN_POINT('',(54.8437369415108,-10.0601474474805,-4.70214663174116));
#2829=CARTESIAN_POINT('',(54.8437369415108,-5.83346104518618,-3.45429326348232));
#2830=CARTESIAN_POINT('',(54.8437369415108,-17.8367305225931,-3.45429326348232));
#2831=CARTESIAN_POINT('',(54.8437369415108,-5.83346104518618,-1.19437332823758));
#2832=CARTESIAN_POINT('Origin',(56.8300147602894,-4.75000000000001,9.2));
#2833=CARTESIAN_POINT('',(56.8300147602894,-6.55000000000001,9.2));
#2834=CARTESIAN_POINT('',(56.8300147602894,-4.75000000000001,9.2));
#2835=CARTESIAN_POINT('',(56.8300147602894,-6.55000000000001,3.56125334352482));
#2836=CARTESIAN_POINT('',(56.8300147602894,-6.55000000000001,-9.2));
#2837=CARTESIAN_POINT('',(56.8300147602894,-5.83346104518618,3.56125334352482));
#2838=CARTESIAN_POINT('',(56.8300147602894,-7.40507372374028,3.56125334352482));
#2839=CARTESIAN_POINT('',(56.8300147602894,-5.83346104518618,-3.45429326348233));
#2840=CARTESIAN_POINT('',(56.8300147602894,-5.83346104518618,6.38062667176241));
#2841=CARTESIAN_POINT('',(56.8300147602894,-10.0601474474805,-3.45429326348233));
#2842=CARTESIAN_POINT('',(56.8300147602894,-5.29173052259309,-3.45429326348233));
#2843=CARTESIAN_POINT('',(56.8300147602894,-10.0601474474805,3.5));
#2844=CARTESIAN_POINT('',(56.8300147602894,-10.0601474474805,2.87285336825884));
#2845=CARTESIAN_POINT('',(56.8300147602894,-10.1,3.5));
#2846=CARTESIAN_POINT('',(56.8300147602894,-4.75000000000001,3.5));
#2847=CARTESIAN_POINT('',(56.8300147602894,-10.1,-3.5));
#2848=CARTESIAN_POINT('',(56.8300147602894,-10.1,-9.2));
#2849=CARTESIAN_POINT('',(56.8300147602894,-6.55000000000001,-3.5));
#2850=CARTESIAN_POINT('',(56.8300147602894,-4.75000000000001,-3.5));
#2851=CARTESIAN_POINT('',(56.8300147602894,-6.55000000000001,-9.2));
#2852=CARTESIAN_POINT('',(56.8300147602894,-6.55000000000001,-9.2));
#2853=CARTESIAN_POINT('',(56.8300147602894,-4.75000000000001,-9.2));
#2854=CARTESIAN_POINT('Origin',(62.8300147602894,-4.75000000000001,-3.5));
#2855=CARTESIAN_POINT('',(62.8300147602894,-10.1,-3.5));
#2856=CARTESIAN_POINT('',(62.8300147602894,-10.1,3.5));
#2857=CARTESIAN_POINT('',(62.8300147602894,-10.1,3.5));
#2858=CARTESIAN_POINT('',(62.8300147602894,-6.55000000000001,3.5));
#2859=CARTESIAN_POINT('',(62.8300147602894,-4.75000000000001,3.5));
#2860=CARTESIAN_POINT('',(62.8300147602894,-6.55000000000001,-3.5));
#2861=CARTESIAN_POINT('',(62.8300147602894,-6.55000000000001,-3.5));
#2862=CARTESIAN_POINT('',(62.8300147602894,-4.75000000000001,-3.5));
#2863=CARTESIAN_POINT('Origin',(54.529948173879,-37.75,-6.2));
#2864=CARTESIAN_POINT('',(51.3910161513775,-12.75,-6.2));
#2865=CARTESIAN_POINT('',(50.8910161513776,-12.75,-6.2));
#2866=CARTESIAN_POINT('',(54.3979821626289,-12.75,-6.2));
#2867=CARTESIAN_POINT('',(50.8910161513776,-12.8135083268963,-6.2));
#2868=CARTESIAN_POINT('',(50.8910161513776,-21.2575862213493,-6.2));
#2869=CARTESIAN_POINT('Origin',(51.3910161513775,-14.75,-6.2));
#2870=CARTESIAN_POINT('Origin',(50.8910161513776,-37.75,-4.2));
#2871=CARTESIAN_POINT('',(49.9227703148257,-12.75,-5.94999999999999));
#2872=CARTESIAN_POINT('Origin',(50.8910161513776,-12.75,-4.2));
#2873=CARTESIAN_POINT('',(49.9227824109692,-13.3919454321914,-5.95000320773463));
#2874=CARTESIAN_POINT('',(49.9227703148257,-37.75,-5.94999999999999));
#2875=CARTESIAN_POINT('Ctrl Pts',(49.9227852547241,-13.3919506510762,-5.9500082659135));
#2876=CARTESIAN_POINT('Ctrl Pts',(49.9899344888998,-13.3193534509955,-5.98716006941175));
#2877=CARTESIAN_POINT('Ctrl Pts',(50.0640267222014,-13.2501726794392,-6.02303662160048));
#2878=CARTESIAN_POINT('Ctrl Pts',(50.3066251194289,-13.0566159353161,-6.12076748189441));
#2879=CARTESIAN_POINT('Ctrl Pts',(50.4940880565999,-12.9509170193704,-6.16948490484447));
#2880=CARTESIAN_POINT('Ctrl Pts',(50.7501025582279,-12.8541526331799,-6.19613937170425));
#2881=CARTESIAN_POINT('Ctrl Pts',(50.8195789348431,-12.8319533368921,-6.2));
#2882=CARTESIAN_POINT('Ctrl Pts',(50.8910161513776,-12.8135083268963,-6.2));
#2883=CARTESIAN_POINT('Origin',(81.1715976315205,-11.75,-5.7101849723121));
#2884=CARTESIAN_POINT('',(81.1715976315205,-11.75,-5.7101849723121));
#2885=CARTESIAN_POINT('',(81.2178187760656,-11.75,-8.20975765695182));
#2886=CARTESIAN_POINT('',(81.1184776556826,-11.75,-2.83753346357412));
#2887=CARTESIAN_POINT('',(81.1715976315205,-9.74999999999999,-5.7101849723121));
#2888=CARTESIAN_POINT('',(81.1715976315205,-11.75,-5.7101849723121));
#2889=CARTESIAN_POINT('',(81.2178187760656,-9.74999999999999,-8.20975765695182));
#2890=CARTESIAN_POINT('',(81.2178187760656,-9.74999999999999,-8.20975765695182));
#2891=CARTESIAN_POINT('',(81.2178187760656,-11.75,-8.20975765695182));
#2892=CARTESIAN_POINT('Origin',(78.9837936157443,-11.75,-4.5004273153603));
#2893=CARTESIAN_POINT('',(78.9837936157443,-11.75,-4.50042731536029));
#2894=CARTESIAN_POINT('',(78.100742838634,-11.75,-4.01213977617344));
#2895=CARTESIAN_POINT('',(78.9837936157443,-9.74999999999999,-4.50042731536029));
#2896=CARTESIAN_POINT('',(78.9837936157443,-11.75,-4.50042731536029));
#2897=CARTESIAN_POINT('',(81.1715976315205,-9.74999999999999,-5.7101849723121));
#2898=CARTESIAN_POINT('Origin',(76.8422107445132,-11.75,-5.7902423430482));
#2899=CARTESIAN_POINT('',(76.8422107445132,-11.75,-5.79024234304819));
#2900=CARTESIAN_POINT('',(78.9744408553465,-11.75,-4.50606021944894));
#2901=CARTESIAN_POINT('',(76.8422107445132,-9.74999999999999,-5.79024234304819));
#2902=CARTESIAN_POINT('',(76.8422107445132,-11.75,-5.79024234304819));
#2903=CARTESIAN_POINT('',(78.9837936157443,-9.74999999999999,-4.5004273153603));
#2904=CARTESIAN_POINT('Origin',(76.8884318890583,-11.75,-8.2898150276879));
#2905=CARTESIAN_POINT('',(76.8884318890583,-11.75,-8.2898150276879));
#2906=CARTESIAN_POINT('',(76.8122013409479,-11.75,-4.16737717663006));
#2907=CARTESIAN_POINT('',(76.8884318890583,-9.74999999999999,-8.2898150276879));
#2908=CARTESIAN_POINT('',(76.8884318890583,-11.75,-8.2898150276879));
#2909=CARTESIAN_POINT('',(76.8422107445132,-9.74999999999999,-5.79024234304819));
#2910=CARTESIAN_POINT('Origin',(79.0762359048345,-11.75,-9.49957268463971));
#2911=CARTESIAN_POINT('',(79.0762359048345,-11.75,-9.49957268463971));
#2912=CARTESIAN_POINT('',(77.099283119836,-11.75,-8.40640631697695));
#2913=CARTESIAN_POINT('',(79.0762359048345,-9.74999999999999,-9.49957268463971));
#2914=CARTESIAN_POINT('',(79.0762359048345,-11.75,-9.49957268463971));
#2915=CARTESIAN_POINT('',(76.8884318890583,-9.74999999999999,-8.2898150276879));
#2916=CARTESIAN_POINT('Origin',(81.2178187760656,-11.75,-8.20975765695182));
#2917=CARTESIAN_POINT('',(82.2792574512833,-11.75,-7.57048304719651));
#2918=CARTESIAN_POINT('',(79.0762359048345,-9.74999999999999,-9.49957268463971));
#2919=CARTESIAN_POINT('Origin',(79.0300147602894,-9.74999999999999,-7.));
#2920=CARTESIAN_POINT('',(77.9800147602894,-9.74999999999999,-7.));
#2921=CARTESIAN_POINT('Origin',(79.0300147602894,-9.74999999999999,-7.));
#2922=CARTESIAN_POINT('Origin',(81.1715976315205,-11.75,8.28981502768789));
#2923=CARTESIAN_POINT('',(81.1715976315205,-11.75,8.28981502768789));
#2924=CARTESIAN_POINT('',(81.2178187760656,-11.75,5.79024234304819));
#2925=CARTESIAN_POINT('',(81.2478747392833,-11.75,4.16485929793331));
#2926=CARTESIAN_POINT('',(81.1715976315205,-9.74999999999999,8.28981502768789));
#2927=CARTESIAN_POINT('',(81.1715976315205,-11.75,8.28981502768789));
#2928=CARTESIAN_POINT('',(81.2178187760656,-9.74999999999999,5.79024234304819));
#2929=CARTESIAN_POINT('',(81.2178187760656,-9.74999999999999,5.79024234304819));
#2930=CARTESIAN_POINT('',(81.2178187760656,-11.75,5.79024234304819));
#2931=CARTESIAN_POINT('Origin',(78.9837936157443,-11.75,9.4995726846397));
#2932=CARTESIAN_POINT('',(78.9837936157443,-11.75,9.4995726846397));
#2933=CARTESIAN_POINT('',(81.0650610178286,-11.75,8.34872500464661));
#2934=CARTESIAN_POINT('',(78.9837936157443,-9.74999999999999,9.4995726846397));
#2935=CARTESIAN_POINT('',(78.9837936157443,-11.75,9.4995726846397));
#2936=CARTESIAN_POINT('',(81.1715976315205,-9.74999999999999,8.28981502768789));
#2937=CARTESIAN_POINT('Origin',(76.8422107445132,-11.75,8.2097576569518));
#2938=CARTESIAN_POINT('',(76.8422107445132,-11.75,8.2097576569518));
#2939=CARTESIAN_POINT('',(75.8807255925512,-11.75,7.63068223822358));
#2940=CARTESIAN_POINT('',(76.8422107445132,-9.74999999999999,8.2097576569518));
#2941=CARTESIAN_POINT('',(76.8422107445132,-11.75,8.2097576569518));
#2942=CARTESIAN_POINT('',(78.9837936157443,-9.74999999999999,9.4995726846397));
#2943=CARTESIAN_POINT('Origin',(76.8884318890583,-11.75,5.71018497231209));
#2944=CARTESIAN_POINT('',(76.8884318890583,-11.75,5.71018497231209));
#2945=CARTESIAN_POINT('',(76.9415984245485,-11.75,2.83501558487736));
#2946=CARTESIAN_POINT('',(76.8884318890583,-9.74999999999999,5.71018497231209));
#2947=CARTESIAN_POINT('',(76.8884318890583,-11.75,5.71018497231209));
#2948=CARTESIAN_POINT('',(76.8422107445132,-9.74999999999999,8.2097576569518));
#2949=CARTESIAN_POINT('Origin',(79.0762359048345,-11.75,4.50042731536029));
#2950=CARTESIAN_POINT('',(79.0762359048345,-11.75,4.50042731536028));
#2951=CARTESIAN_POINT('',(80.0636012990307,-11.75,3.95445846384309));
#2952=CARTESIAN_POINT('',(79.0762359048345,-9.74999999999999,4.50042731536028));
#2953=CARTESIAN_POINT('',(79.0762359048345,-11.75,4.50042731536028));
#2954=CARTESIAN_POINT('',(76.8884318890583,-9.74999999999999,5.71018497231209));
#2955=CARTESIAN_POINT('Origin',(81.2178187760656,-11.75,5.79024234304818));
#2956=CARTESIAN_POINT('',(79.1855421884881,-11.75,4.56625941047602));
#2957=CARTESIAN_POINT('',(79.0762359048345,-9.74999999999999,4.50042731536028));
#2958=CARTESIAN_POINT('Origin',(79.0300147602894,-9.74999999999999,6.99999999999999));
#2959=CARTESIAN_POINT('',(77.9800147602894,-9.74999999999999,7.));
#2960=CARTESIAN_POINT('Origin',(79.0300147602894,-9.74999999999999,7.));
#2961=CARTESIAN_POINT('Origin',(59.0300147602894,-4.75000000000001,-7.));
#2962=CARTESIAN_POINT('',(57.9800147602894,-6.55000000000001,-7.));
#2963=CARTESIAN_POINT('Origin',(59.0300147602894,-6.55000000000001,-7.));
#2964=CARTESIAN_POINT('',(57.9800147602894,-12.75,-7.));
#2965=CARTESIAN_POINT('',(57.9800147602894,-4.75000000000001,-7.));
#2966=CARTESIAN_POINT('Origin',(59.0300147602894,-12.75,-7.));
#2967=CARTESIAN_POINT('',(59.570847451609,-12.75,-7.9));
#2968=CARTESIAN_POINT('Origin',(59.0300147602894,-13.65,-7.));
#2969=CARTESIAN_POINT('Origin',(59.0300147602894,-12.75,-7.));
#2970=CARTESIAN_POINT('Origin',(79.0300147602894,-4.75000000000001,-7.));
#2971=CARTESIAN_POINT('',(77.9800147602894,-6.55000000000001,-7.));
#2972=CARTESIAN_POINT('Origin',(79.0300147602894,-6.55000000000001,-7.));
#2973=CARTESIAN_POINT('',(77.9800147602894,-4.75000000000001,-7.));
#2974=CARTESIAN_POINT('Origin',(58.9300147602894,-4.75000000000001,7.));
#2975=CARTESIAN_POINT('',(57.8300147602894,-6.55000000000001,7.));
#2976=CARTESIAN_POINT('Origin',(58.9300147602894,-6.55000000000001,7.));
#2977=CARTESIAN_POINT('',(57.8300147602894,-12.75,7.));
#2978=CARTESIAN_POINT('',(57.8300147602894,-4.75000000000001,7.));
#2979=CARTESIAN_POINT('',(59.5624702923231,-12.75,7.9));
#2980=CARTESIAN_POINT('Origin',(58.9300147602894,-12.75,7.));
#2981=CARTESIAN_POINT('Origin',(58.9300147602894,-13.65,7.));
#2982=CARTESIAN_POINT('Origin',(58.9300147602894,-12.75,7.));
#2983=CARTESIAN_POINT('Origin',(79.0300147602894,-4.75000000000001,7.));
#2984=CARTESIAN_POINT('',(77.9800147602894,-6.55000000000001,7.));
#2985=CARTESIAN_POINT('Origin',(79.0300147602894,-6.55000000000001,7.));
#2986=CARTESIAN_POINT('',(77.9800147602894,-4.75000000000001,7.));
#2987=CARTESIAN_POINT('Origin',(51.6410161513788,-12.45,8.2));
#2988=CARTESIAN_POINT('',(60.1688801963804,-12.75,7.9));
#2989=CARTESIAN_POINT('',(51.3910161513775,-12.75,7.9));
#2990=CARTESIAN_POINT('',(60.1688801963804,-12.45,8.2));
#2991=CARTESIAN_POINT('',(60.1688801963804,-12.75,7.9));
#2992=CARTESIAN_POINT('',(51.3910161513775,-12.45,8.2));
#2993=CARTESIAN_POINT('',(60.1688801963804,-12.45,8.2));
#2994=CARTESIAN_POINT('',(51.3910161513775,-12.75,7.9));
#2995=CARTESIAN_POINT('',(51.3910161513775,-12.75,7.9));
#2996=CARTESIAN_POINT('',(51.3910161513775,-12.75,7.9));
#2997=CARTESIAN_POINT('Origin',(75.9187121790599,-7.75,10.));
#2998=CARTESIAN_POINT('',(75.9187121790599,-7.75,5.00000000000002));
#2999=CARTESIAN_POINT('',(75.9187121790599,-11.75,10.));
#3000=CARTESIAN_POINT('Origin',(79.1662245602853,-11.75,1.11022302462516E-15));
#3001=CARTESIAN_POINT('',(82.4137369415108,-11.75,-10.));
#3002=CARTESIAN_POINT('Origin',(2.49071384073912E-15,-7.75000000000002,
0.));
#3003=CARTESIAN_POINT('',(82.4137369415108,-7.74999999999999,9.95904825573679));
#3004=CARTESIAN_POINT('',(82.4137369415108,-7.74999999999999,-9.77290092488752));
#3005=CARTESIAN_POINT('',(82.4137369415108,-7.74999999999999,-5.));
#3006=CARTESIAN_POINT('',(82.4300147602894,-7.74999999999999,-9.77290092488752));
#3007=CARTESIAN_POINT('',(82.4300147602894,-7.74999999999999,-9.77290092488752));
#3008=CARTESIAN_POINT('',(82.4300147602894,-7.74999999999999,9.95904825573679));
#3009=CARTESIAN_POINT('',(82.4300147602894,-7.74999999999999,9.95904825573679));
#3010=CARTESIAN_POINT('',(55.4936617732996,-7.75,9.95904825573679));
#3011=CARTESIAN_POINT('Origin',(2.49071384073912E-15,-7.75000000000002,
0.));
#3012=CARTESIAN_POINT('',(47.3287369415108,-7.75,8.2));
#3013=CARTESIAN_POINT('',(47.3287369415108,-7.75,-10.));
#3014=CARTESIAN_POINT('',(60.1688801963804,-7.75,8.2));
#3015=CARTESIAN_POINT('',(54.2660161513788,-7.75,8.2));
#3016=CARTESIAN_POINT('',(61.0633073873803,-7.75,7.98885438199984));
#3017=CARTESIAN_POINT('Origin',(60.1688801963804,-7.75,6.2));
#3018=CARTESIAN_POINT('',(67.5354433423799,-7.75,4.75278640450004));
#3019=CARTESIAN_POINT('',(55.540216151379,-7.75,10.7504000000005));
#3020=CARTESIAN_POINT('',(68.64101615138,-7.75,2.96393202250022));
#3021=CARTESIAN_POINT('Origin',(66.64101615138,-7.75,2.96393202250022));
#3022=CARTESIAN_POINT('',(68.64101615138,-7.75,-2.96393202250021));
#3023=CARTESIAN_POINT('',(68.64101615138,-7.75,8.202));
#3024=CARTESIAN_POINT('',(67.5354433423799,-7.75,-4.75278640450005));
#3025=CARTESIAN_POINT('Origin',(66.64101615138,-7.75,-2.96393202250021));
#3026=CARTESIAN_POINT('',(61.0633073873803,-7.75,-7.98885438199985));
#3027=CARTESIAN_POINT('',(62.101816151379,-7.75,-7.46960000000049));
#3028=CARTESIAN_POINT('',(60.1688801963804,-7.75,-8.2));
#3029=CARTESIAN_POINT('Origin',(60.1688801963804,-7.75,-6.2));
#3030=CARTESIAN_POINT('',(47.3287369415108,-7.75,-8.2));
#3031=CARTESIAN_POINT('',(54.2660161513788,-7.75,-8.2));
#3032=CARTESIAN_POINT('',(47.3287369415108,-7.75,-10.));
#3033=CARTESIAN_POINT('Origin',(56.8300147602894,-5.83346104518618,-3.45429326348233));
#3034=CARTESIAN_POINT('',(56.8300147602894,-10.0601474474805,-3.45429326348233));
#3035=CARTESIAN_POINT('',(56.8300147602894,-5.83346104518618,-3.45429326348233));
#3036=CARTESIAN_POINT('Origin',(56.8300147602894,-5.83346104518618,3.56125334352482));
#3037=CARTESIAN_POINT('',(56.8300147602894,-5.83346104518618,3.56125334352482));
#3038=CARTESIAN_POINT('Origin',(56.8300147602894,-10.0601474474805,3.56125334352482));
#3039=CARTESIAN_POINT('',(56.8300147602894,-10.0601474474805,3.56125334352482));
#3040=CARTESIAN_POINT('',(56.8300147602894,-5.83346104518618,3.56125334352482));
#3041=CARTESIAN_POINT('',(56.8300147602894,-10.0601474474805,3.56125334352482));
#3042=CARTESIAN_POINT('Origin',(56.8300147602894,-10.0601474474805,-3.45429326348233));
#3043=CARTESIAN_POINT('',(56.8300147602894,-10.0601474474805,3.56125334352482));
#3044=CARTESIAN_POINT('Origin',(56.8300147602894,-7.94680424633336,0.0534800400212476));
#3045=CARTESIAN_POINT('',(56.8300147602894,-6.55000000000001,3.5));
#3046=CARTESIAN_POINT('',(56.8300147602894,-6.55000000000001,-9.2));
#3047=CARTESIAN_POINT('',(56.8300147602894,-4.75000000000001,3.5));
#3048=CARTESIAN_POINT('Origin',(56.8300147602894,-4.75000000000001,-3.5));
#3049=CARTESIAN_POINT('',(56.8300147602894,-6.55000000000001,-3.5));
#3050=CARTESIAN_POINT('',(62.8300147602894,-10.1,-3.5));
#3051=CARTESIAN_POINT('Origin',(62.8300147602894,-4.75000000000001,3.5));
#3052=CARTESIAN_POINT('',(62.8300147602894,-6.55000000000001,3.5));
#3053=CARTESIAN_POINT('',(56.8300147602894,-10.1,3.5));
#3054=CARTESIAN_POINT('Origin',(59.8300147602894,-10.1,-5.55111512312578E-16));
#3055=CARTESIAN_POINT('Origin',(81.2300147602894,-4.75000000000001,9.2));
#3056=CARTESIAN_POINT('',(81.2300147602894,-6.55000000000001,9.2));
#3057=CARTESIAN_POINT('',(81.2300147602894,-4.75000000000001,9.2));
#3058=CARTESIAN_POINT('',(56.8300147602894,-6.55000000000001,9.2));
#3059=CARTESIAN_POINT('Origin',(81.2300147602894,-4.75000000000001,-9.2));
#3060=CARTESIAN_POINT('',(81.2300147602894,-6.55000000000001,-9.2));
#3061=CARTESIAN_POINT('',(81.2300147602894,-4.75000000000001,-9.2));
#3062=CARTESIAN_POINT('',(81.2300147602894,-6.55000000000001,9.2));
#3063=CARTESIAN_POINT('Origin',(56.8300147602894,-4.75000000000001,-9.2));
#3064=CARTESIAN_POINT('',(81.2300147602894,-6.55000000000001,-9.2));
#3065=CARTESIAN_POINT('Origin',(69.0300147602894,-6.55000000000001,5.55111512312578E-16));
#3066=CARTESIAN_POINT('Origin',(55.7137369415108,-2.1,-5.94999999999999));
#3067=CARTESIAN_POINT('',(47.9737369415108,-21.7871776200879,-5.94999999999999));
#3068=CARTESIAN_POINT('',(47.9737369415108,-4.75000000000001,-5.94999999999999));
#3069=CARTESIAN_POINT('',(48.3910161513775,-21.5462613559441,-5.94999999999999));
#3070=CARTESIAN_POINT('',(38.4535161513775,-27.283679656016,-5.94999999999999));
#3071=CARTESIAN_POINT('',(49.3910161513775,-19.8142105483752,-5.94999999999999));
#3072=CARTESIAN_POINT('Origin',(47.3910161513775,-19.8142105483752,-5.94999999999999));
#3073=CARTESIAN_POINT('',(49.3910161513775,-14.75,-5.94999999999999));
#3074=CARTESIAN_POINT('',(49.3910161513775,-21.8518693220279,-5.94999999999999));
#3075=CARTESIAN_POINT('Origin',(51.3910161513775,-14.75,-5.94999999999999));
#3076=CARTESIAN_POINT('',(54.2660161513788,-12.75,-5.94999999999999));
#3077=CARTESIAN_POINT('Origin',(47.9737369415108,-2.48750001642848E-15,
0.));
#3078=CARTESIAN_POINT('',(47.9737369415108,-21.7871776200879,8.2));
#3079=CARTESIAN_POINT('Origin',(47.3287369415108,3.25,-10.));
#3080=CARTESIAN_POINT('',(47.3287369415108,-7.75,-10.));
#3081=CARTESIAN_POINT('Origin',(82.4300147602894,3.25000000000001,9.95904825573679));
#3082=CARTESIAN_POINT('',(82.4137369415108,-4.75000000000001,9.95904825573679));
#3083=CARTESIAN_POINT('',(82.4300147602894,3.25000000000001,9.95904825573679));
#3084=CARTESIAN_POINT('Origin',(82.4300147602894,3.25000000000001,-9.77290092488752));
#3085=CARTESIAN_POINT('',(82.4300147602894,3.25000000000001,-9.77290092488752));
#3086=CARTESIAN_POINT('Origin',(55.4936617732996,3.25,-9.77290092488752));
#3087=CARTESIAN_POINT('',(82.4137369415108,3.25000000000001,-9.77290092488752));
#3088=CARTESIAN_POINT('Origin',(82.4137369415108,3.25000000000001,-10.));
#3089=CARTESIAN_POINT('Origin',(42.8910161513775,-14.75,8.2));
#3090=CARTESIAN_POINT('',(44.4410161513775,-14.75,8.2));
#3091=CARTESIAN_POINT('Origin',(42.8910161513775,-14.75,8.2));
#3092=CARTESIAN_POINT('',(44.4410161513775,-14.75,4.9));
#3093=CARTESIAN_POINT('',(44.4410161513775,-14.75,8.2));
#3094=CARTESIAN_POINT('Origin',(42.8910161513775,-14.75,4.9));
#3095=CARTESIAN_POINT('Origin',(42.8910161513775,-14.75,8.2));
#3096=CARTESIAN_POINT('',(44.4410161513775,-14.75,-4.9));
#3097=CARTESIAN_POINT('Origin',(42.8910161513775,-14.75,-4.9));
#3098=CARTESIAN_POINT('',(44.4410161513775,-14.75,-8.2));
#3099=CARTESIAN_POINT('',(44.4410161513775,-14.75,8.2));
#3100=CARTESIAN_POINT('Origin',(42.8910161513775,-14.75,-8.2));
#3101=CARTESIAN_POINT('Origin',(54.529948173879,-37.75,6.2));
#3102=CARTESIAN_POINT('',(50.8910161513776,-12.75,6.2));
#3103=CARTESIAN_POINT('',(51.3910161513775,-12.75,6.2));
#3104=CARTESIAN_POINT('',(54.3979821626289,-12.75,6.2));
#3105=CARTESIAN_POINT('',(50.8910161513776,-12.8135083268963,6.2));
#3106=CARTESIAN_POINT('Origin',(51.3910161513775,-14.75,6.2));
#3107=CARTESIAN_POINT('',(50.8910161513776,-10.25,6.2));
#3108=CARTESIAN_POINT('Origin',(54.2660161513788,-12.75,8.202));
#3109=CARTESIAN_POINT('',(51.3910161513775,-12.75,8.202));
#3110=CARTESIAN_POINT('Origin',(50.8910161513776,-12.75,4.2));
#3111=CARTESIAN_POINT('',(51.3910161513775,-12.75,-7.9));
#3112=CARTESIAN_POINT('',(51.3910161513775,-12.75,8.202));
#3113=CARTESIAN_POINT('',(54.2660161513788,-12.75,-7.9));
#3114=CARTESIAN_POINT('',(60.1688801963804,-12.75,-7.9));
#3115=CARTESIAN_POINT('',(54.2660161513788,-12.75,-7.9));
#3116=CARTESIAN_POINT('',(60.9291433087304,-12.75,-7.72052622469986));
#3117=CARTESIAN_POINT('Origin',(60.1688801963804,-12.75,-6.2));
#3118=CARTESIAN_POINT('',(67.4012792637299,-12.75,-4.48445824720007));
#3119=CARTESIAN_POINT('',(67.4012792637299,-12.75,-4.48445824720007));
#3120=CARTESIAN_POINT('',(68.34101615138,-12.75,-2.96393202250021));
#3121=CARTESIAN_POINT('Origin',(66.64101615138,-12.75,-2.96393202250021));
#3122=CARTESIAN_POINT('',(68.34101615138,-12.75,2.96393202250022));
#3123=CARTESIAN_POINT('',(68.34101615138,-12.75,2.96393202250022));
#3124=CARTESIAN_POINT('',(67.4012792637299,-12.75,4.48445824720007));
#3125=CARTESIAN_POINT('Origin',(66.64101615138,-12.75,2.96393202250022));
#3126=CARTESIAN_POINT('',(60.9291433087304,-12.75,7.72052622469986));
#3127=CARTESIAN_POINT('',(60.9291433087304,-12.75,7.72052622469986));
#3128=CARTESIAN_POINT('Origin',(60.1688801963804,-12.75,6.2));
#3129=CARTESIAN_POINT('Origin',(47.3910161513775,-19.8142105483752,8.202));
#3130=CARTESIAN_POINT('',(48.3910161513775,-21.5462613559441,-7.9));
#3131=CARTESIAN_POINT('',(48.3910161513775,-21.5462613559441,8.2));
#3132=CARTESIAN_POINT('',(49.3910161513775,-19.8142105483752,-7.9));
#3133=CARTESIAN_POINT('Origin',(47.3910161513775,-19.8142105483752,-7.9));
#3134=CARTESIAN_POINT('',(49.3910161513775,-19.8142105483752,-6.86143782776614));
#3135=CARTESIAN_POINT('Origin',(39.8910161513776,-12.5,8.202));
#3136=CARTESIAN_POINT('',(39.8910161513776,-26.1073284825422,8.2));
#3137=CARTESIAN_POINT('',(39.8910161513776,-7.75000000000001,8.2));
#3138=CARTESIAN_POINT('',(39.8910161513776,-12.5,8.2));
#3139=CARTESIAN_POINT('',(39.8910161513776,-7.75,-8.2));
#3140=CARTESIAN_POINT('',(39.8910161513776,-7.75000000000001,-12.5));
#3141=CARTESIAN_POINT('',(39.8910161513776,-26.1073284825422,-8.2));
#3142=CARTESIAN_POINT('',(39.8910161513776,-12.5,-8.2));
#3143=CARTESIAN_POINT('',(39.8910161513776,-26.4537386440559,-7.9));
#3144=CARTESIAN_POINT('',(39.8910161513776,-26.4485971627308,-7.9044526534406));
#3145=CARTESIAN_POINT('',(39.8910161513776,-26.4537386440559,-5.1));
#3146=CARTESIAN_POINT('',(39.8910161513776,-26.4537386440559,8.2));
#3147=CARTESIAN_POINT('',(39.8910161513776,-26.22279853638,-4.9));
#3148=CARTESIAN_POINT('',(39.8910161513776,-11.897390892515,7.50616693915487));
#3149=CARTESIAN_POINT('',(39.8910161513776,-9.75,-4.9));
#3150=CARTESIAN_POINT('',(39.8910161513776,-32.75,-4.9));
#3151=CARTESIAN_POINT('',(39.8910161513776,-9.75,4.9));
#3152=CARTESIAN_POINT('',(39.8910161513776,-9.75,0.));
#3153=CARTESIAN_POINT('',(39.8910161513776,-26.22279853638,4.9));
#3154=CARTESIAN_POINT('',(39.8910161513776,-32.75,4.9));
#3155=CARTESIAN_POINT('',(39.8910161513776,-26.4537386440559,5.1));
#3156=CARTESIAN_POINT('',(39.8910161513776,-20.0152655917608,-0.475881224869161));
#3157=CARTESIAN_POINT('',(39.8910161513776,-26.4537386440559,7.9));
#3158=CARTESIAN_POINT('',(39.8910161513776,-26.4537386440559,8.2));
#3159=CARTESIAN_POINT('',(39.8910161513776,-18.3307224634852,14.9347383677263));
#3160=CARTESIAN_POINT('Origin',(38.4535161513775,-27.283679656016,7.9));
#3161=CARTESIAN_POINT('',(48.3910161513775,-21.5462613559441,7.9));
#3162=CARTESIAN_POINT('',(48.2410161513775,-21.2864537348087,8.2));
#3163=CARTESIAN_POINT('',(48.3910161513775,-21.5462613559441,7.9));
#3164=CARTESIAN_POINT('',(52.1058391872587,-19.0550971146725,8.2));
#3165=CARTESIAN_POINT('',(38.4535161513775,-27.283679656016,7.9));
#3166=CARTESIAN_POINT('Origin',(47.3910161513775,-19.8142105483752,8.2));
#3167=CARTESIAN_POINT('',(49.3910161513775,-19.8142105483752,7.9));
#3168=CARTESIAN_POINT('',(49.0910161513775,-19.8142105483752,8.2));
#3169=CARTESIAN_POINT('',(49.3910161513775,-19.8142105483752,7.9));
#3170=CARTESIAN_POINT('Origin',(47.3910161513775,-19.8142105483752,8.2));
#3171=CARTESIAN_POINT('Origin',(47.3910161513775,-19.8142105483752,7.9));
#3172=CARTESIAN_POINT('Origin',(49.3910161513775,-21.8518693220279,7.9));
#3173=CARTESIAN_POINT('',(49.3910161513775,-14.75,7.9));
#3174=CARTESIAN_POINT('',(49.0910161513775,-14.75,8.2));
#3175=CARTESIAN_POINT('',(49.3910161513775,-14.75,7.9));
#3176=CARTESIAN_POINT('',(49.0910161513775,-18.25,8.2));
#3177=CARTESIAN_POINT('',(49.3910161513775,-21.8518693220279,7.9));
#3178=CARTESIAN_POINT('Origin',(51.3910161513775,-14.75,8.2));
#3179=CARTESIAN_POINT('Origin',(51.3910161513775,-14.75,8.2));
#3180=CARTESIAN_POINT('Origin',(51.3910161513775,-14.75,7.9));
#3181=CARTESIAN_POINT('Origin',(60.1688801963804,-12.75,6.2));
#3182=CARTESIAN_POINT('',(61.0633073873803,-12.45,7.98885438199983));
#3183=CARTESIAN_POINT('',(60.9291433087304,-12.75,7.72052622469986));
#3184=CARTESIAN_POINT('Origin',(60.1688801963804,-12.45,6.2));
#3185=CARTESIAN_POINT('Origin',(55.406052072729,-12.75,10.4820718427005));
#3186=CARTESIAN_POINT('',(67.5354433423799,-12.45,4.75278640450005));
#3187=CARTESIAN_POINT('',(67.4012792637299,-12.75,4.48445824720007));
#3188=CARTESIAN_POINT('',(67.5354433423799,-12.45,4.75278640450005));
#3189=CARTESIAN_POINT('Origin',(66.64101615138,-12.75,2.96393202250022));
#3190=CARTESIAN_POINT('',(68.64101615138,-12.45,2.96393202250022));
#3191=CARTESIAN_POINT('',(68.34101615138,-12.75,2.96393202250022));
#3192=CARTESIAN_POINT('Origin',(66.64101615138,-12.45,2.96393202250022));
#3193=CARTESIAN_POINT('Origin',(68.64101615138,-12.45,8.202));
#3194=CARTESIAN_POINT('',(68.64101615138,-12.45,-2.96393202250021));
#3195=CARTESIAN_POINT('',(68.34101615138,-12.75,-2.96393202250021));
#3196=CARTESIAN_POINT('',(68.64101615138,-12.45,-2.96393202250021));
#3197=CARTESIAN_POINT('Origin',(66.64101615138,-12.75,-2.96393202250021));
#3198=CARTESIAN_POINT('',(67.5354433423799,-12.45,-4.75278640450004));
#3199=CARTESIAN_POINT('',(67.4012792637299,-12.75,-4.48445824720007));
#3200=CARTESIAN_POINT('Origin',(66.64101615138,-12.45,-2.96393202250021));
#3201=CARTESIAN_POINT('Origin',(61.967652072729,-12.75,-7.20127184270052));
#3202=CARTESIAN_POINT('',(61.0633073873803,-12.45,-7.98885438199983));
#3203=CARTESIAN_POINT('',(60.9291433087304,-12.75,-7.72052622469986));
#3204=CARTESIAN_POINT('',(61.0633073873803,-12.45,-7.98885438199983));
#3205=CARTESIAN_POINT('Origin',(60.1688801963804,-12.75,-6.2));
#3206=CARTESIAN_POINT('',(60.1688801963804,-12.45,-8.2));
#3207=CARTESIAN_POINT('',(60.1688801963804,-12.75,-7.9));
#3208=CARTESIAN_POINT('Origin',(60.1688801963804,-12.45,-6.2));
#3209=CARTESIAN_POINT('Origin',(54.2660161513788,-12.75,-7.9));
#3210=CARTESIAN_POINT('',(51.3910161513775,-12.45,-8.2));
#3211=CARTESIAN_POINT('',(51.3910161513775,-12.75,-7.9));
#3212=CARTESIAN_POINT('',(51.6410161513788,-12.45,-8.2));
#3213=CARTESIAN_POINT('Origin',(51.3910161513775,-14.75,-8.2));
#3214=CARTESIAN_POINT('',(49.3910161513775,-14.75,-7.9));
#3215=CARTESIAN_POINT('',(49.0910161513775,-14.75,-8.2));
#3216=CARTESIAN_POINT('',(49.3910161513775,-14.75,-7.9));
#3217=CARTESIAN_POINT('Origin',(51.3910161513775,-14.75,-8.2));
#3218=CARTESIAN_POINT('Origin',(51.3910161513775,-14.75,-7.9));
#3219=CARTESIAN_POINT('Origin',(49.0910161513775,-18.25,-8.2));
#3220=CARTESIAN_POINT('',(49.0910161513775,-19.8142105483752,-8.2));
#3221=CARTESIAN_POINT('',(49.3910161513775,-19.8142105483752,-7.9));
#3222=CARTESIAN_POINT('',(49.0910161513775,-19.8142105483752,-8.2));
#3223=CARTESIAN_POINT('',(49.3910161513775,-14.75,-7.9));
#3224=CARTESIAN_POINT('Origin',(47.3910161513775,-19.8142105483752,-8.2));
#3225=CARTESIAN_POINT('',(48.2410161513775,-21.2864537348087,-8.2));
#3226=CARTESIAN_POINT('',(48.3910161513775,-21.5462613559441,-7.9));
#3227=CARTESIAN_POINT('Origin',(47.3910161513775,-19.8142105483752,-8.2));
#3228=CARTESIAN_POINT('Origin',(52.1058391872587,-19.0550971146725,-8.2));
#3229=CARTESIAN_POINT('',(39.7410161513775,-26.1939310229206,-8.2));
#3230=CARTESIAN_POINT('',(48.3910161513775,-21.5462613559441,-7.9));
#3231=CARTESIAN_POINT('Origin',(39.6396550098207,-26.2524519052839,-4.8));
#3232=CARTESIAN_POINT('',(45.5410161513775,-23.1917096231345,-5.1));
#3233=CARTESIAN_POINT('',(39.8910161513776,-26.4537386440559,-5.1));
#3234=CARTESIAN_POINT('',(45.4406061775426,-23.0177944468658,-4.89918005233013));
#3235=CARTESIAN_POINT('',(45.5410161513775,-23.1917096231345,-5.1));
#3236=CARTESIAN_POINT('',(45.3910161513775,-23.0473720558371,-4.9));
#3237=CARTESIAN_POINT('Origin',(45.3910162048791,-21.3153249649252,-3.40000324558269));
#3238=CARTESIAN_POINT('',(39.6896550098206,-26.3390544456623,-4.9));
#3239=CARTESIAN_POINT('Ctrl Pts',(45.3893377176898,-22.9294277960135,-4.79699926568979));
#3240=CARTESIAN_POINT('Ctrl Pts',(45.7818585341294,-22.6569364144096,-4.79863948703965));
#3241=CARTESIAN_POINT('Ctrl Pts',(46.1704995122819,-22.3871384505109,-4.6360943419682));
#3242=CARTESIAN_POINT('Ctrl Pts',(46.7255684358531,-22.0018047520738,-4.08102541839693));
#3243=CARTESIAN_POINT('Ctrl Pts',(46.8881063754197,-21.8889694938171,-3.69246016036135));
#3244=CARTESIAN_POINT('Ctrl Pts',(46.8865161513775,-21.8900734412465,-3.3));
#3245=CARTESIAN_POINT('Ctrl Pts',(45.3908373601072,-22.9320258722248,-4.79999926421823));
#3246=CARTESIAN_POINT('Ctrl Pts',(45.7841447914095,-22.6595344906209,-4.80164277258468));
#3247=CARTESIAN_POINT('Ctrl Pts',(46.1735646087294,-22.3897365269919,-4.6387718862078));
#3248=CARTESIAN_POINT('Ctrl Pts',(46.7297458958091,-22.0044028280156,-4.08259059912808));
#3249=CARTESIAN_POINT('Ctrl Pts',(46.8926095622415,-21.8915675700284,-3.69324665366869));
#3250=CARTESIAN_POINT('Ctrl Pts',(46.8910161513775,-21.8926715174578,-3.3));
#3251=CARTESIAN_POINT('Ctrl Pts',(45.5408016018532,-23.1918334933601,-5.09999911706188));
#3252=CARTESIAN_POINT('Ctrl Pts',(46.0127705194301,-22.919342111748,-5.10197132708745));
#3253=CARTESIAN_POINT('Ctrl Pts',(46.4800742534823,-22.6495441750996,-4.90652631016673));
#3254=CARTESIAN_POINT('Ctrl Pts',(47.1474918914057,-22.2642104221827,-4.23910867224339));
#3255=CARTESIAN_POINT('Ctrl Pts',(47.3429282444142,-22.1513751911637,-3.77189598440242));
#3256=CARTESIAN_POINT('Ctrl Pts',(47.3410161513775,-22.1524791385932,-3.3));
#3257=CARTESIAN_POINT('',(47.3410161513776,-22.1524791385932,-3.3));
#3258=CARTESIAN_POINT('',(46.8910161513775,-21.8926715174578,-3.3));
#3259=CARTESIAN_POINT('',(47.3410161513776,-22.1524791385932,-3.3));
#3260=CARTESIAN_POINT('',(46.8910161513775,-21.8966247858523,-3.4));
#3261=CARTESIAN_POINT('Origin',(46.8909787590652,-23.0195701557358,-3.30552881394986));
#3262=CARTESIAN_POINT('Ctrl Pts',(45.4406061775426,-23.0177944468659,-4.89918005233025));
#3263=CARTESIAN_POINT('Ctrl Pts',(45.6235582830608,-22.8907960617195,-4.89312834447467));
#3264=CARTESIAN_POINT('Ctrl Pts',(45.8051470527034,-22.7643175884711,-4.85359301553895));
#3265=CARTESIAN_POINT('Ctrl Pts',(46.1371667735134,-22.5257080270086,-4.71296776500993));
#3266=CARTESIAN_POINT('Ctrl Pts',(46.288871246186,-22.4129569043226,-4.61540580071512));
#3267=CARTESIAN_POINT('Ctrl Pts',(46.5777344984352,-22.190952183857,-4.34227706789734));
#3268=CARTESIAN_POINT('Ctrl Pts',(46.6877787813552,-22.1026167694925,-4.17504450812663));
#3269=CARTESIAN_POINT('Ctrl Pts',(46.8031107844123,-22.0019394661507,-3.91642734124709));
#3270=CARTESIAN_POINT('Ctrl Pts',(46.8361315216051,-21.9705966424759,-3.81604102279501));
#3271=CARTESIAN_POINT('Ctrl Pts',(46.8798212921506,-21.9224953022739,-3.61015612773998));
#3272=CARTESIAN_POINT('Ctrl Pts',(46.8910161513775,-21.9054879066406,-3.50573786060203));
#3273=CARTESIAN_POINT('Ctrl Pts',(46.8910161513775,-21.8966247858523,-3.4));
#3274=CARTESIAN_POINT('Ctrl Pts',(47.3410161513775,-22.1524791385932,-3.3));
#3275=CARTESIAN_POINT('Ctrl Pts',(47.3415114498969,-22.1521931778597,-3.42223745282367));
#3276=CARTESIAN_POINT('Ctrl Pts',(47.3287648259476,-22.1595524446282,-3.54389115759173));
#3277=CARTESIAN_POINT('Ctrl Pts',(47.2788848570734,-22.1883506580849,-3.78296768719454));
#3278=CARTESIAN_POINT('Ctrl Pts',(47.241648832539,-22.2098488868733,-3.89948582298768));
#3279=CARTESIAN_POINT('Ctrl Pts',(47.1015882540717,-22.2907128995543,-4.22469374404124));
#3280=CARTESIAN_POINT('Ctrl Pts',(46.9710090527853,-22.3661028365675,-4.41559150976134));
#3281=CARTESIAN_POINT('Ctrl Pts',(46.6491727539403,-22.5519151103407,-4.73742781086338));
#3282=CARTESIAN_POINT('Ctrl Pts',(46.4557680954455,-22.6635773419852,-4.86485383644757));
#3283=CARTESIAN_POINT('Ctrl Pts',(46.0253338471115,-22.9120886711294,-5.05023330297155));
#3284=CARTESIAN_POINT('Ctrl Pts',(45.7824420606695,-23.0523223094155,-5.10097824269604));
#3285=CARTESIAN_POINT('Ctrl Pts',(45.5410161513775,-23.1917096231345,-5.10000000000002));
#3286=CARTESIAN_POINT('Origin',(47.3410161513776,-22.1524791385932,8.2));
#3287=CARTESIAN_POINT('',(47.3410161513775,-22.1524791385932,3.3));
#3288=CARTESIAN_POINT('',(46.8910161513775,-21.8926715174578,3.3));
#3289=CARTESIAN_POINT('',(47.3410161513775,-22.1524791385932,3.3));
#3290=CARTESIAN_POINT('',(46.8910161513775,-21.8926715174578,-2.4));
#3291=CARTESIAN_POINT('',(47.3410161513776,-22.1524791385932,8.2));
#3292=CARTESIAN_POINT('Ctrl Pts',(46.8865161513775,-21.8900734412465,3.3));
#3293=CARTESIAN_POINT('Ctrl Pts',(46.8881063754198,-21.8889694938171,3.69246016036135));
#3294=CARTESIAN_POINT('Ctrl Pts',(46.7255684358531,-22.0018047520738,4.08102541839693));
#3295=CARTESIAN_POINT('Ctrl Pts',(46.1704984290623,-22.3871392024914,4.63609542518781));
#3296=CARTESIAN_POINT('Ctrl Pts',(45.7818555006187,-22.6569385202992,4.79864075577222));
#3297=CARTESIAN_POINT('Ctrl Pts',(45.3893331220005,-22.9294309863812,4.79699924647835));
#3298=CARTESIAN_POINT('Ctrl Pts',(46.8910161513775,-21.8926715174578,3.3));
#3299=CARTESIAN_POINT('Ctrl Pts',(46.8926095622415,-21.8915675700284,3.69324665366869));
#3300=CARTESIAN_POINT('Ctrl Pts',(46.7297458958091,-22.0044028280156,4.08259059912808));
#3301=CARTESIAN_POINT('Ctrl Pts',(46.173563523339,-22.3897372789724,4.63877297159819));
#3302=CARTESIAN_POINT('Ctrl Pts',(45.7841417518197,-22.6595365965105,4.8016440438598));
#3303=CARTESIAN_POINT('Ctrl Pts',(45.3908327552082,-22.9320290625925,4.79999924496829));
#3304=CARTESIAN_POINT('Ctrl Pts',(47.3410161513775,-22.1524791385932,3.3));
#3305=CARTESIAN_POINT('Ctrl Pts',(47.3429282444143,-22.1513751911637,3.77189598440242));
#3306=CARTESIAN_POINT('Ctrl Pts',(47.1474918914057,-22.2642104221827,4.23910867224339));
#3307=CARTESIAN_POINT('Ctrl Pts',(46.4800729510137,-22.6495449270802,4.90652761263538));
#3308=CARTESIAN_POINT('Ctrl Pts',(46.0127668719228,-22.9193442176374,5.10197285261722));
#3309=CARTESIAN_POINT('Ctrl Pts',(45.5407960759743,-23.1918366837278,5.09999909396195));
#3310=CARTESIAN_POINT('',(45.5410161513775,-23.1917096231345,5.1));
#3311=CARTESIAN_POINT('',(45.4406061775426,-23.0177944468658,4.89918005233011));
#3312=CARTESIAN_POINT('',(45.5410161513775,-23.1917096231345,5.1));
#3313=CARTESIAN_POINT('',(46.8910161513776,-21.8966247858512,3.39999999998574));
#3314=CARTESIAN_POINT('Ctrl Pts',(46.8910161513775,-21.8966247858511,3.39999999998575));
#3315=CARTESIAN_POINT('Ctrl Pts',(46.8910161513785,-21.9055009735227,3.50589374973711));
#3316=CARTESIAN_POINT('Ctrl Pts',(46.8797882141056,-21.9225453038016,3.61046330610615));
#3317=CARTESIAN_POINT('Ctrl Pts',(46.8359714853722,-21.9707587300083,3.81663803476345));
#3318=CARTESIAN_POINT('Ctrl Pts',(46.8028542227785,-22.0021779984217,3.9171582891257));
#3319=CARTESIAN_POINT('Ctrl Pts',(46.6872618013414,-22.103042603052,4.17593185134626));
#3320=CARTESIAN_POINT('Ctrl Pts',(46.5770756553475,-22.1914736974947,4.34310269754209));
#3321=CARTESIAN_POINT('Ctrl Pts',(46.2881663850165,-22.4134856818006,4.61589928873834));
#3322=CARTESIAN_POINT('Ctrl Pts',(46.1365584001429,-22.5261519520471,4.71329243930925));
#3323=CARTESIAN_POINT('Ctrl Pts',(45.8048005811778,-22.7645594472227,4.85366850963581));
#3324=CARTESIAN_POINT('Ctrl Pts',(45.6233835139421,-22.8909173797868,4.89313412550488));
#3325=CARTESIAN_POINT('Ctrl Pts',(45.4406061775426,-23.0177944468659,4.89918005233025));
#3326=CARTESIAN_POINT('Origin',(46.8909787591147,-23.0195701557138,3.30552881394998));
#3327=CARTESIAN_POINT('Ctrl Pts',(45.5410161513775,-23.1917096231345,5.10000000000002));
#3328=CARTESIAN_POINT('Ctrl Pts',(45.7824420563476,-23.0523223119107,5.10097824267853));
#3329=CARTESIAN_POINT('Ctrl Pts',(46.025333838374,-22.9120886761738,5.05023330479318));
#3330=CARTESIAN_POINT('Ctrl Pts',(46.4557680844334,-22.6635773483429,4.86485384294722));
#3331=CARTESIAN_POINT('Ctrl Pts',(46.649172744147,-22.5519151159948,4.73742781838421));
#3332=CARTESIAN_POINT('Ctrl Pts',(46.9710090458532,-22.3661028405697,4.41559151886317));
#3333=CARTESIAN_POINT('Ctrl Pts',(47.1015882484315,-22.2907129028105,4.22469375371082));
#3334=CARTESIAN_POINT('Ctrl Pts',(47.2416488296542,-22.2098488885387,3.89948583145538));
#3335=CARTESIAN_POINT('Ctrl Pts',(47.2788848552567,-22.1883506591335,3.78296769411085));
#3336=CARTESIAN_POINT('Ctrl Pts',(47.3287648255732,-22.1595524448441,3.54389116115504));
#3337=CARTESIAN_POINT('Ctrl Pts',(47.3415114499042,-22.1521931778555,3.42223745461769));
#3338=CARTESIAN_POINT('Ctrl Pts',(47.3410161513775,-22.1524791385932,3.3));
#3339=CARTESIAN_POINT('Origin',(38.4535161513775,-27.283679656016,5.1));
#3340=CARTESIAN_POINT('',(45.3910161513775,-23.0473720558372,4.9));
#3341=CARTESIAN_POINT('',(39.6896550098206,-26.3390544456623,4.9));
#3342=CARTESIAN_POINT('Origin',(45.3910161663835,-21.3153228863764,3.40000142588418));
#3343=CARTESIAN_POINT('',(38.4535161513775,-27.283679656016,5.1));
#3344=CARTESIAN_POINT('Origin',(45.3910161513775,-32.75,-3.4));
#3345=CARTESIAN_POINT('',(45.3910161513775,-9.75,-4.9));
#3346=CARTESIAN_POINT('',(45.3910161513775,-32.75,-4.9));
#3347=CARTESIAN_POINT('',(46.8910161513775,-9.75,-3.4));
#3348=CARTESIAN_POINT('',(46.8910161513775,-32.75,-3.4));
#3349=CARTESIAN_POINT('Origin',(45.3910161513775,-9.75,-3.4));
#3350=CARTESIAN_POINT('Origin',(45.3910161513775,-32.75,3.4));
#3351=CARTESIAN_POINT('',(46.8910161513775,-9.75,3.4));
#3352=CARTESIAN_POINT('',(46.8910161513775,-9.75,3.4));
#3353=CARTESIAN_POINT('',(45.3910161513775,-9.75,4.9));
#3354=CARTESIAN_POINT('',(45.3910161513775,-22.4122867597285,4.9));
#3355=CARTESIAN_POINT('Origin',(45.3910161513775,-9.75,3.4));
#3356=CARTESIAN_POINT('Origin',(51.3910161513775,-14.75,8.202));
#3357=CARTESIAN_POINT('',(49.3910161513775,-14.75,8.202));
#3358=CARTESIAN_POINT('Ctrl Pts',(50.8910161513776,-12.8135083268963,6.2));
#3359=CARTESIAN_POINT('Ctrl Pts',(50.8195789348431,-12.8319533368921,6.2));
#3360=CARTESIAN_POINT('Ctrl Pts',(50.7501025582279,-12.8541526331799,6.19613937170425));
#3361=CARTESIAN_POINT('Ctrl Pts',(50.4940880565999,-12.9509170193704,6.16948490484447));
#3362=CARTESIAN_POINT('Ctrl Pts',(50.3066251194289,-13.0566159353161,6.12076748189441));
#3363=CARTESIAN_POINT('Ctrl Pts',(49.9933028857468,-13.3065995795032,5.9945454961067));
#3364=CARTESIAN_POINT('Ctrl Pts',(49.8633240856322,-13.4471134892763,5.92026396224369));
#3365=CARTESIAN_POINT('Ctrl Pts',(49.7607481839841,-13.5914550701458,5.84999827935794));
#3366=CARTESIAN_POINT('Origin',(51.3910161513775,-14.75,8.202));
#3367=CARTESIAN_POINT('',(49.3910161513775,-14.75,8.202));
#3368=CARTESIAN_POINT('Origin',(60.1688801963804,-18.25,6.2));
#3369=CARTESIAN_POINT('',(60.1688801963804,-18.25,8.2));
#3370=CARTESIAN_POINT('',(61.0633073873803,-12.5,7.98885438199983));
#3371=CARTESIAN_POINT('Origin',(66.64101615138,-12.5,2.96393202250022));
#3372=CARTESIAN_POINT('',(67.5354433423799,-12.5,4.75278640450005));
#3373=CARTESIAN_POINT('',(68.64101615138,-12.5,2.96393202250022));
#3374=CARTESIAN_POINT('Origin',(66.64101615138,-12.5,-2.96393202250021));
#3375=CARTESIAN_POINT('',(68.64101615138,-12.5,-2.96393202250021));
#3376=CARTESIAN_POINT('',(67.5354433423799,-18.25,-4.75278640450004));
#3377=CARTESIAN_POINT('Origin',(60.1688801963804,-18.25,-6.2));
#3378=CARTESIAN_POINT('',(61.0633073873803,-7.75,-7.98885438199983));
#3379=CARTESIAN_POINT('',(60.1688801963804,-12.75,-8.2));
#3380=CARTESIAN_POINT('Origin',(47.3910161513775,-19.8142105483752,8.202));
#3381=CARTESIAN_POINT('',(49.3910161513775,-19.8142105483752,8.202));
#3382=CARTESIAN_POINT('',(48.3910161513775,-21.5462613559441,8.2));
#3383=CARTESIAN_POINT('Origin',(50.8910161513776,-37.75,4.2));
#3384=CARTESIAN_POINT('Origin',(43.3910161513775,-9.75,0.));
#3385=CARTESIAN_POINT('',(46.8910161513775,-9.75,-2.4));
#3386=CARTESIAN_POINT('',(43.3910161513775,-9.75,4.9));
#3387=CARTESIAN_POINT('',(43.3910161513775,-9.75,-4.9));
#3388=CARTESIAN_POINT('Origin',(43.3910161513775,-32.75,4.9));
#3389=CARTESIAN_POINT('Origin',(46.8910161513775,-32.75,-2.4));
#3390=CARTESIAN_POINT('Origin',(43.3910161513775,-32.75,-4.9));
#3391=CARTESIAN_POINT('Origin',(60.64101615138,-18.25,-8.2));
#3392=CARTESIAN_POINT('Origin',(68.64101615138,-12.5,4.2));
#3393=CARTESIAN_POINT('Origin',(51.6410161513788,-18.25,-8.2));
#3394=CARTESIAN_POINT('',(54.2660161513788,-7.75,-8.2));
#3395=CARTESIAN_POINT('Origin',(68.64101615138,-12.5,8.202));
#3396=CARTESIAN_POINT('Origin',(51.6410161513788,-18.25,8.2));
#3397=CARTESIAN_POINT('',(54.2660161513788,-7.75,8.2));
#3398=CARTESIAN_POINT('Origin',(49.3910161513775,-21.8518693220279,8.202));
#3399=CARTESIAN_POINT('Origin',(49.3910161513775,-21.8518693220279,8.202));
#3400=CARTESIAN_POINT('Origin',(38.4535161513775,-27.283679656016,8.2));
#3401=CARTESIAN_POINT('Origin',(2.334359291764E-15,-7.75000000000002,0.));
#3402=CARTESIAN_POINT('',(0.,0.,10.));
#3403=UNCERTAINTY_MEASURE_WITH_UNIT(LENGTH_MEASURE(0.01),#3407,
'DISTANCE_ACCURACY_VALUE',
'Maximum model space distance between geometric entities at asserted c
onnectivities');
#3404=UNCERTAINTY_MEASURE_WITH_UNIT(LENGTH_MEASURE(0.01),#3407,
'DISTANCE_ACCURACY_VALUE',
'Maximum model space distance between geometric entities at asserted c
onnectivities');
#3405=(
GEOMETRIC_REPRESENTATION_CONTEXT(3)
GLOBAL_UNCERTAINTY_ASSIGNED_CONTEXT((#3403))
GLOBAL_UNIT_ASSIGNED_CONTEXT((#3407,#3409,#3410))
REPRESENTATION_CONTEXT('','3D')
);
#3406=(
GEOMETRIC_REPRESENTATION_CONTEXT(3)
GLOBAL_UNCERTAINTY_ASSIGNED_CONTEXT((#3404))
GLOBAL_UNIT_ASSIGNED_CONTEXT((#3407,#3409,#3410))
REPRESENTATION_CONTEXT('','3D')
);
#3407=(
LENGTH_UNIT()
NAMED_UNIT(*)
SI_UNIT(.MILLI.,.METRE.)
);
#3408=(
LENGTH_UNIT()
NAMED_UNIT(*)
SI_UNIT(.CENTI.,.METRE.)
);
#3409=(
NAMED_UNIT(*)
PLANE_ANGLE_UNIT()
SI_UNIT($,.RADIAN.)
);
#3410=(
NAMED_UNIT(*)
SI_UNIT($,.STERADIAN.)
SOLID_ANGLE_UNIT()
);
#3411=SHAPE_DEFINITION_REPRESENTATION(#3412,#3413);
#3412=PRODUCT_DEFINITION_SHAPE('',$,#3415);
#3413=SHAPE_REPRESENTATION('',(#2038),#3405);
#3414=PRODUCT_DEFINITION_CONTEXT('part definition',#3419,'design');
#3415=PRODUCT_DEFINITION('Removable_Tip_step',
'Removable_Tip_step_final',#3416,#3414);
#3416=PRODUCT_DEFINITION_FORMATION('ANY',$,#3421);
#3417=PRODUCT_RELATED_PRODUCT_CATEGORY('Removable_Tip_step_final',
'Removable_Tip_step_final',(#3421));
#3418=APPLICATION_PROTOCOL_DEFINITION('international standard',
'automotive_design',2009,#3419);
#3419=APPLICATION_CONTEXT(
'Core Data for Automotive Mechanical Design Process');
#3420=PRODUCT_CONTEXT('part definition',#3419,'mechanical');
#3421=PRODUCT('Removable_Tip_step','Removable_Tip_step_final',
'STEP AP214',(#3420));
#3422=PRESENTATION_STYLE_ASSIGNMENT((#3425));
#3423=PRESENTATION_STYLE_ASSIGNMENT((#3426));
#3424=PRESENTATION_STYLE_ASSIGNMENT((#3427));
#3425=SURFACE_STYLE_USAGE(.BOTH.,#3432);
#3426=SURFACE_STYLE_USAGE(.BOTH.,#3433);
#3427=SURFACE_STYLE_USAGE(.BOTH.,#3434);
#3428=SURFACE_STYLE_RENDERING_WITH_PROPERTIES($,#3444,(#3430));
#3429=SURFACE_STYLE_RENDERING_WITH_PROPERTIES($,#3445,(#3431));
#3430=SURFACE_STYLE_TRANSPARENT(0.);
#3431=SURFACE_STYLE_TRANSPARENT(0.);
#3432=SURFACE_SIDE_STYLE('',(#3435,#3428));
#3433=SURFACE_SIDE_STYLE('',(#3436,#3429));
#3434=SURFACE_SIDE_STYLE('',(#3437));
#3435=SURFACE_STYLE_FILL_AREA(#3438);
#3436=SURFACE_STYLE_FILL_AREA(#3439);
#3437=SURFACE_STYLE_FILL_AREA(#3440);
#3438=FILL_AREA_STYLE('',(#3441));
#3439=FILL_AREA_STYLE('',(#3442));
#3440=FILL_AREA_STYLE('',(#3443));
#3441=FILL_AREA_STYLE_COLOUR('',#3444);
#3442=FILL_AREA_STYLE_COLOUR('',#3445);
#3443=FILL_AREA_STYLE_COLOUR('',#3446);
#3444=COLOUR_RGB('',0.749019607843137,0.749019607843137,0.749019607843137);
#3445=COLOUR_RGB('',0.792156862745098,0.819607843137255,0.933333333333333);
#3446=COLOUR_RGB('',1.,1.,0.);
ENDSEC;
END-ISO-10303-21;
