ISO-10303-21;
HEADER;
FILE_DESCRIPTION(('FreeCAD Model'),'2;1');
FILE_NAME('Open CASCADE Shape Model','2026-08-14T08:36:11',(''),(''),
  'Open CASCADE STEP processor 7.8','FreeCAD','Unknown');
FILE_SCHEMA(('AUTOMOTIVE_DESIGN { 1 0 10303 214 1 1 1 1 }'));
ENDSEC;
DATA;
#1 = APPLICATION_PROTOCOL_DEFINITION('international standard',
  'automotive_design',2000,#2);
#2 = APPLICATION_CONTEXT(
  'core data for automotive mechanical design processes');
#3 = SHAPE_DEFINITION_REPRESENTATION(#4,#10);
#4 = PRODUCT_DEFINITION_SHAPE('','',#5);
#5 = PRODUCT_DEFINITION('design','',#6,#9);
#6 = PRODUCT_DEFINITION_FORMATION('','',#7);
#7 = PRODUCT('Patch-Waves','Patch-Waves','',(#8));
#8 = PRODUCT_CONTEXT('',#2,'mechanical');
#9 = PRODUCT_DEFINITION_CONTEXT('part definition',#2,'design');
#10 = ADVANCED_BREP_SHAPE_REPRESENTATION('',(#11,#15),#1770);
#11 = AXIS2_PLACEMENT_3D('',#12,#13,#14);
#12 = CARTESIAN_POINT('',(0.,0.,0.));
#13 = DIRECTION('',(0.,0.,1.));
#14 = DIRECTION('',(1.,0.,-0.));
#15 = MANIFOLD_SOLID_BREP('',#16);
#16 = CLOSED_SHELL('',(#17,#280,#497,#634,#693,#752,#811,#870,#929,#988,
    #1047,#1106,#1233,#1265,#1347,#1351,#1433,#1437,#1519,#1523,#1605,
    #1609,#1635,#1661,#1687,#1713,#1743));
#17 = ADVANCED_FACE('',(#18,#156,#187,#218,#249),#46,.T.);
#18 = FACE_BOUND('',#19,.T.);
#19 = EDGE_LOOP('',(#20));
#20 = ORIENTED_EDGE('',*,*,#21,.T.);
#21 = EDGE_CURVE('',#22,#22,#24,.T.);
#22 = VERTEX_POINT('',#23);
#23 = CARTESIAN_POINT('',(-9.340830674051,0.,0.));
#24 = SURFACE_CURVE('',#25,(#45,#73),.PCURVE_S1.);
#25 = B_SPLINE_CURVE_WITH_KNOTS('',3,(#26,#27,#28,#29,#30,#31,#32,#33,
    #34,#35,#36,#37,#38,#39,#40,#41,#42,#43,#44),.UNSPECIFIED.,.T.,.F.,(
    1,1,1,1,1,1,1,1,1,1,1,1,1,1,1,1,1,1,1,1,1,1,1),(-0.190789473684,
    -0.128289473684,-6.578947368421E-02,0.,5.9375E-02,0.12171875,
    0.1842109375,0.246710546875,0.309210527344,0.371710526367,
    0.434210526318,0.496710526316,0.559210526316,0.621710526316,
    0.684210526316,0.746710526316,0.809210526316,0.871710526316,
    0.934210526316,1.,1.059375,1.12171875,1.1842109375),.UNSPECIFIED.);
#26 = CARTESIAN_POINT('',(-8.813789600784,-3.799201226277,0.));
#27 = CARTESIAN_POINT('',(-9.583982424528,-0.124064337107,0.));
#28 = CARTESIAN_POINT('',(-8.892329969374,3.539587144567,0.));
#29 = CARTESIAN_POINT('',(-6.914400768643,6.636055523121,0.));
#30 = CARTESIAN_POINT('',(-3.851770371829,8.77589774485,0.));
#31 = CARTESIAN_POINT('',(-0.200342272643,9.581989673136,0.));
#32 = CARTESIAN_POINT('',(3.481769346762,8.929254290981,0.));
#33 = CARTESIAN_POINT('',(6.633812949695,6.917146037755,0.));
#34 = CARTESIAN_POINT('',(8.775921159675,3.851957756245,0.));
#35 = CARTESIAN_POINT('',(9.581974403857,0.200345841598,0.));
#36 = CARTESIAN_POINT('',(8.929258898062,-3.481767993165,0.));
#37 = CARTESIAN_POINT('',(6.917145236482,-6.633811922541,0.));
#38 = CARTESIAN_POINT('',(3.851956654709,-8.775926204577,0.));
#39 = CARTESIAN_POINT('',(0.200351070876,-9.581955237878,0.));
#40 = CARTESIAN_POINT('',(-3.481787807477,-8.929330516869,0.));
#41 = CARTESIAN_POINT('',(-6.633737894507,-6.916877927247,0.));
#42 = CARTESIAN_POINT('',(-8.813789600784,-3.799201226277,0.));
#43 = CARTESIAN_POINT('',(-9.583982424528,-0.124064337107,0.));
#44 = CARTESIAN_POINT('',(-8.892329969374,3.539587144567,0.));
#45 = PCURVE('',#46,#51);
#46 = PLANE('',#47);
#47 = AXIS2_PLACEMENT_3D('',#48,#49,#50);
#48 = CARTESIAN_POINT('',(0.,4.920415337026,0.));
#49 = DIRECTION('',(0.,0.,-1.));
#50 = DIRECTION('',(-1.,0.,0.));
#51 = DEFINITIONAL_REPRESENTATION('',(#52),#72);
#52 = B_SPLINE_CURVE_WITH_KNOTS('',3,(#53,#54,#55,#56,#57,#58,#59,#60,
    #61,#62,#63,#64,#65,#66,#67,#68,#69,#70,#71),.UNSPECIFIED.,.T.,.F.,(
    1,1,1,1,1,1,1,1,1,1,1,1,1,1,1,1,1,1,1,1,1,1,1),(-0.190789473684,
    -0.128289473684,-6.578947368421E-02,0.,5.9375E-02,0.12171875,
    0.1842109375,0.246710546875,0.309210527344,0.371710526367,
    0.434210526318,0.496710526316,0.559210526316,0.621710526316,
    0.684210526316,0.746710526316,0.809210526316,0.871710526316,
    0.934210526316,1.,1.059375,1.12171875,1.1842109375),.UNSPECIFIED.);
#53 = CARTESIAN_POINT('',(8.813789600784,-8.719616563302));
#54 = CARTESIAN_POINT('',(9.583982424528,-5.044479674133));
#55 = CARTESIAN_POINT('',(8.892329969374,-1.380828192459));
#56 = CARTESIAN_POINT('',(6.914400768643,1.715640186096));
#57 = CARTESIAN_POINT('',(3.851770371829,3.855482407824));
#58 = CARTESIAN_POINT('',(0.200342272643,4.66157433611));
#59 = CARTESIAN_POINT('',(-3.481769346762,4.008838953955));
#60 = CARTESIAN_POINT('',(-6.633812949695,1.99673070073));
#61 = CARTESIAN_POINT('',(-8.775921159675,-1.068457580781));
#62 = CARTESIAN_POINT('',(-9.581974403857,-4.720069495427));
#63 = CARTESIAN_POINT('',(-8.929258898062,-8.402183330191));
#64 = CARTESIAN_POINT('',(-6.917145236482,-11.55422725956));
#65 = CARTESIAN_POINT('',(-3.851956654709,-13.6963415416));
#66 = CARTESIAN_POINT('',(-0.200351070876,-14.5023705749));
#67 = CARTESIAN_POINT('',(3.481787807477,-13.84974585389));
#68 = CARTESIAN_POINT('',(6.633737894507,-11.83729326427));
#69 = CARTESIAN_POINT('',(8.813789600784,-8.719616563302));
#70 = CARTESIAN_POINT('',(9.583982424528,-5.044479674133));
#71 = CARTESIAN_POINT('',(8.892329969374,-1.380828192459));
#72 = ( GEOMETRIC_REPRESENTATION_CONTEXT(2) 
PARAMETRIC_REPRESENTATION_CONTEXT() REPRESENTATION_CONTEXT('2D SPACE',''
  ) );
#73 = PCURVE('',#74,#151);
#74 = B_SPLINE_SURFACE_WITH_KNOTS('',3,3,(
    (#75,#76,#77,#78,#79,#80,#81,#82,#83,#84,#85,#86,#87,#88,#89,#90,#91
      ,#92,#93)
    ,(#94,#95,#96,#97,#98,#99,#100,#101,#102,#103,#104,#105,#106,#107
      ,#108,#109,#110,#111,#112)
    ,(#113,#114,#115,#116,#117,#118,#119,#120,#121,#122,#123,#124,#125
      ,#126,#127,#128,#129,#130,#131)
    ,(#132,#133,#134,#135,#136,#137,#138,#139,#140,#141,#142,#143,#144
      ,#145,#146,#147,#148,#149,#150
    )),.UNSPECIFIED.,.F.,.T.,.F.,(4,4),(1,1,1,1,1,1,1,1,1,1,1,1,1,1,1,1,
    1,1,1,1,1,1,1),(0.,1.),(-1.178097245096,-0.785398163397,
    -0.392699081699,0.,0.392699081699,0.785398163397,1.178097245096,
    1.570796326795,1.963495408494,2.356194490192,2.748893571891,
    3.14159265359,3.534291735289,3.926990816987,4.319689898686,
    4.712388980385,5.105088062083,5.497787143782,5.890486225481,
    6.28318530718,6.675884388878,7.068583470577,7.461282552276),
  .UNSPECIFIED.);
#75 = CARTESIAN_POINT('',(8.854468261707,-3.667663444593,2.81E-15));
#76 = CARTESIAN_POINT('',(9.584011880223,-1.95E-15,1.7E-16));
#77 = CARTESIAN_POINT('',(8.854468261707,3.667663444593,-3.49E-15));
#78 = CARTESIAN_POINT('',(6.776903808749,6.776958377199,-7.63E-15));
#79 = CARTESIAN_POINT('',(3.667608876143,8.854522830157,-1.162E-14));
#80 = CARTESIAN_POINT('',(-5.456845051227E-05,9.584066448673,-1.483E-14)
  );
#81 = CARTESIAN_POINT('',(-3.667718013044,8.854522830157,-1.68E-14));
#82 = CARTESIAN_POINT('',(-6.77701294565,6.776958377199,-1.721E-14));
#83 = CARTESIAN_POINT('',(-8.854577398608,3.667663444593,-1.601E-14));
#84 = CARTESIAN_POINT('',(-9.584121017124,-4.4243E-13,-1.337E-14));
#85 = CARTESIAN_POINT('',(-8.854577398608,-3.667663444594,-9.7E-15));
#86 = CARTESIAN_POINT('',(-6.77701294565,-6.7769583772,-5.57E-15));
#87 = CARTESIAN_POINT('',(-3.667718013044,-8.854522830158,-1.58E-15));
#88 = CARTESIAN_POINT('',(-5.456845006706E-05,-9.584066448674,1.63E-15)
  );
#89 = CARTESIAN_POINT('',(3.667608876143,-8.854522830158,3.6E-15));
#90 = CARTESIAN_POINT('',(6.776903808749,-6.7769583772,4.01E-15));
#91 = CARTESIAN_POINT('',(8.854468261707,-3.667663444593,2.81E-15));
#92 = CARTESIAN_POINT('',(9.584011880223,-1.95E-15,1.7E-16));
#93 = CARTESIAN_POINT('',(8.854468261707,3.667663444593,-3.49E-15));
#94 = CARTESIAN_POINT('',(9.170445552235,-3.798545523732,2.95E-15));
#95 = CARTESIAN_POINT('',(9.92602323496,-3.47E-15,1.8E-16));
#96 = CARTESIAN_POINT('',(9.170445552235,3.798545523732,-3.63E-15));
#97 = CARTESIAN_POINT('',(7.018742356926,7.018796925376,-7.85E-15));
#98 = CARTESIAN_POINT('',(3.798490955281,9.170500120685,-1.202E-14));
#99 = CARTESIAN_POINT('',(-5.456845051307E-05,9.92607780341,-1.533E-14)
  );
#100 = CARTESIAN_POINT('',(-3.798600092182,9.170500120685,-1.736E-14));
#101 = CARTESIAN_POINT('',(-7.018851493827,7.018796925376,-1.78E-14));
#102 = CARTESIAN_POINT('',(-9.170554689135,3.798545523731,-1.653E-14));
#103 = CARTESIAN_POINT('',(-9.92613237186,-4.4294E-13,-1.389E-14));
#104 = CARTESIAN_POINT('',(-9.170554689135,-3.798545523732,-9.94E-15));
#105 = CARTESIAN_POINT('',(-7.018851493827,-7.018796925377,-5.76E-15));
#106 = CARTESIAN_POINT('',(-3.798600092182,-9.170500120685,-1.63E-15));
#107 = CARTESIAN_POINT('',(-5.456845006745E-05,-9.92607780341,1.74E-15)
  );
#108 = CARTESIAN_POINT('',(3.798490955282,-9.170500120685,3.7E-15));
#109 = CARTESIAN_POINT('',(7.018742356926,-7.018796925376,4.17E-15));
#110 = CARTESIAN_POINT('',(9.170445552235,-3.798545523732,2.95E-15));
#111 = CARTESIAN_POINT('',(9.92602323496,-3.47E-15,1.8E-16));
#112 = CARTESIAN_POINT('',(9.170445552235,3.798545523732,-3.63E-15));
#113 = CARTESIAN_POINT('',(9.328434197498,-3.863986563301,0.166666666667
    ));
#114 = CARTESIAN_POINT('',(10.097028912328,3.3E-16,0.166666666667));
#115 = CARTESIAN_POINT('',(9.328434197498,3.863986563301,0.166666666667)
  );
#116 = CARTESIAN_POINT('',(7.139661631014,7.139716199465,0.166666666667)
  );
#117 = CARTESIAN_POINT('',(3.86393199485,9.328488765948,0.166666666667)
  );
#118 = CARTESIAN_POINT('',(-5.456845051349E-05,10.097083480778,
    0.166666666667));
#119 = CARTESIAN_POINT('',(-3.864041131751,9.328488765948,0.166666666667
    ));
#120 = CARTESIAN_POINT('',(-7.139770767915,7.139716199464,0.166666666667
    ));
#121 = CARTESIAN_POINT('',(-9.328543334399,3.863986563301,0.166666666667
    ));
#122 = CARTESIAN_POINT('',(-10.09713804922,-4.4259E-13,0.166666666667));
#123 = CARTESIAN_POINT('',(-9.328543334399,-3.863986563301,
    0.166666666667));
#124 = CARTESIAN_POINT('',(-7.139770767915,-7.139716199465,
    0.166666666667));
#125 = CARTESIAN_POINT('',(-3.864041131751,-9.328488765949,
    0.166666666667));
#126 = CARTESIAN_POINT('',(-5.45684500654E-05,-10.09708348077,
    0.166666666667));
#127 = CARTESIAN_POINT('',(3.863931994851,-9.328488765949,0.166666666667
    ));
#128 = CARTESIAN_POINT('',(7.139661631015,-7.139716199465,0.166666666667
    ));
#129 = CARTESIAN_POINT('',(9.328434197498,-3.863986563301,0.166666666667
    ));
#130 = CARTESIAN_POINT('',(10.097028912328,3.3E-16,0.166666666667));
#131 = CARTESIAN_POINT('',(9.328434197498,3.863986563301,0.166666666667)
  );
#132 = CARTESIAN_POINT('',(9.328434197498,-3.863986563301,0.5));
#133 = CARTESIAN_POINT('',(10.097028912328,-1.41E-15,0.5));
#134 = CARTESIAN_POINT('',(9.328434197498,3.863986563301,0.5));
#135 = CARTESIAN_POINT('',(7.139661631014,7.139716199465,0.5));
#136 = CARTESIAN_POINT('',(3.86393199485,9.328488765948,0.5));
#137 = CARTESIAN_POINT('',(-5.456845051279E-05,10.097083480778,0.5));
#138 = CARTESIAN_POINT('',(-3.864041131751,9.328488765948,0.5));
#139 = CARTESIAN_POINT('',(-7.139770767915,7.139716199464,0.5));
#140 = CARTESIAN_POINT('',(-9.328543334399,3.863986563301,0.5));
#141 = CARTESIAN_POINT('',(-10.09713804922,-4.4224E-13,0.5));
#142 = CARTESIAN_POINT('',(-9.328543334399,-3.863986563301,0.5));
#143 = CARTESIAN_POINT('',(-7.139770767915,-7.139716199465,0.5));
#144 = CARTESIAN_POINT('',(-3.864041131751,-9.328488765949,0.5));
#145 = CARTESIAN_POINT('',(-5.456845006696E-05,-10.09708348077,0.5));
#146 = CARTESIAN_POINT('',(3.863931994851,-9.328488765949,0.5));
#147 = CARTESIAN_POINT('',(7.139661631015,-7.139716199465,0.5));
#148 = CARTESIAN_POINT('',(9.328434197498,-3.863986563301,0.5));
#149 = CARTESIAN_POINT('',(10.097028912328,-1.41E-15,0.5));
#150 = CARTESIAN_POINT('',(9.328434197498,3.863986563301,0.5));
#151 = DEFINITIONAL_REPRESENTATION('',(#152),#155);
#152 = B_SPLINE_CURVE_WITH_KNOTS('',1,(#153,#154),.UNSPECIFIED.,.F.,.F.,
  (2,2),(0.,1.),.PIECEWISE_BEZIER_KNOTS.);
#153 = CARTESIAN_POINT('',(-1.091309451487E-04,9.424777960769));
#154 = CARTESIAN_POINT('',(-1.091309451487E-04,3.14159265359));
#155 = ( GEOMETRIC_REPRESENTATION_CONTEXT(2) 
PARAMETRIC_REPRESENTATION_CONTEXT() REPRESENTATION_CONTEXT('2D SPACE',''
  ) );
#156 = FACE_BOUND('',#157,.T.);
#157 = EDGE_LOOP('',(#158));
#158 = ORIENTED_EDGE('',*,*,#159,.F.);
#159 = EDGE_CURVE('',#160,#160,#162,.T.);
#160 = VERTEX_POINT('',#161);
#161 = CARTESIAN_POINT('',(-6.72,-4.,0.));
#162 = SURFACE_CURVE('',#163,(#168,#175),.PCURVE_S1.);
#163 = CIRCLE('',#164,2.72);
#164 = AXIS2_PLACEMENT_3D('',#165,#166,#167);
#165 = CARTESIAN_POINT('',(-4.,-4.,0.));
#166 = DIRECTION('',(0.,0.,-1.));
#167 = DIRECTION('',(-1.,0.,0.));
#168 = PCURVE('',#46,#169);
#169 = DEFINITIONAL_REPRESENTATION('',(#170),#174);
#170 = CIRCLE('',#171,2.72);
#171 = AXIS2_PLACEMENT_2D('',#172,#173);
#172 = CARTESIAN_POINT('',(4.,-8.920415337026));
#173 = DIRECTION('',(1.,0.));
#174 = ( GEOMETRIC_REPRESENTATION_CONTEXT(2) 
PARAMETRIC_REPRESENTATION_CONTEXT() REPRESENTATION_CONTEXT('2D SPACE',''
  ) );
#175 = PCURVE('',#176,#181);
#176 = CONICAL_SURFACE('',#177,2.22,0.785398163397);
#177 = AXIS2_PLACEMENT_3D('',#178,#179,#180);
#178 = CARTESIAN_POINT('',(-4.,-4.,0.5));
#179 = DIRECTION('',(0.,0.,-1.));
#180 = DIRECTION('',(-1.,0.,0.));
#181 = DEFINITIONAL_REPRESENTATION('',(#182),#186);
#182 = LINE('',#183,#184);
#183 = CARTESIAN_POINT('',(0.,0.5));
#184 = VECTOR('',#185,1.);
#185 = DIRECTION('',(1.,0.));
#186 = ( GEOMETRIC_REPRESENTATION_CONTEXT(2) 
PARAMETRIC_REPRESENTATION_CONTEXT() REPRESENTATION_CONTEXT('2D SPACE',''
  ) );
#187 = FACE_BOUND('',#188,.T.);
#188 = EDGE_LOOP('',(#189));
#189 = ORIENTED_EDGE('',*,*,#190,.F.);
#190 = EDGE_CURVE('',#191,#191,#193,.T.);
#191 = VERTEX_POINT('',#192);
#192 = CARTESIAN_POINT('',(-6.72,4.,0.));
#193 = SURFACE_CURVE('',#194,(#199,#206),.PCURVE_S1.);
#194 = CIRCLE('',#195,2.72);
#195 = AXIS2_PLACEMENT_3D('',#196,#197,#198);
#196 = CARTESIAN_POINT('',(-4.,4.,0.));
#197 = DIRECTION('',(0.,0.,-1.));
#198 = DIRECTION('',(-1.,0.,0.));
#199 = PCURVE('',#46,#200);
#200 = DEFINITIONAL_REPRESENTATION('',(#201),#205);
#201 = CIRCLE('',#202,2.72);
#202 = AXIS2_PLACEMENT_2D('',#203,#204);
#203 = CARTESIAN_POINT('',(4.,-0.920415337026));
#204 = DIRECTION('',(1.,0.));
#205 = ( GEOMETRIC_REPRESENTATION_CONTEXT(2) 
PARAMETRIC_REPRESENTATION_CONTEXT() REPRESENTATION_CONTEXT('2D SPACE',''
  ) );
#206 = PCURVE('',#207,#212);
#207 = CONICAL_SURFACE('',#208,2.22,0.785398163397);
#208 = AXIS2_PLACEMENT_3D('',#209,#210,#211);
#209 = CARTESIAN_POINT('',(-4.,4.,0.5));
#210 = DIRECTION('',(0.,0.,-1.));
#211 = DIRECTION('',(-1.,0.,0.));
#212 = DEFINITIONAL_REPRESENTATION('',(#213),#217);
#213 = LINE('',#214,#215);
#214 = CARTESIAN_POINT('',(0.,0.5));
#215 = VECTOR('',#216,1.);
#216 = DIRECTION('',(1.,0.));
#217 = ( GEOMETRIC_REPRESENTATION_CONTEXT(2) 
PARAMETRIC_REPRESENTATION_CONTEXT() REPRESENTATION_CONTEXT('2D SPACE',''
  ) );
#218 = FACE_BOUND('',#219,.T.);
#219 = EDGE_LOOP('',(#220));
#220 = ORIENTED_EDGE('',*,*,#221,.F.);
#221 = EDGE_CURVE('',#222,#222,#224,.T.);
#222 = VERTEX_POINT('',#223);
#223 = CARTESIAN_POINT('',(1.28,4.,0.));
#224 = SURFACE_CURVE('',#225,(#230,#237),.PCURVE_S1.);
#225 = CIRCLE('',#226,2.72);
#226 = AXIS2_PLACEMENT_3D('',#227,#228,#229);
#227 = CARTESIAN_POINT('',(4.,4.,0.));
#228 = DIRECTION('',(0.,0.,-1.));
#229 = DIRECTION('',(-1.,0.,0.));
#230 = PCURVE('',#46,#231);
#231 = DEFINITIONAL_REPRESENTATION('',(#232),#236);
#232 = CIRCLE('',#233,2.72);
#233 = AXIS2_PLACEMENT_2D('',#234,#235);
#234 = CARTESIAN_POINT('',(-4.,-0.920415337026));
#235 = DIRECTION('',(1.,0.));
#236 = ( GEOMETRIC_REPRESENTATION_CONTEXT(2) 
PARAMETRIC_REPRESENTATION_CONTEXT() REPRESENTATION_CONTEXT('2D SPACE',''
  ) );
#237 = PCURVE('',#238,#243);
#238 = CONICAL_SURFACE('',#239,2.22,0.785398163397);
#239 = AXIS2_PLACEMENT_3D('',#240,#241,#242);
#240 = CARTESIAN_POINT('',(4.,4.,0.5));
#241 = DIRECTION('',(0.,0.,-1.));
#242 = DIRECTION('',(-1.,0.,0.));
#243 = DEFINITIONAL_REPRESENTATION('',(#244),#248);
#244 = LINE('',#245,#246);
#245 = CARTESIAN_POINT('',(0.,0.5));
#246 = VECTOR('',#247,1.);
#247 = DIRECTION('',(1.,0.));
#248 = ( GEOMETRIC_REPRESENTATION_CONTEXT(2) 
PARAMETRIC_REPRESENTATION_CONTEXT() REPRESENTATION_CONTEXT('2D SPACE',''
  ) );
#249 = FACE_BOUND('',#250,.T.);
#250 = EDGE_LOOP('',(#251));
#251 = ORIENTED_EDGE('',*,*,#252,.F.);
#252 = EDGE_CURVE('',#253,#253,#255,.T.);
#253 = VERTEX_POINT('',#254);
#254 = CARTESIAN_POINT('',(1.28,-4.,0.));
#255 = SURFACE_CURVE('',#256,(#261,#268),.PCURVE_S1.);
#256 = CIRCLE('',#257,2.72);
#257 = AXIS2_PLACEMENT_3D('',#258,#259,#260);
#258 = CARTESIAN_POINT('',(4.,-4.,0.));
#259 = DIRECTION('',(0.,0.,-1.));
#260 = DIRECTION('',(-1.,0.,0.));
#261 = PCURVE('',#46,#262);
#262 = DEFINITIONAL_REPRESENTATION('',(#263),#267);
#263 = CIRCLE('',#264,2.72);
#264 = AXIS2_PLACEMENT_2D('',#265,#266);
#265 = CARTESIAN_POINT('',(-4.,-8.920415337026));
#266 = DIRECTION('',(1.,0.));
#267 = ( GEOMETRIC_REPRESENTATION_CONTEXT(2) 
PARAMETRIC_REPRESENTATION_CONTEXT() REPRESENTATION_CONTEXT('2D SPACE',''
  ) );
#268 = PCURVE('',#269,#274);
#269 = CONICAL_SURFACE('',#270,2.22,0.785398163397);
#270 = AXIS2_PLACEMENT_3D('',#271,#272,#273);
#271 = CARTESIAN_POINT('',(4.,-4.,0.5));
#272 = DIRECTION('',(0.,0.,-1.));
#273 = DIRECTION('',(-1.,0.,0.));
#274 = DEFINITIONAL_REPRESENTATION('',(#275),#279);
#275 = LINE('',#276,#277);
#276 = CARTESIAN_POINT('',(0.,0.5));
#277 = VECTOR('',#278,1.);
#278 = DIRECTION('',(1.,0.));
#279 = ( GEOMETRIC_REPRESENTATION_CONTEXT(2) 
PARAMETRIC_REPRESENTATION_CONTEXT() REPRESENTATION_CONTEXT('2D SPACE',''
  ) );
#280 = ADVANCED_FACE('',(#281),#311,.T.);
#281 = FACE_BOUND('',#282,.T.);
#282 = EDGE_LOOP('',(#283,#404,#426,#461,#462));
#283 = ORIENTED_EDGE('',*,*,#284,.T.);
#284 = EDGE_CURVE('',#285,#287,#289,.T.);
#285 = VERTEX_POINT('',#286);
#286 = CARTESIAN_POINT('',(9.840830674051,1.E-15,1.849277796644));
#287 = VERTEX_POINT('',#288);
#288 = CARTESIAN_POINT('',(-9.840830674051,6.E-15,1.849277796644));
#289 = SURFACE_CURVE('',#290,(#310,#321),.PCURVE_S1.);
#290 = B_SPLINE_CURVE_WITH_KNOTS('',3,(#291,#292,#293,#294,#295,#296,
    #297,#298,#299,#300,#301,#302,#303,#304,#305,#306,#307,#308,#309),
  .UNSPECIFIED.,.T.,.F.,(1,1,1,1,1,1,1,1,1,1,1,1,1,1,1,1,1,1,1,1,1,1,1),
  (-0.1875,-0.125,-6.25E-02,0.,6.25E-02,0.125,0.1875,0.25,0.3125,0.375,
    0.4375,0.5,0.5625,0.625,0.6875,0.75,0.8125,0.875,0.9375,1.,1.0625,
    1.125,1.1875),.UNIFORM_KNOTS.);
#291 = CARTESIAN_POINT('',(9.328437038775,3.863965137204,1.849277796644)
  );
#292 = CARTESIAN_POINT('',(10.097027491689,-3.209E-14,1.849277796644));
#293 = CARTESIAN_POINT('',(9.328437038775,-3.863965137204,1.849277796644
    ));
#294 = CARTESIAN_POINT('',(7.1396766092,-7.1396766092,1.849277796644));
#295 = CARTESIAN_POINT('',(3.863965137204,-9.328437038775,1.849277796644
    ));
#296 = CARTESIAN_POINT('',(-1.518E-14,-10.09702749168,1.849277796644));
#297 = CARTESIAN_POINT('',(-3.863965137204,-9.328437038775,
    1.849277796644));
#298 = CARTESIAN_POINT('',(-7.1396766092,-7.1396766092,1.849277796644));
#299 = CARTESIAN_POINT('',(-9.328437038775,-3.863965137204,
    1.849277796644));
#300 = CARTESIAN_POINT('',(-10.09702749168,5.83E-15,1.849277796644));
#301 = CARTESIAN_POINT('',(-9.328437038775,3.863965137204,1.849277796644
    ));
#302 = CARTESIAN_POINT('',(-7.1396766092,7.1396766092,1.849277796644));
#303 = CARTESIAN_POINT('',(-3.863965137204,9.328437038775,1.849277796644
    ));
#304 = CARTESIAN_POINT('',(5.8E-15,10.097027491689,1.849277796644));
#305 = CARTESIAN_POINT('',(3.863965137204,9.328437038775,1.849277796644)
  );
#306 = CARTESIAN_POINT('',(7.1396766092,7.1396766092,1.849277796644));
#307 = CARTESIAN_POINT('',(9.328437038775,3.863965137204,1.849277796644)
  );
#308 = CARTESIAN_POINT('',(10.097027491689,-3.209E-14,1.849277796644));
#309 = CARTESIAN_POINT('',(9.328437038775,-3.863965137204,1.849277796644
    ));
#310 = PCURVE('',#311,#316);
#311 = CYLINDRICAL_SURFACE('',#312,9.840830674051);
#312 = AXIS2_PLACEMENT_3D('',#313,#314,#315);
#313 = CARTESIAN_POINT('',(0.,0.,2.));
#314 = DIRECTION('',(0.,0.,-1.));
#315 = DIRECTION('',(-1.,0.,0.));
#316 = DEFINITIONAL_REPRESENTATION('',(#317),#320);
#317 = B_SPLINE_CURVE_WITH_KNOTS('',1,(#318,#319),.UNSPECIFIED.,.F.,.F.,
  (2,2),(0.,1.),.PIECEWISE_BEZIER_KNOTS.);
#318 = CARTESIAN_POINT('',(3.14159265359,0.150722203356));
#319 = CARTESIAN_POINT('',(9.424777960769,0.150722203356));
#320 = ( GEOMETRIC_REPRESENTATION_CONTEXT(2) 
PARAMETRIC_REPRESENTATION_CONTEXT() REPRESENTATION_CONTEXT('2D SPACE',''
  ) );
#321 = PCURVE('',#322,#399);
#322 = B_SPLINE_SURFACE_WITH_KNOTS('',3,3,(
    (#323,#324,#325,#326,#327,#328,#329,#330,#331,#332,#333,#334,#335
      ,#336,#337,#338,#339,#340,#341)
    ,(#342,#343,#344,#345,#346,#347,#348,#349,#350,#351,#352,#353,#354
      ,#355,#356,#357,#358,#359,#360)
    ,(#361,#362,#363,#364,#365,#366,#367,#368,#369,#370,#371,#372,#373
      ,#374,#375,#376,#377,#378,#379)
    ,(#380,#381,#382,#383,#384,#385,#386,#387,#388,#389,#390,#391,#392
      ,#393,#394,#395,#396,#397,#398
    )),.UNSPECIFIED.,.F.,.T.,.F.,(4,4),(1,1,1,1,1,1,1,1,1,1,1,1,1,1,1,1,
    1,1,1,1,1,1,1),(0.,1.),(-1.178097245096,-0.785398163397,
    -0.392699081699,0.,0.392699081699,0.785398163397,1.178097245096,
    1.570796326795,1.963495408494,2.356194490192,2.748893571891,
    3.14159265359,3.534291735289,3.926990816987,4.319689898686,
    4.712388980385,5.105088062083,5.497787143782,5.890486225481,
    6.28318530718,6.675884388878,7.068583470577,7.461282552276),
  .UNSPECIFIED.);
#323 = CARTESIAN_POINT('',(-8.655166115698,3.585109670425,2.302924317388
    ));
#324 = CARTESIAN_POINT('',(-9.368288767558,-1.046E-14,2.302924317388));
#325 = CARTESIAN_POINT('',(-8.655166115698,-3.585109670425,
    2.302924317388));
#326 = CARTESIAN_POINT('',(-6.624364619391,-6.624418892628,
    2.302924317388));
#327 = CARTESIAN_POINT('',(-3.585055397188,-8.655220388935,
    2.302924317389));
#328 = CARTESIAN_POINT('',(5.427323656257E-05,-9.368343040795,
    2.302924317389));
#329 = CARTESIAN_POINT('',(3.585163943661,-8.655220388935,2.302924317388
    ));
#330 = CARTESIAN_POINT('',(6.624473165864,-6.624418892628,2.302924317388
    ));
#331 = CARTESIAN_POINT('',(8.655274662171,-3.585109670425,2.302924317388
    ));
#332 = CARTESIAN_POINT('',(9.368397314031,-2.958E-14,2.302924317388));
#333 = CARTESIAN_POINT('',(8.655274662171,3.585109670425,2.302924317388)
  );
#334 = CARTESIAN_POINT('',(6.624473165864,6.624418892628,2.302924317388)
  );
#335 = CARTESIAN_POINT('',(3.585163943661,8.655220388935,2.302924317388)
  );
#336 = CARTESIAN_POINT('',(5.427323657741E-05,9.368343040795,
    2.302924317388));
#337 = CARTESIAN_POINT('',(-3.585055397188,8.655220388935,2.302924317388
    ));
#338 = CARTESIAN_POINT('',(-6.624364619391,6.624418892628,2.302924317388
    ));
#339 = CARTESIAN_POINT('',(-8.655166115698,3.585109670425,2.302924317388
    ));
#340 = CARTESIAN_POINT('',(-9.368288767558,-1.046E-14,2.302924317388));
#341 = CARTESIAN_POINT('',(-8.655166115698,-3.585109670425,
    2.302924317388));
#342 = CARTESIAN_POINT('',(-9.104011513812,3.771027521733,2.522375007069
    ));
#343 = CARTESIAN_POINT('',(-9.854115525614,-1.214E-14,2.522375007069));
#344 = CARTESIAN_POINT('',(-9.104011513812,-3.771027521733,
    2.522375007069));
#345 = CARTESIAN_POINT('',(-6.967896014494,-6.967950287731,
    2.522375007069));
#346 = CARTESIAN_POINT('',(-3.770973248496,-9.104065787049,
    2.522375007069));
#347 = CARTESIAN_POINT('',(5.427323656543E-05,-9.854169798851,
    2.522375007069));
#348 = CARTESIAN_POINT('',(3.771081794969,-9.104065787049,2.522375007069
    ));
#349 = CARTESIAN_POINT('',(6.968004560968,-6.967950287731,2.522375007069
    ));
#350 = CARTESIAN_POINT('',(9.104120060286,-3.771027521733,2.522375007069
    ));
#351 = CARTESIAN_POINT('',(9.854224072087,-2.332E-14,2.522375007069));
#352 = CARTESIAN_POINT('',(9.104120060286,3.771027521733,2.522375007069)
  );
#353 = CARTESIAN_POINT('',(6.968004560968,6.967950287731,2.522375007069)
  );
#354 = CARTESIAN_POINT('',(3.771081794969,9.104065787049,2.522375007069)
  );
#355 = CARTESIAN_POINT('',(5.427323657582E-05,9.854169798851,
    2.522375007069));
#356 = CARTESIAN_POINT('',(-3.770973248496,9.104065787049,2.522375007069
    ));
#357 = CARTESIAN_POINT('',(-6.967896014494,6.967950287731,2.522375007069
    ));
#358 = CARTESIAN_POINT('',(-9.104011513812,3.771027521733,2.522375007069
    ));
#359 = CARTESIAN_POINT('',(-9.854115525614,-1.214E-14,2.522375007069));
#360 = CARTESIAN_POINT('',(-9.104011513812,-3.771027521733,
    2.522375007069));
#361 = CARTESIAN_POINT('',(-9.32843421287,3.863986447386,2.371159500154)
  );
#362 = CARTESIAN_POINT('',(-10.09702890464,-1.106E-14,2.371159500154));
#363 = CARTESIAN_POINT('',(-9.32843421287,-3.863986447386,2.371159500154
    ));
#364 = CARTESIAN_POINT('',(-7.139661712046,-7.139715985283,
    2.371159500155));
#365 = CARTESIAN_POINT('',(-3.86393217415,-9.328488486106,2.371159500155
    ));
#366 = CARTESIAN_POINT('',(5.427323656479E-05,-10.09708317787,
    2.371159500155));
#367 = CARTESIAN_POINT('',(3.864040720623,-9.328488486106,2.371159500155
    ));
#368 = CARTESIAN_POINT('',(7.139770258519,-7.139715985283,2.371159500154
    ));
#369 = CARTESIAN_POINT('',(9.328542759343,-3.863986447386,2.371159500154
    ));
#370 = CARTESIAN_POINT('',(10.097137451115,-2.585E-14,2.371159500154));
#371 = CARTESIAN_POINT('',(9.328542759343,3.863986447386,2.371159500154)
  );
#372 = CARTESIAN_POINT('',(7.139770258519,7.139715985283,2.371159500154)
  );
#373 = CARTESIAN_POINT('',(3.864040720623,9.328488486106,2.371159500154)
  );
#374 = CARTESIAN_POINT('',(5.427323657203E-05,10.097083177879,
    2.371159500154));
#375 = CARTESIAN_POINT('',(-3.86393217415,9.328488486106,2.371159500154)
  );
#376 = CARTESIAN_POINT('',(-7.139661712046,7.139715985283,2.371159500154
    ));
#377 = CARTESIAN_POINT('',(-9.32843421287,3.863986447386,2.371159500154)
  );
#378 = CARTESIAN_POINT('',(-10.09702890464,-1.106E-14,2.371159500154));
#379 = CARTESIAN_POINT('',(-9.32843421287,-3.863986447386,2.371159500154
    ));
#380 = CARTESIAN_POINT('',(-9.32843421287,3.863986447386,1.849277796644)
  );
#381 = CARTESIAN_POINT('',(-10.09702890464,-1.106E-14,1.849277796644));
#382 = CARTESIAN_POINT('',(-9.32843421287,-3.863986447386,1.849277796644
    ));
#383 = CARTESIAN_POINT('',(-7.139661712046,-7.139715985283,
    1.849277796644));
#384 = CARTESIAN_POINT('',(-3.86393217415,-9.328488486106,1.849277796644
    ));
#385 = CARTESIAN_POINT('',(5.427323655749E-05,-10.09708317787,
    1.849277796644));
#386 = CARTESIAN_POINT('',(3.864040720623,-9.328488486106,1.849277796644
    ));
#387 = CARTESIAN_POINT('',(7.139770258519,-7.139715985283,1.849277796644
    ));
#388 = CARTESIAN_POINT('',(9.328542759343,-3.863986447386,1.849277796644
    ));
#389 = CARTESIAN_POINT('',(10.097137451115,-4.084E-14,1.849277796644));
#390 = CARTESIAN_POINT('',(9.328542759343,3.863986447386,1.849277796644)
  );
#391 = CARTESIAN_POINT('',(7.139770258519,7.139715985283,1.849277796644)
  );
#392 = CARTESIAN_POINT('',(3.864040720623,9.328488486106,1.849277796644)
  );
#393 = CARTESIAN_POINT('',(5.427323658271E-05,10.097083177879,
    1.849277796644));
#394 = CARTESIAN_POINT('',(-3.86393217415,9.328488486106,1.849277796644)
  );
#395 = CARTESIAN_POINT('',(-7.139661712046,7.139715985283,1.849277796644
    ));
#396 = CARTESIAN_POINT('',(-9.32843421287,3.863986447386,1.849277796644)
  );
#397 = CARTESIAN_POINT('',(-10.09702890464,-1.106E-14,1.849277796644));
#398 = CARTESIAN_POINT('',(-9.32843421287,-3.863986447386,1.849277796644
    ));
#399 = DEFINITIONAL_REPRESENTATION('',(#400),#403);
#400 = B_SPLINE_CURVE_WITH_KNOTS('',1,(#401,#402),.UNSPECIFIED.,.F.,.F.,
  (2,2),(0.,0.5),.PIECEWISE_BEZIER_KNOTS.);
#401 = CARTESIAN_POINT('',(1.,3.14159265359));
#402 = CARTESIAN_POINT('',(1.,0.));
#403 = ( GEOMETRIC_REPRESENTATION_CONTEXT(2) 
PARAMETRIC_REPRESENTATION_CONTEXT() REPRESENTATION_CONTEXT('2D SPACE',''
  ) );
#404 = ORIENTED_EDGE('',*,*,#405,.T.);
#405 = EDGE_CURVE('',#287,#406,#408,.T.);
#406 = VERTEX_POINT('',#407);
#407 = CARTESIAN_POINT('',(-9.840830674051,-2.E-15,0.5));
#408 = SEAM_CURVE('',#409,(#412,#419),.PCURVE_S1.);
#409 = B_SPLINE_CURVE_WITH_KNOTS('',1,(#410,#411),.UNSPECIFIED.,.F.,.F.,
  (2,2),(0.150722203356,1.5),.PIECEWISE_BEZIER_KNOTS.);
#410 = CARTESIAN_POINT('',(-9.840830674051,0.,1.849277796644));
#411 = CARTESIAN_POINT('',(-9.840830674051,0.,0.5));
#412 = PCURVE('',#311,#413);
#413 = DEFINITIONAL_REPRESENTATION('',(#414),#418);
#414 = LINE('',#415,#416);
#415 = CARTESIAN_POINT('',(6.28318530718,0.));
#416 = VECTOR('',#417,1.);
#417 = DIRECTION('',(0.,1.));
#418 = ( GEOMETRIC_REPRESENTATION_CONTEXT(2) 
PARAMETRIC_REPRESENTATION_CONTEXT() REPRESENTATION_CONTEXT('2D SPACE',''
  ) );
#419 = PCURVE('',#311,#420);
#420 = DEFINITIONAL_REPRESENTATION('',(#421),#425);
#421 = LINE('',#422,#423);
#422 = CARTESIAN_POINT('',(0.,0.));
#423 = VECTOR('',#424,1.);
#424 = DIRECTION('',(0.,1.));
#425 = ( GEOMETRIC_REPRESENTATION_CONTEXT(2) 
PARAMETRIC_REPRESENTATION_CONTEXT() REPRESENTATION_CONTEXT('2D SPACE',''
  ) );
#426 = ORIENTED_EDGE('',*,*,#427,.T.);
#427 = EDGE_CURVE('',#406,#406,#428,.T.);
#428 = SURFACE_CURVE('',#429,(#449,#455),.PCURVE_S1.);
#429 = B_SPLINE_CURVE_WITH_KNOTS('',3,(#430,#431,#432,#433,#434,#435,
    #436,#437,#438,#439,#440,#441,#442,#443,#444,#445,#446,#447,#448),
  .UNSPECIFIED.,.T.,.F.,(1,1,1,1,1,1,1,1,1,1,1,1,1,1,1,1,1,1,1,1,1,1,1),
  (-0.1875,-0.125,-6.25E-02,0.,6.25E-02,0.125,0.1875,0.25,0.3125,0.375,
    0.4375,0.5,0.5625,0.625,0.6875,0.75,0.8125,0.875,0.9375,1.,1.0625,
    1.125,1.1875),.UNIFORM_KNOTS.);
#430 = CARTESIAN_POINT('',(-9.328437038775,3.863965137204,0.5));
#431 = CARTESIAN_POINT('',(-10.09702749168,5.779E-14,0.5));
#432 = CARTESIAN_POINT('',(-9.328437038775,-3.863965137204,0.5));
#433 = CARTESIAN_POINT('',(-7.1396766092,-7.1396766092,0.5));
#434 = CARTESIAN_POINT('',(-3.863965137204,-9.328437038775,0.5));
#435 = CARTESIAN_POINT('',(-3.325E-14,-10.09702749168,0.5));
#436 = CARTESIAN_POINT('',(3.863965137204,-9.328437038775,0.5));
#437 = CARTESIAN_POINT('',(7.1396766092,-7.1396766092,0.5));
#438 = CARTESIAN_POINT('',(9.328437038775,-3.863965137204,0.5));
#439 = CARTESIAN_POINT('',(10.097027491689,-2.101E-14,0.5));
#440 = CARTESIAN_POINT('',(9.328437038775,3.863965137204,0.5));
#441 = CARTESIAN_POINT('',(7.1396766092,7.1396766092,0.5));
#442 = CARTESIAN_POINT('',(3.863965137204,9.328437038775,0.5));
#443 = CARTESIAN_POINT('',(1.08E-14,10.097027491689,0.5));
#444 = CARTESIAN_POINT('',(-3.863965137204,9.328437038775,0.5));
#445 = CARTESIAN_POINT('',(-7.1396766092,7.1396766092,0.5));
#446 = CARTESIAN_POINT('',(-9.328437038775,3.863965137204,0.5));
#447 = CARTESIAN_POINT('',(-10.09702749168,5.779E-14,0.5));
#448 = CARTESIAN_POINT('',(-9.328437038775,-3.863965137204,0.5));
#449 = PCURVE('',#311,#450);
#450 = DEFINITIONAL_REPRESENTATION('',(#451),#454);
#451 = B_SPLINE_CURVE_WITH_KNOTS('',1,(#452,#453),.UNSPECIFIED.,.F.,.F.,
  (2,2),(0.,1.),.PIECEWISE_BEZIER_KNOTS.);
#452 = CARTESIAN_POINT('',(6.28318530718,1.5));
#453 = CARTESIAN_POINT('',(0.,1.5));
#454 = ( GEOMETRIC_REPRESENTATION_CONTEXT(2) 
PARAMETRIC_REPRESENTATION_CONTEXT() REPRESENTATION_CONTEXT('2D SPACE',''
  ) );
#455 = PCURVE('',#74,#456);
#456 = DEFINITIONAL_REPRESENTATION('',(#457),#460);
#457 = B_SPLINE_CURVE_WITH_KNOTS('',1,(#458,#459),.UNSPECIFIED.,.F.,.F.,
  (2,2),(0.,1.),.PIECEWISE_BEZIER_KNOTS.);
#458 = CARTESIAN_POINT('',(1.,3.14159265359));
#459 = CARTESIAN_POINT('',(1.,9.424777960769));
#460 = ( GEOMETRIC_REPRESENTATION_CONTEXT(2) 
PARAMETRIC_REPRESENTATION_CONTEXT() REPRESENTATION_CONTEXT('2D SPACE',''
  ) );
#461 = ORIENTED_EDGE('',*,*,#405,.F.);
#462 = ORIENTED_EDGE('',*,*,#463,.T.);
#463 = EDGE_CURVE('',#287,#285,#464,.T.);
#464 = SURFACE_CURVE('',#465,(#485,#491),.PCURVE_S1.);
#465 = B_SPLINE_CURVE_WITH_KNOTS('',3,(#466,#467,#468,#469,#470,#471,
    #472,#473,#474,#475,#476,#477,#478,#479,#480,#481,#482,#483,#484),
  .UNSPECIFIED.,.T.,.F.,(1,1,1,1,1,1,1,1,1,1,1,1,1,1,1,1,1,1,1,1,1,1,1),
  (-0.1875,-0.125,-6.25E-02,0.,6.25E-02,0.125,0.1875,0.25,0.3125,0.375,
    0.4375,0.5,0.5625,0.625,0.6875,0.75,0.8125,0.875,0.9375,1.,1.0625,
    1.125,1.1875),.UNIFORM_KNOTS.);
#466 = CARTESIAN_POINT('',(9.328437038775,3.863965137204,1.849277796644)
  );
#467 = CARTESIAN_POINT('',(10.097027491689,-3.209E-14,1.849277796644));
#468 = CARTESIAN_POINT('',(9.328437038775,-3.863965137204,1.849277796644
    ));
#469 = CARTESIAN_POINT('',(7.1396766092,-7.1396766092,1.849277796644));
#470 = CARTESIAN_POINT('',(3.863965137204,-9.328437038775,1.849277796644
    ));
#471 = CARTESIAN_POINT('',(-1.518E-14,-10.09702749168,1.849277796644));
#472 = CARTESIAN_POINT('',(-3.863965137204,-9.328437038775,
    1.849277796644));
#473 = CARTESIAN_POINT('',(-7.1396766092,-7.1396766092,1.849277796644));
#474 = CARTESIAN_POINT('',(-9.328437038775,-3.863965137204,
    1.849277796644));
#475 = CARTESIAN_POINT('',(-10.09702749168,5.83E-15,1.849277796644));
#476 = CARTESIAN_POINT('',(-9.328437038775,3.863965137204,1.849277796644
    ));
#477 = CARTESIAN_POINT('',(-7.1396766092,7.1396766092,1.849277796644));
#478 = CARTESIAN_POINT('',(-3.863965137204,9.328437038775,1.849277796644
    ));
#479 = CARTESIAN_POINT('',(5.8E-15,10.097027491689,1.849277796644));
#480 = CARTESIAN_POINT('',(3.863965137204,9.328437038775,1.849277796644)
  );
#481 = CARTESIAN_POINT('',(7.1396766092,7.1396766092,1.849277796644));
#482 = CARTESIAN_POINT('',(9.328437038775,3.863965137204,1.849277796644)
  );
#483 = CARTESIAN_POINT('',(10.097027491689,-3.209E-14,1.849277796644));
#484 = CARTESIAN_POINT('',(9.328437038775,-3.863965137204,1.849277796644
    ));
#485 = PCURVE('',#311,#486);
#486 = DEFINITIONAL_REPRESENTATION('',(#487),#490);
#487 = B_SPLINE_CURVE_WITH_KNOTS('',1,(#488,#489),.UNSPECIFIED.,.F.,.F.,
  (2,2),(0.,1.),.PIECEWISE_BEZIER_KNOTS.);
#488 = CARTESIAN_POINT('',(-3.14159265359,0.150722203356));
#489 = CARTESIAN_POINT('',(3.14159265359,0.150722203356));
#490 = ( GEOMETRIC_REPRESENTATION_CONTEXT(2) 
PARAMETRIC_REPRESENTATION_CONTEXT() REPRESENTATION_CONTEXT('2D SPACE',''
  ) );
#491 = PCURVE('',#322,#492);
#492 = DEFINITIONAL_REPRESENTATION('',(#493),#496);
#493 = B_SPLINE_CURVE_WITH_KNOTS('',1,(#494,#495),.UNSPECIFIED.,.F.,.F.,
  (2,2),(0.5,1.),.PIECEWISE_BEZIER_KNOTS.);
#494 = CARTESIAN_POINT('',(1.,6.28318530718));
#495 = CARTESIAN_POINT('',(1.,3.14159265359));
#496 = ( GEOMETRIC_REPRESENTATION_CONTEXT(2) 
PARAMETRIC_REPRESENTATION_CONTEXT() REPRESENTATION_CONTEXT('2D SPACE',''
  ) );
#497 = ADVANCED_FACE('',(#498),#528,.F.);
#498 = FACE_BOUND('',#499,.F.);
#499 = EDGE_LOOP('',(#500,#544,#571,#598,#599));
#500 = ORIENTED_EDGE('',*,*,#501,.F.);
#501 = EDGE_CURVE('',#502,#504,#506,.T.);
#502 = VERTEX_POINT('',#503);
#503 = CARTESIAN_POINT('',(-9.130581216938,0.,2.302924317388));
#504 = VERTEX_POINT('',#505);
#505 = CARTESIAN_POINT('',(9.130581216938,1.E-15,2.302924317388));
#506 = SURFACE_CURVE('',#507,(#527,#538),.PCURVE_S1.);
#507 = B_SPLINE_CURVE_WITH_KNOTS('',3,(#508,#509,#510,#511,#512,#513,
    #514,#515,#516,#517,#518,#519,#520,#521,#522,#523,#524,#525,#526),
  .UNSPECIFIED.,.T.,.F.,(1,1,1,1,1,1,1,1,1,1,1,1,1,1,1,1,1,1,1,1,1,1,1),
  (-0.1875,-0.125,-6.25E-02,0.,6.25E-02,0.125,0.1875,0.25,0.3125,0.375,
    0.4375,0.5,0.5625,0.625,0.6875,0.75,0.8125,0.875,0.9375,1.,1.0625,
    1.125,1.1875),.UNIFORM_KNOTS.);
#508 = CARTESIAN_POINT('',(8.655168941604,-3.585088360243,2.302924317388
    ));
#509 = CARTESIAN_POINT('',(9.368287354605,-3.339E-14,2.302924317388));
#510 = CARTESIAN_POINT('',(8.655168941604,3.585088360243,2.302924317388)
  );
#511 = CARTESIAN_POINT('',(6.624379516545,6.624379516545,2.302924317388)
  );
#512 = CARTESIAN_POINT('',(3.585088360243,8.655168941604,2.302924317388)
  );
#513 = CARTESIAN_POINT('',(1.195E-14,9.368287354605,2.302924317388));
#514 = CARTESIAN_POINT('',(-3.585088360243,8.655168941604,2.302924317388
    ));
#515 = CARTESIAN_POINT('',(-6.624379516545,6.624379516545,2.302924317388
    ));
#516 = CARTESIAN_POINT('',(-8.655168941604,3.585088360243,2.302924317388
    ));
#517 = CARTESIAN_POINT('',(-9.368287354605,3.4E-16,2.302924317388));
#518 = CARTESIAN_POINT('',(-8.655168941604,-3.585088360243,
    2.302924317388));
#519 = CARTESIAN_POINT('',(-6.624379516545,-6.624379516545,
    2.302924317388));
#520 = CARTESIAN_POINT('',(-3.585088360243,-8.655168941604,
    2.302924317388));
#521 = CARTESIAN_POINT('',(1.208E-14,-9.368287354605,2.302924317388));
#522 = CARTESIAN_POINT('',(3.585088360243,-8.655168941604,2.302924317388
    ));
#523 = CARTESIAN_POINT('',(6.624379516545,-6.624379516545,2.302924317388
    ));
#524 = CARTESIAN_POINT('',(8.655168941604,-3.585088360243,2.302924317388
    ));
#525 = CARTESIAN_POINT('',(9.368287354605,-3.339E-14,2.302924317388));
#526 = CARTESIAN_POINT('',(8.655168941604,3.585088360243,2.302924317388)
  );
#527 = PCURVE('',#528,#533);
#528 = TOROIDAL_SURFACE('',#529,8.770929022243,0.855298747577);
#529 = AXIS2_PLACEMENT_3D('',#530,#531,#532);
#530 = CARTESIAN_POINT('',(0.,0.,3.078930919459));
#531 = DIRECTION('',(0.,0.,-1.));
#532 = DIRECTION('',(-1.,0.,0.));
#533 = DEFINITIONAL_REPRESENTATION('',(#534),#537);
#534 = B_SPLINE_CURVE_WITH_KNOTS('',1,(#535,#536),.UNSPECIFIED.,.F.,.F.,
  (2,2),(0.,1.),.PIECEWISE_BEZIER_KNOTS.);
#535 = CARTESIAN_POINT('',(9.424777960769,7.419986490783));
#536 = CARTESIAN_POINT('',(3.14159265359,7.419986490783));
#537 = ( GEOMETRIC_REPRESENTATION_CONTEXT(2) 
PARAMETRIC_REPRESENTATION_CONTEXT() REPRESENTATION_CONTEXT('2D SPACE',''
  ) );
#538 = PCURVE('',#322,#539);
#539 = DEFINITIONAL_REPRESENTATION('',(#540),#543);
#540 = B_SPLINE_CURVE_WITH_KNOTS('',1,(#541,#542),.UNSPECIFIED.,.F.,.F.,
  (2,2),(0.5,1.),.PIECEWISE_BEZIER_KNOTS.);
#541 = CARTESIAN_POINT('',(-2.67E-15,0.));
#542 = CARTESIAN_POINT('',(-6.289832550121E-05,3.14159265359));
#543 = ( GEOMETRIC_REPRESENTATION_CONTEXT(2) 
PARAMETRIC_REPRESENTATION_CONTEXT() REPRESENTATION_CONTEXT('2D SPACE',''
  ) );
#544 = ORIENTED_EDGE('',*,*,#545,.T.);
#545 = EDGE_CURVE('',#502,#546,#548,.T.);
#546 = VERTEX_POINT('',#547);
#547 = CARTESIAN_POINT('',(-8.004404043518,0.,2.699490008911));
#548 = SEAM_CURVE('',#549,(#557,#564),.PCURVE_S1.);
#549 = ( BOUNDED_CURVE() B_SPLINE_CURVE(6,(#550,#551,#552,#553,#554,#555
,#556),.UNSPECIFIED.,.F.,.F.) B_SPLINE_CURVE_WITH_KNOTS((7,7),(
1.136801183604,2.681941464684),.PIECEWISE_BEZIER_KNOTS.) CURVE() 
GEOMETRIC_REPRESENTATION_ITEM() RATIONAL_B_SPLINE_CURVE((1.030358839555,
    1.009709020567,0.997991963327,0.994150758714,0.997991963327,
1.009709020567,1.030358839555)) REPRESENTATION_ITEM('') );
#550 = CARTESIAN_POINT('',(-9.130581216938,0.,2.302924317388));
#551 = CARTESIAN_POINT('',(-8.926655243865,0.,2.20841168879));
#552 = CARTESIAN_POINT('',(-8.698311117458,0.,2.180035883226));
#553 = CARTESIAN_POINT('',(-8.469442355954,0.,2.222761540911));
#554 = CARTESIAN_POINT('',(-8.264300024027,0.,2.332866106975));
#555 = CARTESIAN_POINT('',(-8.104116928306,0.,2.498055701839));
#556 = CARTESIAN_POINT('',(-8.004404043518,0.,2.699490008911));
#557 = PCURVE('',#528,#558);
#558 = DEFINITIONAL_REPRESENTATION('',(#559),#563);
#559 = LINE('',#560,#561);
#560 = CARTESIAN_POINT('',(6.28318530718,6.28318530718));
#561 = VECTOR('',#562,1.);
#562 = DIRECTION('',(0.,1.));
#563 = ( GEOMETRIC_REPRESENTATION_CONTEXT(2) 
PARAMETRIC_REPRESENTATION_CONTEXT() REPRESENTATION_CONTEXT('2D SPACE',''
  ) );
#564 = PCURVE('',#528,#565);
#565 = DEFINITIONAL_REPRESENTATION('',(#566),#570);
#566 = LINE('',#567,#568);
#567 = CARTESIAN_POINT('',(0.,6.28318530718));
#568 = VECTOR('',#569,1.);
#569 = DIRECTION('',(0.,1.));
#570 = ( GEOMETRIC_REPRESENTATION_CONTEXT(2) 
PARAMETRIC_REPRESENTATION_CONTEXT() REPRESENTATION_CONTEXT('2D SPACE',''
  ) );
#571 = ORIENTED_EDGE('',*,*,#572,.F.);
#572 = EDGE_CURVE('',#546,#546,#573,.T.);
#573 = SURFACE_CURVE('',#574,(#579,#586),.PCURVE_S1.);
#574 = CIRCLE('',#575,8.004404043518);
#575 = AXIS2_PLACEMENT_3D('',#576,#577,#578);
#576 = CARTESIAN_POINT('',(0.,0.,2.699490008911));
#577 = DIRECTION('',(0.,0.,-1.));
#578 = DIRECTION('',(-1.,0.,0.));
#579 = PCURVE('',#528,#580);
#580 = DEFINITIONAL_REPRESENTATION('',(#581),#585);
#581 = LINE('',#582,#583);
#582 = CARTESIAN_POINT('',(0.,8.965126771864));
#583 = VECTOR('',#584,1.);
#584 = DIRECTION('',(1.,0.));
#585 = ( GEOMETRIC_REPRESENTATION_CONTEXT(2) 
PARAMETRIC_REPRESENTATION_CONTEXT() REPRESENTATION_CONTEXT('2D SPACE',''
  ) );
#586 = PCURVE('',#587,#592);
#587 = TOROIDAL_SURFACE('',#588,7.237879064793,0.855298747577);
#588 = AXIS2_PLACEMENT_3D('',#589,#590,#591);
#589 = CARTESIAN_POINT('',(0.,0.,2.320049098362));
#590 = DIRECTION('',(0.,0.,-1.));
#591 = DIRECTION('',(-1.,0.,0.));
#592 = DEFINITIONAL_REPRESENTATION('',(#593),#597);
#593 = LINE('',#594,#595);
#594 = CARTESIAN_POINT('',(0.,5.823534118274));
#595 = VECTOR('',#596,1.);
#596 = DIRECTION('',(1.,0.));
#597 = ( GEOMETRIC_REPRESENTATION_CONTEXT(2) 
PARAMETRIC_REPRESENTATION_CONTEXT() REPRESENTATION_CONTEXT('2D SPACE',''
  ) );
#598 = ORIENTED_EDGE('',*,*,#545,.F.);
#599 = ORIENTED_EDGE('',*,*,#600,.F.);
#600 = EDGE_CURVE('',#504,#502,#601,.T.);
#601 = SURFACE_CURVE('',#602,(#622,#628),.PCURVE_S1.);
#602 = B_SPLINE_CURVE_WITH_KNOTS('',3,(#603,#604,#605,#606,#607,#608,
    #609,#610,#611,#612,#613,#614,#615,#616,#617,#618,#619,#620,#621),
  .UNSPECIFIED.,.T.,.F.,(1,1,1,1,1,1,1,1,1,1,1,1,1,1,1,1,1,1,1,1,1,1,1),
  (-0.1875,-0.125,-6.25E-02,0.,6.25E-02,0.125,0.1875,0.25,0.3125,0.375,
    0.4375,0.5,0.5625,0.625,0.6875,0.75,0.8125,0.875,0.9375,1.,1.0625,
    1.125,1.1875),.UNIFORM_KNOTS.);
#603 = CARTESIAN_POINT('',(8.655168941604,-3.585088360243,2.302924317388
    ));
#604 = CARTESIAN_POINT('',(9.368287354605,-3.339E-14,2.302924317388));
#605 = CARTESIAN_POINT('',(8.655168941604,3.585088360243,2.302924317388)
  );
#606 = CARTESIAN_POINT('',(6.624379516545,6.624379516545,2.302924317388)
  );
#607 = CARTESIAN_POINT('',(3.585088360243,8.655168941604,2.302924317388)
  );
#608 = CARTESIAN_POINT('',(1.195E-14,9.368287354605,2.302924317388));
#609 = CARTESIAN_POINT('',(-3.585088360243,8.655168941604,2.302924317388
    ));
#610 = CARTESIAN_POINT('',(-6.624379516545,6.624379516545,2.302924317388
    ));
#611 = CARTESIAN_POINT('',(-8.655168941604,3.585088360243,2.302924317388
    ));
#612 = CARTESIAN_POINT('',(-9.368287354605,3.4E-16,2.302924317388));
#613 = CARTESIAN_POINT('',(-8.655168941604,-3.585088360243,
    2.302924317388));
#614 = CARTESIAN_POINT('',(-6.624379516545,-6.624379516545,
    2.302924317388));
#615 = CARTESIAN_POINT('',(-3.585088360243,-8.655168941604,
    2.302924317388));
#616 = CARTESIAN_POINT('',(1.208E-14,-9.368287354605,2.302924317388));
#617 = CARTESIAN_POINT('',(3.585088360243,-8.655168941604,2.302924317388
    ));
#618 = CARTESIAN_POINT('',(6.624379516545,-6.624379516545,2.302924317388
    ));
#619 = CARTESIAN_POINT('',(8.655168941604,-3.585088360243,2.302924317388
    ));
#620 = CARTESIAN_POINT('',(9.368287354605,-3.339E-14,2.302924317388));
#621 = CARTESIAN_POINT('',(8.655168941604,3.585088360243,2.302924317388)
  );
#622 = PCURVE('',#528,#623);
#623 = DEFINITIONAL_REPRESENTATION('',(#624),#627);
#624 = B_SPLINE_CURVE_WITH_KNOTS('',1,(#625,#626),.UNSPECIFIED.,.F.,.F.,
  (2,2),(0.,1.),.PIECEWISE_BEZIER_KNOTS.);
#625 = CARTESIAN_POINT('',(3.14159265359,7.419986490783));
#626 = CARTESIAN_POINT('',(-3.14159265359,7.419986490783));
#627 = ( GEOMETRIC_REPRESENTATION_CONTEXT(2) 
PARAMETRIC_REPRESENTATION_CONTEXT() REPRESENTATION_CONTEXT('2D SPACE',''
  ) );
#628 = PCURVE('',#322,#629);
#629 = DEFINITIONAL_REPRESENTATION('',(#630),#633);
#630 = B_SPLINE_CURVE_WITH_KNOTS('',1,(#631,#632),.UNSPECIFIED.,.F.,.F.,
  (2,2),(0.,0.5),.PIECEWISE_BEZIER_KNOTS.);
#631 = CARTESIAN_POINT('',(-6.289832549942E-05,3.14159265359));
#632 = CARTESIAN_POINT('',(-7.3E-16,6.28318530718));
#633 = ( GEOMETRIC_REPRESENTATION_CONTEXT(2) 
PARAMETRIC_REPRESENTATION_CONTEXT() REPRESENTATION_CONTEXT('2D SPACE',''
  ) );
#634 = ADVANCED_FACE('',(#635),#587,.T.);
#635 = FACE_BOUND('',#636,.T.);
#636 = EDGE_LOOP('',(#637,#666,#691,#692));
#637 = ORIENTED_EDGE('',*,*,#638,.T.);
#638 = EDGE_CURVE('',#639,#639,#641,.T.);
#639 = VERTEX_POINT('',#640);
#640 = CARTESIAN_POINT('',(-7.43027941984,0.,3.153426594449));
#641 = SURFACE_CURVE('',#642,(#647,#654),.PCURVE_S1.);
#642 = CIRCLE('',#643,7.43027941984);
#643 = AXIS2_PLACEMENT_3D('',#644,#645,#646);
#644 = CARTESIAN_POINT('',(0.,0.,3.153426594449));
#645 = DIRECTION('',(0.,0.,-1.));
#646 = DIRECTION('',(-1.,0.,0.));
#647 = PCURVE('',#587,#648);
#648 = DEFINITIONAL_REPRESENTATION('',(#649),#653);
#649 = LINE('',#650,#651);
#650 = CARTESIAN_POINT('',(0.,4.939281783144));
#651 = VECTOR('',#652,1.);
#652 = DIRECTION('',(1.,0.));
#653 = ( GEOMETRIC_REPRESENTATION_CONTEXT(2) 
PARAMETRIC_REPRESENTATION_CONTEXT() REPRESENTATION_CONTEXT('2D SPACE',''
  ) );
#654 = PCURVE('',#655,#660);
#655 = TOROIDAL_SURFACE('',#656,7.29483508624,0.602105795837);
#656 = AXIS2_PLACEMENT_3D('',#657,#658,#659);
#657 = CARTESIAN_POINT('',(0.,0.,2.566752731152));
#658 = DIRECTION('',(0.,0.,-1.));
#659 = DIRECTION('',(-1.,0.,0.));
#660 = DEFINITIONAL_REPRESENTATION('',(#661),#665);
#661 = LINE('',#662,#663);
#662 = CARTESIAN_POINT('',(0.,4.939281783144));
#663 = VECTOR('',#664,1.);
#664 = DIRECTION('',(1.,0.));
#665 = ( GEOMETRIC_REPRESENTATION_CONTEXT(2) 
PARAMETRIC_REPRESENTATION_CONTEXT() REPRESENTATION_CONTEXT('2D SPACE',''
  ) );
#666 = ORIENTED_EDGE('',*,*,#667,.T.);
#667 = EDGE_CURVE('',#639,#546,#668,.T.);
#668 = SEAM_CURVE('',#669,(#677,#684),.PCURVE_S1.);
#669 = ( BOUNDED_CURVE() B_SPLINE_CURVE(6,(#670,#671,#672,#673,#674,#675
,#676),.UNSPECIFIED.,.F.,.F.) B_SPLINE_CURVE_WITH_KNOTS((7,7),(
4.939281783144,5.823534118274),.PIECEWISE_BEZIER_KNOTS.) CURVE() 
GEOMETRIC_REPRESENTATION_ITEM() RATIONAL_B_SPLINE_CURVE((1.009828597128,
    1.003233227399,0.999345315019,0.998059231319,0.999345315019,
1.003233227399,1.009828597128)) REPRESENTATION_ITEM('') );
#670 = CARTESIAN_POINT('',(-7.43027941984,0.,3.153426594449));
#671 = CARTESIAN_POINT('',(-7.553906162755,0.,3.124885111938));
#672 = CARTESIAN_POINT('',(-7.671482337738,0.,3.074622152388));
#673 = CARTESIAN_POINT('',(-7.778807573688,0.,3.004198352905));
#674 = CARTESIAN_POINT('',(-7.872088210421,0.,2.916011388924));
#675 = CARTESIAN_POINT('',(-7.948116173831,0.,2.813199566617));
#676 = CARTESIAN_POINT('',(-8.004404043518,0.,2.699490008911));
#677 = PCURVE('',#587,#678);
#678 = DEFINITIONAL_REPRESENTATION('',(#679),#683);
#679 = LINE('',#680,#681);
#680 = CARTESIAN_POINT('',(6.28318530718,0.));
#681 = VECTOR('',#682,1.);
#682 = DIRECTION('',(0.,1.));
#683 = ( GEOMETRIC_REPRESENTATION_CONTEXT(2) 
PARAMETRIC_REPRESENTATION_CONTEXT() REPRESENTATION_CONTEXT('2D SPACE',''
  ) );
#684 = PCURVE('',#587,#685);
#685 = DEFINITIONAL_REPRESENTATION('',(#686),#690);
#686 = LINE('',#687,#688);
#687 = CARTESIAN_POINT('',(0.,0.));
#688 = VECTOR('',#689,1.);
#689 = DIRECTION('',(0.,1.));
#690 = ( GEOMETRIC_REPRESENTATION_CONTEXT(2) 
PARAMETRIC_REPRESENTATION_CONTEXT() REPRESENTATION_CONTEXT('2D SPACE',''
  ) );
#691 = ORIENTED_EDGE('',*,*,#572,.F.);
#692 = ORIENTED_EDGE('',*,*,#667,.F.);
#693 = ADVANCED_FACE('',(#694),#655,.T.);
#694 = FACE_BOUND('',#695,.T.);
#695 = EDGE_LOOP('',(#696,#725,#750,#751));
#696 = ORIENTED_EDGE('',*,*,#697,.T.);
#697 = EDGE_CURVE('',#698,#698,#700,.T.);
#698 = VERTEX_POINT('',#699);
#699 = CARTESIAN_POINT('',(-6.891969067233,0.,3.014223802966));
#700 = SURFACE_CURVE('',#701,(#706,#713),.PCURVE_S1.);
#701 = CIRCLE('',#702,6.891969067233);
#702 = AXIS2_PLACEMENT_3D('',#703,#704,#705);
#703 = CARTESIAN_POINT('',(0.,0.,3.014223802966));
#704 = DIRECTION('',(0.,0.,-1.));
#705 = DIRECTION('',(-1.,0.,0.));
#706 = PCURVE('',#655,#707);
#707 = DEFINITIONAL_REPRESENTATION('',(#708),#712);
#708 = LINE('',#709,#710);
#709 = CARTESIAN_POINT('',(0.,3.979398513761));
#710 = VECTOR('',#711,1.);
#711 = DIRECTION('',(1.,0.));
#712 = ( GEOMETRIC_REPRESENTATION_CONTEXT(2) 
PARAMETRIC_REPRESENTATION_CONTEXT() REPRESENTATION_CONTEXT('2D SPACE',''
  ) );
#713 = PCURVE('',#714,#719);
#714 = TOROIDAL_SURFACE('',#715,6.319692892714,0.855298747577);
#715 = AXIS2_PLACEMENT_3D('',#716,#717,#718);
#716 = CARTESIAN_POINT('',(0.,0.,3.649862007989));
#717 = DIRECTION('',(0.,0.,-1.));
#718 = DIRECTION('',(-1.,0.,0.));
#719 = DEFINITIONAL_REPRESENTATION('',(#720),#724);
#720 = LINE('',#721,#722);
#721 = CARTESIAN_POINT('',(0.,7.120991167351));
#722 = VECTOR('',#723,1.);
#723 = DIRECTION('',(1.,0.));
#724 = ( GEOMETRIC_REPRESENTATION_CONTEXT(2) 
PARAMETRIC_REPRESENTATION_CONTEXT() REPRESENTATION_CONTEXT('2D SPACE',''
  ) );
#725 = ORIENTED_EDGE('',*,*,#726,.T.);
#726 = EDGE_CURVE('',#698,#639,#727,.T.);
#727 = SEAM_CURVE('',#728,(#736,#743),.PCURVE_S1.);
#728 = ( BOUNDED_CURVE() B_SPLINE_CURVE(6,(#729,#730,#731,#732,#733,#734
,#735),.UNSPECIFIED.,.F.,.F.) B_SPLINE_CURVE_WITH_KNOTS((7,7),(
3.979398513761,4.939281783144),.PIECEWISE_BEZIER_KNOTS.) CURVE() 
GEOMETRIC_REPRESENTATION_ITEM() RATIONAL_B_SPLINE_CURVE((1.011593377811,
    1.003804661893,0.999228016444,0.997715840417,0.999228016444,
1.003804661893,1.011593377811)) REPRESENTATION_ITEM('') );
#729 = CARTESIAN_POINT('',(-6.891969067233,0.,3.014223802966));
#730 = CARTESIAN_POINT('',(-6.964111170632,0.,3.07917459829));
#731 = CARTESIAN_POINT('',(-7.04810114501,0.,3.129601702829));
#732 = CARTESIAN_POINT('',(-7.140586564929,0.,3.163246343178));
#733 = CARTESIAN_POINT('',(-7.237788117981,0.,3.178653250914));
#734 = CARTESIAN_POINT('',(-7.335694788177,0.,3.175263177269));
#735 = CARTESIAN_POINT('',(-7.43027941984,0.,3.153426594449));
#736 = PCURVE('',#655,#737);
#737 = DEFINITIONAL_REPRESENTATION('',(#738),#742);
#738 = LINE('',#739,#740);
#739 = CARTESIAN_POINT('',(6.28318530718,0.));
#740 = VECTOR('',#741,1.);
#741 = DIRECTION('',(0.,1.));
#742 = ( GEOMETRIC_REPRESENTATION_CONTEXT(2) 
PARAMETRIC_REPRESENTATION_CONTEXT() REPRESENTATION_CONTEXT('2D SPACE',''
  ) );
#743 = PCURVE('',#655,#744);
#744 = DEFINITIONAL_REPRESENTATION('',(#745),#749);
#745 = LINE('',#746,#747);
#746 = CARTESIAN_POINT('',(0.,0.));
#747 = VECTOR('',#748,1.);
#748 = DIRECTION('',(0.,1.));
#749 = ( GEOMETRIC_REPRESENTATION_CONTEXT(2) 
PARAMETRIC_REPRESENTATION_CONTEXT() REPRESENTATION_CONTEXT('2D SPACE',''
  ) );
#750 = ORIENTED_EDGE('',*,*,#638,.F.);
#751 = ORIENTED_EDGE('',*,*,#726,.F.);
#752 = ADVANCED_FACE('',(#753),#714,.F.);
#753 = FACE_BOUND('',#754,.F.);
#754 = EDGE_LOOP('',(#755,#756,#783,#810));
#755 = ORIENTED_EDGE('',*,*,#697,.T.);
#756 = ORIENTED_EDGE('',*,*,#757,.T.);
#757 = EDGE_CURVE('',#698,#758,#760,.T.);
#758 = VERTEX_POINT('',#759);
#759 = CARTESIAN_POINT('',(-5.584029265227,0.,3.213588040396));
#760 = SEAM_CURVE('',#761,(#769,#776),.PCURVE_S1.);
#761 = ( BOUNDED_CURVE() B_SPLINE_CURVE(6,(#762,#763,#764,#765,#766,#767
,#768),.UNSPECIFIED.,.F.,.F.) B_SPLINE_CURVE_WITH_KNOTS((7,7),(
0.837805860171,2.606310530431),.PIECEWISE_BEZIER_KNOTS.) CURVE() 
GEOMETRIC_REPRESENTATION_ITEM() RATIONAL_B_SPLINE_CURVE((1.039983575059,
    1.012615272741,0.997370238255,0.992377121467,0.997370238255,
1.012615272741,1.039983575059)) REPRESENTATION_ITEM('') );
#762 = CARTESIAN_POINT('',(-6.891969067233,0.,3.014223802966));
#763 = CARTESIAN_POINT('',(-6.699552293023,0.,2.840987621459));
#764 = CARTESIAN_POINT('',(-6.451374089851,0.,2.742654660025));
#765 = CARTESIAN_POINT('',(-6.180382050486,0.,2.73590573504));
#766 = CARTESIAN_POINT('',(-5.923707110389,0.,2.823084909809));
#767 = CARTESIAN_POINT('',(-5.716095633882,0.,2.990892140455));
#768 = CARTESIAN_POINT('',(-5.584029265227,0.,3.213588040396));
#769 = PCURVE('',#714,#770);
#770 = DEFINITIONAL_REPRESENTATION('',(#771),#775);
#771 = LINE('',#772,#773);
#772 = CARTESIAN_POINT('',(6.28318530718,6.28318530718));
#773 = VECTOR('',#774,1.);
#774 = DIRECTION('',(0.,1.));
#775 = ( GEOMETRIC_REPRESENTATION_CONTEXT(2) 
PARAMETRIC_REPRESENTATION_CONTEXT() REPRESENTATION_CONTEXT('2D SPACE',''
  ) );
#776 = PCURVE('',#714,#777);
#777 = DEFINITIONAL_REPRESENTATION('',(#778),#782);
#778 = LINE('',#779,#780);
#779 = CARTESIAN_POINT('',(0.,6.28318530718));
#780 = VECTOR('',#781,1.);
#781 = DIRECTION('',(0.,1.));
#782 = ( GEOMETRIC_REPRESENTATION_CONTEXT(2) 
PARAMETRIC_REPRESENTATION_CONTEXT() REPRESENTATION_CONTEXT('2D SPACE',''
  ) );
#783 = ORIENTED_EDGE('',*,*,#784,.F.);
#784 = EDGE_CURVE('',#758,#758,#785,.T.);
#785 = SURFACE_CURVE('',#786,(#791,#798),.PCURVE_S1.);
#786 = CIRCLE('',#787,5.584029265227);
#787 = AXIS2_PLACEMENT_3D('',#788,#789,#790);
#788 = CARTESIAN_POINT('',(0.,0.,3.213588040396));
#789 = DIRECTION('',(0.,0.,-1.));
#790 = DIRECTION('',(-1.,0.,0.));
#791 = PCURVE('',#714,#792);
#792 = DEFINITIONAL_REPRESENTATION('',(#793),#797);
#793 = LINE('',#794,#795);
#794 = CARTESIAN_POINT('',(0.,8.889495837611));
#795 = VECTOR('',#796,1.);
#796 = DIRECTION('',(1.,0.));
#797 = ( GEOMETRIC_REPRESENTATION_CONTEXT(2) 
PARAMETRIC_REPRESENTATION_CONTEXT() REPRESENTATION_CONTEXT('2D SPACE',''
  ) );
#798 = PCURVE('',#799,#804);
#799 = TOROIDAL_SURFACE('',#800,4.848365637739,0.855298747577);
#800 = AXIS2_PLACEMENT_3D('',#801,#802,#803);
#801 = CARTESIAN_POINT('',(0.,0.,2.777314072804));
#802 = DIRECTION('',(0.,0.,-1.));
#803 = DIRECTION('',(-1.,0.,0.));
#804 = DEFINITIONAL_REPRESENTATION('',(#805),#809);
#805 = LINE('',#806,#807);
#806 = CARTESIAN_POINT('',(0.,5.747903184021));
#807 = VECTOR('',#808,1.);
#808 = DIRECTION('',(1.,0.));
#809 = ( GEOMETRIC_REPRESENTATION_CONTEXT(2) 
PARAMETRIC_REPRESENTATION_CONTEXT() REPRESENTATION_CONTEXT('2D SPACE',''
  ) );
#810 = ORIENTED_EDGE('',*,*,#757,.F.);
#811 = ADVANCED_FACE('',(#812),#799,.T.);
#812 = FACE_BOUND('',#813,.T.);
#813 = EDGE_LOOP('',(#814,#843,#868,#869));
#814 = ORIENTED_EDGE('',*,*,#815,.T.);
#815 = EDGE_CURVE('',#816,#816,#818,.T.);
#816 = VERTEX_POINT('',#817);
#817 = CARTESIAN_POINT('',(-4.977246938704,0.,3.622846779367));
#818 = SURFACE_CURVE('',#819,(#824,#831),.PCURVE_S1.);
#819 = CIRCLE('',#820,4.977246938704);
#820 = AXIS2_PLACEMENT_3D('',#821,#822,#823);
#821 = CARTESIAN_POINT('',(0.,0.,3.622846779367));
#822 = DIRECTION('',(0.,0.,-1.));
#823 = DIRECTION('',(-1.,0.,0.));
#824 = PCURVE('',#799,#825);
#825 = DEFINITIONAL_REPRESENTATION('',(#826),#830);
#826 = LINE('',#827,#828);
#827 = CARTESIAN_POINT('',(0.,4.863650848891));
#828 = VECTOR('',#829,1.);
#829 = DIRECTION('',(1.,0.));
#830 = ( GEOMETRIC_REPRESENTATION_CONTEXT(2) 
PARAMETRIC_REPRESENTATION_CONTEXT() REPRESENTATION_CONTEXT('2D SPACE',''
  ) );
#831 = PCURVE('',#832,#837);
#832 = TOROIDAL_SURFACE('',#833,4.886518198009,0.602105795837);
#833 = AXIS2_PLACEMENT_3D('',#834,#835,#836);
#834 = CARTESIAN_POINT('',(0.,0.,3.027615996399));
#835 = DIRECTION('',(0.,0.,-1.));
#836 = DIRECTION('',(-1.,0.,0.));
#837 = DEFINITIONAL_REPRESENTATION('',(#838),#842);
#838 = LINE('',#839,#840);
#839 = CARTESIAN_POINT('',(0.,4.863650848891));
#840 = VECTOR('',#841,1.);
#841 = DIRECTION('',(1.,0.));
#842 = ( GEOMETRIC_REPRESENTATION_CONTEXT(2) 
PARAMETRIC_REPRESENTATION_CONTEXT() REPRESENTATION_CONTEXT('2D SPACE',''
  ) );
#843 = ORIENTED_EDGE('',*,*,#844,.T.);
#844 = EDGE_CURVE('',#816,#758,#845,.T.);
#845 = SEAM_CURVE('',#846,(#854,#861),.PCURVE_S1.);
#846 = ( BOUNDED_CURVE() B_SPLINE_CURVE(6,(#847,#848,#849,#850,#851,#852
,#853),.UNSPECIFIED.,.F.,.F.) B_SPLINE_CURVE_WITH_KNOTS((7,7),(
4.863650848891,5.747903184021),.PIECEWISE_BEZIER_KNOTS.) CURVE() 
GEOMETRIC_REPRESENTATION_ITEM() RATIONAL_B_SPLINE_CURVE((1.009828597128,
    1.003233227399,0.999345315019,0.998059231319,0.999345315019,
1.003233227399,1.009828597128)) REPRESENTATION_ITEM('') );
#847 = CARTESIAN_POINT('',(-4.977246938704,0.,3.622846779367));
#848 = CARTESIAN_POINT('',(-5.102676836957,0.,3.60372798202));
#849 = CARTESIAN_POINT('',(-5.223714713659,0.,3.562492627896));
#850 = CARTESIAN_POINT('',(-5.336054285176,0.,3.500379517551));
#851 = CARTESIAN_POINT('',(-5.435731570489,0.,3.41949282768));
#852 = CARTESIAN_POINT('',(-5.519310539457,0.,3.322719494718));
#853 = CARTESIAN_POINT('',(-5.584029265227,0.,3.213588040396));
#854 = PCURVE('',#799,#855);
#855 = DEFINITIONAL_REPRESENTATION('',(#856),#860);
#856 = LINE('',#857,#858);
#857 = CARTESIAN_POINT('',(6.28318530718,0.));
#858 = VECTOR('',#859,1.);
#859 = DIRECTION('',(0.,1.));
#860 = ( GEOMETRIC_REPRESENTATION_CONTEXT(2) 
PARAMETRIC_REPRESENTATION_CONTEXT() REPRESENTATION_CONTEXT('2D SPACE',''
  ) );
#861 = PCURVE('',#799,#862);
#862 = DEFINITIONAL_REPRESENTATION('',(#863),#867);
#863 = LINE('',#864,#865);
#864 = CARTESIAN_POINT('',(0.,0.));
#865 = VECTOR('',#866,1.);
#866 = DIRECTION('',(0.,1.));
#867 = ( GEOMETRIC_REPRESENTATION_CONTEXT(2) 
PARAMETRIC_REPRESENTATION_CONTEXT() REPRESENTATION_CONTEXT('2D SPACE',''
  ) );
#868 = ORIENTED_EDGE('',*,*,#784,.F.);
#869 = ORIENTED_EDGE('',*,*,#844,.F.);
#870 = ADVANCED_FACE('',(#871),#832,.T.);
#871 = FACE_BOUND('',#872,.T.);
#872 = EDGE_LOOP('',(#873,#902,#927,#928));
#873 = ORIENTED_EDGE('',*,*,#874,.T.);
#874 = EDGE_CURVE('',#875,#875,#877,.T.);
#875 = VERTEX_POINT('',#876);
#876 = CARTESIAN_POINT('',(-4.450993433506,0.,3.443367808044));
#877 = SURFACE_CURVE('',#878,(#883,#890),.PCURVE_S1.);
#878 = CIRCLE('',#879,4.450993433506);
#879 = AXIS2_PLACEMENT_3D('',#880,#881,#882);
#880 = CARTESIAN_POINT('',(0.,0.,3.443367808044));
#881 = DIRECTION('',(0.,0.,-1.));
#882 = DIRECTION('',(-1.,0.,0.));
#883 = PCURVE('',#832,#884);
#884 = DEFINITIONAL_REPRESENTATION('',(#885),#889);
#885 = LINE('',#886,#887);
#886 = CARTESIAN_POINT('',(0.,3.903767579508));
#887 = VECTOR('',#888,1.);
#888 = DIRECTION('',(1.,0.));
#889 = ( GEOMETRIC_REPRESENTATION_CONTEXT(2) 
PARAMETRIC_REPRESENTATION_CONTEXT() REPRESENTATION_CONTEXT('2D SPACE',''
  ) );
#890 = PCURVE('',#891,#896);
#891 = TOROIDAL_SURFACE('',#892,3.832325106124,0.855298747577);
#892 = AXIS2_PLACEMENT_3D('',#893,#894,#895);
#893 = CARTESIAN_POINT('',(0.,0.,4.033948410757));
#894 = DIRECTION('',(0.,0.,-1.));
#895 = DIRECTION('',(-1.,0.,0.));
#896 = DEFINITIONAL_REPRESENTATION('',(#897),#901);
#897 = LINE('',#898,#899);
#898 = CARTESIAN_POINT('',(0.,7.045360233098));
#899 = VECTOR('',#900,1.);
#900 = DIRECTION('',(1.,0.));
#901 = ( GEOMETRIC_REPRESENTATION_CONTEXT(2) 
PARAMETRIC_REPRESENTATION_CONTEXT() REPRESENTATION_CONTEXT('2D SPACE',''
  ) );
#902 = ORIENTED_EDGE('',*,*,#903,.T.);
#903 = EDGE_CURVE('',#875,#816,#904,.T.);
#904 = SEAM_CURVE('',#905,(#913,#920),.PCURVE_S1.);
#905 = ( BOUNDED_CURVE() B_SPLINE_CURVE(6,(#906,#907,#908,#909,#910,#911
,#912),.UNSPECIFIED.,.F.,.F.) B_SPLINE_CURVE_WITH_KNOTS((7,7),(
3.903767579508,4.863650848891),.PIECEWISE_BEZIER_KNOTS.) CURVE() 
GEOMETRIC_REPRESENTATION_ITEM() RATIONAL_B_SPLINE_CURVE((1.011593377811,
    1.003804661893,0.999228016444,0.997715840417,0.999228016444,
1.003804661893,1.011593377811)) REPRESENTATION_ITEM('') );
#906 = CARTESIAN_POINT('',(-4.450993433506,0.,3.443367808044));
#907 = CARTESIAN_POINT('',(-4.518021699852,0.,3.51358390596));
#908 = CARTESIAN_POINT('',(-4.597961361605,0.,3.570213042869));
#909 = CARTESIAN_POINT('',(-4.687640247085,0.,3.610749597001));
#910 = CARTESIAN_POINT('',(-4.783399806051,0.,3.633456899536));
#911 = CARTESIAN_POINT('',(-4.881282744825,0.,3.637474232637));
#912 = CARTESIAN_POINT('',(-4.977246938704,0.,3.622846779367));
#913 = PCURVE('',#832,#914);
#914 = DEFINITIONAL_REPRESENTATION('',(#915),#919);
#915 = LINE('',#916,#917);
#916 = CARTESIAN_POINT('',(6.28318530718,0.));
#917 = VECTOR('',#918,1.);
#918 = DIRECTION('',(0.,1.));
#919 = ( GEOMETRIC_REPRESENTATION_CONTEXT(2) 
PARAMETRIC_REPRESENTATION_CONTEXT() REPRESENTATION_CONTEXT('2D SPACE',''
  ) );
#920 = PCURVE('',#832,#921);
#921 = DEFINITIONAL_REPRESENTATION('',(#922),#926);
#922 = LINE('',#923,#924);
#923 = CARTESIAN_POINT('',(0.,0.));
#924 = VECTOR('',#925,1.);
#925 = DIRECTION('',(0.,1.));
#926 = ( GEOMETRIC_REPRESENTATION_CONTEXT(2) 
PARAMETRIC_REPRESENTATION_CONTEXT() REPRESENTATION_CONTEXT('2D SPACE',''
  ) );
#927 = ORIENTED_EDGE('',*,*,#815,.F.);
#928 = ORIENTED_EDGE('',*,*,#903,.F.);
#929 = ADVANCED_FACE('',(#930),#891,.F.);
#930 = FACE_BOUND('',#931,.F.);
#931 = EDGE_LOOP('',(#932,#933,#960,#987));
#932 = ORIENTED_EDGE('',*,*,#874,.T.);
#933 = ORIENTED_EDGE('',*,*,#934,.T.);
#934 = EDGE_CURVE('',#875,#935,#937,.T.);
#935 = VERTEX_POINT('',#936);
#936 = CARTESIAN_POINT('',(-3.131728848481,0.,3.543335700583));
#937 = SEAM_CURVE('',#938,(#946,#953),.PCURVE_S1.);
#938 = ( BOUNDED_CURVE() B_SPLINE_CURVE(6,(#939,#940,#941,#942,#943,#944
,#945),.UNSPECIFIED.,.F.,.F.) B_SPLINE_CURVE_WITH_KNOTS((7,7),(
0.762174925918,2.530679596178),.PIECEWISE_BEZIER_KNOTS.) CURVE() 
GEOMETRIC_REPRESENTATION_ITEM() RATIONAL_B_SPLINE_CURVE((1.039983575059,
    1.012615272741,0.997370238255,0.992377121467,0.997370238255,
1.012615272741,1.039983575059)) REPRESENTATION_ITEM('') );
#939 = CARTESIAN_POINT('',(-4.450993433506,0.,3.443367808044));
#940 = CARTESIAN_POINT('',(-4.272216239834,0.,3.256088058463));
#941 = CARTESIAN_POINT('',(-4.032177418559,0.,3.139284136801));
#942 = CARTESIAN_POINT('',(-3.762469993267,0.,3.112078657033));
#943 = CARTESIAN_POINT('',(-3.499941640106,0.,3.179614552481));
#944 = CARTESIAN_POINT('',(-3.280244331554,0.,3.331255194953));
#945 = CARTESIAN_POINT('',(-3.131728848481,0.,3.543335700583));
#946 = PCURVE('',#891,#947);
#947 = DEFINITIONAL_REPRESENTATION('',(#948),#952);
#948 = LINE('',#949,#950);
#949 = CARTESIAN_POINT('',(6.28318530718,6.28318530718));
#950 = VECTOR('',#951,1.);
#951 = DIRECTION('',(0.,1.));
#952 = ( GEOMETRIC_REPRESENTATION_CONTEXT(2) 
PARAMETRIC_REPRESENTATION_CONTEXT() REPRESENTATION_CONTEXT('2D SPACE',''
  ) );
#953 = PCURVE('',#891,#954);
#954 = DEFINITIONAL_REPRESENTATION('',(#955),#959);
#955 = LINE('',#956,#957);
#956 = CARTESIAN_POINT('',(0.,6.28318530718));
#957 = VECTOR('',#958,1.);
#958 = DIRECTION('',(0.,1.));
#959 = ( GEOMETRIC_REPRESENTATION_CONTEXT(2) 
PARAMETRIC_REPRESENTATION_CONTEXT() REPRESENTATION_CONTEXT('2D SPACE',''
  ) );
#960 = ORIENTED_EDGE('',*,*,#961,.F.);
#961 = EDGE_CURVE('',#935,#935,#962,.T.);
#962 = SURFACE_CURVE('',#963,(#968,#975),.PCURVE_S1.);
#963 = CIRCLE('',#964,3.131728848481);
#964 = AXIS2_PLACEMENT_3D('',#965,#966,#967);
#965 = CARTESIAN_POINT('',(0.,0.,3.543335700583));
#966 = DIRECTION('',(0.,0.,-1.));
#967 = DIRECTION('',(-1.,0.,0.));
#968 = PCURVE('',#891,#969);
#969 = DEFINITIONAL_REPRESENTATION('',(#970),#974);
#970 = LINE('',#971,#972);
#971 = CARTESIAN_POINT('',(0.,8.813864903358));
#972 = VECTOR('',#973,1.);
#973 = DIRECTION('',(1.,0.));
#974 = ( GEOMETRIC_REPRESENTATION_CONTEXT(2) 
PARAMETRIC_REPRESENTATION_CONTEXT() REPRESENTATION_CONTEXT('2D SPACE',''
  ) );
#975 = PCURVE('',#976,#981);
#976 = TOROIDAL_SURFACE('',#977,2.431132590839,0.855298747577);
#977 = AXIS2_PLACEMENT_3D('',#978,#979,#980);
#978 = CARTESIAN_POINT('',(0.,0.,3.052722990409));
#979 = DIRECTION('',(0.,0.,-1.));
#980 = DIRECTION('',(-1.,0.,0.));
#981 = DEFINITIONAL_REPRESENTATION('',(#982),#986);
#982 = LINE('',#983,#984);
#983 = CARTESIAN_POINT('',(0.,5.672272249767));
#984 = VECTOR('',#985,1.);
#985 = DIRECTION('',(1.,0.));
#986 = ( GEOMETRIC_REPRESENTATION_CONTEXT(2) 
PARAMETRIC_REPRESENTATION_CONTEXT() REPRESENTATION_CONTEXT('2D SPACE',''
  ) );
#987 = ORIENTED_EDGE('',*,*,#934,.F.);
#988 = ADVANCED_FACE('',(#989),#976,.T.);
#989 = FACE_BOUND('',#990,.T.);
#990 = EDGE_LOOP('',(#991,#1020,#1045,#1046));
#991 = ORIENTED_EDGE('',*,*,#992,.T.);
#992 = EDGE_CURVE('',#993,#993,#995,.T.);
#993 = VERTEX_POINT('',#994);
#994 = CARTESIAN_POINT('',(-2.495757983092,0.,3.905576733019));
#995 = SURFACE_CURVE('',#996,(#1001,#1008),.PCURVE_S1.);
#996 = CIRCLE('',#997,2.495757983092);
#997 = AXIS2_PLACEMENT_3D('',#998,#999,#1000);
#998 = CARTESIAN_POINT('',(0.,0.,3.905576733019));
#999 = DIRECTION('',(0.,0.,-1.));
#1000 = DIRECTION('',(-1.,0.,0.));
#1001 = PCURVE('',#976,#1002);
#1002 = DEFINITIONAL_REPRESENTATION('',(#1003),#1007);
#1003 = LINE('',#1004,#1005);
#1004 = CARTESIAN_POINT('',(0.,4.788019914638));
#1005 = VECTOR('',#1006,1.);
#1006 = DIRECTION('',(1.,0.));
#1007 = ( GEOMETRIC_REPRESENTATION_CONTEXT(2) 
PARAMETRIC_REPRESENTATION_CONTEXT() REPRESENTATION_CONTEXT('2D SPACE',''
  ) );
#1008 = PCURVE('',#1009,#1014);
#1009 = TOROIDAL_SURFACE('',#1010,2.450263559834,0.602105795837);
#1010 = AXIS2_PLACEMENT_3D('',#1011,#1012,#1013);
#1011 = CARTESIAN_POINT('',(0.,0.,3.305192150578));
#1012 = DIRECTION('',(0.,0.,-1.));
#1013 = DIRECTION('',(-1.,0.,0.));
#1014 = DEFINITIONAL_REPRESENTATION('',(#1015),#1019);
#1015 = LINE('',#1016,#1017);
#1016 = CARTESIAN_POINT('',(0.,4.788019914639));
#1017 = VECTOR('',#1018,1.);
#1018 = DIRECTION('',(1.,0.));
#1019 = ( GEOMETRIC_REPRESENTATION_CONTEXT(2) 
PARAMETRIC_REPRESENTATION_CONTEXT() REPRESENTATION_CONTEXT('2D SPACE',''
  ) );
#1020 = ORIENTED_EDGE('',*,*,#1021,.T.);
#1021 = EDGE_CURVE('',#993,#935,#1022,.T.);
#1022 = SEAM_CURVE('',#1023,(#1031,#1038),.PCURVE_S1.);
#1023 = ( BOUNDED_CURVE() B_SPLINE_CURVE(6,(#1024,#1025,#1026,#1027,
#1028,#1029,#1030),.UNSPECIFIED.,.F.,.F.) B_SPLINE_CURVE_WITH_KNOTS((7,7
),(4.788019914638,5.672272249767),.PIECEWISE_BEZIER_KNOTS.) CURVE() 
GEOMETRIC_REPRESENTATION_ITEM() RATIONAL_B_SPLINE_CURVE((1.009828597128,
    1.003233227399,0.999345315019,0.998059231319,0.999345315019,
1.003233227399,1.009828597128)) REPRESENTATION_ITEM('') );
#1024 = CARTESIAN_POINT('',(-2.495757983092,0.,3.905576733018));
#1025 = CARTESIAN_POINT('',(-2.6222739148,0.,3.895989928969));
#1026 = CARTESIAN_POINT('',(-2.746081481896,0.,3.864017935662));
#1027 = CARTESIAN_POINT('',(-2.862793108581,0.,3.810570634496));
#1028 = CARTESIAN_POINT('',(-2.968297156317,0.,3.737446673193));
#1029 = CARTESIAN_POINT('',(-3.058949283787,0.,3.647265112929));
#1030 = CARTESIAN_POINT('',(-3.131728848481,0.,3.543335700583));
#1031 = PCURVE('',#976,#1032);
#1032 = DEFINITIONAL_REPRESENTATION('',(#1033),#1037);
#1033 = LINE('',#1034,#1035);
#1034 = CARTESIAN_POINT('',(6.28318530718,0.));
#1035 = VECTOR('',#1036,1.);
#1036 = DIRECTION('',(0.,1.));
#1037 = ( GEOMETRIC_REPRESENTATION_CONTEXT(2) 
PARAMETRIC_REPRESENTATION_CONTEXT() REPRESENTATION_CONTEXT('2D SPACE',''
  ) );
#1038 = PCURVE('',#976,#1039);
#1039 = DEFINITIONAL_REPRESENTATION('',(#1040),#1044);
#1040 = LINE('',#1041,#1042);
#1041 = CARTESIAN_POINT('',(0.,0.));
#1042 = VECTOR('',#1043,1.);
#1043 = DIRECTION('',(0.,1.));
#1044 = ( GEOMETRIC_REPRESENTATION_CONTEXT(2) 
PARAMETRIC_REPRESENTATION_CONTEXT() REPRESENTATION_CONTEXT('2D SPACE',''
  ) );
#1045 = ORIENTED_EDGE('',*,*,#961,.F.);
#1046 = ORIENTED_EDGE('',*,*,#1021,.F.);
#1047 = ADVANCED_FACE('',(#1048),#1009,.T.);
#1048 = FACE_BOUND('',#1049,.T.);
#1049 = EDGE_LOOP('',(#1050,#1079,#1104,#1105));
#1050 = ORIENTED_EDGE('',*,*,#1051,.T.);
#1051 = EDGE_CURVE('',#1052,#1052,#1054,.T.);
#1052 = VERTEX_POINT('',#1053);
#1053 = CARTESIAN_POINT('',(-1.98457008087,0.,3.686847719161));
#1054 = SURFACE_CURVE('',#1055,(#1060,#1067),.PCURVE_S1.);
#1055 = CIRCLE('',#1056,1.98457008087);
#1056 = AXIS2_PLACEMENT_3D('',#1057,#1058,#1059);
#1057 = CARTESIAN_POINT('',(0.,0.,3.686847719161));
#1058 = DIRECTION('',(0.,0.,-1.));
#1059 = DIRECTION('',(-1.,0.,0.));
#1060 = PCURVE('',#1009,#1061);
#1061 = DEFINITIONAL_REPRESENTATION('',(#1062),#1066);
#1062 = LINE('',#1063,#1064);
#1063 = CARTESIAN_POINT('',(0.,3.828136645254));
#1064 = VECTOR('',#1065,1.);
#1065 = DIRECTION('',(1.,0.));
#1066 = ( GEOMETRIC_REPRESENTATION_CONTEXT(2) 
PARAMETRIC_REPRESENTATION_CONTEXT() REPRESENTATION_CONTEXT('2D SPACE',''
  ) );
#1067 = PCURVE('',#1068,#1073);
#1068 = TOROIDAL_SURFACE('',#1069,1.323046720581,0.855298747577);
#1069 = AXIS2_PLACEMENT_3D('',#1070,#1071,#1072);
#1070 = CARTESIAN_POINT('',(0.,0.,4.2289941859));
#1071 = DIRECTION('',(0.,0.,-1.));
#1072 = DIRECTION('',(-1.,0.,0.));
#1073 = DEFINITIONAL_REPRESENTATION('',(#1074),#1078);
#1074 = LINE('',#1075,#1076);
#1075 = CARTESIAN_POINT('',(0.,6.969729298845));
#1076 = VECTOR('',#1077,1.);
#1077 = DIRECTION('',(1.,0.));
#1078 = ( GEOMETRIC_REPRESENTATION_CONTEXT(2) 
PARAMETRIC_REPRESENTATION_CONTEXT() REPRESENTATION_CONTEXT('2D SPACE',''
  ) );
#1079 = ORIENTED_EDGE('',*,*,#1080,.T.);
#1080 = EDGE_CURVE('',#1052,#993,#1081,.T.);
#1081 = SEAM_CURVE('',#1082,(#1090,#1097),.PCURVE_S1.);
#1082 = ( BOUNDED_CURVE() B_SPLINE_CURVE(6,(#1083,#1084,#1085,#1086,
#1087,#1088,#1089),.UNSPECIFIED.,.F.,.F.) B_SPLINE_CURVE_WITH_KNOTS((7,7
),(3.828136645254,4.788019914639),.PIECEWISE_BEZIER_KNOTS.) CURVE() 
GEOMETRIC_REPRESENTATION_ITEM() RATIONAL_B_SPLINE_CURVE((1.011593377811,
    1.003804661893,0.999228016444,0.997715840417,0.999228016444,
1.003804661893,1.011593377811)) REPRESENTATION_ITEM('') );
#1083 = CARTESIAN_POINT('',(-1.98457008087,0.,3.686847719161));
#1084 = CARTESIAN_POINT('',(-2.046101288641,0.,3.761927672319));
#1085 = CARTESIAN_POINT('',(-2.121533597769,0.,3.824435075145));
#1086 = CARTESIAN_POINT('',(-2.207893226626,0.,3.871631782927));
#1087 = CARTESIAN_POINT('',(-2.301663304215,0.,3.901509655522));
#1088 = CARTESIAN_POINT('',(-2.39896288425,0.,3.912911427021));
#1089 = CARTESIAN_POINT('',(-2.495757983092,0.,3.905576733019));
#1090 = PCURVE('',#1009,#1091);
#1091 = DEFINITIONAL_REPRESENTATION('',(#1092),#1096);
#1092 = LINE('',#1093,#1094);
#1093 = CARTESIAN_POINT('',(6.28318530718,0.));
#1094 = VECTOR('',#1095,1.);
#1095 = DIRECTION('',(0.,1.));
#1096 = ( GEOMETRIC_REPRESENTATION_CONTEXT(2) 
PARAMETRIC_REPRESENTATION_CONTEXT() REPRESENTATION_CONTEXT('2D SPACE',''
  ) );
#1097 = PCURVE('',#1009,#1098);
#1098 = DEFINITIONAL_REPRESENTATION('',(#1099),#1103);
#1099 = LINE('',#1100,#1101);
#1100 = CARTESIAN_POINT('',(0.,0.));
#1101 = VECTOR('',#1102,1.);
#1102 = DIRECTION('',(0.,1.));
#1103 = ( GEOMETRIC_REPRESENTATION_CONTEXT(2) 
PARAMETRIC_REPRESENTATION_CONTEXT() REPRESENTATION_CONTEXT('2D SPACE',''
  ) );
#1104 = ORIENTED_EDGE('',*,*,#992,.F.);
#1105 = ORIENTED_EDGE('',*,*,#1080,.F.);
#1106 = ADVANCED_FACE('',(#1107),#1068,.F.);
#1107 = FACE_BOUND('',#1108,.F.);
#1108 = EDGE_LOOP('',(#1109,#1110,#1137,#1188,#1232));
#1109 = ORIENTED_EDGE('',*,*,#1051,.T.);
#1110 = ORIENTED_EDGE('',*,*,#1111,.T.);
#1111 = EDGE_CURVE('',#1052,#1112,#1114,.T.);
#1112 = VERTEX_POINT('',#1113);
#1113 = CARTESIAN_POINT('',(-0.66152336029,0.,3.686847719161));
#1114 = SEAM_CURVE('',#1115,(#1123,#1130),.PCURVE_S1.);
#1115 = ( BOUNDED_CURVE() B_SPLINE_CURVE(6,(#1116,#1117,#1118,#1119,
#1120,#1121,#1122),.UNSPECIFIED.,.F.,.F.) B_SPLINE_CURVE_WITH_KNOTS((7,7
),(0.686543991665,2.455048661925),.PIECEWISE_BEZIER_KNOTS.) CURVE() 
GEOMETRIC_REPRESENTATION_ITEM() RATIONAL_B_SPLINE_CURVE((1.039983575059,
    1.012615272741,0.997370238255,0.992377121467,0.997370238255,
1.012615272741,1.039983575059)) REPRESENTATION_ITEM('') );
#1116 = CARTESIAN_POINT('',(-1.984570080871,0.,3.686847719161));
#1117 = CARTESIAN_POINT('',(-1.82045459276,0.,3.486595138297));
#1118 = CARTESIAN_POINT('',(-1.589927530257,0.,3.35198806089));
#1119 = CARTESIAN_POINT('',(-1.32304672058,0.,3.304481568558));
#1120 = CARTESIAN_POINT('',(-1.056165910904,0.,3.35198806089));
#1121 = CARTESIAN_POINT('',(-0.825638848401,0.,3.486595138297));
#1122 = CARTESIAN_POINT('',(-0.66152336029,0.,3.686847719161));
#1123 = PCURVE('',#1068,#1124);
#1124 = DEFINITIONAL_REPRESENTATION('',(#1125),#1129);
#1125 = LINE('',#1126,#1127);
#1126 = CARTESIAN_POINT('',(6.28318530718,6.28318530718));
#1127 = VECTOR('',#1128,1.);
#1128 = DIRECTION('',(0.,1.));
#1129 = ( GEOMETRIC_REPRESENTATION_CONTEXT(2) 
PARAMETRIC_REPRESENTATION_CONTEXT() REPRESENTATION_CONTEXT('2D SPACE',''
  ) );
#1130 = PCURVE('',#1068,#1131);
#1131 = DEFINITIONAL_REPRESENTATION('',(#1132),#1136);
#1132 = LINE('',#1133,#1134);
#1133 = CARTESIAN_POINT('',(0.,6.28318530718));
#1134 = VECTOR('',#1135,1.);
#1135 = DIRECTION('',(0.,1.));
#1136 = ( GEOMETRIC_REPRESENTATION_CONTEXT(2) 
PARAMETRIC_REPRESENTATION_CONTEXT() REPRESENTATION_CONTEXT('2D SPACE',''
  ) );
#1137 = ORIENTED_EDGE('',*,*,#1138,.F.);
#1138 = EDGE_CURVE('',#1139,#1112,#1141,.T.);
#1139 = VERTEX_POINT('',#1140);
#1140 = CARTESIAN_POINT('',(0.,0.661523360291,3.686847719162));
#1141 = SURFACE_CURVE('',#1142,(#1147,#1154),.PCURVE_S1.);
#1142 = CIRCLE('',#1143,0.66152336029);
#1143 = AXIS2_PLACEMENT_3D('',#1144,#1145,#1146);
#1144 = CARTESIAN_POINT('',(0.,0.,3.686847719161));
#1145 = DIRECTION('',(0.,0.,-1.));
#1146 = DIRECTION('',(-1.,0.,0.));
#1147 = PCURVE('',#1068,#1148);
#1148 = DEFINITIONAL_REPRESENTATION('',(#1149),#1153);
#1149 = LINE('',#1150,#1151);
#1150 = CARTESIAN_POINT('',(0.,8.738233969105));
#1151 = VECTOR('',#1152,1.);
#1152 = DIRECTION('',(1.,0.));
#1153 = ( GEOMETRIC_REPRESENTATION_CONTEXT(2) 
PARAMETRIC_REPRESENTATION_CONTEXT() REPRESENTATION_CONTEXT('2D SPACE',''
  ) );
#1154 = PCURVE('',#1155,#1160);
#1155 = SPHERICAL_SURFACE('',#1156,0.855298747577);
#1156 = AXIS2_PLACEMENT_3D('',#1157,#1158,#1159);
#1157 = CARTESIAN_POINT('',(0.,-1.4E-16,3.144701252424));
#1158 = DIRECTION('',(0.,0.,-1.));
#1159 = DIRECTION('',(0.,1.,0.));
#1160 = DEFINITIONAL_REPRESENTATION('',(#1161),#1187);
#1161 = B_SPLINE_CURVE_WITH_KNOTS('',3,(#1162,#1163,#1164,#1165,#1166,
    #1167,#1168,#1169,#1170,#1171,#1172,#1173,#1174,#1175,#1176,#1177,
    #1178,#1179,#1180,#1181,#1182,#1183,#1184,#1185,#1186),
  .UNSPECIFIED.,.F.,.F.,(4,1,1,1,1,1,1,1,1,1,1,1,1,1,1,1,1,1,1,1,1,1,4),
  (0.,0.285599332145,0.571198664289,0.856797996434,1.142397328578,
    1.427996660723,1.713595992867,1.999195325012,2.284794657156,
    2.570393989301,2.855993321445,3.14159265359,3.427191985734,
    3.712791317879,3.998390650023,4.283989982168,4.569589314312,
    4.855188646457,5.140787978601,5.426387310746,5.711986642891,
    5.997585975035,6.28318530718),.QUASI_UNIFORM_KNOTS.);
#1162 = CARTESIAN_POINT('',(-1.570796326795,-0.686543991664));
#1163 = CARTESIAN_POINT('',(-1.475596549413,-0.686543991664));
#1164 = CARTESIAN_POINT('',(-1.28519699465,-0.686543991664));
#1165 = CARTESIAN_POINT('',(-0.999597662506,-0.686543991664));
#1166 = CARTESIAN_POINT('',(-0.713998330361,-0.686543991664));
#1167 = CARTESIAN_POINT('',(-0.428398998217,-0.686543991664));
#1168 = CARTESIAN_POINT('',(-0.142799666072,-0.686543991664));
#1169 = CARTESIAN_POINT('',(0.142799666072,-0.686543991664));
#1170 = CARTESIAN_POINT('',(0.428398998217,-0.686543991664));
#1171 = CARTESIAN_POINT('',(0.713998330361,-0.686543991664));
#1172 = CARTESIAN_POINT('',(0.999597662506,-0.686543991664));
#1173 = CARTESIAN_POINT('',(1.28519699465,-0.686543991664));
#1174 = CARTESIAN_POINT('',(1.570796326795,-0.686543991664));
#1175 = CARTESIAN_POINT('',(1.856395658939,-0.686543991664));
#1176 = CARTESIAN_POINT('',(2.141994991084,-0.686543991664));
#1177 = CARTESIAN_POINT('',(2.427594323228,-0.686543991664));
#1178 = CARTESIAN_POINT('',(2.713193655373,-0.686543991664));
#1179 = CARTESIAN_POINT('',(2.998792987518,-0.686543991664));
#1180 = CARTESIAN_POINT('',(3.284392319662,-0.686543991664));
#1181 = CARTESIAN_POINT('',(3.569991651807,-0.686543991664));
#1182 = CARTESIAN_POINT('',(3.855590983951,-0.686543991664));
#1183 = CARTESIAN_POINT('',(4.141190316096,-0.686543991664));
#1184 = CARTESIAN_POINT('',(4.42678964824,-0.686543991664));
#1185 = CARTESIAN_POINT('',(4.617189203003,-0.686543991664));
#1186 = CARTESIAN_POINT('',(4.712388980385,-0.686543991664));
#1187 = ( GEOMETRIC_REPRESENTATION_CONTEXT(2) 
PARAMETRIC_REPRESENTATION_CONTEXT() REPRESENTATION_CONTEXT('2D SPACE',''
  ) );
#1188 = ORIENTED_EDGE('',*,*,#1189,.F.);
#1189 = EDGE_CURVE('',#1112,#1139,#1190,.T.);
#1190 = SURFACE_CURVE('',#1191,(#1196,#1203),.PCURVE_S1.);
#1191 = CIRCLE('',#1192,0.66152336029);
#1192 = AXIS2_PLACEMENT_3D('',#1193,#1194,#1195);
#1193 = CARTESIAN_POINT('',(0.,0.,3.686847719161));
#1194 = DIRECTION('',(0.,0.,-1.));
#1195 = DIRECTION('',(-1.,0.,0.));
#1196 = PCURVE('',#1068,#1197);
#1197 = DEFINITIONAL_REPRESENTATION('',(#1198),#1202);
#1198 = LINE('',#1199,#1200);
#1199 = CARTESIAN_POINT('',(0.,8.738233969105));
#1200 = VECTOR('',#1201,1.);
#1201 = DIRECTION('',(1.,0.));
#1202 = ( GEOMETRIC_REPRESENTATION_CONTEXT(2) 
PARAMETRIC_REPRESENTATION_CONTEXT() REPRESENTATION_CONTEXT('2D SPACE',''
  ) );
#1203 = PCURVE('',#1155,#1204);
#1204 = DEFINITIONAL_REPRESENTATION('',(#1205),#1231);
#1205 = B_SPLINE_CURVE_WITH_KNOTS('',3,(#1206,#1207,#1208,#1209,#1210,
    #1211,#1212,#1213,#1214,#1215,#1216,#1217,#1218,#1219,#1220,#1221,
    #1222,#1223,#1224,#1225,#1226,#1227,#1228,#1229,#1230),
  .UNSPECIFIED.,.F.,.F.,(4,1,1,1,1,1,1,1,1,1,1,1,1,1,1,1,1,1,1,1,1,1,4),
  (0.,0.285599332145,0.571198664289,0.856797996434,1.142397328578,
    1.427996660723,1.713595992867,1.999195325012,2.284794657156,
    2.570393989301,2.855993321445,3.14159265359,3.427191985734,
    3.712791317879,3.998390650023,4.283989982168,4.569589314312,
    4.855188646457,5.140787978601,5.426387310746,5.711986642891,
    5.997585975035,6.28318530718),.QUASI_UNIFORM_KNOTS.);
#1206 = CARTESIAN_POINT('',(4.712388980385,-0.686543991664));
#1207 = CARTESIAN_POINT('',(4.807588757766,-0.686543991664));
#1208 = CARTESIAN_POINT('',(4.997988312529,-0.686543991664));
#1209 = CARTESIAN_POINT('',(5.283587644674,-0.686543991664));
#1210 = CARTESIAN_POINT('',(5.569186976818,-0.686543991664));
#1211 = CARTESIAN_POINT('',(5.854786308963,-0.686543991664));
#1212 = CARTESIAN_POINT('',(6.140385641107,-0.686543991664));
#1213 = CARTESIAN_POINT('',(6.425984973252,-0.686543991664));
#1214 = CARTESIAN_POINT('',(6.711584305396,-0.686543991664));
#1215 = CARTESIAN_POINT('',(6.997183637541,-0.686543991664));
#1216 = CARTESIAN_POINT('',(7.282782969685,-0.686543991664));
#1217 = CARTESIAN_POINT('',(7.56838230183,-0.686543991664));
#1218 = CARTESIAN_POINT('',(7.853981633974,-0.686543991664));
#1219 = CARTESIAN_POINT('',(8.139580966119,-0.686543991664));
#1220 = CARTESIAN_POINT('',(8.425180298264,-0.686543991664));
#1221 = CARTESIAN_POINT('',(8.710779630408,-0.686543991664));
#1222 = CARTESIAN_POINT('',(8.996378962553,-0.686543991664));
#1223 = CARTESIAN_POINT('',(9.281978294697,-0.686543991664));
#1224 = CARTESIAN_POINT('',(9.567577626842,-0.686543991664));
#1225 = CARTESIAN_POINT('',(9.853176958986,-0.686543991664));
#1226 = CARTESIAN_POINT('',(10.138776291131,-0.686543991664));
#1227 = CARTESIAN_POINT('',(10.424375623275,-0.686543991664));
#1228 = CARTESIAN_POINT('',(10.70997495542,-0.686543991664));
#1229 = CARTESIAN_POINT('',(10.900374510183,-0.686543991664));
#1230 = CARTESIAN_POINT('',(10.995574287564,-0.686543991664));
#1231 = ( GEOMETRIC_REPRESENTATION_CONTEXT(2) 
PARAMETRIC_REPRESENTATION_CONTEXT() REPRESENTATION_CONTEXT('2D SPACE',''
  ) );
#1232 = ORIENTED_EDGE('',*,*,#1111,.F.);
#1233 = ADVANCED_FACE('',(#1234),#1155,.T.);
#1234 = FACE_BOUND('',#1235,.T.);
#1235 = EDGE_LOOP('',(#1236,#1237,#1263,#1264));
#1236 = ORIENTED_EDGE('',*,*,#1138,.F.);
#1237 = ORIENTED_EDGE('',*,*,#1238,.F.);
#1238 = EDGE_CURVE('',#1239,#1139,#1241,.T.);
#1239 = VERTEX_POINT('',#1240);
#1240 = CARTESIAN_POINT('',(0.,-0.,4.000000000001));
#1241 = SEAM_CURVE('',#1242,(#1249,#1256),.PCURVE_S1.);
#1242 = B_SPLINE_CURVE_WITH_KNOTS('',5,(#1243,#1244,#1245,#1246,#1247,
    #1248),.UNSPECIFIED.,.F.,.F.,(6,6),(-1.570796326795,-0.686543991664)
  ,.PIECEWISE_BEZIER_KNOTS.);
#1243 = CARTESIAN_POINT('',(-0.,-1.1E-16,4.000000000001));
#1244 = CARTESIAN_POINT('',(-4.E-17,0.151259982956,4.000000000001));
#1245 = CARTESIAN_POINT('',(-7.E-17,0.302524810807,3.966573834505));
#1246 = CARTESIAN_POINT('',(-1.1E-16,0.443909401277,3.899645121721));
#1247 = CARTESIAN_POINT('',(-1.4E-16,0.565644504452,3.803838434378));
#1248 = CARTESIAN_POINT('',(-1.6E-16,0.661523360291,3.686847719162));
#1249 = PCURVE('',#1155,#1250);
#1250 = DEFINITIONAL_REPRESENTATION('',(#1251),#1255);
#1251 = LINE('',#1252,#1253);
#1252 = CARTESIAN_POINT('',(0.,0.));
#1253 = VECTOR('',#1254,1.);
#1254 = DIRECTION('',(0.,1.));
#1255 = ( GEOMETRIC_REPRESENTATION_CONTEXT(2) 
PARAMETRIC_REPRESENTATION_CONTEXT() REPRESENTATION_CONTEXT('2D SPACE',''
  ) );
#1256 = PCURVE('',#1155,#1257);
#1257 = DEFINITIONAL_REPRESENTATION('',(#1258),#1262);
#1258 = LINE('',#1259,#1260);
#1259 = CARTESIAN_POINT('',(6.28318530718,0.));
#1260 = VECTOR('',#1261,1.);
#1261 = DIRECTION('',(0.,1.));
#1262 = ( GEOMETRIC_REPRESENTATION_CONTEXT(2) 
PARAMETRIC_REPRESENTATION_CONTEXT() REPRESENTATION_CONTEXT('2D SPACE',''
  ) );
#1263 = ORIENTED_EDGE('',*,*,#1238,.T.);
#1264 = ORIENTED_EDGE('',*,*,#1189,.F.);
#1265 = ADVANCED_FACE('',(#1266),#1279,.F.);
#1266 = FACE_BOUND('',#1267,.F.);
#1267 = EDGE_LOOP('',(#1268,#1297,#1319,#1346));
#1268 = ORIENTED_EDGE('',*,*,#1269,.F.);
#1269 = EDGE_CURVE('',#1270,#1270,#1272,.T.);
#1270 = VERTEX_POINT('',#1271);
#1271 = CARTESIAN_POINT('',(1.78,-4.,0.5));
#1272 = SURFACE_CURVE('',#1273,(#1278,#1290),.PCURVE_S1.);
#1273 = CIRCLE('',#1274,2.22);
#1274 = AXIS2_PLACEMENT_3D('',#1275,#1276,#1277);
#1275 = CARTESIAN_POINT('',(4.,-4.,0.5));
#1276 = DIRECTION('',(0.,0.,-1.));
#1277 = DIRECTION('',(-1.,0.,0.));
#1278 = PCURVE('',#1279,#1284);
#1279 = CYLINDRICAL_SURFACE('',#1280,2.22);
#1280 = AXIS2_PLACEMENT_3D('',#1281,#1282,#1283);
#1281 = CARTESIAN_POINT('',(4.,-4.,1.5));
#1282 = DIRECTION('',(0.,0.,-1.));
#1283 = DIRECTION('',(-1.,0.,0.));
#1284 = DEFINITIONAL_REPRESENTATION('',(#1285),#1289);
#1285 = LINE('',#1286,#1287);
#1286 = CARTESIAN_POINT('',(0.,1.));
#1287 = VECTOR('',#1288,1.);
#1288 = DIRECTION('',(1.,0.));
#1289 = ( GEOMETRIC_REPRESENTATION_CONTEXT(2) 
PARAMETRIC_REPRESENTATION_CONTEXT() REPRESENTATION_CONTEXT('2D SPACE',''
  ) );
#1290 = PCURVE('',#269,#1291);
#1291 = DEFINITIONAL_REPRESENTATION('',(#1292),#1296);
#1292 = LINE('',#1293,#1294);
#1293 = CARTESIAN_POINT('',(0.,0.));
#1294 = VECTOR('',#1295,1.);
#1295 = DIRECTION('',(1.,0.));
#1296 = ( GEOMETRIC_REPRESENTATION_CONTEXT(2) 
PARAMETRIC_REPRESENTATION_CONTEXT() REPRESENTATION_CONTEXT('2D SPACE',''
  ) );
#1297 = ORIENTED_EDGE('',*,*,#1298,.F.);
#1298 = EDGE_CURVE('',#1299,#1270,#1301,.T.);
#1299 = VERTEX_POINT('',#1300);
#1300 = CARTESIAN_POINT('',(1.78,-4.,1.5));
#1301 = SEAM_CURVE('',#1302,(#1305,#1312),.PCURVE_S1.);
#1302 = B_SPLINE_CURVE_WITH_KNOTS('',1,(#1303,#1304),.UNSPECIFIED.,.F.,
  .F.,(2,2),(0.,1.),.PIECEWISE_BEZIER_KNOTS.);
#1303 = CARTESIAN_POINT('',(1.78,-4.,1.5));
#1304 = CARTESIAN_POINT('',(1.78,-4.,0.5));
#1305 = PCURVE('',#1279,#1306);
#1306 = DEFINITIONAL_REPRESENTATION('',(#1307),#1311);
#1307 = LINE('',#1308,#1309);
#1308 = CARTESIAN_POINT('',(0.,0.));
#1309 = VECTOR('',#1310,1.);
#1310 = DIRECTION('',(0.,1.));
#1311 = ( GEOMETRIC_REPRESENTATION_CONTEXT(2) 
PARAMETRIC_REPRESENTATION_CONTEXT() REPRESENTATION_CONTEXT('2D SPACE',''
  ) );
#1312 = PCURVE('',#1279,#1313);
#1313 = DEFINITIONAL_REPRESENTATION('',(#1314),#1318);
#1314 = LINE('',#1315,#1316);
#1315 = CARTESIAN_POINT('',(6.28318530718,0.));
#1316 = VECTOR('',#1317,1.);
#1317 = DIRECTION('',(0.,1.));
#1318 = ( GEOMETRIC_REPRESENTATION_CONTEXT(2) 
PARAMETRIC_REPRESENTATION_CONTEXT() REPRESENTATION_CONTEXT('2D SPACE',''
  ) );
#1319 = ORIENTED_EDGE('',*,*,#1320,.T.);
#1320 = EDGE_CURVE('',#1299,#1299,#1321,.T.);
#1321 = SURFACE_CURVE('',#1322,(#1327,#1334),.PCURVE_S1.);
#1322 = CIRCLE('',#1323,2.22);
#1323 = AXIS2_PLACEMENT_3D('',#1324,#1325,#1326);
#1324 = CARTESIAN_POINT('',(4.,-4.,1.5));
#1325 = DIRECTION('',(0.,0.,-1.));
#1326 = DIRECTION('',(-1.,0.,0.));
#1327 = PCURVE('',#1279,#1328);
#1328 = DEFINITIONAL_REPRESENTATION('',(#1329),#1333);
#1329 = LINE('',#1330,#1331);
#1330 = CARTESIAN_POINT('',(0.,0.));
#1331 = VECTOR('',#1332,1.);
#1332 = DIRECTION('',(1.,0.));
#1333 = ( GEOMETRIC_REPRESENTATION_CONTEXT(2) 
PARAMETRIC_REPRESENTATION_CONTEXT() REPRESENTATION_CONTEXT('2D SPACE',''
  ) );
#1334 = PCURVE('',#1335,#1340);
#1335 = PLANE('',#1336);
#1336 = AXIS2_PLACEMENT_3D('',#1337,#1338,#1339);
#1337 = CARTESIAN_POINT('',(0.,0.,1.5));
#1338 = DIRECTION('',(0.,0.,-1.));
#1339 = DIRECTION('',(1.,0.,0.));
#1340 = DEFINITIONAL_REPRESENTATION('',(#1341),#1345);
#1341 = CIRCLE('',#1342,2.22);
#1342 = AXIS2_PLACEMENT_2D('',#1343,#1344);
#1343 = CARTESIAN_POINT('',(4.,4.));
#1344 = DIRECTION('',(-1.,0.));
#1345 = ( GEOMETRIC_REPRESENTATION_CONTEXT(2) 
PARAMETRIC_REPRESENTATION_CONTEXT() REPRESENTATION_CONTEXT('2D SPACE',''
  ) );
#1346 = ORIENTED_EDGE('',*,*,#1298,.T.);
#1347 = ADVANCED_FACE('',(#1348),#1335,.T.);
#1348 = FACE_BOUND('',#1349,.T.);
#1349 = EDGE_LOOP('',(#1350));
#1350 = ORIENTED_EDGE('',*,*,#1320,.T.);
#1351 = ADVANCED_FACE('',(#1352),#1365,.F.);
#1352 = FACE_BOUND('',#1353,.F.);
#1353 = EDGE_LOOP('',(#1354,#1383,#1405,#1432));
#1354 = ORIENTED_EDGE('',*,*,#1355,.F.);
#1355 = EDGE_CURVE('',#1356,#1356,#1358,.T.);
#1356 = VERTEX_POINT('',#1357);
#1357 = CARTESIAN_POINT('',(-6.22,-4.,0.5));
#1358 = SURFACE_CURVE('',#1359,(#1364,#1376),.PCURVE_S1.);
#1359 = CIRCLE('',#1360,2.22);
#1360 = AXIS2_PLACEMENT_3D('',#1361,#1362,#1363);
#1361 = CARTESIAN_POINT('',(-4.,-4.,0.5));
#1362 = DIRECTION('',(0.,0.,-1.));
#1363 = DIRECTION('',(-1.,0.,0.));
#1364 = PCURVE('',#1365,#1370);
#1365 = CYLINDRICAL_SURFACE('',#1366,2.22);
#1366 = AXIS2_PLACEMENT_3D('',#1367,#1368,#1369);
#1367 = CARTESIAN_POINT('',(-4.,-4.,1.5));
#1368 = DIRECTION('',(0.,0.,-1.));
#1369 = DIRECTION('',(-1.,0.,0.));
#1370 = DEFINITIONAL_REPRESENTATION('',(#1371),#1375);
#1371 = LINE('',#1372,#1373);
#1372 = CARTESIAN_POINT('',(0.,1.));
#1373 = VECTOR('',#1374,1.);
#1374 = DIRECTION('',(1.,0.));
#1375 = ( GEOMETRIC_REPRESENTATION_CONTEXT(2) 
PARAMETRIC_REPRESENTATION_CONTEXT() REPRESENTATION_CONTEXT('2D SPACE',''
  ) );
#1376 = PCURVE('',#176,#1377);
#1377 = DEFINITIONAL_REPRESENTATION('',(#1378),#1382);
#1378 = LINE('',#1379,#1380);
#1379 = CARTESIAN_POINT('',(0.,2.192031021678E-16));
#1380 = VECTOR('',#1381,1.);
#1381 = DIRECTION('',(1.,0.));
#1382 = ( GEOMETRIC_REPRESENTATION_CONTEXT(2) 
PARAMETRIC_REPRESENTATION_CONTEXT() REPRESENTATION_CONTEXT('2D SPACE',''
  ) );
#1383 = ORIENTED_EDGE('',*,*,#1384,.F.);
#1384 = EDGE_CURVE('',#1385,#1356,#1387,.T.);
#1385 = VERTEX_POINT('',#1386);
#1386 = CARTESIAN_POINT('',(-6.22,-4.,1.5));
#1387 = SEAM_CURVE('',#1388,(#1391,#1398),.PCURVE_S1.);
#1388 = B_SPLINE_CURVE_WITH_KNOTS('',1,(#1389,#1390),.UNSPECIFIED.,.F.,
  .F.,(2,2),(0.,1.),.PIECEWISE_BEZIER_KNOTS.);
#1389 = CARTESIAN_POINT('',(-6.22,-4.,1.5));
#1390 = CARTESIAN_POINT('',(-6.22,-4.,0.5));
#1391 = PCURVE('',#1365,#1392);
#1392 = DEFINITIONAL_REPRESENTATION('',(#1393),#1397);
#1393 = LINE('',#1394,#1395);
#1394 = CARTESIAN_POINT('',(0.,0.));
#1395 = VECTOR('',#1396,1.);
#1396 = DIRECTION('',(0.,1.));
#1397 = ( GEOMETRIC_REPRESENTATION_CONTEXT(2) 
PARAMETRIC_REPRESENTATION_CONTEXT() REPRESENTATION_CONTEXT('2D SPACE',''
  ) );
#1398 = PCURVE('',#1365,#1399);
#1399 = DEFINITIONAL_REPRESENTATION('',(#1400),#1404);
#1400 = LINE('',#1401,#1402);
#1401 = CARTESIAN_POINT('',(6.28318530718,0.));
#1402 = VECTOR('',#1403,1.);
#1403 = DIRECTION('',(0.,1.));
#1404 = ( GEOMETRIC_REPRESENTATION_CONTEXT(2) 
PARAMETRIC_REPRESENTATION_CONTEXT() REPRESENTATION_CONTEXT('2D SPACE',''
  ) );
#1405 = ORIENTED_EDGE('',*,*,#1406,.T.);
#1406 = EDGE_CURVE('',#1385,#1385,#1407,.T.);
#1407 = SURFACE_CURVE('',#1408,(#1413,#1420),.PCURVE_S1.);
#1408 = CIRCLE('',#1409,2.22);
#1409 = AXIS2_PLACEMENT_3D('',#1410,#1411,#1412);
#1410 = CARTESIAN_POINT('',(-4.,-4.,1.5));
#1411 = DIRECTION('',(0.,0.,-1.));
#1412 = DIRECTION('',(-1.,0.,0.));
#1413 = PCURVE('',#1365,#1414);
#1414 = DEFINITIONAL_REPRESENTATION('',(#1415),#1419);
#1415 = LINE('',#1416,#1417);
#1416 = CARTESIAN_POINT('',(0.,0.));
#1417 = VECTOR('',#1418,1.);
#1418 = DIRECTION('',(1.,0.));
#1419 = ( GEOMETRIC_REPRESENTATION_CONTEXT(2) 
PARAMETRIC_REPRESENTATION_CONTEXT() REPRESENTATION_CONTEXT('2D SPACE',''
  ) );
#1420 = PCURVE('',#1421,#1426);
#1421 = PLANE('',#1422);
#1422 = AXIS2_PLACEMENT_3D('',#1423,#1424,#1425);
#1423 = CARTESIAN_POINT('',(0.,0.,1.5));
#1424 = DIRECTION('',(0.,0.,-1.));
#1425 = DIRECTION('',(1.,0.,0.));
#1426 = DEFINITIONAL_REPRESENTATION('',(#1427),#1431);
#1427 = CIRCLE('',#1428,2.22);
#1428 = AXIS2_PLACEMENT_2D('',#1429,#1430);
#1429 = CARTESIAN_POINT('',(-4.,4.));
#1430 = DIRECTION('',(-1.,0.));
#1431 = ( GEOMETRIC_REPRESENTATION_CONTEXT(2) 
PARAMETRIC_REPRESENTATION_CONTEXT() REPRESENTATION_CONTEXT('2D SPACE',''
  ) );
#1432 = ORIENTED_EDGE('',*,*,#1384,.T.);
#1433 = ADVANCED_FACE('',(#1434),#1421,.T.);
#1434 = FACE_BOUND('',#1435,.T.);
#1435 = EDGE_LOOP('',(#1436));
#1436 = ORIENTED_EDGE('',*,*,#1406,.T.);
#1437 = ADVANCED_FACE('',(#1438),#1451,.F.);
#1438 = FACE_BOUND('',#1439,.F.);
#1439 = EDGE_LOOP('',(#1440,#1469,#1491,#1518));
#1440 = ORIENTED_EDGE('',*,*,#1441,.F.);
#1441 = EDGE_CURVE('',#1442,#1442,#1444,.T.);
#1442 = VERTEX_POINT('',#1443);
#1443 = CARTESIAN_POINT('',(-6.22,4.,0.5));
#1444 = SURFACE_CURVE('',#1445,(#1450,#1462),.PCURVE_S1.);
#1445 = CIRCLE('',#1446,2.22);
#1446 = AXIS2_PLACEMENT_3D('',#1447,#1448,#1449);
#1447 = CARTESIAN_POINT('',(-4.,4.,0.5));
#1448 = DIRECTION('',(0.,0.,-1.));
#1449 = DIRECTION('',(-1.,0.,0.));
#1450 = PCURVE('',#1451,#1456);
#1451 = CYLINDRICAL_SURFACE('',#1452,2.22);
#1452 = AXIS2_PLACEMENT_3D('',#1453,#1454,#1455);
#1453 = CARTESIAN_POINT('',(-4.,4.,1.5));
#1454 = DIRECTION('',(0.,0.,-1.));
#1455 = DIRECTION('',(-1.,0.,0.));
#1456 = DEFINITIONAL_REPRESENTATION('',(#1457),#1461);
#1457 = LINE('',#1458,#1459);
#1458 = CARTESIAN_POINT('',(0.,1.));
#1459 = VECTOR('',#1460,1.);
#1460 = DIRECTION('',(1.,0.));
#1461 = ( GEOMETRIC_REPRESENTATION_CONTEXT(2) 
PARAMETRIC_REPRESENTATION_CONTEXT() REPRESENTATION_CONTEXT('2D SPACE',''
  ) );
#1462 = PCURVE('',#207,#1463);
#1463 = DEFINITIONAL_REPRESENTATION('',(#1464),#1468);
#1464 = LINE('',#1465,#1466);
#1465 = CARTESIAN_POINT('',(0.,2.192031021678E-16));
#1466 = VECTOR('',#1467,1.);
#1467 = DIRECTION('',(1.,0.));
#1468 = ( GEOMETRIC_REPRESENTATION_CONTEXT(2) 
PARAMETRIC_REPRESENTATION_CONTEXT() REPRESENTATION_CONTEXT('2D SPACE',''
  ) );
#1469 = ORIENTED_EDGE('',*,*,#1470,.F.);
#1470 = EDGE_CURVE('',#1471,#1442,#1473,.T.);
#1471 = VERTEX_POINT('',#1472);
#1472 = CARTESIAN_POINT('',(-6.22,4.,1.5));
#1473 = SEAM_CURVE('',#1474,(#1477,#1484),.PCURVE_S1.);
#1474 = B_SPLINE_CURVE_WITH_KNOTS('',1,(#1475,#1476),.UNSPECIFIED.,.F.,
  .F.,(2,2),(0.,1.),.PIECEWISE_BEZIER_KNOTS.);
#1475 = CARTESIAN_POINT('',(-6.22,4.,1.5));
#1476 = CARTESIAN_POINT('',(-6.22,4.,0.5));
#1477 = PCURVE('',#1451,#1478);
#1478 = DEFINITIONAL_REPRESENTATION('',(#1479),#1483);
#1479 = LINE('',#1480,#1481);
#1480 = CARTESIAN_POINT('',(0.,0.));
#1481 = VECTOR('',#1482,1.);
#1482 = DIRECTION('',(0.,1.));
#1483 = ( GEOMETRIC_REPRESENTATION_CONTEXT(2) 
PARAMETRIC_REPRESENTATION_CONTEXT() REPRESENTATION_CONTEXT('2D SPACE',''
  ) );
#1484 = PCURVE('',#1451,#1485);
#1485 = DEFINITIONAL_REPRESENTATION('',(#1486),#1490);
#1486 = LINE('',#1487,#1488);
#1487 = CARTESIAN_POINT('',(6.28318530718,0.));
#1488 = VECTOR('',#1489,1.);
#1489 = DIRECTION('',(0.,1.));
#1490 = ( GEOMETRIC_REPRESENTATION_CONTEXT(2) 
PARAMETRIC_REPRESENTATION_CONTEXT() REPRESENTATION_CONTEXT('2D SPACE',''
  ) );
#1491 = ORIENTED_EDGE('',*,*,#1492,.T.);
#1492 = EDGE_CURVE('',#1471,#1471,#1493,.T.);
#1493 = SURFACE_CURVE('',#1494,(#1499,#1506),.PCURVE_S1.);
#1494 = CIRCLE('',#1495,2.22);
#1495 = AXIS2_PLACEMENT_3D('',#1496,#1497,#1498);
#1496 = CARTESIAN_POINT('',(-4.,4.,1.5));
#1497 = DIRECTION('',(0.,0.,-1.));
#1498 = DIRECTION('',(-1.,0.,0.));
#1499 = PCURVE('',#1451,#1500);
#1500 = DEFINITIONAL_REPRESENTATION('',(#1501),#1505);
#1501 = LINE('',#1502,#1503);
#1502 = CARTESIAN_POINT('',(0.,0.));
#1503 = VECTOR('',#1504,1.);
#1504 = DIRECTION('',(1.,0.));
#1505 = ( GEOMETRIC_REPRESENTATION_CONTEXT(2) 
PARAMETRIC_REPRESENTATION_CONTEXT() REPRESENTATION_CONTEXT('2D SPACE',''
  ) );
#1506 = PCURVE('',#1507,#1512);
#1507 = PLANE('',#1508);
#1508 = AXIS2_PLACEMENT_3D('',#1509,#1510,#1511);
#1509 = CARTESIAN_POINT('',(0.,0.,1.5));
#1510 = DIRECTION('',(0.,0.,-1.));
#1511 = DIRECTION('',(1.,0.,0.));
#1512 = DEFINITIONAL_REPRESENTATION('',(#1513),#1517);
#1513 = CIRCLE('',#1514,2.22);
#1514 = AXIS2_PLACEMENT_2D('',#1515,#1516);
#1515 = CARTESIAN_POINT('',(-4.,-4.));
#1516 = DIRECTION('',(-1.,0.));
#1517 = ( GEOMETRIC_REPRESENTATION_CONTEXT(2) 
PARAMETRIC_REPRESENTATION_CONTEXT() REPRESENTATION_CONTEXT('2D SPACE',''
  ) );
#1518 = ORIENTED_EDGE('',*,*,#1470,.T.);
#1519 = ADVANCED_FACE('',(#1520),#1507,.T.);
#1520 = FACE_BOUND('',#1521,.T.);
#1521 = EDGE_LOOP('',(#1522));
#1522 = ORIENTED_EDGE('',*,*,#1492,.T.);
#1523 = ADVANCED_FACE('',(#1524),#1537,.F.);
#1524 = FACE_BOUND('',#1525,.F.);
#1525 = EDGE_LOOP('',(#1526,#1555,#1577,#1604));
#1526 = ORIENTED_EDGE('',*,*,#1527,.F.);
#1527 = EDGE_CURVE('',#1528,#1528,#1530,.T.);
#1528 = VERTEX_POINT('',#1529);
#1529 = CARTESIAN_POINT('',(1.78,4.,0.5));
#1530 = SURFACE_CURVE('',#1531,(#1536,#1548),.PCURVE_S1.);
#1531 = CIRCLE('',#1532,2.22);
#1532 = AXIS2_PLACEMENT_3D('',#1533,#1534,#1535);
#1533 = CARTESIAN_POINT('',(4.,4.,0.5));
#1534 = DIRECTION('',(0.,0.,-1.));
#1535 = DIRECTION('',(-1.,0.,0.));
#1536 = PCURVE('',#1537,#1542);
#1537 = CYLINDRICAL_SURFACE('',#1538,2.22);
#1538 = AXIS2_PLACEMENT_3D('',#1539,#1540,#1541);
#1539 = CARTESIAN_POINT('',(4.,4.,1.5));
#1540 = DIRECTION('',(0.,0.,-1.));
#1541 = DIRECTION('',(-1.,0.,0.));
#1542 = DEFINITIONAL_REPRESENTATION('',(#1543),#1547);
#1543 = LINE('',#1544,#1545);
#1544 = CARTESIAN_POINT('',(0.,1.));
#1545 = VECTOR('',#1546,1.);
#1546 = DIRECTION('',(1.,0.));
#1547 = ( GEOMETRIC_REPRESENTATION_CONTEXT(2) 
PARAMETRIC_REPRESENTATION_CONTEXT() REPRESENTATION_CONTEXT('2D SPACE',''
  ) );
#1548 = PCURVE('',#238,#1549);
#1549 = DEFINITIONAL_REPRESENTATION('',(#1550),#1554);
#1550 = LINE('',#1551,#1552);
#1551 = CARTESIAN_POINT('',(0.,0.));
#1552 = VECTOR('',#1553,1.);
#1553 = DIRECTION('',(1.,0.));
#1554 = ( GEOMETRIC_REPRESENTATION_CONTEXT(2) 
PARAMETRIC_REPRESENTATION_CONTEXT() REPRESENTATION_CONTEXT('2D SPACE',''
  ) );
#1555 = ORIENTED_EDGE('',*,*,#1556,.F.);
#1556 = EDGE_CURVE('',#1557,#1528,#1559,.T.);
#1557 = VERTEX_POINT('',#1558);
#1558 = CARTESIAN_POINT('',(1.78,4.,1.5));
#1559 = SEAM_CURVE('',#1560,(#1563,#1570),.PCURVE_S1.);
#1560 = B_SPLINE_CURVE_WITH_KNOTS('',1,(#1561,#1562),.UNSPECIFIED.,.F.,
  .F.,(2,2),(0.,1.),.PIECEWISE_BEZIER_KNOTS.);
#1561 = CARTESIAN_POINT('',(1.78,4.,1.5));
#1562 = CARTESIAN_POINT('',(1.78,4.,0.5));
#1563 = PCURVE('',#1537,#1564);
#1564 = DEFINITIONAL_REPRESENTATION('',(#1565),#1569);
#1565 = LINE('',#1566,#1567);
#1566 = CARTESIAN_POINT('',(0.,0.));
#1567 = VECTOR('',#1568,1.);
#1568 = DIRECTION('',(0.,1.));
#1569 = ( GEOMETRIC_REPRESENTATION_CONTEXT(2) 
PARAMETRIC_REPRESENTATION_CONTEXT() REPRESENTATION_CONTEXT('2D SPACE',''
  ) );
#1570 = PCURVE('',#1537,#1571);
#1571 = DEFINITIONAL_REPRESENTATION('',(#1572),#1576);
#1572 = LINE('',#1573,#1574);
#1573 = CARTESIAN_POINT('',(6.28318530718,0.));
#1574 = VECTOR('',#1575,1.);
#1575 = DIRECTION('',(0.,1.));
#1576 = ( GEOMETRIC_REPRESENTATION_CONTEXT(2) 
PARAMETRIC_REPRESENTATION_CONTEXT() REPRESENTATION_CONTEXT('2D SPACE',''
  ) );
#1577 = ORIENTED_EDGE('',*,*,#1578,.T.);
#1578 = EDGE_CURVE('',#1557,#1557,#1579,.T.);
#1579 = SURFACE_CURVE('',#1580,(#1585,#1592),.PCURVE_S1.);
#1580 = CIRCLE('',#1581,2.22);
#1581 = AXIS2_PLACEMENT_3D('',#1582,#1583,#1584);
#1582 = CARTESIAN_POINT('',(4.,4.,1.5));
#1583 = DIRECTION('',(0.,0.,-1.));
#1584 = DIRECTION('',(-1.,0.,0.));
#1585 = PCURVE('',#1537,#1586);
#1586 = DEFINITIONAL_REPRESENTATION('',(#1587),#1591);
#1587 = LINE('',#1588,#1589);
#1588 = CARTESIAN_POINT('',(0.,0.));
#1589 = VECTOR('',#1590,1.);
#1590 = DIRECTION('',(1.,0.));
#1591 = ( GEOMETRIC_REPRESENTATION_CONTEXT(2) 
PARAMETRIC_REPRESENTATION_CONTEXT() REPRESENTATION_CONTEXT('2D SPACE',''
  ) );
#1592 = PCURVE('',#1593,#1598);
#1593 = PLANE('',#1594);
#1594 = AXIS2_PLACEMENT_3D('',#1595,#1596,#1597);
#1595 = CARTESIAN_POINT('',(0.,0.,1.5));
#1596 = DIRECTION('',(0.,0.,-1.));
#1597 = DIRECTION('',(1.,0.,0.));
#1598 = DEFINITIONAL_REPRESENTATION('',(#1599),#1603);
#1599 = CIRCLE('',#1600,2.22);
#1600 = AXIS2_PLACEMENT_2D('',#1601,#1602);
#1601 = CARTESIAN_POINT('',(4.,-4.));
#1602 = DIRECTION('',(-1.,0.));
#1603 = ( GEOMETRIC_REPRESENTATION_CONTEXT(2) 
PARAMETRIC_REPRESENTATION_CONTEXT() REPRESENTATION_CONTEXT('2D SPACE',''
  ) );
#1604 = ORIENTED_EDGE('',*,*,#1556,.T.);
#1605 = ADVANCED_FACE('',(#1606),#1593,.T.);
#1606 = FACE_BOUND('',#1607,.T.);
#1607 = EDGE_LOOP('',(#1608));
#1608 = ORIENTED_EDGE('',*,*,#1578,.T.);
#1609 = ADVANCED_FACE('',(#1610),#176,.F.);
#1610 = FACE_BOUND('',#1611,.F.);
#1611 = EDGE_LOOP('',(#1612,#1613,#1633,#1634));
#1612 = ORIENTED_EDGE('',*,*,#159,.F.);
#1613 = ORIENTED_EDGE('',*,*,#1614,.F.);
#1614 = EDGE_CURVE('',#1356,#160,#1615,.T.);
#1615 = SEAM_CURVE('',#1616,(#1619,#1626),.PCURVE_S1.);
#1616 = B_SPLINE_CURVE_WITH_KNOTS('',1,(#1617,#1618),.UNSPECIFIED.,.F.,
  .F.,(2,2),(3.1E-16,0.707106781187),.PIECEWISE_BEZIER_KNOTS.);
#1617 = CARTESIAN_POINT('',(-6.22,-4.,0.5));
#1618 = CARTESIAN_POINT('',(-6.72,-4.,0.));
#1619 = PCURVE('',#176,#1620);
#1620 = DEFINITIONAL_REPRESENTATION('',(#1621),#1625);
#1621 = LINE('',#1622,#1623);
#1622 = CARTESIAN_POINT('',(0.,0.));
#1623 = VECTOR('',#1624,1.);
#1624 = DIRECTION('',(0.,1.));
#1625 = ( GEOMETRIC_REPRESENTATION_CONTEXT(2) 
PARAMETRIC_REPRESENTATION_CONTEXT() REPRESENTATION_CONTEXT('2D SPACE',''
  ) );
#1626 = PCURVE('',#176,#1627);
#1627 = DEFINITIONAL_REPRESENTATION('',(#1628),#1632);
#1628 = LINE('',#1629,#1630);
#1629 = CARTESIAN_POINT('',(6.28318530718,0.));
#1630 = VECTOR('',#1631,1.);
#1631 = DIRECTION('',(0.,1.));
#1632 = ( GEOMETRIC_REPRESENTATION_CONTEXT(2) 
PARAMETRIC_REPRESENTATION_CONTEXT() REPRESENTATION_CONTEXT('2D SPACE',''
  ) );
#1633 = ORIENTED_EDGE('',*,*,#1355,.T.);
#1634 = ORIENTED_EDGE('',*,*,#1614,.T.);
#1635 = ADVANCED_FACE('',(#1636),#207,.F.);
#1636 = FACE_BOUND('',#1637,.F.);
#1637 = EDGE_LOOP('',(#1638,#1639,#1659,#1660));
#1638 = ORIENTED_EDGE('',*,*,#190,.F.);
#1639 = ORIENTED_EDGE('',*,*,#1640,.F.);
#1640 = EDGE_CURVE('',#1442,#191,#1641,.T.);
#1641 = SEAM_CURVE('',#1642,(#1645,#1652),.PCURVE_S1.);
#1642 = B_SPLINE_CURVE_WITH_KNOTS('',1,(#1643,#1644),.UNSPECIFIED.,.F.,
  .F.,(2,2),(3.1E-16,0.707106781187),.PIECEWISE_BEZIER_KNOTS.);
#1643 = CARTESIAN_POINT('',(-6.22,4.,0.5));
#1644 = CARTESIAN_POINT('',(-6.72,4.,0.));
#1645 = PCURVE('',#207,#1646);
#1646 = DEFINITIONAL_REPRESENTATION('',(#1647),#1651);
#1647 = LINE('',#1648,#1649);
#1648 = CARTESIAN_POINT('',(0.,0.));
#1649 = VECTOR('',#1650,1.);
#1650 = DIRECTION('',(0.,1.));
#1651 = ( GEOMETRIC_REPRESENTATION_CONTEXT(2) 
PARAMETRIC_REPRESENTATION_CONTEXT() REPRESENTATION_CONTEXT('2D SPACE',''
  ) );
#1652 = PCURVE('',#207,#1653);
#1653 = DEFINITIONAL_REPRESENTATION('',(#1654),#1658);
#1654 = LINE('',#1655,#1656);
#1655 = CARTESIAN_POINT('',(6.28318530718,0.));
#1656 = VECTOR('',#1657,1.);
#1657 = DIRECTION('',(0.,1.));
#1658 = ( GEOMETRIC_REPRESENTATION_CONTEXT(2) 
PARAMETRIC_REPRESENTATION_CONTEXT() REPRESENTATION_CONTEXT('2D SPACE',''
  ) );
#1659 = ORIENTED_EDGE('',*,*,#1441,.T.);
#1660 = ORIENTED_EDGE('',*,*,#1640,.T.);
#1661 = ADVANCED_FACE('',(#1662),#238,.F.);
#1662 = FACE_BOUND('',#1663,.F.);
#1663 = EDGE_LOOP('',(#1664,#1665,#1685,#1686));
#1664 = ORIENTED_EDGE('',*,*,#221,.F.);
#1665 = ORIENTED_EDGE('',*,*,#1666,.F.);
#1666 = EDGE_CURVE('',#1528,#222,#1667,.T.);
#1667 = SEAM_CURVE('',#1668,(#1671,#1678),.PCURVE_S1.);
#1668 = B_SPLINE_CURVE_WITH_KNOTS('',1,(#1669,#1670),.UNSPECIFIED.,.F.,
  .F.,(2,2),(0.,0.707106781187),.PIECEWISE_BEZIER_KNOTS.);
#1669 = CARTESIAN_POINT('',(1.78,4.,0.5));
#1670 = CARTESIAN_POINT('',(1.28,4.,2.2E-16));
#1671 = PCURVE('',#238,#1672);
#1672 = DEFINITIONAL_REPRESENTATION('',(#1673),#1677);
#1673 = LINE('',#1674,#1675);
#1674 = CARTESIAN_POINT('',(0.,0.));
#1675 = VECTOR('',#1676,1.);
#1676 = DIRECTION('',(0.,1.));
#1677 = ( GEOMETRIC_REPRESENTATION_CONTEXT(2) 
PARAMETRIC_REPRESENTATION_CONTEXT() REPRESENTATION_CONTEXT('2D SPACE',''
  ) );
#1678 = PCURVE('',#238,#1679);
#1679 = DEFINITIONAL_REPRESENTATION('',(#1680),#1684);
#1680 = LINE('',#1681,#1682);
#1681 = CARTESIAN_POINT('',(6.28318530718,0.));
#1682 = VECTOR('',#1683,1.);
#1683 = DIRECTION('',(0.,1.));
#1684 = ( GEOMETRIC_REPRESENTATION_CONTEXT(2) 
PARAMETRIC_REPRESENTATION_CONTEXT() REPRESENTATION_CONTEXT('2D SPACE',''
  ) );
#1685 = ORIENTED_EDGE('',*,*,#1527,.T.);
#1686 = ORIENTED_EDGE('',*,*,#1666,.T.);
#1687 = ADVANCED_FACE('',(#1688),#269,.F.);
#1688 = FACE_BOUND('',#1689,.F.);
#1689 = EDGE_LOOP('',(#1690,#1691,#1711,#1712));
#1690 = ORIENTED_EDGE('',*,*,#252,.F.);
#1691 = ORIENTED_EDGE('',*,*,#1692,.F.);
#1692 = EDGE_CURVE('',#1270,#253,#1693,.T.);
#1693 = SEAM_CURVE('',#1694,(#1697,#1704),.PCURVE_S1.);
#1694 = B_SPLINE_CURVE_WITH_KNOTS('',1,(#1695,#1696),.UNSPECIFIED.,.F.,
  .F.,(2,2),(0.,0.707106781187),.PIECEWISE_BEZIER_KNOTS.);
#1695 = CARTESIAN_POINT('',(1.78,-4.,0.5));
#1696 = CARTESIAN_POINT('',(1.28,-4.,2.2E-16));
#1697 = PCURVE('',#269,#1698);
#1698 = DEFINITIONAL_REPRESENTATION('',(#1699),#1703);
#1699 = LINE('',#1700,#1701);
#1700 = CARTESIAN_POINT('',(0.,0.));
#1701 = VECTOR('',#1702,1.);
#1702 = DIRECTION('',(0.,1.));
#1703 = ( GEOMETRIC_REPRESENTATION_CONTEXT(2) 
PARAMETRIC_REPRESENTATION_CONTEXT() REPRESENTATION_CONTEXT('2D SPACE',''
  ) );
#1704 = PCURVE('',#269,#1705);
#1705 = DEFINITIONAL_REPRESENTATION('',(#1706),#1710);
#1706 = LINE('',#1707,#1708);
#1707 = CARTESIAN_POINT('',(6.28318530718,0.));
#1708 = VECTOR('',#1709,1.);
#1709 = DIRECTION('',(0.,1.));
#1710 = ( GEOMETRIC_REPRESENTATION_CONTEXT(2) 
PARAMETRIC_REPRESENTATION_CONTEXT() REPRESENTATION_CONTEXT('2D SPACE',''
  ) );
#1711 = ORIENTED_EDGE('',*,*,#1269,.T.);
#1712 = ORIENTED_EDGE('',*,*,#1692,.T.);
#1713 = ADVANCED_FACE('',(#1714),#322,.T.);
#1714 = FACE_BOUND('',#1715,.T.);
#1715 = EDGE_LOOP('',(#1716,#1717,#1718,#1740,#1741,#1742));
#1716 = ORIENTED_EDGE('',*,*,#600,.F.);
#1717 = ORIENTED_EDGE('',*,*,#501,.F.);
#1718 = ORIENTED_EDGE('',*,*,#1719,.T.);
#1719 = EDGE_CURVE('',#502,#287,#1720,.T.);
#1720 = SEAM_CURVE('',#1721,(#1726,#1733),.PCURVE_S1.);
#1721 = B_SPLINE_CURVE_WITH_KNOTS('',3,(#1722,#1723,#1724,#1725),
  .UNSPECIFIED.,.F.,.F.,(4,4),(-1.7E-15,1.),.PIECEWISE_BEZIER_KNOTS.);
#1722 = CARTESIAN_POINT('',(-9.130581216938,-3.342E-14,2.302924317388));
#1723 = CARTESIAN_POINT('',(-9.604080855013,-3.375E-14,2.522375007069));
#1724 = CARTESIAN_POINT('',(-9.840830674051,-3.531E-14,2.371159500154));
#1725 = CARTESIAN_POINT('',(-9.840830674051,-3.531E-14,1.849277796644));
#1726 = PCURVE('',#322,#1727);
#1727 = DEFINITIONAL_REPRESENTATION('',(#1728),#1732);
#1728 = LINE('',#1729,#1730);
#1729 = CARTESIAN_POINT('',(0.,0.));
#1730 = VECTOR('',#1731,1.);
#1731 = DIRECTION('',(1.,0.));
#1732 = ( GEOMETRIC_REPRESENTATION_CONTEXT(2) 
PARAMETRIC_REPRESENTATION_CONTEXT() REPRESENTATION_CONTEXT('2D SPACE',''
  ) );
#1733 = PCURVE('',#322,#1734);
#1734 = DEFINITIONAL_REPRESENTATION('',(#1735),#1739);
#1735 = LINE('',#1736,#1737);
#1736 = CARTESIAN_POINT('',(0.,6.28318530718));
#1737 = VECTOR('',#1738,1.);
#1738 = DIRECTION('',(1.,0.));
#1739 = ( GEOMETRIC_REPRESENTATION_CONTEXT(2) 
PARAMETRIC_REPRESENTATION_CONTEXT() REPRESENTATION_CONTEXT('2D SPACE',''
  ) );
#1740 = ORIENTED_EDGE('',*,*,#284,.F.);
#1741 = ORIENTED_EDGE('',*,*,#463,.F.);
#1742 = ORIENTED_EDGE('',*,*,#1719,.F.);
#1743 = ADVANCED_FACE('',(#1744),#74,.F.);
#1744 = FACE_BOUND('',#1745,.F.);
#1745 = EDGE_LOOP('',(#1746,#1747,#1768,#1769));
#1746 = ORIENTED_EDGE('',*,*,#427,.T.);
#1747 = ORIENTED_EDGE('',*,*,#1748,.F.);
#1748 = EDGE_CURVE('',#22,#406,#1749,.T.);
#1749 = SEAM_CURVE('',#1750,(#1754,#1761),.PCURVE_S1.);
#1750 = B_SPLINE_CURVE_WITH_KNOTS('',2,(#1751,#1752,#1753),
  .UNSPECIFIED.,.F.,.F.,(3,3),(-1.091309451487E-04,1.),
  .PIECEWISE_BEZIER_KNOTS.);
#1751 = CARTESIAN_POINT('',(-9.340830674052,1.823E-14,5.95476661E-09));
#1752 = CARTESIAN_POINT('',(-9.840939810952,3.67E-14,-5.456547258464E-05
    ));
#1753 = CARTESIAN_POINT('',(-9.840939810952,5.468E-14,0.5));
#1754 = PCURVE('',#74,#1755);
#1755 = DEFINITIONAL_REPRESENTATION('',(#1756),#1760);
#1756 = LINE('',#1757,#1758);
#1757 = CARTESIAN_POINT('',(0.,9.424777960769));
#1758 = VECTOR('',#1759,1.);
#1759 = DIRECTION('',(1.,0.));
#1760 = ( GEOMETRIC_REPRESENTATION_CONTEXT(2) 
PARAMETRIC_REPRESENTATION_CONTEXT() REPRESENTATION_CONTEXT('2D SPACE',''
  ) );
#1761 = PCURVE('',#74,#1762);
#1762 = DEFINITIONAL_REPRESENTATION('',(#1763),#1767);
#1763 = LINE('',#1764,#1765);
#1764 = CARTESIAN_POINT('',(0.,3.14159265359));
#1765 = VECTOR('',#1766,1.);
#1766 = DIRECTION('',(1.,0.));
#1767 = ( GEOMETRIC_REPRESENTATION_CONTEXT(2) 
PARAMETRIC_REPRESENTATION_CONTEXT() REPRESENTATION_CONTEXT('2D SPACE',''
  ) );
#1768 = ORIENTED_EDGE('',*,*,#21,.T.);
#1769 = ORIENTED_EDGE('',*,*,#1748,.T.);
#1770 = ( GEOMETRIC_REPRESENTATION_CONTEXT(3) 
GLOBAL_UNCERTAINTY_ASSIGNED_CONTEXT((#1774)) 
GLOBAL_UNIT_ASSIGNED_CONTEXT((#1771,#1772,#1773)) REPRESENTATION_CONTEXT
('Context #1','3D Context with UNIT and UNCERTAINTY') );
#1771 = ( LENGTH_UNIT() NAMED_UNIT(*) SI_UNIT(.MILLI.,.METRE.) );
#1772 = ( NAMED_UNIT(*) PLANE_ANGLE_UNIT() SI_UNIT($,.RADIAN.) );
#1773 = ( NAMED_UNIT(*) SI_UNIT($,.STERADIAN.) SOLID_ANGLE_UNIT() );
#1774 = UNCERTAINTY_MEASURE_WITH_UNIT(LENGTH_MEASURE(2.E-04),#1771,
  'distance_accuracy_value','confusion accuracy');
#1775 = PRODUCT_RELATED_PRODUCT_CATEGORY('part',$,(#7));
#1776 = MECHANICAL_DESIGN_GEOMETRIC_PRESENTATION_REPRESENTATION('',(
    #1777),#1770);
#1777 = STYLED_ITEM('color',(#1778),#15);
#1778 = PRESENTATION_STYLE_ASSIGNMENT((#1779,#1785));
#1779 = SURFACE_STYLE_USAGE(.BOTH.,#1780);
#1780 = SURFACE_SIDE_STYLE('',(#1781));
#1781 = SURFACE_STYLE_FILL_AREA(#1782);
#1782 = FILL_AREA_STYLE('',(#1783));
#1783 = FILL_AREA_STYLE_COLOUR('',#1784);
#1784 = COLOUR_RGB('',0.615686309239,0.811764731185,0.929411760963);
#1785 = CURVE_STYLE('',#1786,POSITIVE_LENGTH_MEASURE(0.1),#1787);
#1786 = DRAUGHTING_PRE_DEFINED_CURVE_FONT('continuous');
#1787 = COLOUR_RGB('',9.803921802644E-02,9.803921802644E-02,
  9.803921802644E-02);
ENDSEC;
END-ISO-10303-21;
