ISO-10303-21;
HEADER;
FILE_DESCRIPTION(('FreeCAD Model'),'2;1');
FILE_NAME('Open CASCADE Shape Model','2026-08-14T08:38:47',(''),(''),
  'Open CASCADE STEP processor 7.8','FreeCAD','Unknown');
FILE_SCHEMA(('AUTOMOTIVE_DESIGN { 1 0 10303 214 1 1 1 1 }'));
ENDSEC;
DATA;
#1 = APPLICATION_PROTOCOL_DEFINITION('international standard',
  'automotive_design',2000,#2);
#2 = APPLICATION_CONTEXT(
  'core data for automotive mechanical design processes');
#3 = SHAPE_DEFINITION_REPRESENTATION(#4,#10);
#4 = PRODUCT_DEFINITION_SHAPE('','',#5);
#5 = PRODUCT_DEFINITION('design','',#6,#9);
#6 = PRODUCT_DEFINITION_FORMATION('','',#7);
#7 = PRODUCT('mold top Waves001','mold top Waves001','',(#8));
#8 = PRODUCT_CONTEXT('',#2,'mechanical');
#9 = PRODUCT_DEFINITION_CONTEXT('part definition',#2,'design');
#10 = ADVANCED_BREP_SHAPE_REPRESENTATION('',(#11,#15),#3274);
#11 = AXIS2_PLACEMENT_3D('',#12,#13,#14);
#12 = CARTESIAN_POINT('',(0.,0.,0.));
#13 = DIRECTION('',(0.,0.,1.));
#14 = DIRECTION('',(1.,0.,-0.));
#15 = MANIFOLD_SOLID_BREP('',#16);
#16 = CLOSED_SHELL('',(#17,#104,#181,#258,#340,#389,#471,#520,#602,#651,
    #742,#853,#968,#1044,#1115,#1162,#1296,#1430,#1496,#1562,#1628,#1694
    ,#1771,#1913,#1990,#2132,#2209,#2351,#2428,#2570,#2598,#2626,#2654,
    #2682,#2779,#2860,#2990,#3069,#3118,#3144,#3170,#3196,#3222,#3248));
#17 = ADVANCED_FACE('',(#18),#31,.F.);
#18 = FACE_BOUND('',#19,.F.);
#19 = EDGE_LOOP('',(#20,#54,#76,#103));
#20 = ORIENTED_EDGE('',*,*,#21,.F.);
#21 = EDGE_CURVE('',#22,#22,#24,.T.);
#22 = VERTEX_POINT('',#23);
#23 = CARTESIAN_POINT('',(-2.5,-0.9,0.));
#24 = SURFACE_CURVE('',#25,(#30,#42),.PCURVE_S1.);
#25 = CIRCLE('',#26,0.9);
#26 = AXIS2_PLACEMENT_3D('',#27,#28,#29);
#27 = CARTESIAN_POINT('',(-2.5,4.6E-16,0.));
#28 = DIRECTION('',(0.,0.,1.));
#29 = DIRECTION('',(-1.8E-16,-1.,0.));
#30 = PCURVE('',#31,#36);
#31 = CYLINDRICAL_SURFACE('',#32,0.9);
#32 = AXIS2_PLACEMENT_3D('',#33,#34,#35);
#33 = CARTESIAN_POINT('',(-2.5,4.6E-16,-2.));
#34 = DIRECTION('',(0.,0.,1.));
#35 = DIRECTION('',(-1.8E-16,-1.,0.));
#36 = DEFINITIONAL_REPRESENTATION('',(#37),#41);
#37 = LINE('',#38,#39);
#38 = CARTESIAN_POINT('',(0.,2.));
#39 = VECTOR('',#40,1.);
#40 = DIRECTION('',(1.,0.));
#41 = ( GEOMETRIC_REPRESENTATION_CONTEXT(2) 
PARAMETRIC_REPRESENTATION_CONTEXT() REPRESENTATION_CONTEXT('2D SPACE',''
  ) );
#42 = PCURVE('',#43,#48);
#43 = PLANE('',#44);
#44 = AXIS2_PLACEMENT_3D('',#45,#46,#47);
#45 = CARTESIAN_POINT('',(0.,0.,0.));
#46 = DIRECTION('',(0.,0.,1.));
#47 = DIRECTION('',(1.,0.,-0.));
#48 = DEFINITIONAL_REPRESENTATION('',(#49),#53);
#49 = CIRCLE('',#50,0.9);
#50 = AXIS2_PLACEMENT_2D('',#51,#52);
#51 = CARTESIAN_POINT('',(-2.5,4.6E-16));
#52 = DIRECTION('',(-1.8E-16,-1.));
#53 = ( GEOMETRIC_REPRESENTATION_CONTEXT(2) 
PARAMETRIC_REPRESENTATION_CONTEXT() REPRESENTATION_CONTEXT('2D SPACE',''
  ) );
#54 = ORIENTED_EDGE('',*,*,#55,.F.);
#55 = EDGE_CURVE('',#56,#22,#58,.T.);
#56 = VERTEX_POINT('',#57);
#57 = CARTESIAN_POINT('',(-2.5,-0.9,-2.));
#58 = SEAM_CURVE('',#59,(#62,#69),.PCURVE_S1.);
#59 = B_SPLINE_CURVE_WITH_KNOTS('',1,(#60,#61),.UNSPECIFIED.,.F.,.F.,(2,
    2),(0.,2.),.PIECEWISE_BEZIER_KNOTS.);
#60 = CARTESIAN_POINT('',(-2.5,-0.9,-2.));
#61 = CARTESIAN_POINT('',(-2.5,-0.9,0.));
#62 = PCURVE('',#31,#63);
#63 = DEFINITIONAL_REPRESENTATION('',(#64),#68);
#64 = LINE('',#65,#66);
#65 = CARTESIAN_POINT('',(0.,0.));
#66 = VECTOR('',#67,1.);
#67 = DIRECTION('',(0.,1.));
#68 = ( GEOMETRIC_REPRESENTATION_CONTEXT(2) 
PARAMETRIC_REPRESENTATION_CONTEXT() REPRESENTATION_CONTEXT('2D SPACE',''
  ) );
#69 = PCURVE('',#31,#70);
#70 = DEFINITIONAL_REPRESENTATION('',(#71),#75);
#71 = LINE('',#72,#73);
#72 = CARTESIAN_POINT('',(6.28318530718,0.));
#73 = VECTOR('',#74,1.);
#74 = DIRECTION('',(0.,1.));
#75 = ( GEOMETRIC_REPRESENTATION_CONTEXT(2) 
PARAMETRIC_REPRESENTATION_CONTEXT() REPRESENTATION_CONTEXT('2D SPACE',''
  ) );
#76 = ORIENTED_EDGE('',*,*,#77,.T.);
#77 = EDGE_CURVE('',#56,#56,#78,.T.);
#78 = SURFACE_CURVE('',#79,(#84,#91),.PCURVE_S1.);
#79 = CIRCLE('',#80,0.9);
#80 = AXIS2_PLACEMENT_3D('',#81,#82,#83);
#81 = CARTESIAN_POINT('',(-2.5,4.6E-16,-2.));
#82 = DIRECTION('',(0.,0.,1.));
#83 = DIRECTION('',(-1.8E-16,-1.,0.));
#84 = PCURVE('',#31,#85);
#85 = DEFINITIONAL_REPRESENTATION('',(#86),#90);
#86 = LINE('',#87,#88);
#87 = CARTESIAN_POINT('',(0.,0.));
#88 = VECTOR('',#89,1.);
#89 = DIRECTION('',(1.,0.));
#90 = ( GEOMETRIC_REPRESENTATION_CONTEXT(2) 
PARAMETRIC_REPRESENTATION_CONTEXT() REPRESENTATION_CONTEXT('2D SPACE',''
  ) );
#91 = PCURVE('',#92,#97);
#92 = PLANE('',#93);
#93 = AXIS2_PLACEMENT_3D('',#94,#95,#96);
#94 = CARTESIAN_POINT('',(0.,0.,-2.));
#95 = DIRECTION('',(0.,0.,1.));
#96 = DIRECTION('',(1.,0.,-0.));
#97 = DEFINITIONAL_REPRESENTATION('',(#98),#102);
#98 = CIRCLE('',#99,0.9);
#99 = AXIS2_PLACEMENT_2D('',#100,#101);
#100 = CARTESIAN_POINT('',(-2.5,4.6E-16));
#101 = DIRECTION('',(-1.8E-16,-1.));
#102 = ( GEOMETRIC_REPRESENTATION_CONTEXT(2) 
PARAMETRIC_REPRESENTATION_CONTEXT() REPRESENTATION_CONTEXT('2D SPACE',''
  ) );
#103 = ORIENTED_EDGE('',*,*,#55,.T.);
#104 = ADVANCED_FACE('',(#105),#118,.F.);
#105 = FACE_BOUND('',#106,.F.);
#106 = EDGE_LOOP('',(#107,#136,#158,#180));
#107 = ORIENTED_EDGE('',*,*,#108,.F.);
#108 = EDGE_CURVE('',#109,#109,#111,.T.);
#109 = VERTEX_POINT('',#110);
#110 = CARTESIAN_POINT('',(-0.9,2.5,0.));
#111 = SURFACE_CURVE('',#112,(#117,#129),.PCURVE_S1.);
#112 = CIRCLE('',#113,0.9);
#113 = AXIS2_PLACEMENT_3D('',#114,#115,#116);
#114 = CARTESIAN_POINT('',(3.1E-16,2.5,0.));
#115 = DIRECTION('',(0.,0.,1.));
#116 = DIRECTION('',(-1.,1.2E-16,0.));
#117 = PCURVE('',#118,#123);
#118 = CYLINDRICAL_SURFACE('',#119,0.9);
#119 = AXIS2_PLACEMENT_3D('',#120,#121,#122);
#120 = CARTESIAN_POINT('',(3.1E-16,2.5,-2.));
#121 = DIRECTION('',(0.,0.,1.));
#122 = DIRECTION('',(-1.,1.2E-16,0.));
#123 = DEFINITIONAL_REPRESENTATION('',(#124),#128);
#124 = LINE('',#125,#126);
#125 = CARTESIAN_POINT('',(0.,2.));
#126 = VECTOR('',#127,1.);
#127 = DIRECTION('',(1.,0.));
#128 = ( GEOMETRIC_REPRESENTATION_CONTEXT(2) 
PARAMETRIC_REPRESENTATION_CONTEXT() REPRESENTATION_CONTEXT('2D SPACE',''
  ) );
#129 = PCURVE('',#43,#130);
#130 = DEFINITIONAL_REPRESENTATION('',(#131),#135);
#131 = CIRCLE('',#132,0.9);
#132 = AXIS2_PLACEMENT_2D('',#133,#134);
#133 = CARTESIAN_POINT('',(3.1E-16,2.5));
#134 = DIRECTION('',(-1.,1.2E-16));
#135 = ( GEOMETRIC_REPRESENTATION_CONTEXT(2) 
PARAMETRIC_REPRESENTATION_CONTEXT() REPRESENTATION_CONTEXT('2D SPACE',''
  ) );
#136 = ORIENTED_EDGE('',*,*,#137,.F.);
#137 = EDGE_CURVE('',#138,#109,#140,.T.);
#138 = VERTEX_POINT('',#139);
#139 = CARTESIAN_POINT('',(-0.9,2.5,-2.));
#140 = SEAM_CURVE('',#141,(#144,#151),.PCURVE_S1.);
#141 = B_SPLINE_CURVE_WITH_KNOTS('',1,(#142,#143),.UNSPECIFIED.,.F.,.F.,
  (2,2),(0.,2.),.PIECEWISE_BEZIER_KNOTS.);
#142 = CARTESIAN_POINT('',(-0.9,2.5,-2.));
#143 = CARTESIAN_POINT('',(-0.9,2.5,0.));
#144 = PCURVE('',#118,#145);
#145 = DEFINITIONAL_REPRESENTATION('',(#146),#150);
#146 = LINE('',#147,#148);
#147 = CARTESIAN_POINT('',(0.,0.));
#148 = VECTOR('',#149,1.);
#149 = DIRECTION('',(0.,1.));
#150 = ( GEOMETRIC_REPRESENTATION_CONTEXT(2) 
PARAMETRIC_REPRESENTATION_CONTEXT() REPRESENTATION_CONTEXT('2D SPACE',''
  ) );
#151 = PCURVE('',#118,#152);
#152 = DEFINITIONAL_REPRESENTATION('',(#153),#157);
#153 = LINE('',#154,#155);
#154 = CARTESIAN_POINT('',(6.28318530718,0.));
#155 = VECTOR('',#156,1.);
#156 = DIRECTION('',(0.,1.));
#157 = ( GEOMETRIC_REPRESENTATION_CONTEXT(2) 
PARAMETRIC_REPRESENTATION_CONTEXT() REPRESENTATION_CONTEXT('2D SPACE',''
  ) );
#158 = ORIENTED_EDGE('',*,*,#159,.T.);
#159 = EDGE_CURVE('',#138,#138,#160,.T.);
#160 = SURFACE_CURVE('',#161,(#166,#173),.PCURVE_S1.);
#161 = CIRCLE('',#162,0.9);
#162 = AXIS2_PLACEMENT_3D('',#163,#164,#165);
#163 = CARTESIAN_POINT('',(3.1E-16,2.5,-2.));
#164 = DIRECTION('',(0.,0.,1.));
#165 = DIRECTION('',(-1.,1.2E-16,0.));
#166 = PCURVE('',#118,#167);
#167 = DEFINITIONAL_REPRESENTATION('',(#168),#172);
#168 = LINE('',#169,#170);
#169 = CARTESIAN_POINT('',(0.,0.));
#170 = VECTOR('',#171,1.);
#171 = DIRECTION('',(1.,0.));
#172 = ( GEOMETRIC_REPRESENTATION_CONTEXT(2) 
PARAMETRIC_REPRESENTATION_CONTEXT() REPRESENTATION_CONTEXT('2D SPACE',''
  ) );
#173 = PCURVE('',#92,#174);
#174 = DEFINITIONAL_REPRESENTATION('',(#175),#179);
#175 = CIRCLE('',#176,0.9);
#176 = AXIS2_PLACEMENT_2D('',#177,#178);
#177 = CARTESIAN_POINT('',(3.1E-16,2.5));
#178 = DIRECTION('',(-1.,1.2E-16));
#179 = ( GEOMETRIC_REPRESENTATION_CONTEXT(2) 
PARAMETRIC_REPRESENTATION_CONTEXT() REPRESENTATION_CONTEXT('2D SPACE',''
  ) );
#180 = ORIENTED_EDGE('',*,*,#137,.T.);
#181 = ADVANCED_FACE('',(#182),#195,.F.);
#182 = FACE_BOUND('',#183,.F.);
#183 = EDGE_LOOP('',(#184,#213,#235,#257));
#184 = ORIENTED_EDGE('',*,*,#185,.F.);
#185 = EDGE_CURVE('',#186,#186,#188,.T.);
#186 = VERTEX_POINT('',#187);
#187 = CARTESIAN_POINT('',(2.5,0.9,0.));
#188 = SURFACE_CURVE('',#189,(#194,#206),.PCURVE_S1.);
#189 = CIRCLE('',#190,0.9);
#190 = AXIS2_PLACEMENT_3D('',#191,#192,#193);
#191 = CARTESIAN_POINT('',(2.5,-1.5E-16,0.));
#192 = DIRECTION('',(0.,0.,1.));
#193 = DIRECTION('',(6.E-17,1.,-0.));
#194 = PCURVE('',#195,#200);
#195 = CYLINDRICAL_SURFACE('',#196,0.9);
#196 = AXIS2_PLACEMENT_3D('',#197,#198,#199);
#197 = CARTESIAN_POINT('',(2.5,-1.5E-16,-2.));
#198 = DIRECTION('',(0.,0.,1.));
#199 = DIRECTION('',(6.E-17,1.,-0.));
#200 = DEFINITIONAL_REPRESENTATION('',(#201),#205);
#201 = LINE('',#202,#203);
#202 = CARTESIAN_POINT('',(0.,2.));
#203 = VECTOR('',#204,1.);
#204 = DIRECTION('',(1.,0.));
#205 = ( GEOMETRIC_REPRESENTATION_CONTEXT(2) 
PARAMETRIC_REPRESENTATION_CONTEXT() REPRESENTATION_CONTEXT('2D SPACE',''
  ) );
#206 = PCURVE('',#43,#207);
#207 = DEFINITIONAL_REPRESENTATION('',(#208),#212);
#208 = CIRCLE('',#209,0.9);
#209 = AXIS2_PLACEMENT_2D('',#210,#211);
#210 = CARTESIAN_POINT('',(2.5,-1.5E-16));
#211 = DIRECTION('',(6.E-17,1.));
#212 = ( GEOMETRIC_REPRESENTATION_CONTEXT(2) 
PARAMETRIC_REPRESENTATION_CONTEXT() REPRESENTATION_CONTEXT('2D SPACE',''
  ) );
#213 = ORIENTED_EDGE('',*,*,#214,.F.);
#214 = EDGE_CURVE('',#215,#186,#217,.T.);
#215 = VERTEX_POINT('',#216);
#216 = CARTESIAN_POINT('',(2.5,0.9,-2.));
#217 = SEAM_CURVE('',#218,(#221,#228),.PCURVE_S1.);
#218 = B_SPLINE_CURVE_WITH_KNOTS('',1,(#219,#220),.UNSPECIFIED.,.F.,.F.,
  (2,2),(0.,2.),.PIECEWISE_BEZIER_KNOTS.);
#219 = CARTESIAN_POINT('',(2.5,0.9,-2.));
#220 = CARTESIAN_POINT('',(2.5,0.9,0.));
#221 = PCURVE('',#195,#222);
#222 = DEFINITIONAL_REPRESENTATION('',(#223),#227);
#223 = LINE('',#224,#225);
#224 = CARTESIAN_POINT('',(0.,0.));
#225 = VECTOR('',#226,1.);
#226 = DIRECTION('',(0.,1.));
#227 = ( GEOMETRIC_REPRESENTATION_CONTEXT(2) 
PARAMETRIC_REPRESENTATION_CONTEXT() REPRESENTATION_CONTEXT('2D SPACE',''
  ) );
#228 = PCURVE('',#195,#229);
#229 = DEFINITIONAL_REPRESENTATION('',(#230),#234);
#230 = LINE('',#231,#232);
#231 = CARTESIAN_POINT('',(6.28318530718,0.));
#232 = VECTOR('',#233,1.);
#233 = DIRECTION('',(0.,1.));
#234 = ( GEOMETRIC_REPRESENTATION_CONTEXT(2) 
PARAMETRIC_REPRESENTATION_CONTEXT() REPRESENTATION_CONTEXT('2D SPACE',''
  ) );
#235 = ORIENTED_EDGE('',*,*,#236,.T.);
#236 = EDGE_CURVE('',#215,#215,#237,.T.);
#237 = SURFACE_CURVE('',#238,(#243,#250),.PCURVE_S1.);
#238 = CIRCLE('',#239,0.9);
#239 = AXIS2_PLACEMENT_3D('',#240,#241,#242);
#240 = CARTESIAN_POINT('',(2.5,-1.5E-16,-2.));
#241 = DIRECTION('',(0.,0.,1.));
#242 = DIRECTION('',(6.E-17,1.,-0.));
#243 = PCURVE('',#195,#244);
#244 = DEFINITIONAL_REPRESENTATION('',(#245),#249);
#245 = LINE('',#246,#247);
#246 = CARTESIAN_POINT('',(0.,0.));
#247 = VECTOR('',#248,1.);
#248 = DIRECTION('',(1.,0.));
#249 = ( GEOMETRIC_REPRESENTATION_CONTEXT(2) 
PARAMETRIC_REPRESENTATION_CONTEXT() REPRESENTATION_CONTEXT('2D SPACE',''
  ) );
#250 = PCURVE('',#92,#251);
#251 = DEFINITIONAL_REPRESENTATION('',(#252),#256);
#252 = CIRCLE('',#253,0.9);
#253 = AXIS2_PLACEMENT_2D('',#254,#255);
#254 = CARTESIAN_POINT('',(2.5,-1.5E-16));
#255 = DIRECTION('',(6.E-17,1.));
#256 = ( GEOMETRIC_REPRESENTATION_CONTEXT(2) 
PARAMETRIC_REPRESENTATION_CONTEXT() REPRESENTATION_CONTEXT('2D SPACE',''
  ) );
#257 = ORIENTED_EDGE('',*,*,#214,.T.);
#258 = ADVANCED_FACE('',(#259),#272,.F.);
#259 = FACE_BOUND('',#260,.F.);
#260 = EDGE_LOOP('',(#261,#295,#317,#339));
#261 = ORIENTED_EDGE('',*,*,#262,.F.);
#262 = EDGE_CURVE('',#263,#263,#265,.T.);
#263 = VERTEX_POINT('',#264);
#264 = CARTESIAN_POINT('',(8.,0.75,-0.75));
#265 = SURFACE_CURVE('',#266,(#271,#283),.PCURVE_S1.);
#266 = CIRCLE('',#267,0.75);
#267 = AXIS2_PLACEMENT_3D('',#268,#269,#270);
#268 = CARTESIAN_POINT('',(8.,1.47E-15,-0.75));
#269 = DIRECTION('',(0.,0.,1.));
#270 = DIRECTION('',(-1.8E-16,1.,0.));
#271 = PCURVE('',#272,#277);
#272 = CONICAL_SURFACE('',#273,2.,0.785398163397);
#273 = AXIS2_PLACEMENT_3D('',#274,#275,#276);
#274 = CARTESIAN_POINT('',(8.,1.47E-15,-2.));
#275 = DIRECTION('',(0.,0.,-1.));
#276 = DIRECTION('',(1.8E-16,-1.,0.));
#277 = DEFINITIONAL_REPRESENTATION('',(#278),#282);
#278 = LINE('',#279,#280);
#279 = CARTESIAN_POINT('',(9.424777960769,-1.25));
#280 = VECTOR('',#281,1.);
#281 = DIRECTION('',(-1.,0.));
#282 = ( GEOMETRIC_REPRESENTATION_CONTEXT(2) 
PARAMETRIC_REPRESENTATION_CONTEXT() REPRESENTATION_CONTEXT('2D SPACE',''
  ) );
#283 = PCURVE('',#284,#289);
#284 = CYLINDRICAL_SURFACE('',#285,0.75);
#285 = AXIS2_PLACEMENT_3D('',#286,#287,#288);
#286 = CARTESIAN_POINT('',(8.,1.47E-15,-2.));
#287 = DIRECTION('',(0.,0.,1.));
#288 = DIRECTION('',(-1.8E-16,1.,0.));
#289 = DEFINITIONAL_REPRESENTATION('',(#290),#294);
#290 = LINE('',#291,#292);
#291 = CARTESIAN_POINT('',(0.,1.25));
#292 = VECTOR('',#293,1.);
#293 = DIRECTION('',(1.,0.));
#294 = ( GEOMETRIC_REPRESENTATION_CONTEXT(2) 
PARAMETRIC_REPRESENTATION_CONTEXT() REPRESENTATION_CONTEXT('2D SPACE',''
  ) );
#295 = ORIENTED_EDGE('',*,*,#296,.T.);
#296 = EDGE_CURVE('',#263,#297,#299,.T.);
#297 = VERTEX_POINT('',#298);
#298 = CARTESIAN_POINT('',(8.,2.,-2.));
#299 = SEAM_CURVE('',#300,(#303,#310),.PCURVE_S1.);
#300 = B_SPLINE_CURVE_WITH_KNOTS('',1,(#301,#302),.UNSPECIFIED.,.F.,.F.,
  (2,2),(-1.767766952966,-2.2E-16),.PIECEWISE_BEZIER_KNOTS.);
#301 = CARTESIAN_POINT('',(8.,0.75,-0.75));
#302 = CARTESIAN_POINT('',(8.,2.,-2.));
#303 = PCURVE('',#272,#304);
#304 = DEFINITIONAL_REPRESENTATION('',(#305),#309);
#305 = LINE('',#306,#307);
#306 = CARTESIAN_POINT('',(9.424777960769,0.));
#307 = VECTOR('',#308,1.);
#308 = DIRECTION('',(0.,1.));
#309 = ( GEOMETRIC_REPRESENTATION_CONTEXT(2) 
PARAMETRIC_REPRESENTATION_CONTEXT() REPRESENTATION_CONTEXT('2D SPACE',''
  ) );
#310 = PCURVE('',#272,#311);
#311 = DEFINITIONAL_REPRESENTATION('',(#312),#316);
#312 = LINE('',#313,#314);
#313 = CARTESIAN_POINT('',(3.14159265359,0.));
#314 = VECTOR('',#315,1.);
#315 = DIRECTION('',(0.,1.));
#316 = ( GEOMETRIC_REPRESENTATION_CONTEXT(2) 
PARAMETRIC_REPRESENTATION_CONTEXT() REPRESENTATION_CONTEXT('2D SPACE',''
  ) );
#317 = ORIENTED_EDGE('',*,*,#318,.T.);
#318 = EDGE_CURVE('',#297,#297,#319,.T.);
#319 = SURFACE_CURVE('',#320,(#325,#332),.PCURVE_S1.);
#320 = CIRCLE('',#321,2.);
#321 = AXIS2_PLACEMENT_3D('',#322,#323,#324);
#322 = CARTESIAN_POINT('',(8.,1.47E-15,-2.));
#323 = DIRECTION('',(0.,0.,1.));
#324 = DIRECTION('',(-1.8E-16,1.,0.));
#325 = PCURVE('',#272,#326);
#326 = DEFINITIONAL_REPRESENTATION('',(#327),#331);
#327 = LINE('',#328,#329);
#328 = CARTESIAN_POINT('',(9.424777960769,-1.131370849898E-16));
#329 = VECTOR('',#330,1.);
#330 = DIRECTION('',(-1.,0.));
#331 = ( GEOMETRIC_REPRESENTATION_CONTEXT(2) 
PARAMETRIC_REPRESENTATION_CONTEXT() REPRESENTATION_CONTEXT('2D SPACE',''
  ) );
#332 = PCURVE('',#92,#333);
#333 = DEFINITIONAL_REPRESENTATION('',(#334),#338);
#334 = CIRCLE('',#335,2.);
#335 = AXIS2_PLACEMENT_2D('',#336,#337);
#336 = CARTESIAN_POINT('',(8.,1.47E-15));
#337 = DIRECTION('',(-1.8E-16,1.));
#338 = ( GEOMETRIC_REPRESENTATION_CONTEXT(2) 
PARAMETRIC_REPRESENTATION_CONTEXT() REPRESENTATION_CONTEXT('2D SPACE',''
  ) );
#339 = ORIENTED_EDGE('',*,*,#296,.F.);
#340 = ADVANCED_FACE('',(#341),#284,.F.);
#341 = FACE_BOUND('',#342,.F.);
#342 = EDGE_LOOP('',(#343,#367,#387,#388));
#343 = ORIENTED_EDGE('',*,*,#344,.F.);
#344 = EDGE_CURVE('',#345,#345,#347,.T.);
#345 = VERTEX_POINT('',#346);
#346 = CARTESIAN_POINT('',(8.,0.75,0.));
#347 = SURFACE_CURVE('',#348,(#353,#360),.PCURVE_S1.);
#348 = CIRCLE('',#349,0.75);
#349 = AXIS2_PLACEMENT_3D('',#350,#351,#352);
#350 = CARTESIAN_POINT('',(8.,1.47E-15,0.));
#351 = DIRECTION('',(0.,0.,1.));
#352 = DIRECTION('',(-1.8E-16,1.,0.));
#353 = PCURVE('',#284,#354);
#354 = DEFINITIONAL_REPRESENTATION('',(#355),#359);
#355 = LINE('',#356,#357);
#356 = CARTESIAN_POINT('',(0.,2.));
#357 = VECTOR('',#358,1.);
#358 = DIRECTION('',(1.,0.));
#359 = ( GEOMETRIC_REPRESENTATION_CONTEXT(2) 
PARAMETRIC_REPRESENTATION_CONTEXT() REPRESENTATION_CONTEXT('2D SPACE',''
  ) );
#360 = PCURVE('',#43,#361);
#361 = DEFINITIONAL_REPRESENTATION('',(#362),#366);
#362 = CIRCLE('',#363,0.75);
#363 = AXIS2_PLACEMENT_2D('',#364,#365);
#364 = CARTESIAN_POINT('',(8.,1.47E-15));
#365 = DIRECTION('',(-1.8E-16,1.));
#366 = ( GEOMETRIC_REPRESENTATION_CONTEXT(2) 
PARAMETRIC_REPRESENTATION_CONTEXT() REPRESENTATION_CONTEXT('2D SPACE',''
  ) );
#367 = ORIENTED_EDGE('',*,*,#368,.F.);
#368 = EDGE_CURVE('',#263,#345,#369,.T.);
#369 = SEAM_CURVE('',#370,(#373,#380),.PCURVE_S1.);
#370 = B_SPLINE_CURVE_WITH_KNOTS('',1,(#371,#372),.UNSPECIFIED.,.F.,.F.,
  (2,2),(1.25,2.),.PIECEWISE_BEZIER_KNOTS.);
#371 = CARTESIAN_POINT('',(8.,0.75,-0.75));
#372 = CARTESIAN_POINT('',(8.,0.75,0.));
#373 = PCURVE('',#284,#374);
#374 = DEFINITIONAL_REPRESENTATION('',(#375),#379);
#375 = LINE('',#376,#377);
#376 = CARTESIAN_POINT('',(0.,0.));
#377 = VECTOR('',#378,1.);
#378 = DIRECTION('',(0.,1.));
#379 = ( GEOMETRIC_REPRESENTATION_CONTEXT(2) 
PARAMETRIC_REPRESENTATION_CONTEXT() REPRESENTATION_CONTEXT('2D SPACE',''
  ) );
#380 = PCURVE('',#284,#381);
#381 = DEFINITIONAL_REPRESENTATION('',(#382),#386);
#382 = LINE('',#383,#384);
#383 = CARTESIAN_POINT('',(6.28318530718,0.));
#384 = VECTOR('',#385,1.);
#385 = DIRECTION('',(0.,1.));
#386 = ( GEOMETRIC_REPRESENTATION_CONTEXT(2) 
PARAMETRIC_REPRESENTATION_CONTEXT() REPRESENTATION_CONTEXT('2D SPACE',''
  ) );
#387 = ORIENTED_EDGE('',*,*,#262,.T.);
#388 = ORIENTED_EDGE('',*,*,#368,.T.);
#389 = ADVANCED_FACE('',(#390),#403,.F.);
#390 = FACE_BOUND('',#391,.F.);
#391 = EDGE_LOOP('',(#392,#426,#448,#470));
#392 = ORIENTED_EDGE('',*,*,#393,.F.);
#393 = EDGE_CURVE('',#394,#394,#396,.T.);
#394 = VERTEX_POINT('',#395);
#395 = CARTESIAN_POINT('',(-0.75,8.,-0.75));
#396 = SURFACE_CURVE('',#397,(#402,#414),.PCURVE_S1.);
#397 = CIRCLE('',#398,0.75);
#398 = AXIS2_PLACEMENT_3D('',#399,#400,#401);
#399 = CARTESIAN_POINT('',(-9.8E-16,8.,-0.75));
#400 = DIRECTION('',(0.,0.,1.));
#401 = DIRECTION('',(-1.,-1.2E-16,0.));
#402 = PCURVE('',#403,#408);
#403 = CONICAL_SURFACE('',#404,2.,0.785398163397);
#404 = AXIS2_PLACEMENT_3D('',#405,#406,#407);
#405 = CARTESIAN_POINT('',(-9.8E-16,8.,-2.));
#406 = DIRECTION('',(0.,0.,-1.));
#407 = DIRECTION('',(1.,1.2E-16,0.));
#408 = DEFINITIONAL_REPRESENTATION('',(#409),#413);
#409 = LINE('',#410,#411);
#410 = CARTESIAN_POINT('',(9.424777960769,-1.25));
#411 = VECTOR('',#412,1.);
#412 = DIRECTION('',(-1.,0.));
#413 = ( GEOMETRIC_REPRESENTATION_CONTEXT(2) 
PARAMETRIC_REPRESENTATION_CONTEXT() REPRESENTATION_CONTEXT('2D SPACE',''
  ) );
#414 = PCURVE('',#415,#420);
#415 = CYLINDRICAL_SURFACE('',#416,0.75);
#416 = AXIS2_PLACEMENT_3D('',#417,#418,#419);
#417 = CARTESIAN_POINT('',(-9.8E-16,8.,-2.));
#418 = DIRECTION('',(0.,0.,1.));
#419 = DIRECTION('',(-1.,-1.2E-16,0.));
#420 = DEFINITIONAL_REPRESENTATION('',(#421),#425);
#421 = LINE('',#422,#423);
#422 = CARTESIAN_POINT('',(0.,1.25));
#423 = VECTOR('',#424,1.);
#424 = DIRECTION('',(1.,0.));
#425 = ( GEOMETRIC_REPRESENTATION_CONTEXT(2) 
PARAMETRIC_REPRESENTATION_CONTEXT() REPRESENTATION_CONTEXT('2D SPACE',''
  ) );
#426 = ORIENTED_EDGE('',*,*,#427,.T.);
#427 = EDGE_CURVE('',#394,#428,#430,.T.);
#428 = VERTEX_POINT('',#429);
#429 = CARTESIAN_POINT('',(-2.,8.,-2.));
#430 = SEAM_CURVE('',#431,(#434,#441),.PCURVE_S1.);
#431 = B_SPLINE_CURVE_WITH_KNOTS('',1,(#432,#433),.UNSPECIFIED.,.F.,.F.,
  (2,2),(-1.767766952966,0.),.PIECEWISE_BEZIER_KNOTS.);
#432 = CARTESIAN_POINT('',(-0.75,8.,-0.75));
#433 = CARTESIAN_POINT('',(-2.,8.,-2.));
#434 = PCURVE('',#403,#435);
#435 = DEFINITIONAL_REPRESENTATION('',(#436),#440);
#436 = LINE('',#437,#438);
#437 = CARTESIAN_POINT('',(9.424777960769,0.));
#438 = VECTOR('',#439,1.);
#439 = DIRECTION('',(0.,1.));
#440 = ( GEOMETRIC_REPRESENTATION_CONTEXT(2) 
PARAMETRIC_REPRESENTATION_CONTEXT() REPRESENTATION_CONTEXT('2D SPACE',''
  ) );
#441 = PCURVE('',#403,#442);
#442 = DEFINITIONAL_REPRESENTATION('',(#443),#447);
#443 = LINE('',#444,#445);
#444 = CARTESIAN_POINT('',(3.14159265359,0.));
#445 = VECTOR('',#446,1.);
#446 = DIRECTION('',(0.,1.));
#447 = ( GEOMETRIC_REPRESENTATION_CONTEXT(2) 
PARAMETRIC_REPRESENTATION_CONTEXT() REPRESENTATION_CONTEXT('2D SPACE',''
  ) );
#448 = ORIENTED_EDGE('',*,*,#449,.T.);
#449 = EDGE_CURVE('',#428,#428,#450,.T.);
#450 = SURFACE_CURVE('',#451,(#456,#463),.PCURVE_S1.);
#451 = CIRCLE('',#452,2.);
#452 = AXIS2_PLACEMENT_3D('',#453,#454,#455);
#453 = CARTESIAN_POINT('',(-9.8E-16,8.,-2.));
#454 = DIRECTION('',(0.,0.,1.));
#455 = DIRECTION('',(-1.,-1.2E-16,0.));
#456 = PCURVE('',#403,#457);
#457 = DEFINITIONAL_REPRESENTATION('',(#458),#462);
#458 = LINE('',#459,#460);
#459 = CARTESIAN_POINT('',(9.424777960769,0.));
#460 = VECTOR('',#461,1.);
#461 = DIRECTION('',(-1.,0.));
#462 = ( GEOMETRIC_REPRESENTATION_CONTEXT(2) 
PARAMETRIC_REPRESENTATION_CONTEXT() REPRESENTATION_CONTEXT('2D SPACE',''
  ) );
#463 = PCURVE('',#92,#464);
#464 = DEFINITIONAL_REPRESENTATION('',(#465),#469);
#465 = CIRCLE('',#466,2.);
#466 = AXIS2_PLACEMENT_2D('',#467,#468);
#467 = CARTESIAN_POINT('',(-9.8E-16,8.));
#468 = DIRECTION('',(-1.,-1.2E-16));
#469 = ( GEOMETRIC_REPRESENTATION_CONTEXT(2) 
PARAMETRIC_REPRESENTATION_CONTEXT() REPRESENTATION_CONTEXT('2D SPACE',''
  ) );
#470 = ORIENTED_EDGE('',*,*,#427,.F.);
#471 = ADVANCED_FACE('',(#472),#415,.F.);
#472 = FACE_BOUND('',#473,.F.);
#473 = EDGE_LOOP('',(#474,#498,#518,#519));
#474 = ORIENTED_EDGE('',*,*,#475,.F.);
#475 = EDGE_CURVE('',#476,#476,#478,.T.);
#476 = VERTEX_POINT('',#477);
#477 = CARTESIAN_POINT('',(-0.75,8.,0.));
#478 = SURFACE_CURVE('',#479,(#484,#491),.PCURVE_S1.);
#479 = CIRCLE('',#480,0.75);
#480 = AXIS2_PLACEMENT_3D('',#481,#482,#483);
#481 = CARTESIAN_POINT('',(-9.8E-16,8.,0.));
#482 = DIRECTION('',(0.,0.,1.));
#483 = DIRECTION('',(-1.,-1.2E-16,0.));
#484 = PCURVE('',#415,#485);
#485 = DEFINITIONAL_REPRESENTATION('',(#486),#490);
#486 = LINE('',#487,#488);
#487 = CARTESIAN_POINT('',(0.,2.));
#488 = VECTOR('',#489,1.);
#489 = DIRECTION('',(1.,0.));
#490 = ( GEOMETRIC_REPRESENTATION_CONTEXT(2) 
PARAMETRIC_REPRESENTATION_CONTEXT() REPRESENTATION_CONTEXT('2D SPACE',''
  ) );
#491 = PCURVE('',#43,#492);
#492 = DEFINITIONAL_REPRESENTATION('',(#493),#497);
#493 = CIRCLE('',#494,0.75);
#494 = AXIS2_PLACEMENT_2D('',#495,#496);
#495 = CARTESIAN_POINT('',(-9.8E-16,8.));
#496 = DIRECTION('',(-1.,-1.2E-16));
#497 = ( GEOMETRIC_REPRESENTATION_CONTEXT(2) 
PARAMETRIC_REPRESENTATION_CONTEXT() REPRESENTATION_CONTEXT('2D SPACE',''
  ) );
#498 = ORIENTED_EDGE('',*,*,#499,.F.);
#499 = EDGE_CURVE('',#394,#476,#500,.T.);
#500 = SEAM_CURVE('',#501,(#504,#511),.PCURVE_S1.);
#501 = B_SPLINE_CURVE_WITH_KNOTS('',1,(#502,#503),.UNSPECIFIED.,.F.,.F.,
  (2,2),(1.25,2.),.PIECEWISE_BEZIER_KNOTS.);
#502 = CARTESIAN_POINT('',(-0.75,8.,-0.75));
#503 = CARTESIAN_POINT('',(-0.75,8.,0.));
#504 = PCURVE('',#415,#505);
#505 = DEFINITIONAL_REPRESENTATION('',(#506),#510);
#506 = LINE('',#507,#508);
#507 = CARTESIAN_POINT('',(0.,0.));
#508 = VECTOR('',#509,1.);
#509 = DIRECTION('',(0.,1.));
#510 = ( GEOMETRIC_REPRESENTATION_CONTEXT(2) 
PARAMETRIC_REPRESENTATION_CONTEXT() REPRESENTATION_CONTEXT('2D SPACE',''
  ) );
#511 = PCURVE('',#415,#512);
#512 = DEFINITIONAL_REPRESENTATION('',(#513),#517);
#513 = LINE('',#514,#515);
#514 = CARTESIAN_POINT('',(6.28318530718,0.));
#515 = VECTOR('',#516,1.);
#516 = DIRECTION('',(0.,1.));
#517 = ( GEOMETRIC_REPRESENTATION_CONTEXT(2) 
PARAMETRIC_REPRESENTATION_CONTEXT() REPRESENTATION_CONTEXT('2D SPACE',''
  ) );
#518 = ORIENTED_EDGE('',*,*,#393,.T.);
#519 = ORIENTED_EDGE('',*,*,#499,.T.);
#520 = ADVANCED_FACE('',(#521),#534,.F.);
#521 = FACE_BOUND('',#522,.F.);
#522 = EDGE_LOOP('',(#523,#557,#579,#601));
#523 = ORIENTED_EDGE('',*,*,#524,.F.);
#524 = EDGE_CURVE('',#525,#525,#527,.T.);
#525 = VERTEX_POINT('',#526);
#526 = CARTESIAN_POINT('',(-8.,-0.75,-0.75));
#527 = SURFACE_CURVE('',#528,(#533,#545),.PCURVE_S1.);
#528 = CIRCLE('',#529,0.75);
#529 = AXIS2_PLACEMENT_3D('',#530,#531,#532);
#530 = CARTESIAN_POINT('',(-8.,-4.9E-16,-0.75));
#531 = DIRECTION('',(0.,0.,1.));
#532 = DIRECTION('',(6.E-17,-1.,0.));
#533 = PCURVE('',#534,#539);
#534 = CONICAL_SURFACE('',#535,2.,0.785398163397);
#535 = AXIS2_PLACEMENT_3D('',#536,#537,#538);
#536 = CARTESIAN_POINT('',(-8.,-4.9E-16,-2.));
#537 = DIRECTION('',(0.,0.,-1.));
#538 = DIRECTION('',(-6.E-17,1.,0.));
#539 = DEFINITIONAL_REPRESENTATION('',(#540),#544);
#540 = LINE('',#541,#542);
#541 = CARTESIAN_POINT('',(9.424777960769,-1.25));
#542 = VECTOR('',#543,1.);
#543 = DIRECTION('',(-1.,0.));
#544 = ( GEOMETRIC_REPRESENTATION_CONTEXT(2) 
PARAMETRIC_REPRESENTATION_CONTEXT() REPRESENTATION_CONTEXT('2D SPACE',''
  ) );
#545 = PCURVE('',#546,#551);
#546 = CYLINDRICAL_SURFACE('',#547,0.75);
#547 = AXIS2_PLACEMENT_3D('',#548,#549,#550);
#548 = CARTESIAN_POINT('',(-8.,-4.9E-16,-2.));
#549 = DIRECTION('',(0.,0.,1.));
#550 = DIRECTION('',(6.E-17,-1.,0.));
#551 = DEFINITIONAL_REPRESENTATION('',(#552),#556);
#552 = LINE('',#553,#554);
#553 = CARTESIAN_POINT('',(0.,1.25));
#554 = VECTOR('',#555,1.);
#555 = DIRECTION('',(1.,0.));
#556 = ( GEOMETRIC_REPRESENTATION_CONTEXT(2) 
PARAMETRIC_REPRESENTATION_CONTEXT() REPRESENTATION_CONTEXT('2D SPACE',''
  ) );
#557 = ORIENTED_EDGE('',*,*,#558,.T.);
#558 = EDGE_CURVE('',#525,#559,#561,.T.);
#559 = VERTEX_POINT('',#560);
#560 = CARTESIAN_POINT('',(-8.,-2.,-2.));
#561 = SEAM_CURVE('',#562,(#565,#572),.PCURVE_S1.);
#562 = B_SPLINE_CURVE_WITH_KNOTS('',1,(#563,#564),.UNSPECIFIED.,.F.,.F.,
  (2,2),(-1.767766952966,0.),.PIECEWISE_BEZIER_KNOTS.);
#563 = CARTESIAN_POINT('',(-8.,-0.75,-0.75));
#564 = CARTESIAN_POINT('',(-8.,-2.,-2.));
#565 = PCURVE('',#534,#566);
#566 = DEFINITIONAL_REPRESENTATION('',(#567),#571);
#567 = LINE('',#568,#569);
#568 = CARTESIAN_POINT('',(9.424777960769,0.));
#569 = VECTOR('',#570,1.);
#570 = DIRECTION('',(0.,1.));
#571 = ( GEOMETRIC_REPRESENTATION_CONTEXT(2) 
PARAMETRIC_REPRESENTATION_CONTEXT() REPRESENTATION_CONTEXT('2D SPACE',''
  ) );
#572 = PCURVE('',#534,#573);
#573 = DEFINITIONAL_REPRESENTATION('',(#574),#578);
#574 = LINE('',#575,#576);
#575 = CARTESIAN_POINT('',(3.14159265359,0.));
#576 = VECTOR('',#577,1.);
#577 = DIRECTION('',(0.,1.));
#578 = ( GEOMETRIC_REPRESENTATION_CONTEXT(2) 
PARAMETRIC_REPRESENTATION_CONTEXT() REPRESENTATION_CONTEXT('2D SPACE',''
  ) );
#579 = ORIENTED_EDGE('',*,*,#580,.T.);
#580 = EDGE_CURVE('',#559,#559,#581,.T.);
#581 = SURFACE_CURVE('',#582,(#587,#594),.PCURVE_S1.);
#582 = CIRCLE('',#583,2.);
#583 = AXIS2_PLACEMENT_3D('',#584,#585,#586);
#584 = CARTESIAN_POINT('',(-8.,-4.9E-16,-2.));
#585 = DIRECTION('',(0.,0.,1.));
#586 = DIRECTION('',(6.E-17,-1.,0.));
#587 = PCURVE('',#534,#588);
#588 = DEFINITIONAL_REPRESENTATION('',(#589),#593);
#589 = LINE('',#590,#591);
#590 = CARTESIAN_POINT('',(9.424777960769,0.));
#591 = VECTOR('',#592,1.);
#592 = DIRECTION('',(-1.,0.));
#593 = ( GEOMETRIC_REPRESENTATION_CONTEXT(2) 
PARAMETRIC_REPRESENTATION_CONTEXT() REPRESENTATION_CONTEXT('2D SPACE',''
  ) );
#594 = PCURVE('',#92,#595);
#595 = DEFINITIONAL_REPRESENTATION('',(#596),#600);
#596 = CIRCLE('',#597,2.);
#597 = AXIS2_PLACEMENT_2D('',#598,#599);
#598 = CARTESIAN_POINT('',(-8.,-4.9E-16));
#599 = DIRECTION('',(6.E-17,-1.));
#600 = ( GEOMETRIC_REPRESENTATION_CONTEXT(2) 
PARAMETRIC_REPRESENTATION_CONTEXT() REPRESENTATION_CONTEXT('2D SPACE',''
  ) );
#601 = ORIENTED_EDGE('',*,*,#558,.F.);
#602 = ADVANCED_FACE('',(#603),#546,.F.);
#603 = FACE_BOUND('',#604,.F.);
#604 = EDGE_LOOP('',(#605,#629,#649,#650));
#605 = ORIENTED_EDGE('',*,*,#606,.F.);
#606 = EDGE_CURVE('',#607,#607,#609,.T.);
#607 = VERTEX_POINT('',#608);
#608 = CARTESIAN_POINT('',(-8.,-0.75,0.));
#609 = SURFACE_CURVE('',#610,(#615,#622),.PCURVE_S1.);
#610 = CIRCLE('',#611,0.75);
#611 = AXIS2_PLACEMENT_3D('',#612,#613,#614);
#612 = CARTESIAN_POINT('',(-8.,-4.9E-16,0.));
#613 = DIRECTION('',(0.,0.,1.));
#614 = DIRECTION('',(6.E-17,-1.,0.));
#615 = PCURVE('',#546,#616);
#616 = DEFINITIONAL_REPRESENTATION('',(#617),#621);
#617 = LINE('',#618,#619);
#618 = CARTESIAN_POINT('',(0.,2.));
#619 = VECTOR('',#620,1.);
#620 = DIRECTION('',(1.,0.));
#621 = ( GEOMETRIC_REPRESENTATION_CONTEXT(2) 
PARAMETRIC_REPRESENTATION_CONTEXT() REPRESENTATION_CONTEXT('2D SPACE',''
  ) );
#622 = PCURVE('',#43,#623);
#623 = DEFINITIONAL_REPRESENTATION('',(#624),#628);
#624 = CIRCLE('',#625,0.75);
#625 = AXIS2_PLACEMENT_2D('',#626,#627);
#626 = CARTESIAN_POINT('',(-8.,-4.9E-16));
#627 = DIRECTION('',(6.E-17,-1.));
#628 = ( GEOMETRIC_REPRESENTATION_CONTEXT(2) 
PARAMETRIC_REPRESENTATION_CONTEXT() REPRESENTATION_CONTEXT('2D SPACE',''
  ) );
#629 = ORIENTED_EDGE('',*,*,#630,.F.);
#630 = EDGE_CURVE('',#525,#607,#631,.T.);
#631 = SEAM_CURVE('',#632,(#635,#642),.PCURVE_S1.);
#632 = B_SPLINE_CURVE_WITH_KNOTS('',1,(#633,#634),.UNSPECIFIED.,.F.,.F.,
  (2,2),(1.25,2.),.PIECEWISE_BEZIER_KNOTS.);
#633 = CARTESIAN_POINT('',(-8.,-0.75,-0.75));
#634 = CARTESIAN_POINT('',(-8.,-0.75,0.));
#635 = PCURVE('',#546,#636);
#636 = DEFINITIONAL_REPRESENTATION('',(#637),#641);
#637 = LINE('',#638,#639);
#638 = CARTESIAN_POINT('',(0.,0.));
#639 = VECTOR('',#640,1.);
#640 = DIRECTION('',(0.,1.));
#641 = ( GEOMETRIC_REPRESENTATION_CONTEXT(2) 
PARAMETRIC_REPRESENTATION_CONTEXT() REPRESENTATION_CONTEXT('2D SPACE',''
  ) );
#642 = PCURVE('',#546,#643);
#643 = DEFINITIONAL_REPRESENTATION('',(#644),#648);
#644 = LINE('',#645,#646);
#645 = CARTESIAN_POINT('',(6.28318530718,0.));
#646 = VECTOR('',#647,1.);
#647 = DIRECTION('',(0.,1.));
#648 = ( GEOMETRIC_REPRESENTATION_CONTEXT(2) 
PARAMETRIC_REPRESENTATION_CONTEXT() REPRESENTATION_CONTEXT('2D SPACE',''
  ) );
#649 = ORIENTED_EDGE('',*,*,#524,.T.);
#650 = ORIENTED_EDGE('',*,*,#630,.T.);
#651 = ADVANCED_FACE('',(#652),#665,.T.);
#652 = FACE_BOUND('',#653,.T.);
#653 = EDGE_LOOP('',(#654,#688,#710,#741));
#654 = ORIENTED_EDGE('',*,*,#655,.T.);
#655 = EDGE_CURVE('',#656,#656,#658,.T.);
#656 = VERTEX_POINT('',#657);
#657 = CARTESIAN_POINT('',(-11.,-1.E-15,0.5));
#658 = SURFACE_CURVE('',#659,(#664,#676),.PCURVE_S1.);
#659 = CIRCLE('',#660,11.);
#660 = AXIS2_PLACEMENT_3D('',#661,#662,#663);
#661 = CARTESIAN_POINT('',(0.,-6.7E-16,0.5));
#662 = DIRECTION('',(0.,0.,-1.));
#663 = DIRECTION('',(-1.,0.,0.));
#664 = PCURVE('',#665,#670);
#665 = CYLINDRICAL_SURFACE('',#666,11.);
#666 = AXIS2_PLACEMENT_3D('',#667,#668,#669);
#667 = CARTESIAN_POINT('',(0.,-6.7E-16,0.5));
#668 = DIRECTION('',(0.,0.,-1.));
#669 = DIRECTION('',(-1.,0.,0.));
#670 = DEFINITIONAL_REPRESENTATION('',(#671),#675);
#671 = LINE('',#672,#673);
#672 = CARTESIAN_POINT('',(0.,0.));
#673 = VECTOR('',#674,1.);
#674 = DIRECTION('',(1.,0.));
#675 = ( GEOMETRIC_REPRESENTATION_CONTEXT(2) 
PARAMETRIC_REPRESENTATION_CONTEXT() REPRESENTATION_CONTEXT('2D SPACE',''
  ) );
#676 = PCURVE('',#677,#682);
#677 = PLANE('',#678);
#678 = AXIS2_PLACEMENT_3D('',#679,#680,#681);
#679 = CARTESIAN_POINT('',(0.,0.,0.5));
#680 = DIRECTION('',(0.,0.,-1.));
#681 = DIRECTION('',(1.,0.,0.));
#682 = DEFINITIONAL_REPRESENTATION('',(#683),#687);
#683 = CIRCLE('',#684,11.);
#684 = AXIS2_PLACEMENT_2D('',#685,#686);
#685 = CARTESIAN_POINT('',(0.,6.7E-16));
#686 = DIRECTION('',(-1.,0.));
#687 = ( GEOMETRIC_REPRESENTATION_CONTEXT(2) 
PARAMETRIC_REPRESENTATION_CONTEXT() REPRESENTATION_CONTEXT('2D SPACE',''
  ) );
#688 = ORIENTED_EDGE('',*,*,#689,.T.);
#689 = EDGE_CURVE('',#656,#690,#692,.T.);
#690 = VERTEX_POINT('',#691);
#691 = CARTESIAN_POINT('',(-11.,-1.E-15,0.));
#692 = SEAM_CURVE('',#693,(#696,#703),.PCURVE_S1.);
#693 = B_SPLINE_CURVE_WITH_KNOTS('',1,(#694,#695),.UNSPECIFIED.,.F.,.F.,
  (2,2),(0.,0.5),.PIECEWISE_BEZIER_KNOTS.);
#694 = CARTESIAN_POINT('',(-11.,-6.7E-16,0.5));
#695 = CARTESIAN_POINT('',(-11.,-6.7E-16,0.));
#696 = PCURVE('',#665,#697);
#697 = DEFINITIONAL_REPRESENTATION('',(#698),#702);
#698 = LINE('',#699,#700);
#699 = CARTESIAN_POINT('',(6.28318530718,0.));
#700 = VECTOR('',#701,1.);
#701 = DIRECTION('',(0.,1.));
#702 = ( GEOMETRIC_REPRESENTATION_CONTEXT(2) 
PARAMETRIC_REPRESENTATION_CONTEXT() REPRESENTATION_CONTEXT('2D SPACE',''
  ) );
#703 = PCURVE('',#665,#704);
#704 = DEFINITIONAL_REPRESENTATION('',(#705),#709);
#705 = LINE('',#706,#707);
#706 = CARTESIAN_POINT('',(0.,0.));
#707 = VECTOR('',#708,1.);
#708 = DIRECTION('',(0.,1.));
#709 = ( GEOMETRIC_REPRESENTATION_CONTEXT(2) 
PARAMETRIC_REPRESENTATION_CONTEXT() REPRESENTATION_CONTEXT('2D SPACE',''
  ) );
#710 = ORIENTED_EDGE('',*,*,#711,.F.);
#711 = EDGE_CURVE('',#690,#690,#712,.T.);
#712 = SURFACE_CURVE('',#713,(#718,#725),.PCURVE_S1.);
#713 = CIRCLE('',#714,11.);
#714 = AXIS2_PLACEMENT_3D('',#715,#716,#717);
#715 = CARTESIAN_POINT('',(0.,-6.7E-16,0.));
#716 = DIRECTION('',(0.,0.,-1.));
#717 = DIRECTION('',(-1.,0.,0.));
#718 = PCURVE('',#665,#719);
#719 = DEFINITIONAL_REPRESENTATION('',(#720),#724);
#720 = LINE('',#721,#722);
#721 = CARTESIAN_POINT('',(0.,0.5));
#722 = VECTOR('',#723,1.);
#723 = DIRECTION('',(1.,0.));
#724 = ( GEOMETRIC_REPRESENTATION_CONTEXT(2) 
PARAMETRIC_REPRESENTATION_CONTEXT() REPRESENTATION_CONTEXT('2D SPACE',''
  ) );
#725 = PCURVE('',#726,#731);
#726 = PLANE('',#727);
#727 = AXIS2_PLACEMENT_3D('',#728,#729,#730);
#728 = CARTESIAN_POINT('',(0.,0.,0.));
#729 = DIRECTION('',(0.,0.,1.));
#730 = DIRECTION('',(1.,0.,-0.));
#731 = DEFINITIONAL_REPRESENTATION('',(#732),#740);
#732 = ( BOUNDED_CURVE() B_SPLINE_CURVE(2,(#733,#734,#735,#736,#737,#738
,#739),.UNSPECIFIED.,.T.,.F.) B_SPLINE_CURVE_WITH_KNOTS((1,2,2,2,2,1),(
    -2.094395102393,0.,2.094395102393,4.188790204786,6.28318530718,
8.377580409573),.UNSPECIFIED.) CURVE() GEOMETRIC_REPRESENTATION_ITEM() 
RATIONAL_B_SPLINE_CURVE((1.,0.5,1.,0.5,1.,0.5,1.)) REPRESENTATION_ITEM(
  '') );
#733 = CARTESIAN_POINT('',(-11.,-6.7E-16));
#734 = CARTESIAN_POINT('',(-11.,19.052558883258));
#735 = CARTESIAN_POINT('',(5.5,9.526279441629));
#736 = CARTESIAN_POINT('',(22.,2.024222958124E-15));
#737 = CARTESIAN_POINT('',(5.5,-9.526279441629));
#738 = CARTESIAN_POINT('',(-11.,-19.05255888325));
#739 = CARTESIAN_POINT('',(-11.,-6.7E-16));
#740 = ( GEOMETRIC_REPRESENTATION_CONTEXT(2) 
PARAMETRIC_REPRESENTATION_CONTEXT() REPRESENTATION_CONTEXT('2D SPACE',''
  ) );
#741 = ORIENTED_EDGE('',*,*,#689,.F.);
#742 = ADVANCED_FACE('',(#743,#850),#677,.F.);
#743 = FACE_BOUND('',#744,.T.);
#744 = EDGE_LOOP('',(#745));
#745 = ORIENTED_EDGE('',*,*,#746,.F.);
#746 = EDGE_CURVE('',#747,#747,#749,.T.);
#747 = VERTEX_POINT('',#748);
#748 = CARTESIAN_POINT('',(10.,1.E-15,0.5));
#749 = SURFACE_CURVE('',#750,(#755,#766),.PCURVE_S1.);
#750 = CIRCLE('',#751,10.);
#751 = AXIS2_PLACEMENT_3D('',#752,#753,#754);
#752 = CARTESIAN_POINT('',(0.,0.,0.5));
#753 = DIRECTION('',(0.,0.,1.));
#754 = DIRECTION('',(1.,0.,-0.));
#755 = PCURVE('',#677,#756);
#756 = DEFINITIONAL_REPRESENTATION('',(#757),#765);
#757 = ( BOUNDED_CURVE() B_SPLINE_CURVE(2,(#758,#759,#760,#761,#762,#763
,#764),.UNSPECIFIED.,.T.,.F.) B_SPLINE_CURVE_WITH_KNOTS((1,2,2,2,2,1),(
    -2.094395102393,0.,2.094395102393,4.188790204786,6.28318530718,
8.377580409573),.UNSPECIFIED.) CURVE() GEOMETRIC_REPRESENTATION_ITEM() 
RATIONAL_B_SPLINE_CURVE((1.,0.5,1.,0.5,1.,0.5,1.)) REPRESENTATION_ITEM(
  '') );
#758 = CARTESIAN_POINT('',(10.,0.));
#759 = CARTESIAN_POINT('',(10.,-17.32050807568));
#760 = CARTESIAN_POINT('',(-5.,-8.660254037844));
#761 = CARTESIAN_POINT('',(-20.,-2.449293598295E-15));
#762 = CARTESIAN_POINT('',(-5.,8.660254037844));
#763 = CARTESIAN_POINT('',(10.,17.320508075689));
#764 = CARTESIAN_POINT('',(10.,0.));
#765 = ( GEOMETRIC_REPRESENTATION_CONTEXT(2) 
PARAMETRIC_REPRESENTATION_CONTEXT() REPRESENTATION_CONTEXT('2D SPACE',''
  ) );
#766 = PCURVE('',#767,#844);
#767 = B_SPLINE_SURFACE_WITH_KNOTS('',3,3,(
    (#768,#769,#770,#771,#772,#773,#774,#775,#776,#777,#778,#779,#780
      ,#781,#782,#783,#784,#785,#786)
    ,(#787,#788,#789,#790,#791,#792,#793,#794,#795,#796,#797,#798,#799
      ,#800,#801,#802,#803,#804,#805)
    ,(#806,#807,#808,#809,#810,#811,#812,#813,#814,#815,#816,#817,#818
      ,#819,#820,#821,#822,#823,#824)
    ,(#825,#826,#827,#828,#829,#830,#831,#832,#833,#834,#835,#836,#837
      ,#838,#839,#840,#841,#842,#843
    )),.UNSPECIFIED.,.F.,.T.,.F.,(4,4),(1,1,1,1,1,1,1,1,1,1,1,1,1,1,1,1,
    1,1,1,1,1,1,1),(0.,1.),(-1.178097245096,-0.785398163397,
    -0.392699081699,0.,0.392699081699,0.785398163397,1.178097245096,
    1.570796326795,1.963495408494,2.356194490192,2.748893571891,
    3.14159265359,3.534291735289,3.926990816987,4.319689898686,
    4.712388980385,5.105088062083,5.497787143782,5.890486225481,
    6.28318530718,6.675884388878,7.068583470577,7.461282552276),
  .UNSPECIFIED.);
#768 = CARTESIAN_POINT('',(9.005349892205,-3.730161032551,-5.86E-15));
#769 = CARTESIAN_POINT('',(9.747325053897,-9.E-15,-1.9E-16));
#770 = CARTESIAN_POINT('',(9.005349892205,3.730161032551,6.63E-15));
#771 = CARTESIAN_POINT('',(6.892383399475,6.89243886189,1.358E-14));
#772 = CARTESIAN_POINT('',(3.730105570136,9.005405354621,1.959E-14));
#773 = CARTESIAN_POINT('',(-5.546241543303E-05,9.747380516313,2.374E-14)
  );
#774 = CARTESIAN_POINT('',(-3.730216494967,9.005405354621,2.541E-14));
#775 = CARTESIAN_POINT('',(-6.892494324306,6.892438861891,2.434E-14));
#776 = CARTESIAN_POINT('',(-9.005460817036,3.730161032551,2.069E-14));
#777 = CARTESIAN_POINT('',(-9.747435978728,1.3368E-13,1.502E-14));
#778 = CARTESIAN_POINT('',(-9.005460817036,-3.730161032551,8.19E-15));
#779 = CARTESIAN_POINT('',(-6.892494324306,-6.89243886189,1.24E-15));
#780 = CARTESIAN_POINT('',(-3.730216494967,-9.005405354621,-4.76E-15));
#781 = CARTESIAN_POINT('',(-5.546241557161E-05,-9.747380516313,-8.92E-15
    ));
#782 = CARTESIAN_POINT('',(3.730105570136,-9.005405354621,-1.058E-14));
#783 = CARTESIAN_POINT('',(6.892383399475,-6.89243886189,-9.51E-15));
#784 = CARTESIAN_POINT('',(9.005349892205,-3.730161032551,-5.86E-15));
#785 = CARTESIAN_POINT('',(9.747325053897,-9.E-15,-1.9E-16));
#786 = CARTESIAN_POINT('',(9.005349892205,3.730161032551,6.63E-15));
#787 = CARTESIAN_POINT('',(9.321327182733,-3.86104311169,-6.1E-15));
#788 = CARTESIAN_POINT('',(10.089336408634,-9.32E-15,-1.7E-16));
#789 = CARTESIAN_POINT('',(9.321327182733,3.86104311169,6.83E-15));
#790 = CARTESIAN_POINT('',(7.134221947652,7.134277410067,1.408E-14));
#791 = CARTESIAN_POINT('',(3.860987649274,9.321382645148,2.025E-14));
#792 = CARTESIAN_POINT('',(-5.546241543453E-05,10.089391871049,2.464E-14
    ));
#793 = CARTESIAN_POINT('',(-3.861098574105,9.321382645148,2.637E-14));
#794 = CARTESIAN_POINT('',(-7.134332872483,7.134277410067,2.518E-14));
#795 = CARTESIAN_POINT('',(-9.321438107564,3.86104311169,2.14E-14));
#796 = CARTESIAN_POINT('',(-10.08944733346,1.3351E-13,1.556E-14));
#797 = CARTESIAN_POINT('',(-9.321438107564,-3.861043111689,8.47E-15));
#798 = CARTESIAN_POINT('',(-7.134332872483,-7.134277410067,1.37E-15));
#799 = CARTESIAN_POINT('',(-3.861098574105,-9.321382645148,-4.85E-15));
#800 = CARTESIAN_POINT('',(-5.546241557392E-05,-10.08939187104,-9.14E-15
    ));
#801 = CARTESIAN_POINT('',(3.860987649274,-9.321382645148,-1.105E-14));
#802 = CARTESIAN_POINT('',(7.134221947652,-7.134277410067,-9.7E-15));
#803 = CARTESIAN_POINT('',(9.321327182733,-3.86104311169,-6.1E-15));
#804 = CARTESIAN_POINT('',(10.089336408634,-9.32E-15,-1.7E-16));
#805 = CARTESIAN_POINT('',(9.321327182733,3.86104311169,6.83E-15));
#806 = CARTESIAN_POINT('',(9.479315827996,-3.926484151259,0.166666666667
    ));
#807 = CARTESIAN_POINT('',(10.260342086002,-8.67E-15,0.166666666667));
#808 = CARTESIAN_POINT('',(9.479315827996,3.926484151259,0.166666666667)
  );
#809 = CARTESIAN_POINT('',(7.25514122174,7.255196684156,0.166666666667)
  );
#810 = CARTESIAN_POINT('',(3.926428688843,9.479371290412,0.166666666667)
  );
#811 = CARTESIAN_POINT('',(-5.546241543164E-05,10.260397548417,
    0.166666666667));
#812 = CARTESIAN_POINT('',(-3.926539613674,9.479371290412,0.166666666667
    ));
#813 = CARTESIAN_POINT('',(-7.255252146571,7.255196684156,0.166666666667
    ));
#814 = CARTESIAN_POINT('',(-9.479426752827,3.926484151259,0.166666666667
    ));
#815 = CARTESIAN_POINT('',(-10.26045301083,1.3002E-13,0.166666666667));
#816 = CARTESIAN_POINT('',(-9.479426752827,-3.926484151259,
    0.166666666667));
#817 = CARTESIAN_POINT('',(-7.255252146571,-7.255196684156,
    0.166666666667));
#818 = CARTESIAN_POINT('',(-3.926539613674,-9.479371290412,
    0.166666666667));
#819 = CARTESIAN_POINT('',(-5.546241556353E-05,-10.26039754841,
    0.166666666667));
#820 = CARTESIAN_POINT('',(3.926428688843,-9.479371290412,0.166666666667
    ));
#821 = CARTESIAN_POINT('',(7.25514122174,-7.255196684156,0.166666666667)
  );
#822 = CARTESIAN_POINT('',(9.479315827996,-3.926484151259,0.166666666667
    ));
#823 = CARTESIAN_POINT('',(10.260342086002,-8.67E-15,0.166666666667));
#824 = CARTESIAN_POINT('',(9.479315827996,3.926484151259,0.166666666667)
  );
#825 = CARTESIAN_POINT('',(9.479315827996,-3.926484151259,0.5));
#826 = CARTESIAN_POINT('',(10.260342086002,-8.35E-15,0.5));
#827 = CARTESIAN_POINT('',(9.479315827996,3.926484151259,0.5));
#828 = CARTESIAN_POINT('',(7.25514122174,7.255196684156,0.5));
#829 = CARTESIAN_POINT('',(3.926428688843,9.479371290412,0.5));
#830 = CARTESIAN_POINT('',(-5.546241543441E-05,10.260397548417,0.5));
#831 = CARTESIAN_POINT('',(-3.926539613674,9.479371290412,0.5));
#832 = CARTESIAN_POINT('',(-7.255252146571,7.255196684156,0.5));
#833 = CARTESIAN_POINT('',(-9.479426752827,3.926484151259,0.5));
#834 = CARTESIAN_POINT('',(-10.26045301083,1.3107E-13,0.5));
#835 = CARTESIAN_POINT('',(-9.479426752827,-3.926484151259,0.5));
#836 = CARTESIAN_POINT('',(-7.255252146571,-7.255196684156,0.5));
#837 = CARTESIAN_POINT('',(-3.926539613674,-9.479371290412,0.5));
#838 = CARTESIAN_POINT('',(-5.546241556942E-05,-10.26039754841,0.5));
#839 = CARTESIAN_POINT('',(3.926428688843,-9.479371290412,0.5));
#840 = CARTESIAN_POINT('',(7.25514122174,-7.255196684156,0.5));
#841 = CARTESIAN_POINT('',(9.479315827996,-3.926484151259,0.5));
#842 = CARTESIAN_POINT('',(10.260342086002,-8.35E-15,0.5));
#843 = CARTESIAN_POINT('',(9.479315827996,3.926484151259,0.5));
#844 = DEFINITIONAL_REPRESENTATION('',(#845),#849);
#845 = LINE('',#846,#847);
#846 = CARTESIAN_POINT('',(1.,0.));
#847 = VECTOR('',#848,1.);
#848 = DIRECTION('',(4.E-17,1.));
#849 = ( GEOMETRIC_REPRESENTATION_CONTEXT(2) 
PARAMETRIC_REPRESENTATION_CONTEXT() REPRESENTATION_CONTEXT('2D SPACE',''
  ) );
#850 = FACE_BOUND('',#851,.T.);
#851 = EDGE_LOOP('',(#852));
#852 = ORIENTED_EDGE('',*,*,#655,.F.);
#853 = ADVANCED_FACE('',(#854),#868,.T.);
#854 = FACE_BOUND('',#855,.T.);
#855 = EDGE_LOOP('',(#856,#891,#914,#942));
#856 = ORIENTED_EDGE('',*,*,#857,.F.);
#857 = EDGE_CURVE('',#858,#860,#862,.T.);
#858 = VERTEX_POINT('',#859);
#859 = CARTESIAN_POINT('',(-16.,16.,0.));
#860 = VERTEX_POINT('',#861);
#861 = CARTESIAN_POINT('',(-16.,16.,-4.));
#862 = SURFACE_CURVE('',#863,(#867,#879),.PCURVE_S1.);
#863 = LINE('',#864,#865);
#864 = CARTESIAN_POINT('',(-16.,16.,5.5));
#865 = VECTOR('',#866,1.);
#866 = DIRECTION('',(0.,0.,-1.));
#867 = PCURVE('',#868,#873);
#868 = PLANE('',#869);
#869 = AXIS2_PLACEMENT_3D('',#870,#871,#872);
#870 = CARTESIAN_POINT('',(0.,16.,5.5));
#871 = DIRECTION('',(0.,1.,0.));
#872 = DIRECTION('',(0.,-0.,1.));
#873 = DEFINITIONAL_REPRESENTATION('',(#874),#878);
#874 = LINE('',#875,#876);
#875 = CARTESIAN_POINT('',(0.,-16.));
#876 = VECTOR('',#877,1.);
#877 = DIRECTION('',(-1.,0.));
#878 = ( GEOMETRIC_REPRESENTATION_CONTEXT(2) 
PARAMETRIC_REPRESENTATION_CONTEXT() REPRESENTATION_CONTEXT('2D SPACE',''
  ) );
#879 = PCURVE('',#880,#885);
#880 = PLANE('',#881);
#881 = AXIS2_PLACEMENT_3D('',#882,#883,#884);
#882 = CARTESIAN_POINT('',(-16.,0.,5.5));
#883 = DIRECTION('',(-1.,0.,0.));
#884 = DIRECTION('',(0.,0.,1.));
#885 = DEFINITIONAL_REPRESENTATION('',(#886),#890);
#886 = LINE('',#887,#888);
#887 = CARTESIAN_POINT('',(0.,16.));
#888 = VECTOR('',#889,1.);
#889 = DIRECTION('',(-1.,0.));
#890 = ( GEOMETRIC_REPRESENTATION_CONTEXT(2) 
PARAMETRIC_REPRESENTATION_CONTEXT() REPRESENTATION_CONTEXT('2D SPACE',''
  ) );
#891 = ORIENTED_EDGE('',*,*,#892,.T.);
#892 = EDGE_CURVE('',#858,#893,#895,.T.);
#893 = VERTEX_POINT('',#894);
#894 = CARTESIAN_POINT('',(16.,16.,0.));
#895 = SURFACE_CURVE('',#896,(#900,#907),.PCURVE_S1.);
#896 = LINE('',#897,#898);
#897 = CARTESIAN_POINT('',(0.,16.,0.));
#898 = VECTOR('',#899,1.);
#899 = DIRECTION('',(1.,0.,0.));
#900 = PCURVE('',#868,#901);
#901 = DEFINITIONAL_REPRESENTATION('',(#902),#906);
#902 = LINE('',#903,#904);
#903 = CARTESIAN_POINT('',(-5.5,0.));
#904 = VECTOR('',#905,1.);
#905 = DIRECTION('',(0.,1.));
#906 = ( GEOMETRIC_REPRESENTATION_CONTEXT(2) 
PARAMETRIC_REPRESENTATION_CONTEXT() REPRESENTATION_CONTEXT('2D SPACE',''
  ) );
#907 = PCURVE('',#726,#908);
#908 = DEFINITIONAL_REPRESENTATION('',(#909),#913);
#909 = LINE('',#910,#911);
#910 = CARTESIAN_POINT('',(0.,16.));
#911 = VECTOR('',#912,1.);
#912 = DIRECTION('',(1.,0.));
#913 = ( GEOMETRIC_REPRESENTATION_CONTEXT(2) 
PARAMETRIC_REPRESENTATION_CONTEXT() REPRESENTATION_CONTEXT('2D SPACE',''
  ) );
#914 = ORIENTED_EDGE('',*,*,#915,.T.);
#915 = EDGE_CURVE('',#893,#916,#918,.T.);
#916 = VERTEX_POINT('',#917);
#917 = CARTESIAN_POINT('',(16.,16.,-4.));
#918 = SURFACE_CURVE('',#919,(#923,#930),.PCURVE_S1.);
#919 = LINE('',#920,#921);
#920 = CARTESIAN_POINT('',(16.,16.,5.5));
#921 = VECTOR('',#922,1.);
#922 = DIRECTION('',(0.,0.,-1.));
#923 = PCURVE('',#868,#924);
#924 = DEFINITIONAL_REPRESENTATION('',(#925),#929);
#925 = LINE('',#926,#927);
#926 = CARTESIAN_POINT('',(0.,16.));
#927 = VECTOR('',#928,1.);
#928 = DIRECTION('',(-1.,0.));
#929 = ( GEOMETRIC_REPRESENTATION_CONTEXT(2) 
PARAMETRIC_REPRESENTATION_CONTEXT() REPRESENTATION_CONTEXT('2D SPACE',''
  ) );
#930 = PCURVE('',#931,#936);
#931 = PLANE('',#932);
#932 = AXIS2_PLACEMENT_3D('',#933,#934,#935);
#933 = CARTESIAN_POINT('',(16.,0.,5.5));
#934 = DIRECTION('',(-1.,0.,0.));
#935 = DIRECTION('',(0.,0.,1.));
#936 = DEFINITIONAL_REPRESENTATION('',(#937),#941);
#937 = LINE('',#938,#939);
#938 = CARTESIAN_POINT('',(0.,16.));
#939 = VECTOR('',#940,1.);
#940 = DIRECTION('',(-1.,0.));
#941 = ( GEOMETRIC_REPRESENTATION_CONTEXT(2) 
PARAMETRIC_REPRESENTATION_CONTEXT() REPRESENTATION_CONTEXT('2D SPACE',''
  ) );
#942 = ORIENTED_EDGE('',*,*,#943,.F.);
#943 = EDGE_CURVE('',#860,#916,#944,.T.);
#944 = SURFACE_CURVE('',#945,(#949,#956),.PCURVE_S1.);
#945 = LINE('',#946,#947);
#946 = CARTESIAN_POINT('',(0.,16.,-4.));
#947 = VECTOR('',#948,1.);
#948 = DIRECTION('',(1.,0.,0.));
#949 = PCURVE('',#868,#950);
#950 = DEFINITIONAL_REPRESENTATION('',(#951),#955);
#951 = LINE('',#952,#953);
#952 = CARTESIAN_POINT('',(-9.5,0.));
#953 = VECTOR('',#954,1.);
#954 = DIRECTION('',(0.,1.));
#955 = ( GEOMETRIC_REPRESENTATION_CONTEXT(2) 
PARAMETRIC_REPRESENTATION_CONTEXT() REPRESENTATION_CONTEXT('2D SPACE',''
  ) );
#956 = PCURVE('',#957,#962);
#957 = PLANE('',#958);
#958 = AXIS2_PLACEMENT_3D('',#959,#960,#961);
#959 = CARTESIAN_POINT('',(0.,0.,-4.));
#960 = DIRECTION('',(0.,0.,-1.));
#961 = DIRECTION('',(1.,0.,0.));
#962 = DEFINITIONAL_REPRESENTATION('',(#963),#967);
#963 = LINE('',#964,#965);
#964 = CARTESIAN_POINT('',(0.,-16.));
#965 = VECTOR('',#966,1.);
#966 = DIRECTION('',(1.,0.));
#967 = ( GEOMETRIC_REPRESENTATION_CONTEXT(2) 
PARAMETRIC_REPRESENTATION_CONTEXT() REPRESENTATION_CONTEXT('2D SPACE',''
  ) );
#968 = ADVANCED_FACE('',(#969),#931,.F.);
#969 = FACE_BOUND('',#970,.T.);
#970 = EDGE_LOOP('',(#971,#994,#1022,#1043));
#971 = ORIENTED_EDGE('',*,*,#972,.F.);
#972 = EDGE_CURVE('',#973,#893,#975,.T.);
#973 = VERTEX_POINT('',#974);
#974 = CARTESIAN_POINT('',(16.,-16.,0.));
#975 = SURFACE_CURVE('',#976,(#980,#987),.PCURVE_S1.);
#976 = LINE('',#977,#978);
#977 = CARTESIAN_POINT('',(16.,0.,0.));
#978 = VECTOR('',#979,1.);
#979 = DIRECTION('',(0.,1.,0.));
#980 = PCURVE('',#931,#981);
#981 = DEFINITIONAL_REPRESENTATION('',(#982),#986);
#982 = LINE('',#983,#984);
#983 = CARTESIAN_POINT('',(-5.5,0.));
#984 = VECTOR('',#985,1.);
#985 = DIRECTION('',(0.,1.));
#986 = ( GEOMETRIC_REPRESENTATION_CONTEXT(2) 
PARAMETRIC_REPRESENTATION_CONTEXT() REPRESENTATION_CONTEXT('2D SPACE',''
  ) );
#987 = PCURVE('',#726,#988);
#988 = DEFINITIONAL_REPRESENTATION('',(#989),#993);
#989 = LINE('',#990,#991);
#990 = CARTESIAN_POINT('',(16.,0.));
#991 = VECTOR('',#992,1.);
#992 = DIRECTION('',(0.,1.));
#993 = ( GEOMETRIC_REPRESENTATION_CONTEXT(2) 
PARAMETRIC_REPRESENTATION_CONTEXT() REPRESENTATION_CONTEXT('2D SPACE',''
  ) );
#994 = ORIENTED_EDGE('',*,*,#995,.T.);
#995 = EDGE_CURVE('',#973,#996,#998,.T.);
#996 = VERTEX_POINT('',#997);
#997 = CARTESIAN_POINT('',(16.,-16.,-4.));
#998 = SURFACE_CURVE('',#999,(#1003,#1010),.PCURVE_S1.);
#999 = LINE('',#1000,#1001);
#1000 = CARTESIAN_POINT('',(16.,-16.,5.5));
#1001 = VECTOR('',#1002,1.);
#1002 = DIRECTION('',(0.,0.,-1.));
#1003 = PCURVE('',#931,#1004);
#1004 = DEFINITIONAL_REPRESENTATION('',(#1005),#1009);
#1005 = LINE('',#1006,#1007);
#1006 = CARTESIAN_POINT('',(0.,-16.));
#1007 = VECTOR('',#1008,1.);
#1008 = DIRECTION('',(-1.,0.));
#1009 = ( GEOMETRIC_REPRESENTATION_CONTEXT(2) 
PARAMETRIC_REPRESENTATION_CONTEXT() REPRESENTATION_CONTEXT('2D SPACE',''
  ) );
#1010 = PCURVE('',#1011,#1016);
#1011 = PLANE('',#1012);
#1012 = AXIS2_PLACEMENT_3D('',#1013,#1014,#1015);
#1013 = CARTESIAN_POINT('',(0.,-16.,5.5));
#1014 = DIRECTION('',(0.,1.,0.));
#1015 = DIRECTION('',(0.,-0.,1.));
#1016 = DEFINITIONAL_REPRESENTATION('',(#1017),#1021);
#1017 = LINE('',#1018,#1019);
#1018 = CARTESIAN_POINT('',(0.,16.));
#1019 = VECTOR('',#1020,1.);
#1020 = DIRECTION('',(-1.,0.));
#1021 = ( GEOMETRIC_REPRESENTATION_CONTEXT(2) 
PARAMETRIC_REPRESENTATION_CONTEXT() REPRESENTATION_CONTEXT('2D SPACE',''
  ) );
#1022 = ORIENTED_EDGE('',*,*,#1023,.T.);
#1023 = EDGE_CURVE('',#996,#916,#1024,.T.);
#1024 = SURFACE_CURVE('',#1025,(#1029,#1036),.PCURVE_S1.);
#1025 = LINE('',#1026,#1027);
#1026 = CARTESIAN_POINT('',(16.,0.,-4.));
#1027 = VECTOR('',#1028,1.);
#1028 = DIRECTION('',(0.,1.,0.));
#1029 = PCURVE('',#931,#1030);
#1030 = DEFINITIONAL_REPRESENTATION('',(#1031),#1035);
#1031 = LINE('',#1032,#1033);
#1032 = CARTESIAN_POINT('',(-9.5,0.));
#1033 = VECTOR('',#1034,1.);
#1034 = DIRECTION('',(0.,1.));
#1035 = ( GEOMETRIC_REPRESENTATION_CONTEXT(2) 
PARAMETRIC_REPRESENTATION_CONTEXT() REPRESENTATION_CONTEXT('2D SPACE',''
  ) );
#1036 = PCURVE('',#957,#1037);
#1037 = DEFINITIONAL_REPRESENTATION('',(#1038),#1042);
#1038 = LINE('',#1039,#1040);
#1039 = CARTESIAN_POINT('',(16.,0.));
#1040 = VECTOR('',#1041,1.);
#1041 = DIRECTION('',(0.,-1.));
#1042 = ( GEOMETRIC_REPRESENTATION_CONTEXT(2) 
PARAMETRIC_REPRESENTATION_CONTEXT() REPRESENTATION_CONTEXT('2D SPACE',''
  ) );
#1043 = ORIENTED_EDGE('',*,*,#915,.F.);
#1044 = ADVANCED_FACE('',(#1045),#1011,.F.);
#1045 = FACE_BOUND('',#1046,.T.);
#1046 = EDGE_LOOP('',(#1047,#1070,#1093,#1114));
#1047 = ORIENTED_EDGE('',*,*,#1048,.F.);
#1048 = EDGE_CURVE('',#1049,#973,#1051,.T.);
#1049 = VERTEX_POINT('',#1050);
#1050 = CARTESIAN_POINT('',(-16.,-16.,0.));
#1051 = SURFACE_CURVE('',#1052,(#1056,#1063),.PCURVE_S1.);
#1052 = LINE('',#1053,#1054);
#1053 = CARTESIAN_POINT('',(0.,-16.,0.));
#1054 = VECTOR('',#1055,1.);
#1055 = DIRECTION('',(1.,0.,0.));
#1056 = PCURVE('',#1011,#1057);
#1057 = DEFINITIONAL_REPRESENTATION('',(#1058),#1062);
#1058 = LINE('',#1059,#1060);
#1059 = CARTESIAN_POINT('',(-5.5,0.));
#1060 = VECTOR('',#1061,1.);
#1061 = DIRECTION('',(0.,1.));
#1062 = ( GEOMETRIC_REPRESENTATION_CONTEXT(2) 
PARAMETRIC_REPRESENTATION_CONTEXT() REPRESENTATION_CONTEXT('2D SPACE',''
  ) );
#1063 = PCURVE('',#726,#1064);
#1064 = DEFINITIONAL_REPRESENTATION('',(#1065),#1069);
#1065 = LINE('',#1066,#1067);
#1066 = CARTESIAN_POINT('',(0.,-16.));
#1067 = VECTOR('',#1068,1.);
#1068 = DIRECTION('',(1.,0.));
#1069 = ( GEOMETRIC_REPRESENTATION_CONTEXT(2) 
PARAMETRIC_REPRESENTATION_CONTEXT() REPRESENTATION_CONTEXT('2D SPACE',''
  ) );
#1070 = ORIENTED_EDGE('',*,*,#1071,.T.);
#1071 = EDGE_CURVE('',#1049,#1072,#1074,.T.);
#1072 = VERTEX_POINT('',#1073);
#1073 = CARTESIAN_POINT('',(-16.,-16.,-4.));
#1074 = SURFACE_CURVE('',#1075,(#1079,#1086),.PCURVE_S1.);
#1075 = LINE('',#1076,#1077);
#1076 = CARTESIAN_POINT('',(-16.,-16.,5.5));
#1077 = VECTOR('',#1078,1.);
#1078 = DIRECTION('',(0.,0.,-1.));
#1079 = PCURVE('',#1011,#1080);
#1080 = DEFINITIONAL_REPRESENTATION('',(#1081),#1085);
#1081 = LINE('',#1082,#1083);
#1082 = CARTESIAN_POINT('',(0.,-16.));
#1083 = VECTOR('',#1084,1.);
#1084 = DIRECTION('',(-1.,0.));
#1085 = ( GEOMETRIC_REPRESENTATION_CONTEXT(2) 
PARAMETRIC_REPRESENTATION_CONTEXT() REPRESENTATION_CONTEXT('2D SPACE',''
  ) );
#1086 = PCURVE('',#880,#1087);
#1087 = DEFINITIONAL_REPRESENTATION('',(#1088),#1092);
#1088 = LINE('',#1089,#1090);
#1089 = CARTESIAN_POINT('',(0.,-16.));
#1090 = VECTOR('',#1091,1.);
#1091 = DIRECTION('',(-1.,0.));
#1092 = ( GEOMETRIC_REPRESENTATION_CONTEXT(2) 
PARAMETRIC_REPRESENTATION_CONTEXT() REPRESENTATION_CONTEXT('2D SPACE',''
  ) );
#1093 = ORIENTED_EDGE('',*,*,#1094,.T.);
#1094 = EDGE_CURVE('',#1072,#996,#1095,.T.);
#1095 = SURFACE_CURVE('',#1096,(#1100,#1107),.PCURVE_S1.);
#1096 = LINE('',#1097,#1098);
#1097 = CARTESIAN_POINT('',(0.,-16.,-4.));
#1098 = VECTOR('',#1099,1.);
#1099 = DIRECTION('',(1.,0.,0.));
#1100 = PCURVE('',#1011,#1101);
#1101 = DEFINITIONAL_REPRESENTATION('',(#1102),#1106);
#1102 = LINE('',#1103,#1104);
#1103 = CARTESIAN_POINT('',(-9.5,0.));
#1104 = VECTOR('',#1105,1.);
#1105 = DIRECTION('',(0.,1.));
#1106 = ( GEOMETRIC_REPRESENTATION_CONTEXT(2) 
PARAMETRIC_REPRESENTATION_CONTEXT() REPRESENTATION_CONTEXT('2D SPACE',''
  ) );
#1107 = PCURVE('',#957,#1108);
#1108 = DEFINITIONAL_REPRESENTATION('',(#1109),#1113);
#1109 = LINE('',#1110,#1111);
#1110 = CARTESIAN_POINT('',(0.,16.));
#1111 = VECTOR('',#1112,1.);
#1112 = DIRECTION('',(1.,0.));
#1113 = ( GEOMETRIC_REPRESENTATION_CONTEXT(2) 
PARAMETRIC_REPRESENTATION_CONTEXT() REPRESENTATION_CONTEXT('2D SPACE',''
  ) );
#1114 = ORIENTED_EDGE('',*,*,#995,.F.);
#1115 = ADVANCED_FACE('',(#1116),#880,.T.);
#1116 = FACE_BOUND('',#1117,.T.);
#1117 = EDGE_LOOP('',(#1118,#1119,#1140,#1141));
#1118 = ORIENTED_EDGE('',*,*,#1071,.F.);
#1119 = ORIENTED_EDGE('',*,*,#1120,.T.);
#1120 = EDGE_CURVE('',#1049,#858,#1121,.T.);
#1121 = SURFACE_CURVE('',#1122,(#1126,#1133),.PCURVE_S1.);
#1122 = LINE('',#1123,#1124);
#1123 = CARTESIAN_POINT('',(-16.,0.,0.));
#1124 = VECTOR('',#1125,1.);
#1125 = DIRECTION('',(0.,1.,0.));
#1126 = PCURVE('',#880,#1127);
#1127 = DEFINITIONAL_REPRESENTATION('',(#1128),#1132);
#1128 = LINE('',#1129,#1130);
#1129 = CARTESIAN_POINT('',(-5.5,0.));
#1130 = VECTOR('',#1131,1.);
#1131 = DIRECTION('',(0.,1.));
#1132 = ( GEOMETRIC_REPRESENTATION_CONTEXT(2) 
PARAMETRIC_REPRESENTATION_CONTEXT() REPRESENTATION_CONTEXT('2D SPACE',''
  ) );
#1133 = PCURVE('',#726,#1134);
#1134 = DEFINITIONAL_REPRESENTATION('',(#1135),#1139);
#1135 = LINE('',#1136,#1137);
#1136 = CARTESIAN_POINT('',(-16.,0.));
#1137 = VECTOR('',#1138,1.);
#1138 = DIRECTION('',(0.,1.));
#1139 = ( GEOMETRIC_REPRESENTATION_CONTEXT(2) 
PARAMETRIC_REPRESENTATION_CONTEXT() REPRESENTATION_CONTEXT('2D SPACE',''
  ) );
#1140 = ORIENTED_EDGE('',*,*,#857,.T.);
#1141 = ORIENTED_EDGE('',*,*,#1142,.F.);
#1142 = EDGE_CURVE('',#1072,#860,#1143,.T.);
#1143 = SURFACE_CURVE('',#1144,(#1148,#1155),.PCURVE_S1.);
#1144 = LINE('',#1145,#1146);
#1145 = CARTESIAN_POINT('',(-16.,0.,-4.));
#1146 = VECTOR('',#1147,1.);
#1147 = DIRECTION('',(0.,1.,0.));
#1148 = PCURVE('',#880,#1149);
#1149 = DEFINITIONAL_REPRESENTATION('',(#1150),#1154);
#1150 = LINE('',#1151,#1152);
#1151 = CARTESIAN_POINT('',(-9.5,0.));
#1152 = VECTOR('',#1153,1.);
#1153 = DIRECTION('',(0.,1.));
#1154 = ( GEOMETRIC_REPRESENTATION_CONTEXT(2) 
PARAMETRIC_REPRESENTATION_CONTEXT() REPRESENTATION_CONTEXT('2D SPACE',''
  ) );
#1155 = PCURVE('',#957,#1156);
#1156 = DEFINITIONAL_REPRESENTATION('',(#1157),#1161);
#1157 = LINE('',#1158,#1159);
#1158 = CARTESIAN_POINT('',(-16.,0.));
#1159 = VECTOR('',#1160,1.);
#1160 = DIRECTION('',(0.,-1.));
#1161 = ( GEOMETRIC_REPRESENTATION_CONTEXT(2) 
PARAMETRIC_REPRESENTATION_CONTEXT() REPRESENTATION_CONTEXT('2D SPACE',''
  ) );
#1162 = ADVANCED_FACE('',(#1163,#1194,#1225,#1256,#1287,#1290),#726,.T.
  );
#1163 = FACE_BOUND('',#1164,.T.);
#1164 = EDGE_LOOP('',(#1165));
#1165 = ORIENTED_EDGE('',*,*,#1166,.F.);
#1166 = EDGE_CURVE('',#1167,#1167,#1169,.T.);
#1167 = VERTEX_POINT('',#1168);
#1168 = CARTESIAN_POINT('',(14.15,-12.,0.));
#1169 = SURFACE_CURVE('',#1170,(#1175,#1182),.PCURVE_S1.);
#1170 = CIRCLE('',#1171,2.15);
#1171 = AXIS2_PLACEMENT_3D('',#1172,#1173,#1174);
#1172 = CARTESIAN_POINT('',(12.,-12.,0.));
#1173 = DIRECTION('',(0.,0.,1.));
#1174 = DIRECTION('',(1.,0.,-0.));
#1175 = PCURVE('',#726,#1176);
#1176 = DEFINITIONAL_REPRESENTATION('',(#1177),#1181);
#1177 = CIRCLE('',#1178,2.15);
#1178 = AXIS2_PLACEMENT_2D('',#1179,#1180);
#1179 = CARTESIAN_POINT('',(12.,-12.));
#1180 = DIRECTION('',(1.,0.));
#1181 = ( GEOMETRIC_REPRESENTATION_CONTEXT(2) 
PARAMETRIC_REPRESENTATION_CONTEXT() REPRESENTATION_CONTEXT('2D SPACE',''
  ) );
#1182 = PCURVE('',#1183,#1188);
#1183 = CYLINDRICAL_SURFACE('',#1184,2.15);
#1184 = AXIS2_PLACEMENT_3D('',#1185,#1186,#1187);
#1185 = CARTESIAN_POINT('',(12.,-12.,-4.));
#1186 = DIRECTION('',(0.,0.,1.));
#1187 = DIRECTION('',(1.,0.,-0.));
#1188 = DEFINITIONAL_REPRESENTATION('',(#1189),#1193);
#1189 = LINE('',#1190,#1191);
#1190 = CARTESIAN_POINT('',(0.,4.));
#1191 = VECTOR('',#1192,1.);
#1192 = DIRECTION('',(1.,0.));
#1193 = ( GEOMETRIC_REPRESENTATION_CONTEXT(2) 
PARAMETRIC_REPRESENTATION_CONTEXT() REPRESENTATION_CONTEXT('2D SPACE',''
  ) );
#1194 = FACE_BOUND('',#1195,.T.);
#1195 = EDGE_LOOP('',(#1196));
#1196 = ORIENTED_EDGE('',*,*,#1197,.F.);
#1197 = EDGE_CURVE('',#1198,#1198,#1200,.T.);
#1198 = VERTEX_POINT('',#1199);
#1199 = CARTESIAN_POINT('',(-9.85,12.,0.));
#1200 = SURFACE_CURVE('',#1201,(#1206,#1213),.PCURVE_S1.);
#1201 = CIRCLE('',#1202,2.15);
#1202 = AXIS2_PLACEMENT_3D('',#1203,#1204,#1205);
#1203 = CARTESIAN_POINT('',(-12.,12.,0.));
#1204 = DIRECTION('',(0.,0.,1.));
#1205 = DIRECTION('',(1.,0.,-0.));
#1206 = PCURVE('',#726,#1207);
#1207 = DEFINITIONAL_REPRESENTATION('',(#1208),#1212);
#1208 = CIRCLE('',#1209,2.15);
#1209 = AXIS2_PLACEMENT_2D('',#1210,#1211);
#1210 = CARTESIAN_POINT('',(-12.,12.));
#1211 = DIRECTION('',(1.,0.));
#1212 = ( GEOMETRIC_REPRESENTATION_CONTEXT(2) 
PARAMETRIC_REPRESENTATION_CONTEXT() REPRESENTATION_CONTEXT('2D SPACE',''
  ) );
#1213 = PCURVE('',#1214,#1219);
#1214 = CYLINDRICAL_SURFACE('',#1215,2.15);
#1215 = AXIS2_PLACEMENT_3D('',#1216,#1217,#1218);
#1216 = CARTESIAN_POINT('',(-12.,12.,-4.));
#1217 = DIRECTION('',(0.,0.,1.));
#1218 = DIRECTION('',(1.,0.,-0.));
#1219 = DEFINITIONAL_REPRESENTATION('',(#1220),#1224);
#1220 = LINE('',#1221,#1222);
#1221 = CARTESIAN_POINT('',(0.,4.));
#1222 = VECTOR('',#1223,1.);
#1223 = DIRECTION('',(1.,0.));
#1224 = ( GEOMETRIC_REPRESENTATION_CONTEXT(2) 
PARAMETRIC_REPRESENTATION_CONTEXT() REPRESENTATION_CONTEXT('2D SPACE',''
  ) );
#1225 = FACE_BOUND('',#1226,.T.);
#1226 = EDGE_LOOP('',(#1227));
#1227 = ORIENTED_EDGE('',*,*,#1228,.F.);
#1228 = EDGE_CURVE('',#1229,#1229,#1231,.T.);
#1229 = VERTEX_POINT('',#1230);
#1230 = CARTESIAN_POINT('',(-9.85,-12.,0.));
#1231 = SURFACE_CURVE('',#1232,(#1237,#1244),.PCURVE_S1.);
#1232 = CIRCLE('',#1233,2.15);
#1233 = AXIS2_PLACEMENT_3D('',#1234,#1235,#1236);
#1234 = CARTESIAN_POINT('',(-12.,-12.,0.));
#1235 = DIRECTION('',(0.,0.,1.));
#1236 = DIRECTION('',(1.,0.,-0.));
#1237 = PCURVE('',#726,#1238);
#1238 = DEFINITIONAL_REPRESENTATION('',(#1239),#1243);
#1239 = CIRCLE('',#1240,2.15);
#1240 = AXIS2_PLACEMENT_2D('',#1241,#1242);
#1241 = CARTESIAN_POINT('',(-12.,-12.));
#1242 = DIRECTION('',(1.,0.));
#1243 = ( GEOMETRIC_REPRESENTATION_CONTEXT(2) 
PARAMETRIC_REPRESENTATION_CONTEXT() REPRESENTATION_CONTEXT('2D SPACE',''
  ) );
#1244 = PCURVE('',#1245,#1250);
#1245 = CYLINDRICAL_SURFACE('',#1246,2.15);
#1246 = AXIS2_PLACEMENT_3D('',#1247,#1248,#1249);
#1247 = CARTESIAN_POINT('',(-12.,-12.,-4.));
#1248 = DIRECTION('',(0.,0.,1.));
#1249 = DIRECTION('',(1.,0.,-0.));
#1250 = DEFINITIONAL_REPRESENTATION('',(#1251),#1255);
#1251 = LINE('',#1252,#1253);
#1252 = CARTESIAN_POINT('',(0.,4.));
#1253 = VECTOR('',#1254,1.);
#1254 = DIRECTION('',(1.,0.));
#1255 = ( GEOMETRIC_REPRESENTATION_CONTEXT(2) 
PARAMETRIC_REPRESENTATION_CONTEXT() REPRESENTATION_CONTEXT('2D SPACE',''
  ) );
#1256 = FACE_BOUND('',#1257,.T.);
#1257 = EDGE_LOOP('',(#1258));
#1258 = ORIENTED_EDGE('',*,*,#1259,.F.);
#1259 = EDGE_CURVE('',#1260,#1260,#1262,.T.);
#1260 = VERTEX_POINT('',#1261);
#1261 = CARTESIAN_POINT('',(14.15,12.,0.));
#1262 = SURFACE_CURVE('',#1263,(#1268,#1275),.PCURVE_S1.);
#1263 = CIRCLE('',#1264,2.15);
#1264 = AXIS2_PLACEMENT_3D('',#1265,#1266,#1267);
#1265 = CARTESIAN_POINT('',(12.,12.,0.));
#1266 = DIRECTION('',(0.,0.,1.));
#1267 = DIRECTION('',(1.,0.,-0.));
#1268 = PCURVE('',#726,#1269);
#1269 = DEFINITIONAL_REPRESENTATION('',(#1270),#1274);
#1270 = CIRCLE('',#1271,2.15);
#1271 = AXIS2_PLACEMENT_2D('',#1272,#1273);
#1272 = CARTESIAN_POINT('',(12.,12.));
#1273 = DIRECTION('',(1.,0.));
#1274 = ( GEOMETRIC_REPRESENTATION_CONTEXT(2) 
PARAMETRIC_REPRESENTATION_CONTEXT() REPRESENTATION_CONTEXT('2D SPACE',''
  ) );
#1275 = PCURVE('',#1276,#1281);
#1276 = CYLINDRICAL_SURFACE('',#1277,2.15);
#1277 = AXIS2_PLACEMENT_3D('',#1278,#1279,#1280);
#1278 = CARTESIAN_POINT('',(12.,12.,-4.));
#1279 = DIRECTION('',(0.,0.,1.));
#1280 = DIRECTION('',(1.,0.,-0.));
#1281 = DEFINITIONAL_REPRESENTATION('',(#1282),#1286);
#1282 = LINE('',#1283,#1284);
#1283 = CARTESIAN_POINT('',(0.,4.));
#1284 = VECTOR('',#1285,1.);
#1285 = DIRECTION('',(1.,0.));
#1286 = ( GEOMETRIC_REPRESENTATION_CONTEXT(2) 
PARAMETRIC_REPRESENTATION_CONTEXT() REPRESENTATION_CONTEXT('2D SPACE',''
  ) );
#1287 = FACE_BOUND('',#1288,.T.);
#1288 = EDGE_LOOP('',(#1289));
#1289 = ORIENTED_EDGE('',*,*,#711,.T.);
#1290 = FACE_BOUND('',#1291,.T.);
#1291 = EDGE_LOOP('',(#1292,#1293,#1294,#1295));
#1292 = ORIENTED_EDGE('',*,*,#1120,.F.);
#1293 = ORIENTED_EDGE('',*,*,#1048,.T.);
#1294 = ORIENTED_EDGE('',*,*,#972,.T.);
#1295 = ORIENTED_EDGE('',*,*,#892,.F.);
#1296 = ADVANCED_FACE('',(#1297),#767,.T.);
#1297 = FACE_BOUND('',#1298,.T.);
#1298 = EDGE_LOOP('',(#1299,#1300,#1323,#1377,#1429));
#1299 = ORIENTED_EDGE('',*,*,#746,.T.);
#1300 = ORIENTED_EDGE('',*,*,#1301,.F.);
#1301 = EDGE_CURVE('',#1302,#747,#1304,.T.);
#1302 = VERTEX_POINT('',#1303);
#1303 = CARTESIAN_POINT('',(9.49988907517,-1.7E-14,6.151477E-09));
#1304 = SEAM_CURVE('',#1305,(#1309,#1316),.PCURVE_S1.);
#1305 = B_SPLINE_CURVE_WITH_KNOTS('',2,(#1306,#1307,#1308),
  .UNSPECIFIED.,.F.,.F.,(3,3),(-1.109186788418E-04,1.),
  .PIECEWISE_BEZIER_KNOTS.);
#1306 = CARTESIAN_POINT('',(9.49988907517,-1.698E-14,6.1514768E-09));
#1307 = CARTESIAN_POINT('',(10.,-1.75E-14,-5.545933942108E-05));
#1308 = CARTESIAN_POINT('',(10.,-1.825E-14,0.5));
#1309 = PCURVE('',#767,#1310);
#1310 = DEFINITIONAL_REPRESENTATION('',(#1311),#1315);
#1311 = LINE('',#1312,#1313);
#1312 = CARTESIAN_POINT('',(0.,6.28318530718));
#1313 = VECTOR('',#1314,1.);
#1314 = DIRECTION('',(1.,0.));
#1315 = ( GEOMETRIC_REPRESENTATION_CONTEXT(2) 
PARAMETRIC_REPRESENTATION_CONTEXT() REPRESENTATION_CONTEXT('2D SPACE',''
  ) );
#1316 = PCURVE('',#767,#1317);
#1317 = DEFINITIONAL_REPRESENTATION('',(#1318),#1322);
#1318 = LINE('',#1319,#1320);
#1319 = CARTESIAN_POINT('',(0.,-3.55E-15));
#1320 = VECTOR('',#1321,1.);
#1321 = DIRECTION('',(1.,0.));
#1322 = ( GEOMETRIC_REPRESENTATION_CONTEXT(2) 
PARAMETRIC_REPRESENTATION_CONTEXT() REPRESENTATION_CONTEXT('2D SPACE',''
  ) );
#1323 = ORIENTED_EDGE('',*,*,#1324,.F.);
#1324 = EDGE_CURVE('',#1325,#1302,#1327,.T.);
#1325 = VERTEX_POINT('',#1326);
#1326 = CARTESIAN_POINT('',(-9.5,0.,0.));
#1327 = SURFACE_CURVE('',#1328,(#1348,#1354),.PCURVE_S1.);
#1328 = B_SPLINE_CURVE_WITH_KNOTS('',3,(#1329,#1330,#1331,#1332,#1333,
    #1334,#1335,#1336,#1337,#1338,#1339,#1340,#1341,#1342,#1343,#1344,
    #1345,#1346,#1347),.UNSPECIFIED.,.T.,.F.,(1,1,1,1,1,1,1,1,1,1,1,1,1,
    1,1,1,1,1,1,1,1,1,1),(-0.190789473684,-0.128289473684,
    -6.578947368421E-02,0.,5.9375E-02,0.12171875,0.1842109375,
    0.246710546875,0.309210527344,0.371710526367,0.434210526318,
    0.496710526316,0.559210526316,0.621710526316,0.684210526316,
    0.746710526316,0.809210526316,0.871710526316,0.934210526316,1.,
    1.059375,1.12171875,1.1842109375),.UNSPECIFIED.);
#1329 = CARTESIAN_POINT('',(-8.964128783664,3.863674239442,0.));
#1330 = CARTESIAN_POINT('',(-9.74724891503,0.126272910518,0.));
#1331 = CARTESIAN_POINT('',(-9.04390075323,-3.600026807548,0.));
#1332 = CARTESIAN_POINT('',(-7.03208521543,-6.749327757636,0.));
#1333 = CARTESIAN_POINT('',(-3.917239344299,-8.925549890362,0.));
#1334 = CARTESIAN_POINT('',(-0.203551514767,-9.74531024471,0.));
#1335 = CARTESIAN_POINT('',(3.541301789995,-9.0813695051,0.));
#1336 = CARTESIAN_POINT('',(6.747026410522,-7.034900502525,0.));
#1337 = CARTESIAN_POINT('',(8.925579256519,-3.917423674291,0.));
#1338 = CARTESIAN_POINT('',(9.745293232209,-0.203556808821,0.));
#1339 = CARTESIAN_POINT('',(9.081374575585,3.541300828201,0.));
#1340 = CARTESIAN_POINT('',(7.03489963118,6.747025371042,0.));
#1341 = CARTESIAN_POINT('',(3.917422394755,8.925583951829,0.));
#1342 = CARTESIAN_POINT('',(0.203562820547,9.745275476685,0.));
#1343 = CARTESIAN_POINT('',(-3.541323594277,9.081440902157,0.));
#1344 = CARTESIAN_POINT('',(-6.746940318396,7.034652080431,0.));
#1345 = CARTESIAN_POINT('',(-8.964128783664,3.863674239442,0.));
#1346 = CARTESIAN_POINT('',(-9.74724891503,0.126272910518,0.));
#1347 = CARTESIAN_POINT('',(-9.04390075323,-3.600026807548,0.));
#1348 = PCURVE('',#767,#1349);
#1349 = DEFINITIONAL_REPRESENTATION('',(#1350),#1353);
#1350 = B_SPLINE_CURVE_WITH_KNOTS('',1,(#1351,#1352),.UNSPECIFIED.,.F.,
  .F.,(2,2),(0.,1.),.PIECEWISE_BEZIER_KNOTS.);
#1351 = CARTESIAN_POINT('',(-1.109186788418E-04,3.14159265359));
#1352 = CARTESIAN_POINT('',(-1.109186788418E-04,9.424777960769));
#1353 = ( GEOMETRIC_REPRESENTATION_CONTEXT(2) 
PARAMETRIC_REPRESENTATION_CONTEXT() REPRESENTATION_CONTEXT('2D SPACE',''
  ) );
#1354 = PCURVE('',#43,#1355);
#1355 = DEFINITIONAL_REPRESENTATION('',(#1356),#1376);
#1356 = B_SPLINE_CURVE_WITH_KNOTS('',3,(#1357,#1358,#1359,#1360,#1361,
    #1362,#1363,#1364,#1365,#1366,#1367,#1368,#1369,#1370,#1371,#1372,
    #1373,#1374,#1375),.UNSPECIFIED.,.T.,.F.,(1,1,1,1,1,1,1,1,1,1,1,1,1,
    1,1,1,1,1,1,1,1,1,1),(-0.190789473684,-0.128289473684,
    -6.578947368421E-02,0.,5.9375E-02,0.12171875,0.1842109375,
    0.246710546875,0.309210527344,0.371710526367,0.434210526318,
    0.496710526316,0.559210526316,0.621710526316,0.684210526316,
    0.746710526316,0.809210526316,0.871710526316,0.934210526316,1.,
    1.059375,1.12171875,1.1842109375),.UNSPECIFIED.);
#1357 = CARTESIAN_POINT('',(-8.964128783664,3.863674239442));
#1358 = CARTESIAN_POINT('',(-9.74724891503,0.126272910518));
#1359 = CARTESIAN_POINT('',(-9.04390075323,-3.600026807548));
#1360 = CARTESIAN_POINT('',(-7.03208521543,-6.749327757636));
#1361 = CARTESIAN_POINT('',(-3.917239344299,-8.925549890362));
#1362 = CARTESIAN_POINT('',(-0.203551514767,-9.74531024471));
#1363 = CARTESIAN_POINT('',(3.541301789995,-9.0813695051));
#1364 = CARTESIAN_POINT('',(6.747026410522,-7.034900502525));
#1365 = CARTESIAN_POINT('',(8.925579256519,-3.917423674291));
#1366 = CARTESIAN_POINT('',(9.745293232209,-0.203556808821));
#1367 = CARTESIAN_POINT('',(9.081374575585,3.541300828201));
#1368 = CARTESIAN_POINT('',(7.03489963118,6.747025371042));
#1369 = CARTESIAN_POINT('',(3.917422394755,8.925583951829));
#1370 = CARTESIAN_POINT('',(0.203562820547,9.745275476685));
#1371 = CARTESIAN_POINT('',(-3.541323594277,9.081440902157));
#1372 = CARTESIAN_POINT('',(-6.746940318396,7.034652080431));
#1373 = CARTESIAN_POINT('',(-8.964128783664,3.863674239442));
#1374 = CARTESIAN_POINT('',(-9.74724891503,0.126272910518));
#1375 = CARTESIAN_POINT('',(-9.04390075323,-3.600026807548));
#1376 = ( GEOMETRIC_REPRESENTATION_CONTEXT(2) 
PARAMETRIC_REPRESENTATION_CONTEXT() REPRESENTATION_CONTEXT('2D SPACE',''
  ) );
#1377 = ORIENTED_EDGE('',*,*,#1378,.F.);
#1378 = EDGE_CURVE('',#1302,#1325,#1379,.T.);
#1379 = SURFACE_CURVE('',#1380,(#1400,#1406),.PCURVE_S1.);
#1380 = B_SPLINE_CURVE_WITH_KNOTS('',3,(#1381,#1382,#1383,#1384,#1385,
    #1386,#1387,#1388,#1389,#1390,#1391,#1392,#1393,#1394,#1395,#1396,
    #1397,#1398,#1399),.UNSPECIFIED.,.T.,.F.,(1,1,1,1,1,1,1,1,1,1,1,1,1,
    1,1,1,1,1,1,1,1,1,1),(-0.190789473684,-0.128289473684,
    -6.578947368421E-02,0.,5.9375E-02,0.12171875,0.1842109375,
    0.246710546875,0.309210527344,0.371710526367,0.434210526318,
    0.496710526316,0.559210526316,0.621710526316,0.684210526316,
    0.746710526316,0.809210526316,0.871710526316,0.934210526316,1.,
    1.059375,1.12171875,1.1842109375),.UNSPECIFIED.);
#1381 = CARTESIAN_POINT('',(-8.964128783664,3.863674239442,0.));
#1382 = CARTESIAN_POINT('',(-9.74724891503,0.126272910518,0.));
#1383 = CARTESIAN_POINT('',(-9.04390075323,-3.600026807548,0.));
#1384 = CARTESIAN_POINT('',(-7.03208521543,-6.749327757636,0.));
#1385 = CARTESIAN_POINT('',(-3.917239344299,-8.925549890362,0.));
#1386 = CARTESIAN_POINT('',(-0.203551514767,-9.74531024471,0.));
#1387 = CARTESIAN_POINT('',(3.541301789995,-9.0813695051,0.));
#1388 = CARTESIAN_POINT('',(6.747026410522,-7.034900502525,0.));
#1389 = CARTESIAN_POINT('',(8.925579256519,-3.917423674291,0.));
#1390 = CARTESIAN_POINT('',(9.745293232209,-0.203556808821,0.));
#1391 = CARTESIAN_POINT('',(9.081374575585,3.541300828201,0.));
#1392 = CARTESIAN_POINT('',(7.03489963118,6.747025371042,0.));
#1393 = CARTESIAN_POINT('',(3.917422394755,8.925583951829,0.));
#1394 = CARTESIAN_POINT('',(0.203562820547,9.745275476685,0.));
#1395 = CARTESIAN_POINT('',(-3.541323594277,9.081440902157,0.));
#1396 = CARTESIAN_POINT('',(-6.746940318396,7.034652080431,0.));
#1397 = CARTESIAN_POINT('',(-8.964128783664,3.863674239442,0.));
#1398 = CARTESIAN_POINT('',(-9.74724891503,0.126272910518,0.));
#1399 = CARTESIAN_POINT('',(-9.04390075323,-3.600026807548,0.));
#1400 = PCURVE('',#767,#1401);
#1401 = DEFINITIONAL_REPRESENTATION('',(#1402),#1405);
#1402 = B_SPLINE_CURVE_WITH_KNOTS('',1,(#1403,#1404),.UNSPECIFIED.,.F.,
  .F.,(2,2),(0.,1.),.PIECEWISE_BEZIER_KNOTS.);
#1403 = CARTESIAN_POINT('',(-1.109186788418E-04,-3.14159265359));
#1404 = CARTESIAN_POINT('',(-1.109186788418E-04,3.14159265359));
#1405 = ( GEOMETRIC_REPRESENTATION_CONTEXT(2) 
PARAMETRIC_REPRESENTATION_CONTEXT() REPRESENTATION_CONTEXT('2D SPACE',''
  ) );
#1406 = PCURVE('',#43,#1407);
#1407 = DEFINITIONAL_REPRESENTATION('',(#1408),#1428);
#1408 = B_SPLINE_CURVE_WITH_KNOTS('',3,(#1409,#1410,#1411,#1412,#1413,
    #1414,#1415,#1416,#1417,#1418,#1419,#1420,#1421,#1422,#1423,#1424,
    #1425,#1426,#1427),.UNSPECIFIED.,.T.,.F.,(1,1,1,1,1,1,1,1,1,1,1,1,1,
    1,1,1,1,1,1,1,1,1,1),(-0.190789473684,-0.128289473684,
    -6.578947368421E-02,0.,5.9375E-02,0.12171875,0.1842109375,
    0.246710546875,0.309210527344,0.371710526367,0.434210526318,
    0.496710526316,0.559210526316,0.621710526316,0.684210526316,
    0.746710526316,0.809210526316,0.871710526316,0.934210526316,1.,
    1.059375,1.12171875,1.1842109375),.UNSPECIFIED.);
#1409 = CARTESIAN_POINT('',(-8.964128783664,3.863674239442));
#1410 = CARTESIAN_POINT('',(-9.74724891503,0.126272910518));
#1411 = CARTESIAN_POINT('',(-9.04390075323,-3.600026807548));
#1412 = CARTESIAN_POINT('',(-7.03208521543,-6.749327757636));
#1413 = CARTESIAN_POINT('',(-3.917239344299,-8.925549890362));
#1414 = CARTESIAN_POINT('',(-0.203551514767,-9.74531024471));
#1415 = CARTESIAN_POINT('',(3.541301789995,-9.0813695051));
#1416 = CARTESIAN_POINT('',(6.747026410522,-7.034900502525));
#1417 = CARTESIAN_POINT('',(8.925579256519,-3.917423674291));
#1418 = CARTESIAN_POINT('',(9.745293232209,-0.203556808821));
#1419 = CARTESIAN_POINT('',(9.081374575585,3.541300828201));
#1420 = CARTESIAN_POINT('',(7.03489963118,6.747025371042));
#1421 = CARTESIAN_POINT('',(3.917422394755,8.925583951829));
#1422 = CARTESIAN_POINT('',(0.203562820547,9.745275476685));
#1423 = CARTESIAN_POINT('',(-3.541323594277,9.081440902157));
#1424 = CARTESIAN_POINT('',(-6.746940318396,7.034652080431));
#1425 = CARTESIAN_POINT('',(-8.964128783664,3.863674239442));
#1426 = CARTESIAN_POINT('',(-9.74724891503,0.126272910518));
#1427 = CARTESIAN_POINT('',(-9.04390075323,-3.600026807548));
#1428 = ( GEOMETRIC_REPRESENTATION_CONTEXT(2) 
PARAMETRIC_REPRESENTATION_CONTEXT() REPRESENTATION_CONTEXT('2D SPACE',''
  ) );
#1429 = ORIENTED_EDGE('',*,*,#1301,.T.);
#1430 = ADVANCED_FACE('',(#1431),#1446,.F.);
#1431 = FACE_BOUND('',#1432,.T.);
#1432 = EDGE_LOOP('',(#1433,#1469));
#1433 = ORIENTED_EDGE('',*,*,#1434,.F.);
#1434 = EDGE_CURVE('',#1435,#1437,#1439,.T.);
#1435 = VERTEX_POINT('',#1436);
#1436 = CARTESIAN_POINT('',(-4.496819484189,-6.163693693694,1.5));
#1437 = VERTEX_POINT('',#1438);
#1438 = CARTESIAN_POINT('',(-3.503180515811,-6.163693693694,1.5));
#1439 = SURFACE_CURVE('',#1440,(#1445,#1457),.PCURVE_S1.);
#1440 = CIRCLE('',#1441,2.22);
#1441 = AXIS2_PLACEMENT_3D('',#1442,#1443,#1444);
#1442 = CARTESIAN_POINT('',(-4.,-4.,1.5));
#1443 = DIRECTION('',(0.,0.,-1.));
#1444 = DIRECTION('',(-1.,0.,0.));
#1445 = PCURVE('',#1446,#1451);
#1446 = PLANE('',#1447);
#1447 = AXIS2_PLACEMENT_3D('',#1448,#1449,#1450);
#1448 = CARTESIAN_POINT('',(0.,0.,1.5));
#1449 = DIRECTION('',(0.,0.,-1.));
#1450 = DIRECTION('',(1.,0.,0.));
#1451 = DEFINITIONAL_REPRESENTATION('',(#1452),#1456);
#1452 = CIRCLE('',#1453,2.22);
#1453 = AXIS2_PLACEMENT_2D('',#1454,#1455);
#1454 = CARTESIAN_POINT('',(-4.,4.));
#1455 = DIRECTION('',(-1.,0.));
#1456 = ( GEOMETRIC_REPRESENTATION_CONTEXT(2) 
PARAMETRIC_REPRESENTATION_CONTEXT() REPRESENTATION_CONTEXT('2D SPACE',''
  ) );
#1457 = PCURVE('',#1458,#1463);
#1458 = CYLINDRICAL_SURFACE('',#1459,2.22);
#1459 = AXIS2_PLACEMENT_3D('',#1460,#1461,#1462);
#1460 = CARTESIAN_POINT('',(-4.,-4.,1.5));
#1461 = DIRECTION('',(0.,0.,-1.));
#1462 = DIRECTION('',(-1.,0.,0.));
#1463 = DEFINITIONAL_REPRESENTATION('',(#1464),#1468);
#1464 = LINE('',#1465,#1466);
#1465 = CARTESIAN_POINT('',(-6.28318530718,0.));
#1466 = VECTOR('',#1467,1.);
#1467 = DIRECTION('',(1.,0.));
#1468 = ( GEOMETRIC_REPRESENTATION_CONTEXT(2) 
PARAMETRIC_REPRESENTATION_CONTEXT() REPRESENTATION_CONTEXT('2D SPACE',''
  ) );
#1469 = ORIENTED_EDGE('',*,*,#1470,.F.);
#1470 = EDGE_CURVE('',#1437,#1435,#1471,.T.);
#1471 = SURFACE_CURVE('',#1472,(#1477,#1484),.PCURVE_S1.);
#1472 = CIRCLE('',#1473,0.5);
#1473 = AXIS2_PLACEMENT_3D('',#1474,#1475,#1476);
#1474 = CARTESIAN_POINT('',(-4.,-6.22,1.5));
#1475 = DIRECTION('',(0.,0.,-1.));
#1476 = DIRECTION('',(-1.,0.,0.));
#1477 = PCURVE('',#1446,#1478);
#1478 = DEFINITIONAL_REPRESENTATION('',(#1479),#1483);
#1479 = CIRCLE('',#1480,0.5);
#1480 = AXIS2_PLACEMENT_2D('',#1481,#1482);
#1481 = CARTESIAN_POINT('',(-4.,6.22));
#1482 = DIRECTION('',(-1.,0.));
#1483 = ( GEOMETRIC_REPRESENTATION_CONTEXT(2) 
PARAMETRIC_REPRESENTATION_CONTEXT() REPRESENTATION_CONTEXT('2D SPACE',''
  ) );
#1484 = PCURVE('',#1485,#1490);
#1485 = CYLINDRICAL_SURFACE('',#1486,0.5);
#1486 = AXIS2_PLACEMENT_3D('',#1487,#1488,#1489);
#1487 = CARTESIAN_POINT('',(-4.,-6.22,1.502));
#1488 = DIRECTION('',(0.,0.,-1.));
#1489 = DIRECTION('',(-1.,0.,0.));
#1490 = DEFINITIONAL_REPRESENTATION('',(#1491),#1495);
#1491 = LINE('',#1492,#1493);
#1492 = CARTESIAN_POINT('',(-4.4E-16,2.E-03));
#1493 = VECTOR('',#1494,1.);
#1494 = DIRECTION('',(1.,0.));
#1495 = ( GEOMETRIC_REPRESENTATION_CONTEXT(2) 
PARAMETRIC_REPRESENTATION_CONTEXT() REPRESENTATION_CONTEXT('2D SPACE',''
  ) );
#1496 = ADVANCED_FACE('',(#1497),#1512,.F.);
#1497 = FACE_BOUND('',#1498,.T.);
#1498 = EDGE_LOOP('',(#1499,#1535));
#1499 = ORIENTED_EDGE('',*,*,#1500,.F.);
#1500 = EDGE_CURVE('',#1501,#1503,#1505,.T.);
#1501 = VERTEX_POINT('',#1502);
#1502 = CARTESIAN_POINT('',(3.503180515811,-6.163693693694,1.5));
#1503 = VERTEX_POINT('',#1504);
#1504 = CARTESIAN_POINT('',(4.496819484189,-6.163693693694,1.5));
#1505 = SURFACE_CURVE('',#1506,(#1511,#1523),.PCURVE_S1.);
#1506 = CIRCLE('',#1507,2.22);
#1507 = AXIS2_PLACEMENT_3D('',#1508,#1509,#1510);
#1508 = CARTESIAN_POINT('',(4.,-4.,1.5));
#1509 = DIRECTION('',(0.,0.,-1.));
#1510 = DIRECTION('',(-1.,0.,0.));
#1511 = PCURVE('',#1512,#1517);
#1512 = PLANE('',#1513);
#1513 = AXIS2_PLACEMENT_3D('',#1514,#1515,#1516);
#1514 = CARTESIAN_POINT('',(0.,0.,1.5));
#1515 = DIRECTION('',(0.,0.,-1.));
#1516 = DIRECTION('',(1.,0.,0.));
#1517 = DEFINITIONAL_REPRESENTATION('',(#1518),#1522);
#1518 = CIRCLE('',#1519,2.22);
#1519 = AXIS2_PLACEMENT_2D('',#1520,#1521);
#1520 = CARTESIAN_POINT('',(4.,4.));
#1521 = DIRECTION('',(-1.,0.));
#1522 = ( GEOMETRIC_REPRESENTATION_CONTEXT(2) 
PARAMETRIC_REPRESENTATION_CONTEXT() REPRESENTATION_CONTEXT('2D SPACE',''
  ) );
#1523 = PCURVE('',#1524,#1529);
#1524 = CYLINDRICAL_SURFACE('',#1525,2.22);
#1525 = AXIS2_PLACEMENT_3D('',#1526,#1527,#1528);
#1526 = CARTESIAN_POINT('',(4.,-4.,1.5));
#1527 = DIRECTION('',(0.,0.,-1.));
#1528 = DIRECTION('',(-1.,0.,0.));
#1529 = DEFINITIONAL_REPRESENTATION('',(#1530),#1534);
#1530 = LINE('',#1531,#1532);
#1531 = CARTESIAN_POINT('',(-6.28318530718,0.));
#1532 = VECTOR('',#1533,1.);
#1533 = DIRECTION('',(1.,0.));
#1534 = ( GEOMETRIC_REPRESENTATION_CONTEXT(2) 
PARAMETRIC_REPRESENTATION_CONTEXT() REPRESENTATION_CONTEXT('2D SPACE',''
  ) );
#1535 = ORIENTED_EDGE('',*,*,#1536,.F.);
#1536 = EDGE_CURVE('',#1503,#1501,#1537,.T.);
#1537 = SURFACE_CURVE('',#1538,(#1543,#1550),.PCURVE_S1.);
#1538 = CIRCLE('',#1539,0.5);
#1539 = AXIS2_PLACEMENT_3D('',#1540,#1541,#1542);
#1540 = CARTESIAN_POINT('',(4.,-6.22,1.5));
#1541 = DIRECTION('',(0.,0.,-1.));
#1542 = DIRECTION('',(-1.,0.,0.));
#1543 = PCURVE('',#1512,#1544);
#1544 = DEFINITIONAL_REPRESENTATION('',(#1545),#1549);
#1545 = CIRCLE('',#1546,0.5);
#1546 = AXIS2_PLACEMENT_2D('',#1547,#1548);
#1547 = CARTESIAN_POINT('',(4.,6.22));
#1548 = DIRECTION('',(-1.,0.));
#1549 = ( GEOMETRIC_REPRESENTATION_CONTEXT(2) 
PARAMETRIC_REPRESENTATION_CONTEXT() REPRESENTATION_CONTEXT('2D SPACE',''
  ) );
#1550 = PCURVE('',#1551,#1556);
#1551 = CYLINDRICAL_SURFACE('',#1552,0.5);
#1552 = AXIS2_PLACEMENT_3D('',#1553,#1554,#1555);
#1553 = CARTESIAN_POINT('',(4.,-6.22,1.502));
#1554 = DIRECTION('',(0.,0.,-1.));
#1555 = DIRECTION('',(-1.,0.,0.));
#1556 = DEFINITIONAL_REPRESENTATION('',(#1557),#1561);
#1557 = LINE('',#1558,#1559);
#1558 = CARTESIAN_POINT('',(-4.4E-16,2.E-03));
#1559 = VECTOR('',#1560,1.);
#1560 = DIRECTION('',(1.,0.));
#1561 = ( GEOMETRIC_REPRESENTATION_CONTEXT(2) 
PARAMETRIC_REPRESENTATION_CONTEXT() REPRESENTATION_CONTEXT('2D SPACE',''
  ) );
#1562 = ADVANCED_FACE('',(#1563),#1578,.F.);
#1563 = FACE_BOUND('',#1564,.T.);
#1564 = EDGE_LOOP('',(#1565,#1601));
#1565 = ORIENTED_EDGE('',*,*,#1566,.F.);
#1566 = EDGE_CURVE('',#1567,#1569,#1571,.T.);
#1567 = VERTEX_POINT('',#1568);
#1568 = CARTESIAN_POINT('',(-4.496819484189,1.836306306306,1.5));
#1569 = VERTEX_POINT('',#1570);
#1570 = CARTESIAN_POINT('',(-3.503180515811,1.836306306306,1.5));
#1571 = SURFACE_CURVE('',#1572,(#1577,#1589),.PCURVE_S1.);
#1572 = CIRCLE('',#1573,2.22);
#1573 = AXIS2_PLACEMENT_3D('',#1574,#1575,#1576);
#1574 = CARTESIAN_POINT('',(-4.,4.,1.5));
#1575 = DIRECTION('',(0.,0.,-1.));
#1576 = DIRECTION('',(-1.,0.,0.));
#1577 = PCURVE('',#1578,#1583);
#1578 = PLANE('',#1579);
#1579 = AXIS2_PLACEMENT_3D('',#1580,#1581,#1582);
#1580 = CARTESIAN_POINT('',(0.,0.,1.5));
#1581 = DIRECTION('',(0.,0.,-1.));
#1582 = DIRECTION('',(1.,0.,0.));
#1583 = DEFINITIONAL_REPRESENTATION('',(#1584),#1588);
#1584 = CIRCLE('',#1585,2.22);
#1585 = AXIS2_PLACEMENT_2D('',#1586,#1587);
#1586 = CARTESIAN_POINT('',(-4.,-4.));
#1587 = DIRECTION('',(-1.,0.));
#1588 = ( GEOMETRIC_REPRESENTATION_CONTEXT(2) 
PARAMETRIC_REPRESENTATION_CONTEXT() REPRESENTATION_CONTEXT('2D SPACE',''
  ) );
#1589 = PCURVE('',#1590,#1595);
#1590 = CYLINDRICAL_SURFACE('',#1591,2.22);
#1591 = AXIS2_PLACEMENT_3D('',#1592,#1593,#1594);
#1592 = CARTESIAN_POINT('',(-4.,4.,1.5));
#1593 = DIRECTION('',(0.,0.,-1.));
#1594 = DIRECTION('',(-1.,0.,0.));
#1595 = DEFINITIONAL_REPRESENTATION('',(#1596),#1600);
#1596 = LINE('',#1597,#1598);
#1597 = CARTESIAN_POINT('',(-6.28318530718,0.));
#1598 = VECTOR('',#1599,1.);
#1599 = DIRECTION('',(1.,0.));
#1600 = ( GEOMETRIC_REPRESENTATION_CONTEXT(2) 
PARAMETRIC_REPRESENTATION_CONTEXT() REPRESENTATION_CONTEXT('2D SPACE',''
  ) );
#1601 = ORIENTED_EDGE('',*,*,#1602,.F.);
#1602 = EDGE_CURVE('',#1569,#1567,#1603,.T.);
#1603 = SURFACE_CURVE('',#1604,(#1609,#1616),.PCURVE_S1.);
#1604 = CIRCLE('',#1605,0.5);
#1605 = AXIS2_PLACEMENT_3D('',#1606,#1607,#1608);
#1606 = CARTESIAN_POINT('',(-4.,1.78,1.5));
#1607 = DIRECTION('',(0.,0.,-1.));
#1608 = DIRECTION('',(-1.,0.,0.));
#1609 = PCURVE('',#1578,#1610);
#1610 = DEFINITIONAL_REPRESENTATION('',(#1611),#1615);
#1611 = CIRCLE('',#1612,0.5);
#1612 = AXIS2_PLACEMENT_2D('',#1613,#1614);
#1613 = CARTESIAN_POINT('',(-4.,-1.78));
#1614 = DIRECTION('',(-1.,0.));
#1615 = ( GEOMETRIC_REPRESENTATION_CONTEXT(2) 
PARAMETRIC_REPRESENTATION_CONTEXT() REPRESENTATION_CONTEXT('2D SPACE',''
  ) );
#1616 = PCURVE('',#1617,#1622);
#1617 = CYLINDRICAL_SURFACE('',#1618,0.5);
#1618 = AXIS2_PLACEMENT_3D('',#1619,#1620,#1621);
#1619 = CARTESIAN_POINT('',(-4.,1.78,1.502));
#1620 = DIRECTION('',(0.,0.,-1.));
#1621 = DIRECTION('',(-1.,0.,0.));
#1622 = DEFINITIONAL_REPRESENTATION('',(#1623),#1627);
#1623 = LINE('',#1624,#1625);
#1624 = CARTESIAN_POINT('',(0.,2.E-03));
#1625 = VECTOR('',#1626,1.);
#1626 = DIRECTION('',(1.,0.));
#1627 = ( GEOMETRIC_REPRESENTATION_CONTEXT(2) 
PARAMETRIC_REPRESENTATION_CONTEXT() REPRESENTATION_CONTEXT('2D SPACE',''
  ) );
#1628 = ADVANCED_FACE('',(#1629),#1644,.F.);
#1629 = FACE_BOUND('',#1630,.T.);
#1630 = EDGE_LOOP('',(#1631,#1667));
#1631 = ORIENTED_EDGE('',*,*,#1632,.F.);
#1632 = EDGE_CURVE('',#1633,#1635,#1637,.T.);
#1633 = VERTEX_POINT('',#1634);
#1634 = CARTESIAN_POINT('',(3.503180515811,1.836306306306,1.5));
#1635 = VERTEX_POINT('',#1636);
#1636 = CARTESIAN_POINT('',(4.496819484189,1.836306306306,1.5));
#1637 = SURFACE_CURVE('',#1638,(#1643,#1655),.PCURVE_S1.);
#1638 = CIRCLE('',#1639,2.22);
#1639 = AXIS2_PLACEMENT_3D('',#1640,#1641,#1642);
#1640 = CARTESIAN_POINT('',(4.,4.,1.5));
#1641 = DIRECTION('',(0.,0.,-1.));
#1642 = DIRECTION('',(-1.,0.,0.));
#1643 = PCURVE('',#1644,#1649);
#1644 = PLANE('',#1645);
#1645 = AXIS2_PLACEMENT_3D('',#1646,#1647,#1648);
#1646 = CARTESIAN_POINT('',(0.,0.,1.5));
#1647 = DIRECTION('',(0.,0.,-1.));
#1648 = DIRECTION('',(1.,0.,0.));
#1649 = DEFINITIONAL_REPRESENTATION('',(#1650),#1654);
#1650 = CIRCLE('',#1651,2.22);
#1651 = AXIS2_PLACEMENT_2D('',#1652,#1653);
#1652 = CARTESIAN_POINT('',(4.,-4.));
#1653 = DIRECTION('',(-1.,0.));
#1654 = ( GEOMETRIC_REPRESENTATION_CONTEXT(2) 
PARAMETRIC_REPRESENTATION_CONTEXT() REPRESENTATION_CONTEXT('2D SPACE',''
  ) );
#1655 = PCURVE('',#1656,#1661);
#1656 = CYLINDRICAL_SURFACE('',#1657,2.22);
#1657 = AXIS2_PLACEMENT_3D('',#1658,#1659,#1660);
#1658 = CARTESIAN_POINT('',(4.,4.,1.5));
#1659 = DIRECTION('',(0.,0.,-1.));
#1660 = DIRECTION('',(-1.,0.,0.));
#1661 = DEFINITIONAL_REPRESENTATION('',(#1662),#1666);
#1662 = LINE('',#1663,#1664);
#1663 = CARTESIAN_POINT('',(-6.28318530718,0.));
#1664 = VECTOR('',#1665,1.);
#1665 = DIRECTION('',(1.,0.));
#1666 = ( GEOMETRIC_REPRESENTATION_CONTEXT(2) 
PARAMETRIC_REPRESENTATION_CONTEXT() REPRESENTATION_CONTEXT('2D SPACE',''
  ) );
#1667 = ORIENTED_EDGE('',*,*,#1668,.F.);
#1668 = EDGE_CURVE('',#1635,#1633,#1669,.T.);
#1669 = SURFACE_CURVE('',#1670,(#1675,#1682),.PCURVE_S1.);
#1670 = CIRCLE('',#1671,0.5);
#1671 = AXIS2_PLACEMENT_3D('',#1672,#1673,#1674);
#1672 = CARTESIAN_POINT('',(4.,1.78,1.5));
#1673 = DIRECTION('',(0.,0.,-1.));
#1674 = DIRECTION('',(-1.,0.,0.));
#1675 = PCURVE('',#1644,#1676);
#1676 = DEFINITIONAL_REPRESENTATION('',(#1677),#1681);
#1677 = CIRCLE('',#1678,0.5);
#1678 = AXIS2_PLACEMENT_2D('',#1679,#1680);
#1679 = CARTESIAN_POINT('',(4.,-1.78));
#1680 = DIRECTION('',(-1.,0.));
#1681 = ( GEOMETRIC_REPRESENTATION_CONTEXT(2) 
PARAMETRIC_REPRESENTATION_CONTEXT() REPRESENTATION_CONTEXT('2D SPACE',''
  ) );
#1682 = PCURVE('',#1683,#1688);
#1683 = CYLINDRICAL_SURFACE('',#1684,0.5);
#1684 = AXIS2_PLACEMENT_3D('',#1685,#1686,#1687);
#1685 = CARTESIAN_POINT('',(4.,1.78,1.502));
#1686 = DIRECTION('',(0.,0.,-1.));
#1687 = DIRECTION('',(-1.,0.,0.));
#1688 = DEFINITIONAL_REPRESENTATION('',(#1689),#1693);
#1689 = LINE('',#1690,#1691);
#1690 = CARTESIAN_POINT('',(0.,2.E-03));
#1691 = VECTOR('',#1692,1.);
#1692 = DIRECTION('',(1.,0.));
#1693 = ( GEOMETRIC_REPRESENTATION_CONTEXT(2) 
PARAMETRIC_REPRESENTATION_CONTEXT() REPRESENTATION_CONTEXT('2D SPACE',''
  ) );
#1694 = ADVANCED_FACE('',(#1695),#1458,.T.);
#1695 = FACE_BOUND('',#1696,.T.);
#1696 = EDGE_LOOP('',(#1697,#1698,#1721,#1750));
#1697 = ORIENTED_EDGE('',*,*,#1434,.T.);
#1698 = ORIENTED_EDGE('',*,*,#1699,.T.);
#1699 = EDGE_CURVE('',#1437,#1700,#1702,.T.);
#1700 = VERTEX_POINT('',#1701);
#1701 = CARTESIAN_POINT('',(-3.503180515811,-6.163693693694,0.5));
#1702 = SURFACE_CURVE('',#1703,(#1707,#1714),.PCURVE_S1.);
#1703 = LINE('',#1704,#1705);
#1704 = CARTESIAN_POINT('',(-3.503180515811,-6.163693693694,1.502));
#1705 = VECTOR('',#1706,1.);
#1706 = DIRECTION('',(0.,0.,-1.));
#1707 = PCURVE('',#1458,#1708);
#1708 = DEFINITIONAL_REPRESENTATION('',(#1709),#1713);
#1709 = LINE('',#1710,#1711);
#1710 = CARTESIAN_POINT('',(4.486684981814,-2.E-03));
#1711 = VECTOR('',#1712,1.);
#1712 = DIRECTION('',(0.,1.));
#1713 = ( GEOMETRIC_REPRESENTATION_CONTEXT(2) 
PARAMETRIC_REPRESENTATION_CONTEXT() REPRESENTATION_CONTEXT('2D SPACE',''
  ) );
#1714 = PCURVE('',#1485,#1715);
#1715 = DEFINITIONAL_REPRESENTATION('',(#1716),#1720);
#1716 = LINE('',#1717,#1718);
#1717 = CARTESIAN_POINT('',(3.028740654305,0.));
#1718 = VECTOR('',#1719,1.);
#1719 = DIRECTION('',(0.,1.));
#1720 = ( GEOMETRIC_REPRESENTATION_CONTEXT(2) 
PARAMETRIC_REPRESENTATION_CONTEXT() REPRESENTATION_CONTEXT('2D SPACE',''
  ) );
#1721 = ORIENTED_EDGE('',*,*,#1722,.F.);
#1722 = EDGE_CURVE('',#1723,#1700,#1725,.T.);
#1723 = VERTEX_POINT('',#1724);
#1724 = CARTESIAN_POINT('',(-4.496819484189,-6.163693693694,0.5));
#1725 = SURFACE_CURVE('',#1726,(#1731,#1738),.PCURVE_S1.);
#1726 = CIRCLE('',#1727,2.22);
#1727 = AXIS2_PLACEMENT_3D('',#1728,#1729,#1730);
#1728 = CARTESIAN_POINT('',(-4.,-4.,0.5));
#1729 = DIRECTION('',(0.,0.,-1.));
#1730 = DIRECTION('',(-1.,0.,0.));
#1731 = PCURVE('',#1458,#1732);
#1732 = DEFINITIONAL_REPRESENTATION('',(#1733),#1737);
#1733 = LINE('',#1734,#1735);
#1734 = CARTESIAN_POINT('',(-6.28318530718,1.));
#1735 = VECTOR('',#1736,1.);
#1736 = DIRECTION('',(1.,0.));
#1737 = ( GEOMETRIC_REPRESENTATION_CONTEXT(2) 
PARAMETRIC_REPRESENTATION_CONTEXT() REPRESENTATION_CONTEXT('2D SPACE',''
  ) );
#1738 = PCURVE('',#1739,#1744);
#1739 = CONICAL_SURFACE('',#1740,2.22,0.785398163397);
#1740 = AXIS2_PLACEMENT_3D('',#1741,#1742,#1743);
#1741 = CARTESIAN_POINT('',(-4.,-4.,0.5));
#1742 = DIRECTION('',(0.,0.,-1.));
#1743 = DIRECTION('',(-1.,0.,0.));
#1744 = DEFINITIONAL_REPRESENTATION('',(#1745),#1749);
#1745 = LINE('',#1746,#1747);
#1746 = CARTESIAN_POINT('',(-6.28318530718,6.010407640086E-16));
#1747 = VECTOR('',#1748,1.);
#1748 = DIRECTION('',(1.,-7.778174593052E-17));
#1749 = ( GEOMETRIC_REPRESENTATION_CONTEXT(2) 
PARAMETRIC_REPRESENTATION_CONTEXT() REPRESENTATION_CONTEXT('2D SPACE',''
  ) );
#1750 = ORIENTED_EDGE('',*,*,#1751,.F.);
#1751 = EDGE_CURVE('',#1435,#1723,#1752,.T.);
#1752 = SURFACE_CURVE('',#1753,(#1757,#1764),.PCURVE_S1.);
#1753 = LINE('',#1754,#1755);
#1754 = CARTESIAN_POINT('',(-4.496819484189,-6.163693693694,1.502));
#1755 = VECTOR('',#1756,1.);
#1756 = DIRECTION('',(0.,0.,-1.));
#1757 = PCURVE('',#1458,#1758);
#1758 = DEFINITIONAL_REPRESENTATION('',(#1759),#1763);
#1759 = LINE('',#1760,#1761);
#1760 = CARTESIAN_POINT('',(-1.345092328224,-2.E-03));
#1761 = VECTOR('',#1762,1.);
#1762 = DIRECTION('',(0.,1.));
#1763 = ( GEOMETRIC_REPRESENTATION_CONTEXT(2) 
PARAMETRIC_REPRESENTATION_CONTEXT() REPRESENTATION_CONTEXT('2D SPACE',''
  ) );
#1764 = PCURVE('',#1485,#1765);
#1765 = DEFINITIONAL_REPRESENTATION('',(#1766),#1770);
#1766 = LINE('',#1767,#1768);
#1767 = CARTESIAN_POINT('',(6.396037306465,0.));
#1768 = VECTOR('',#1769,1.);
#1769 = DIRECTION('',(0.,1.));
#1770 = ( GEOMETRIC_REPRESENTATION_CONTEXT(2) 
PARAMETRIC_REPRESENTATION_CONTEXT() REPRESENTATION_CONTEXT('2D SPACE',''
  ) );
#1771 = ADVANCED_FACE('',(#1772),#1485,.T.);
#1772 = FACE_BOUND('',#1773,.T.);
#1773 = EDGE_LOOP('',(#1774,#1843,#1844,#1845,#1846));
#1774 = ORIENTED_EDGE('',*,*,#1775,.F.);
#1775 = EDGE_CURVE('',#1700,#1776,#1778,.T.);
#1776 = VERTEX_POINT('',#1777);
#1777 = CARTESIAN_POINT('',(-4.,-6.72,0.));
#1778 = SURFACE_CURVE('',#1779,(#1785,#1814),.PCURVE_S1.);
#1779 = B_SPLINE_CURVE_WITH_KNOTS('',3,(#1780,#1781,#1782,#1783,#1784),
  .UNSPECIFIED.,.F.,.F.,(4,1,4),(2.7982028406E-07,4.98476491922E-04,
    9.9667316356E-04),.QUASI_UNIFORM_KNOTS.);
#1780 = CARTESIAN_POINT('',(-3.503180515811,-6.163693693694,0.5));
#1781 = CARTESIAN_POINT('',(-3.489728324621,-6.282389291513,
    0.381304402181));
#1782 = CARTESIAN_POINT('',(-3.537070807125,-6.535568048141,
    0.149068127971));
#1783 = CARTESIAN_POINT('',(-3.831294509211,-6.72,4.9E-16));
#1784 = CARTESIAN_POINT('',(-4.,-6.72,4.9E-16));
#1785 = PCURVE('',#1485,#1786);
#1786 = DEFINITIONAL_REPRESENTATION('',(#1787),#1813);
#1787 = B_SPLINE_CURVE_WITH_KNOTS('',3,(#1788,#1789,#1790,#1791,#1792,
    #1793,#1794,#1795,#1796,#1797,#1798,#1799,#1800,#1801,#1802,#1803,
    #1804,#1805,#1806,#1807,#1808,#1809,#1810,#1811,#1812),
  .UNSPECIFIED.,.F.,.F.,(4,1,1,1,1,1,1,1,1,1,1,1,1,1,1,1,1,1,1,1,1,1,4),
  (2.7982028406E-07,4.55704267966E-05,9.086103330914E-05,
    1.361516398217E-04,1.814422463342E-04,2.267328528468E-04,
    2.720234593593E-04,3.173140658718E-04,3.626046723844E-04,
    4.078952788969E-04,4.531858854095E-04,4.98476491922E-04,
    5.437670984346E-04,5.890577049471E-04,6.343483114596E-04,
    6.796389179722E-04,7.249295244847E-04,7.702201309973E-04,
    8.155107375098E-04,8.608013440223E-04,9.060919505349E-04,
    9.513825570474E-04,9.9667316356E-04),.UNSPECIFIED.);
#1788 = CARTESIAN_POINT('',(3.028740654305,1.002));
#1789 = CARTESIAN_POINT('',(3.050463679466,1.012790508893));
#1790 = CARTESIAN_POINT('',(3.094016318672,1.034328924022));
#1791 = CARTESIAN_POINT('',(3.159666044231,1.066426629463));
#1792 = CARTESIAN_POINT('',(3.225618530047,1.09823230837));
#1793 = CARTESIAN_POINT('',(3.291922292689,1.12966385146));
#1794 = CARTESIAN_POINT('',(3.358672926336,1.160639149451));
#1795 = CARTESIAN_POINT('',(3.426020354862,1.191076093059));
#1796 = CARTESIAN_POINT('',(3.494167661661,1.220892573003));
#1797 = CARTESIAN_POINT('',(3.563371015736,1.25000648));
#1798 = CARTESIAN_POINT('',(3.633937861193,1.278335704767));
#1799 = CARTESIAN_POINT('',(3.706224190407,1.305798138022));
#1800 = CARTESIAN_POINT('',(3.780627783126,1.332311670482));
#1801 = CARTESIAN_POINT('',(3.857584122676,1.357794192865));
#1802 = CARTESIAN_POINT('',(3.936809360643,1.382003442086));
#1803 = CARTESIAN_POINT('',(4.017987573448,1.404697155063));
#1804 = CARTESIAN_POINT('',(4.100801646163,1.425633068711));
#1805 = CARTESIAN_POINT('',(4.184960074451,1.444568919946));
#1806 = CARTESIAN_POINT('',(4.27022698601,1.461262445685));
#1807 = CARTESIAN_POINT('',(4.356450609453,1.475471382844));
#1808 = CARTESIAN_POINT('',(4.443586473113,1.486953468338));
#1809 = CARTESIAN_POINT('',(4.531722082376,1.495466439085));
#1810 = CARTESIAN_POINT('',(4.621071561761,1.500768032));
#1811 = CARTESIAN_POINT('',(4.681727937519,1.502));
#1812 = CARTESIAN_POINT('',(4.712388980385,1.502));
#1813 = ( GEOMETRIC_REPRESENTATION_CONTEXT(2) 
PARAMETRIC_REPRESENTATION_CONTEXT() REPRESENTATION_CONTEXT('2D SPACE',''
  ) );
#1814 = PCURVE('',#1739,#1815);
#1815 = DEFINITIONAL_REPRESENTATION('',(#1816),#1842);
#1816 = B_SPLINE_CURVE_WITH_KNOTS('',3,(#1817,#1818,#1819,#1820,#1821,
    #1822,#1823,#1824,#1825,#1826,#1827,#1828,#1829,#1830,#1831,#1832,
    #1833,#1834,#1835,#1836,#1837,#1838,#1839,#1840,#1841),
  .UNSPECIFIED.,.F.,.F.,(4,1,1,1,1,1,1,1,1,1,1,1,1,1,1,1,1,1,1,1,1,1,4),
  (2.7982028406E-07,4.55704267966E-05,9.086103330914E-05,
    1.361516398217E-04,1.814422463342E-04,2.267328528468E-04,
    2.720234593593E-04,3.173140658718E-04,3.626046723844E-04,
    4.078952788969E-04,4.531858854095E-04,4.98476491922E-04,
    5.437670984346E-04,5.890577049471E-04,6.343483114596E-04,
    6.796389179722E-04,7.249295244847E-04,7.702201309973E-04,
    8.155107375098E-04,8.608013440223E-04,9.060919505349E-04,
    9.513825570474E-04,9.9667316356E-04),.UNSPECIFIED.);
#1817 = CARTESIAN_POINT('',(4.486684981814,-2.998132752231E-15));
#1818 = CARTESIAN_POINT('',(4.487235914367,1.079072739344E-02));
#1819 = CARTESIAN_POINT('',(4.488604022231,3.23459890816E-02));
#1820 = CARTESIAN_POINT('',(4.491458332957,6.450037573822E-02));
#1821 = CARTESIAN_POINT('',(4.495117825465,9.637525726425E-02));
#1822 = CARTESIAN_POINT('',(4.499586889909,0.127873388769));
#1823 = CARTESIAN_POINT('',(4.504871213743,0.158900242588));
#1824 = CARTESIAN_POINT('',(4.510978154039,0.189364564272));
#1825 = CARTESIAN_POINT('',(4.517916949632,0.219178527247));
#1826 = CARTESIAN_POINT('',(4.525698931489,0.248258030357));
#1827 = CARTESIAN_POINT('',(4.534337712648,0.276522979513));
#1828 = CARTESIAN_POINT('',(4.543849291855,0.303897667907));
#1829 = CARTESIAN_POINT('',(4.554252365592,0.330310979565));
#1830 = CARTESIAN_POINT('',(4.565567741899,0.355697426652));
#1831 = CARTESIAN_POINT('',(4.577696136255,0.379825149302));
#1832 = CARTESIAN_POINT('',(4.590549568992,0.402459629305));
#1833 = CARTESIAN_POINT('',(4.604050504663,0.423363695613));
#1834 = CARTESIAN_POINT('',(4.618131852162,0.442296989617));
#1835 = CARTESIAN_POINT('',(4.632736723617,0.459015785591));
#1836 = CARTESIAN_POINT('',(4.647818315142,0.473272889159));
#1837 = CARTESIAN_POINT('',(4.663339699119,0.484817696645));
#1838 = CARTESIAN_POINT('',(4.679274141191,0.493396248341));
#1839 = CARTESIAN_POINT('',(4.695603837736,0.498751767334));
#1840 = CARTESIAN_POINT('',(4.706751297358,0.499999796843));
#1841 = CARTESIAN_POINT('',(4.712388980385,0.5));
#1842 = ( GEOMETRIC_REPRESENTATION_CONTEXT(2) 
PARAMETRIC_REPRESENTATION_CONTEXT() REPRESENTATION_CONTEXT('2D SPACE',''
  ) );
#1843 = ORIENTED_EDGE('',*,*,#1699,.F.);
#1844 = ORIENTED_EDGE('',*,*,#1470,.T.);
#1845 = ORIENTED_EDGE('',*,*,#1751,.T.);
#1846 = ORIENTED_EDGE('',*,*,#1847,.F.);
#1847 = EDGE_CURVE('',#1776,#1723,#1848,.T.);
#1848 = SURFACE_CURVE('',#1849,(#1855,#1884),.PCURVE_S1.);
#1849 = B_SPLINE_CURVE_WITH_KNOTS('',3,(#1850,#1851,#1852,#1853,#1854),
  .UNSPECIFIED.,.F.,.F.,(4,1,4),(9.9667316356E-04,1.493701570219E-03,
    1.990729976878E-03),.QUASI_UNIFORM_KNOTS.);
#1850 = CARTESIAN_POINT('',(-4.,-6.72,4.9E-16));
#1851 = CARTESIAN_POINT('',(-4.168309878518,-6.72,4.9E-16));
#1852 = CARTESIAN_POINT('',(-4.463273600497,-6.535454212254,
    0.149157867758));
#1853 = CARTESIAN_POINT('',(-4.510255284526,-6.282244666596,
    0.381449027098));
#1854 = CARTESIAN_POINT('',(-4.496819484189,-6.163693693694,0.5));
#1855 = PCURVE('',#1485,#1856);
#1856 = DEFINITIONAL_REPRESENTATION('',(#1857),#1883);
#1857 = B_SPLINE_CURVE_WITH_KNOTS('',3,(#1858,#1859,#1860,#1861,#1862,
    #1863,#1864,#1865,#1866,#1867,#1868,#1869,#1870,#1871,#1872,#1873,
    #1874,#1875,#1876,#1877,#1878,#1879,#1880,#1881,#1882),
  .UNSPECIFIED.,.F.,.F.,(4,1,1,1,1,1,1,1,1,1,1,1,1,1,1,1,1,1,1,1,1,1,4),
  (9.9667316356E-04,1.041857564165E-03,1.087041964771E-03,
    1.132226365376E-03,1.177410765981E-03,1.222595166587E-03,
    1.267779567192E-03,1.312963967798E-03,1.358148368403E-03,
    1.403332769008E-03,1.448517169614E-03,1.493701570219E-03,
    1.538885970824E-03,1.58407037143E-03,1.629254772035E-03,
    1.674439172641E-03,1.719623573246E-03,1.764807973851E-03,
    1.809992374457E-03,1.855176775062E-03,1.900361175667E-03,
    1.945545576273E-03,1.990729976878E-03),.UNSPECIFIED.);
#1858 = CARTESIAN_POINT('',(4.712388980385,1.502));
#1859 = CARTESIAN_POINT('',(4.74297784912,1.502));
#1860 = CARTESIAN_POINT('',(4.80351614289,1.500767290349));
#1861 = CARTESIAN_POINT('',(4.892759280828,1.495462601553));
#1862 = CARTESIAN_POINT('',(4.980852269197,1.486944793069));
#1863 = CARTESIAN_POINT('',(5.067998824465,1.475456369529));
#1864 = CARTESIAN_POINT('',(5.154274748723,1.461239835568));
#1865 = CARTESIAN_POINT('',(5.239622886374,1.444537695816));
#1866 = CARTESIAN_POINT('',(5.323878654962,1.425592454907));
#1867 = CARTESIAN_POINT('',(5.406794036754,1.404646617473));
#1868 = CARTESIAN_POINT('',(5.488066854742,1.381942688146));
#1869 = CARTESIAN_POINT('',(5.567371502928,1.357723171559));
#1870 = CARTESIAN_POINT('',(5.644386135477,1.332230572346));
#1871 = CARTESIAN_POINT('',(5.71882406009,1.305707395137));
#1872 = CARTESIAN_POINT('',(5.791126472569,1.278236485597));
#1873 = CARTESIAN_POINT('',(5.861695566936,1.249900689389));
#1874 = CARTESIAN_POINT('',(5.930890742699,1.220782852176));
#1875 = CARTESIAN_POINT('',(5.999021775598,1.190965819622));
#1876 = CARTESIAN_POINT('',(6.066346145217,1.16053243739));
#1877 = CARTESIAN_POINT('',(6.133067252384,1.129565551144));
#1878 = CARTESIAN_POINT('',(6.199334391816,1.098148006547));
#1879 = CARTESIAN_POINT('',(6.265241606039,1.066362649262));
#1880 = CARTESIAN_POINT('',(6.330835085045,1.034292324953));
#1881 = CARTESIAN_POINT('',(6.37434068988,1.012777361173));
#1882 = CARTESIAN_POINT('',(6.396037306465,1.002));
#1883 = ( GEOMETRIC_REPRESENTATION_CONTEXT(2) 
PARAMETRIC_REPRESENTATION_CONTEXT() REPRESENTATION_CONTEXT('2D SPACE',''
  ) );
#1884 = PCURVE('',#1739,#1885);
#1885 = DEFINITIONAL_REPRESENTATION('',(#1886),#1912);
#1886 = B_SPLINE_CURVE_WITH_KNOTS('',3,(#1887,#1888,#1889,#1890,#1891,
    #1892,#1893,#1894,#1895,#1896,#1897,#1898,#1899,#1900,#1901,#1902,
    #1903,#1904,#1905,#1906,#1907,#1908,#1909,#1910,#1911),
  .UNSPECIFIED.,.F.,.F.,(4,1,1,1,1,1,1,1,1,1,1,1,1,1,1,1,1,1,1,1,1,1,4),
  (9.9667316356E-04,1.041857564165E-03,1.087041964771E-03,
    1.132226365376E-03,1.177410765981E-03,1.222595166587E-03,
    1.267779567192E-03,1.312963967798E-03,1.358148368403E-03,
    1.403332769008E-03,1.448517169614E-03,1.493701570219E-03,
    1.538885970824E-03,1.58407037143E-03,1.629254772035E-03,
    1.674439172641E-03,1.719623573246E-03,1.764807973851E-03,
    1.809992374457E-03,1.855176775062E-03,1.900361175667E-03,
    1.945545576273E-03,1.990729976878E-03),.UNSPECIFIED.);
#1887 = CARTESIAN_POINT('',(-1.570796326795,0.5));
#1888 = CARTESIAN_POINT('',(-1.565171861023,0.499999781089));
#1889 = CARTESIAN_POINT('',(-1.554046203412,0.498750331273));
#1890 = CARTESIAN_POINT('',(-1.537737005698,0.493389529246));
#1891 = CARTESIAN_POINT('',(-1.521812569558,0.484803628021));
#1892 = CARTESIAN_POINT('',(-1.506292346989,0.473250237692));
#1893 = CARTESIAN_POINT('',(-1.49120470844,0.458983994428));
#1894 = CARTESIAN_POINT('',(-1.476588216969,0.44225600418));
#1895 = CARTESIAN_POINT('',(-1.462491330134,0.42331380265));
#1896 = CARTESIAN_POINT('',(-1.448972622042,0.402401302116));
#1897 = CARTESIAN_POINT('',(-1.43610091577,0.379758903499));
#1898 = CARTESIAN_POINT('',(-1.423955536846,0.355623687416));
#1899 = CARTESIAN_POINT('',(-1.412626321916,0.330229968147));
#1900 = CARTESIAN_POINT('',(-1.402214497181,0.303809296077));
#1901 = CARTESIAN_POINT('',(-1.392698609035,0.276427777423));
#1902 = CARTESIAN_POINT('',(-1.384059305792,0.248157228637));
#1903 = CARTESIAN_POINT('',(-1.376279925708,0.219074115128));
#1904 = CARTESIAN_POINT('',(-1.369346176958,0.189259341919));
#1905 = CARTESIAN_POINT('',(-1.363246027846,0.158797863555));
#1906 = CARTESIAN_POINT('',(-1.357969509281,0.127778394295));
#1907 = CARTESIAN_POINT('',(-1.353508497303,9.629310246438E-02));
#1908 = CARTESIAN_POINT('',(-1.349856490417,6.443744792883E-02));
#1909 = CARTESIAN_POINT('',(-1.347008237566,3.23096187993E-02));
#1910 = CARTESIAN_POINT('',(-1.34564258381,1.077757943736E-02));
#1911 = CARTESIAN_POINT('',(-1.345092328224,-2.998132752231E-15));
#1912 = ( GEOMETRIC_REPRESENTATION_CONTEXT(2) 
PARAMETRIC_REPRESENTATION_CONTEXT() REPRESENTATION_CONTEXT('2D SPACE',''
  ) );
#1913 = ADVANCED_FACE('',(#1914),#1524,.T.);
#1914 = FACE_BOUND('',#1915,.T.);
#1915 = EDGE_LOOP('',(#1916,#1917,#1940,#1969));
#1916 = ORIENTED_EDGE('',*,*,#1500,.T.);
#1917 = ORIENTED_EDGE('',*,*,#1918,.T.);
#1918 = EDGE_CURVE('',#1503,#1919,#1921,.T.);
#1919 = VERTEX_POINT('',#1920);
#1920 = CARTESIAN_POINT('',(4.496819484189,-6.163693693694,0.5));
#1921 = SURFACE_CURVE('',#1922,(#1926,#1933),.PCURVE_S1.);
#1922 = LINE('',#1923,#1924);
#1923 = CARTESIAN_POINT('',(4.496819484189,-6.163693693694,1.502));
#1924 = VECTOR('',#1925,1.);
#1925 = DIRECTION('',(0.,0.,-1.));
#1926 = PCURVE('',#1524,#1927);
#1927 = DEFINITIONAL_REPRESENTATION('',(#1928),#1932);
#1928 = LINE('',#1929,#1930);
#1929 = CARTESIAN_POINT('',(4.486684981814,-2.E-03));
#1930 = VECTOR('',#1931,1.);
#1931 = DIRECTION('',(0.,1.));
#1932 = ( GEOMETRIC_REPRESENTATION_CONTEXT(2) 
PARAMETRIC_REPRESENTATION_CONTEXT() REPRESENTATION_CONTEXT('2D SPACE',''
  ) );
#1933 = PCURVE('',#1551,#1934);
#1934 = DEFINITIONAL_REPRESENTATION('',(#1935),#1939);
#1935 = LINE('',#1936,#1937);
#1936 = CARTESIAN_POINT('',(3.028740654305,0.));
#1937 = VECTOR('',#1938,1.);
#1938 = DIRECTION('',(0.,1.));
#1939 = ( GEOMETRIC_REPRESENTATION_CONTEXT(2) 
PARAMETRIC_REPRESENTATION_CONTEXT() REPRESENTATION_CONTEXT('2D SPACE',''
  ) );
#1940 = ORIENTED_EDGE('',*,*,#1941,.F.);
#1941 = EDGE_CURVE('',#1942,#1919,#1944,.T.);
#1942 = VERTEX_POINT('',#1943);
#1943 = CARTESIAN_POINT('',(3.503180515811,-6.163693693694,0.5));
#1944 = SURFACE_CURVE('',#1945,(#1950,#1957),.PCURVE_S1.);
#1945 = CIRCLE('',#1946,2.22);
#1946 = AXIS2_PLACEMENT_3D('',#1947,#1948,#1949);
#1947 = CARTESIAN_POINT('',(4.,-4.,0.5));
#1948 = DIRECTION('',(0.,0.,-1.));
#1949 = DIRECTION('',(-1.,0.,0.));
#1950 = PCURVE('',#1524,#1951);
#1951 = DEFINITIONAL_REPRESENTATION('',(#1952),#1956);
#1952 = LINE('',#1953,#1954);
#1953 = CARTESIAN_POINT('',(-6.28318530718,1.));
#1954 = VECTOR('',#1955,1.);
#1955 = DIRECTION('',(1.,0.));
#1956 = ( GEOMETRIC_REPRESENTATION_CONTEXT(2) 
PARAMETRIC_REPRESENTATION_CONTEXT() REPRESENTATION_CONTEXT('2D SPACE',''
  ) );
#1957 = PCURVE('',#1958,#1963);
#1958 = CONICAL_SURFACE('',#1959,2.22,0.785398163397);
#1959 = AXIS2_PLACEMENT_3D('',#1960,#1961,#1962);
#1960 = CARTESIAN_POINT('',(4.,-4.,0.5));
#1961 = DIRECTION('',(0.,0.,-1.));
#1962 = DIRECTION('',(-1.,0.,0.));
#1963 = DEFINITIONAL_REPRESENTATION('',(#1964),#1968);
#1964 = LINE('',#1965,#1966);
#1965 = CARTESIAN_POINT('',(-6.28318530718,6.010407640086E-16));
#1966 = VECTOR('',#1967,1.);
#1967 = DIRECTION('',(1.,-7.778174593052E-17));
#1968 = ( GEOMETRIC_REPRESENTATION_CONTEXT(2) 
PARAMETRIC_REPRESENTATION_CONTEXT() REPRESENTATION_CONTEXT('2D SPACE',''
  ) );
#1969 = ORIENTED_EDGE('',*,*,#1970,.F.);
#1970 = EDGE_CURVE('',#1501,#1942,#1971,.T.);
#1971 = SURFACE_CURVE('',#1972,(#1976,#1983),.PCURVE_S1.);
#1972 = LINE('',#1973,#1974);
#1973 = CARTESIAN_POINT('',(3.503180515811,-6.163693693694,1.502));
#1974 = VECTOR('',#1975,1.);
#1975 = DIRECTION('',(0.,0.,-1.));
#1976 = PCURVE('',#1524,#1977);
#1977 = DEFINITIONAL_REPRESENTATION('',(#1978),#1982);
#1978 = LINE('',#1979,#1980);
#1979 = CARTESIAN_POINT('',(-1.345092328224,-2.E-03));
#1980 = VECTOR('',#1981,1.);
#1981 = DIRECTION('',(0.,1.));
#1982 = ( GEOMETRIC_REPRESENTATION_CONTEXT(2) 
PARAMETRIC_REPRESENTATION_CONTEXT() REPRESENTATION_CONTEXT('2D SPACE',''
  ) );
#1983 = PCURVE('',#1551,#1984);
#1984 = DEFINITIONAL_REPRESENTATION('',(#1985),#1989);
#1985 = LINE('',#1986,#1987);
#1986 = CARTESIAN_POINT('',(6.396037306465,0.));
#1987 = VECTOR('',#1988,1.);
#1988 = DIRECTION('',(0.,1.));
#1989 = ( GEOMETRIC_REPRESENTATION_CONTEXT(2) 
PARAMETRIC_REPRESENTATION_CONTEXT() REPRESENTATION_CONTEXT('2D SPACE',''
  ) );
#1990 = ADVANCED_FACE('',(#1991),#1551,.T.);
#1991 = FACE_BOUND('',#1992,.T.);
#1992 = EDGE_LOOP('',(#1993,#2062,#2063,#2064,#2065));
#1993 = ORIENTED_EDGE('',*,*,#1994,.F.);
#1994 = EDGE_CURVE('',#1919,#1995,#1997,.T.);
#1995 = VERTEX_POINT('',#1996);
#1996 = CARTESIAN_POINT('',(4.,-6.72,0.));
#1997 = SURFACE_CURVE('',#1998,(#2004,#2033),.PCURVE_S1.);
#1998 = B_SPLINE_CURVE_WITH_KNOTS('',3,(#1999,#2000,#2001,#2002,#2003),
  .UNSPECIFIED.,.F.,.F.,(4,1,4),(2.7982028406E-07,4.98476491922E-04,
    9.9667316356E-04),.QUASI_UNIFORM_KNOTS.);
#1999 = CARTESIAN_POINT('',(4.496819484189,-6.163693693694,0.5));
#2000 = CARTESIAN_POINT('',(4.510271675379,-6.282389291513,
    0.381304402181));
#2001 = CARTESIAN_POINT('',(4.462929192875,-6.535568048141,
    0.149068127971));
#2002 = CARTESIAN_POINT('',(4.168705490789,-6.72,5.2E-16));
#2003 = CARTESIAN_POINT('',(4.,-6.72,5.2E-16));
#2004 = PCURVE('',#1551,#2005);
#2005 = DEFINITIONAL_REPRESENTATION('',(#2006),#2032);
#2006 = B_SPLINE_CURVE_WITH_KNOTS('',3,(#2007,#2008,#2009,#2010,#2011,
    #2012,#2013,#2014,#2015,#2016,#2017,#2018,#2019,#2020,#2021,#2022,
    #2023,#2024,#2025,#2026,#2027,#2028,#2029,#2030,#2031),
  .UNSPECIFIED.,.F.,.F.,(4,1,1,1,1,1,1,1,1,1,1,1,1,1,1,1,1,1,1,1,1,1,4),
  (2.7982028406E-07,4.55704267966E-05,9.086103330914E-05,
    1.361516398217E-04,1.814422463342E-04,2.267328528468E-04,
    2.720234593593E-04,3.173140658718E-04,3.626046723844E-04,
    4.078952788969E-04,4.531858854095E-04,4.98476491922E-04,
    5.437670984346E-04,5.890577049471E-04,6.343483114596E-04,
    6.796389179722E-04,7.249295244847E-04,7.702201309973E-04,
    8.155107375098E-04,8.608013440223E-04,9.060919505349E-04,
    9.513825570474E-04,9.9667316356E-04),.UNSPECIFIED.);
#2007 = CARTESIAN_POINT('',(3.028740654305,1.002));
#2008 = CARTESIAN_POINT('',(3.050463679466,1.012790508893));
#2009 = CARTESIAN_POINT('',(3.094016318672,1.034328924022));
#2010 = CARTESIAN_POINT('',(3.159666044231,1.066426629463));
#2011 = CARTESIAN_POINT('',(3.225618530047,1.09823230837));
#2012 = CARTESIAN_POINT('',(3.291922292689,1.12966385146));
#2013 = CARTESIAN_POINT('',(3.358672926336,1.160639149451));
#2014 = CARTESIAN_POINT('',(3.426020354862,1.191076093059));
#2015 = CARTESIAN_POINT('',(3.494167661661,1.220892573003));
#2016 = CARTESIAN_POINT('',(3.563371015736,1.25000648));
#2017 = CARTESIAN_POINT('',(3.633937861193,1.278335704767));
#2018 = CARTESIAN_POINT('',(3.706224190407,1.305798138022));
#2019 = CARTESIAN_POINT('',(3.780627783126,1.332311670482));
#2020 = CARTESIAN_POINT('',(3.857584122676,1.357794192865));
#2021 = CARTESIAN_POINT('',(3.936809360643,1.382003442086));
#2022 = CARTESIAN_POINT('',(4.017987573448,1.404697155063));
#2023 = CARTESIAN_POINT('',(4.100801646163,1.425633068711));
#2024 = CARTESIAN_POINT('',(4.184960074451,1.444568919946));
#2025 = CARTESIAN_POINT('',(4.27022698601,1.461262445685));
#2026 = CARTESIAN_POINT('',(4.356450609453,1.475471382844));
#2027 = CARTESIAN_POINT('',(4.443586473113,1.486953468338));
#2028 = CARTESIAN_POINT('',(4.531722082376,1.495466439085));
#2029 = CARTESIAN_POINT('',(4.621071561761,1.500768032));
#2030 = CARTESIAN_POINT('',(4.681727937519,1.502));
#2031 = CARTESIAN_POINT('',(4.712388980385,1.502));
#2032 = ( GEOMETRIC_REPRESENTATION_CONTEXT(2) 
PARAMETRIC_REPRESENTATION_CONTEXT() REPRESENTATION_CONTEXT('2D SPACE',''
  ) );
#2033 = PCURVE('',#1958,#2034);
#2034 = DEFINITIONAL_REPRESENTATION('',(#2035),#2061);
#2035 = B_SPLINE_CURVE_WITH_KNOTS('',3,(#2036,#2037,#2038,#2039,#2040,
    #2041,#2042,#2043,#2044,#2045,#2046,#2047,#2048,#2049,#2050,#2051,
    #2052,#2053,#2054,#2055,#2056,#2057,#2058,#2059,#2060),
  .UNSPECIFIED.,.F.,.F.,(4,1,1,1,1,1,1,1,1,1,1,1,1,1,1,1,1,1,1,1,1,1,4),
  (2.7982028406E-07,4.55704267966E-05,9.086103330914E-05,
    1.361516398217E-04,1.814422463342E-04,2.267328528468E-04,
    2.720234593593E-04,3.173140658718E-04,3.626046723844E-04,
    4.078952788969E-04,4.531858854095E-04,4.98476491922E-04,
    5.437670984346E-04,5.890577049471E-04,6.343483114596E-04,
    6.796389179722E-04,7.249295244847E-04,7.702201309973E-04,
    8.155107375098E-04,8.608013440223E-04,9.060919505349E-04,
    9.513825570474E-04,9.9667316356E-04),.UNSPECIFIED.);
#2036 = CARTESIAN_POINT('',(4.486684981814,-2.998132752231E-15));
#2037 = CARTESIAN_POINT('',(4.487235914367,1.079072739344E-02));
#2038 = CARTESIAN_POINT('',(4.488604022231,3.23459890816E-02));
#2039 = CARTESIAN_POINT('',(4.491458332957,6.450037573822E-02));
#2040 = CARTESIAN_POINT('',(4.495117825465,9.637525726425E-02));
#2041 = CARTESIAN_POINT('',(4.499586889909,0.127873388769));
#2042 = CARTESIAN_POINT('',(4.504871213743,0.158900242588));
#2043 = CARTESIAN_POINT('',(4.510978154039,0.189364564272));
#2044 = CARTESIAN_POINT('',(4.517916949632,0.219178527247));
#2045 = CARTESIAN_POINT('',(4.525698931489,0.248258030357));
#2046 = CARTESIAN_POINT('',(4.534337712648,0.276522979513));
#2047 = CARTESIAN_POINT('',(4.543849291855,0.303897667907));
#2048 = CARTESIAN_POINT('',(4.554252365592,0.330310979565));
#2049 = CARTESIAN_POINT('',(4.565567741899,0.355697426652));
#2050 = CARTESIAN_POINT('',(4.577696136255,0.379825149302));
#2051 = CARTESIAN_POINT('',(4.590549568992,0.402459629305));
#2052 = CARTESIAN_POINT('',(4.604050504663,0.423363695613));
#2053 = CARTESIAN_POINT('',(4.618131852162,0.442296989617));
#2054 = CARTESIAN_POINT('',(4.632736723617,0.459015785591));
#2055 = CARTESIAN_POINT('',(4.647818315142,0.473272889159));
#2056 = CARTESIAN_POINT('',(4.663339699119,0.484817696645));
#2057 = CARTESIAN_POINT('',(4.679274141191,0.493396248341));
#2058 = CARTESIAN_POINT('',(4.695603837736,0.498751767334));
#2059 = CARTESIAN_POINT('',(4.706751297358,0.499999796843));
#2060 = CARTESIAN_POINT('',(4.712388980385,0.5));
#2061 = ( GEOMETRIC_REPRESENTATION_CONTEXT(2) 
PARAMETRIC_REPRESENTATION_CONTEXT() REPRESENTATION_CONTEXT('2D SPACE',''
  ) );
#2062 = ORIENTED_EDGE('',*,*,#1918,.F.);
#2063 = ORIENTED_EDGE('',*,*,#1536,.T.);
#2064 = ORIENTED_EDGE('',*,*,#1970,.T.);
#2065 = ORIENTED_EDGE('',*,*,#2066,.F.);
#2066 = EDGE_CURVE('',#1995,#1942,#2067,.T.);
#2067 = SURFACE_CURVE('',#2068,(#2074,#2103),.PCURVE_S1.);
#2068 = B_SPLINE_CURVE_WITH_KNOTS('',3,(#2069,#2070,#2071,#2072,#2073),
  .UNSPECIFIED.,.F.,.F.,(4,1,4),(9.9667316356E-04,1.493701570219E-03,
    1.990729976878E-03),.QUASI_UNIFORM_KNOTS.);
#2069 = CARTESIAN_POINT('',(4.,-6.72,5.2E-16));
#2070 = CARTESIAN_POINT('',(3.831690121482,-6.72,5.2E-16));
#2071 = CARTESIAN_POINT('',(3.536726399503,-6.535454212254,
    0.149157867758));
#2072 = CARTESIAN_POINT('',(3.489744715474,-6.282244666596,
    0.381449027098));
#2073 = CARTESIAN_POINT('',(3.503180515811,-6.163693693694,0.5));
#2074 = PCURVE('',#1551,#2075);
#2075 = DEFINITIONAL_REPRESENTATION('',(#2076),#2102);
#2076 = B_SPLINE_CURVE_WITH_KNOTS('',3,(#2077,#2078,#2079,#2080,#2081,
    #2082,#2083,#2084,#2085,#2086,#2087,#2088,#2089,#2090,#2091,#2092,
    #2093,#2094,#2095,#2096,#2097,#2098,#2099,#2100,#2101),
  .UNSPECIFIED.,.F.,.F.,(4,1,1,1,1,1,1,1,1,1,1,1,1,1,1,1,1,1,1,1,1,1,4),
  (9.9667316356E-04,1.041857564165E-03,1.087041964771E-03,
    1.132226365376E-03,1.177410765981E-03,1.222595166587E-03,
    1.267779567192E-03,1.312963967798E-03,1.358148368403E-03,
    1.403332769008E-03,1.448517169614E-03,1.493701570219E-03,
    1.538885970824E-03,1.58407037143E-03,1.629254772035E-03,
    1.674439172641E-03,1.719623573246E-03,1.764807973851E-03,
    1.809992374457E-03,1.855176775062E-03,1.900361175667E-03,
    1.945545576273E-03,1.990729976878E-03),.UNSPECIFIED.);
#2077 = CARTESIAN_POINT('',(4.712388980385,1.502));
#2078 = CARTESIAN_POINT('',(4.74297784912,1.502));
#2079 = CARTESIAN_POINT('',(4.80351614289,1.500767290349));
#2080 = CARTESIAN_POINT('',(4.892759280828,1.495462601553));
#2081 = CARTESIAN_POINT('',(4.980852269197,1.486944793069));
#2082 = CARTESIAN_POINT('',(5.067998824465,1.475456369529));
#2083 = CARTESIAN_POINT('',(5.154274748723,1.461239835568));
#2084 = CARTESIAN_POINT('',(5.239622886374,1.444537695816));
#2085 = CARTESIAN_POINT('',(5.323878654962,1.425592454907));
#2086 = CARTESIAN_POINT('',(5.406794036754,1.404646617472));
#2087 = CARTESIAN_POINT('',(5.488066854742,1.381942688146));
#2088 = CARTESIAN_POINT('',(5.567371502928,1.357723171559));
#2089 = CARTESIAN_POINT('',(5.644386135477,1.332230572346));
#2090 = CARTESIAN_POINT('',(5.71882406009,1.305707395137));
#2091 = CARTESIAN_POINT('',(5.791126472569,1.278236485597));
#2092 = CARTESIAN_POINT('',(5.861695566936,1.249900689389));
#2093 = CARTESIAN_POINT('',(5.930890742699,1.220782852176));
#2094 = CARTESIAN_POINT('',(5.999021775598,1.190965819622));
#2095 = CARTESIAN_POINT('',(6.066346145217,1.16053243739));
#2096 = CARTESIAN_POINT('',(6.133067252384,1.129565551144));
#2097 = CARTESIAN_POINT('',(6.199334391816,1.098148006547));
#2098 = CARTESIAN_POINT('',(6.265241606039,1.066362649262));
#2099 = CARTESIAN_POINT('',(6.330835085045,1.034292324953));
#2100 = CARTESIAN_POINT('',(6.37434068988,1.012777361173));
#2101 = CARTESIAN_POINT('',(6.396037306465,1.002));
#2102 = ( GEOMETRIC_REPRESENTATION_CONTEXT(2) 
PARAMETRIC_REPRESENTATION_CONTEXT() REPRESENTATION_CONTEXT('2D SPACE',''
  ) );
#2103 = PCURVE('',#1958,#2104);
#2104 = DEFINITIONAL_REPRESENTATION('',(#2105),#2131);
#2105 = B_SPLINE_CURVE_WITH_KNOTS('',3,(#2106,#2107,#2108,#2109,#2110,
    #2111,#2112,#2113,#2114,#2115,#2116,#2117,#2118,#2119,#2120,#2121,
    #2122,#2123,#2124,#2125,#2126,#2127,#2128,#2129,#2130),
  .UNSPECIFIED.,.F.,.F.,(4,1,1,1,1,1,1,1,1,1,1,1,1,1,1,1,1,1,1,1,1,1,4),
  (9.9667316356E-04,1.041857564165E-03,1.087041964771E-03,
    1.132226365376E-03,1.177410765981E-03,1.222595166587E-03,
    1.267779567192E-03,1.312963967798E-03,1.358148368403E-03,
    1.403332769008E-03,1.448517169614E-03,1.493701570219E-03,
    1.538885970824E-03,1.58407037143E-03,1.629254772035E-03,
    1.674439172641E-03,1.719623573246E-03,1.764807973851E-03,
    1.809992374457E-03,1.855176775062E-03,1.900361175667E-03,
    1.945545576273E-03,1.990729976878E-03),.UNSPECIFIED.);
#2106 = CARTESIAN_POINT('',(-1.570796326795,0.5));
#2107 = CARTESIAN_POINT('',(-1.565171861023,0.499999781089));
#2108 = CARTESIAN_POINT('',(-1.554046203412,0.498750331273));
#2109 = CARTESIAN_POINT('',(-1.537737005698,0.493389529246));
#2110 = CARTESIAN_POINT('',(-1.521812569558,0.484803628021));
#2111 = CARTESIAN_POINT('',(-1.506292346989,0.473250237692));
#2112 = CARTESIAN_POINT('',(-1.49120470844,0.458983994428));
#2113 = CARTESIAN_POINT('',(-1.476588216969,0.44225600418));
#2114 = CARTESIAN_POINT('',(-1.462491330134,0.42331380265));
#2115 = CARTESIAN_POINT('',(-1.448972622042,0.402401302116));
#2116 = CARTESIAN_POINT('',(-1.43610091577,0.379758903499));
#2117 = CARTESIAN_POINT('',(-1.423955536846,0.355623687416));
#2118 = CARTESIAN_POINT('',(-1.412626321916,0.330229968147));
#2119 = CARTESIAN_POINT('',(-1.402214497181,0.303809296077));
#2120 = CARTESIAN_POINT('',(-1.392698609035,0.276427777423));
#2121 = CARTESIAN_POINT('',(-1.384059305792,0.248157228637));
#2122 = CARTESIAN_POINT('',(-1.376279925708,0.219074115128));
#2123 = CARTESIAN_POINT('',(-1.369346176958,0.189259341919));
#2124 = CARTESIAN_POINT('',(-1.363246027846,0.158797863555));
#2125 = CARTESIAN_POINT('',(-1.357969509281,0.127778394295));
#2126 = CARTESIAN_POINT('',(-1.353508497303,9.629310246438E-02));
#2127 = CARTESIAN_POINT('',(-1.349856490417,6.443744792882E-02));
#2128 = CARTESIAN_POINT('',(-1.347008237566,3.23096187993E-02));
#2129 = CARTESIAN_POINT('',(-1.34564258381,1.077757943736E-02));
#2130 = CARTESIAN_POINT('',(-1.345092328224,-2.998132752231E-15));
#2131 = ( GEOMETRIC_REPRESENTATION_CONTEXT(2) 
PARAMETRIC_REPRESENTATION_CONTEXT() REPRESENTATION_CONTEXT('2D SPACE',''
  ) );
#2132 = ADVANCED_FACE('',(#2133),#1590,.T.);
#2133 = FACE_BOUND('',#2134,.T.);
#2134 = EDGE_LOOP('',(#2135,#2136,#2159,#2188));
#2135 = ORIENTED_EDGE('',*,*,#1566,.T.);
#2136 = ORIENTED_EDGE('',*,*,#2137,.T.);
#2137 = EDGE_CURVE('',#1569,#2138,#2140,.T.);
#2138 = VERTEX_POINT('',#2139);
#2139 = CARTESIAN_POINT('',(-3.503180515811,1.836306306306,0.5));
#2140 = SURFACE_CURVE('',#2141,(#2145,#2152),.PCURVE_S1.);
#2141 = LINE('',#2142,#2143);
#2142 = CARTESIAN_POINT('',(-3.503180515811,1.836306306306,1.502));
#2143 = VECTOR('',#2144,1.);
#2144 = DIRECTION('',(0.,0.,-1.));
#2145 = PCURVE('',#1590,#2146);
#2146 = DEFINITIONAL_REPRESENTATION('',(#2147),#2151);
#2147 = LINE('',#2148,#2149);
#2148 = CARTESIAN_POINT('',(4.486684981814,-2.E-03));
#2149 = VECTOR('',#2150,1.);
#2150 = DIRECTION('',(0.,1.));
#2151 = ( GEOMETRIC_REPRESENTATION_CONTEXT(2) 
PARAMETRIC_REPRESENTATION_CONTEXT() REPRESENTATION_CONTEXT('2D SPACE',''
  ) );
#2152 = PCURVE('',#1617,#2153);
#2153 = DEFINITIONAL_REPRESENTATION('',(#2154),#2158);
#2154 = LINE('',#2155,#2156);
#2155 = CARTESIAN_POINT('',(3.028740654305,0.));
#2156 = VECTOR('',#2157,1.);
#2157 = DIRECTION('',(0.,1.));
#2158 = ( GEOMETRIC_REPRESENTATION_CONTEXT(2) 
PARAMETRIC_REPRESENTATION_CONTEXT() REPRESENTATION_CONTEXT('2D SPACE',''
  ) );
#2159 = ORIENTED_EDGE('',*,*,#2160,.F.);
#2160 = EDGE_CURVE('',#2161,#2138,#2163,.T.);
#2161 = VERTEX_POINT('',#2162);
#2162 = CARTESIAN_POINT('',(-4.496819484189,1.836306306306,0.5));
#2163 = SURFACE_CURVE('',#2164,(#2169,#2176),.PCURVE_S1.);
#2164 = CIRCLE('',#2165,2.22);
#2165 = AXIS2_PLACEMENT_3D('',#2166,#2167,#2168);
#2166 = CARTESIAN_POINT('',(-4.,4.,0.5));
#2167 = DIRECTION('',(0.,0.,-1.));
#2168 = DIRECTION('',(-1.,0.,0.));
#2169 = PCURVE('',#1590,#2170);
#2170 = DEFINITIONAL_REPRESENTATION('',(#2171),#2175);
#2171 = LINE('',#2172,#2173);
#2172 = CARTESIAN_POINT('',(-6.28318530718,1.));
#2173 = VECTOR('',#2174,1.);
#2174 = DIRECTION('',(1.,0.));
#2175 = ( GEOMETRIC_REPRESENTATION_CONTEXT(2) 
PARAMETRIC_REPRESENTATION_CONTEXT() REPRESENTATION_CONTEXT('2D SPACE',''
  ) );
#2176 = PCURVE('',#2177,#2182);
#2177 = CONICAL_SURFACE('',#2178,2.22,0.785398163397);
#2178 = AXIS2_PLACEMENT_3D('',#2179,#2180,#2181);
#2179 = CARTESIAN_POINT('',(-4.,4.,0.5));
#2180 = DIRECTION('',(0.,0.,-1.));
#2181 = DIRECTION('',(-1.,0.,0.));
#2182 = DEFINITIONAL_REPRESENTATION('',(#2183),#2187);
#2183 = LINE('',#2184,#2185);
#2184 = CARTESIAN_POINT('',(-6.28318530718,4.101219330882E-16));
#2185 = VECTOR('',#2186,1.);
#2186 = DIRECTION('',(1.,-3.535533905933E-17));
#2187 = ( GEOMETRIC_REPRESENTATION_CONTEXT(2) 
PARAMETRIC_REPRESENTATION_CONTEXT() REPRESENTATION_CONTEXT('2D SPACE',''
  ) );
#2188 = ORIENTED_EDGE('',*,*,#2189,.F.);
#2189 = EDGE_CURVE('',#1567,#2161,#2190,.T.);
#2190 = SURFACE_CURVE('',#2191,(#2195,#2202),.PCURVE_S1.);
#2191 = LINE('',#2192,#2193);
#2192 = CARTESIAN_POINT('',(-4.496819484189,1.836306306306,1.502));
#2193 = VECTOR('',#2194,1.);
#2194 = DIRECTION('',(0.,0.,-1.));
#2195 = PCURVE('',#1590,#2196);
#2196 = DEFINITIONAL_REPRESENTATION('',(#2197),#2201);
#2197 = LINE('',#2198,#2199);
#2198 = CARTESIAN_POINT('',(-1.345092328224,-2.E-03));
#2199 = VECTOR('',#2200,1.);
#2200 = DIRECTION('',(0.,1.));
#2201 = ( GEOMETRIC_REPRESENTATION_CONTEXT(2) 
PARAMETRIC_REPRESENTATION_CONTEXT() REPRESENTATION_CONTEXT('2D SPACE',''
  ) );
#2202 = PCURVE('',#1617,#2203);
#2203 = DEFINITIONAL_REPRESENTATION('',(#2204),#2208);
#2204 = LINE('',#2205,#2206);
#2205 = CARTESIAN_POINT('',(6.396037306465,0.));
#2206 = VECTOR('',#2207,1.);
#2207 = DIRECTION('',(0.,1.));
#2208 = ( GEOMETRIC_REPRESENTATION_CONTEXT(2) 
PARAMETRIC_REPRESENTATION_CONTEXT() REPRESENTATION_CONTEXT('2D SPACE',''
  ) );
#2209 = ADVANCED_FACE('',(#2210),#1617,.T.);
#2210 = FACE_BOUND('',#2211,.T.);
#2211 = EDGE_LOOP('',(#2212,#2281,#2282,#2283,#2284));
#2212 = ORIENTED_EDGE('',*,*,#2213,.F.);
#2213 = EDGE_CURVE('',#2138,#2214,#2216,.T.);
#2214 = VERTEX_POINT('',#2215);
#2215 = CARTESIAN_POINT('',(-4.,1.28,0.));
#2216 = SURFACE_CURVE('',#2217,(#2223,#2252),.PCURVE_S1.);
#2217 = B_SPLINE_CURVE_WITH_KNOTS('',3,(#2218,#2219,#2220,#2221,#2222),
  .UNSPECIFIED.,.F.,.F.,(4,1,4),(2.7982028406E-07,4.98476491922E-04,
    9.9667316356E-04),.QUASI_UNIFORM_KNOTS.);
#2218 = CARTESIAN_POINT('',(-3.503180515811,1.836306306306,0.5));
#2219 = CARTESIAN_POINT('',(-3.489728324621,1.717610708487,
    0.381304402181));
#2220 = CARTESIAN_POINT('',(-3.537070807125,1.464431951859,
    0.149068127971));
#2221 = CARTESIAN_POINT('',(-3.831294509211,1.28,2.1E-16));
#2222 = CARTESIAN_POINT('',(-4.,1.28,2.1E-16));
#2223 = PCURVE('',#1617,#2224);
#2224 = DEFINITIONAL_REPRESENTATION('',(#2225),#2251);
#2225 = B_SPLINE_CURVE_WITH_KNOTS('',3,(#2226,#2227,#2228,#2229,#2230,
    #2231,#2232,#2233,#2234,#2235,#2236,#2237,#2238,#2239,#2240,#2241,
    #2242,#2243,#2244,#2245,#2246,#2247,#2248,#2249,#2250),
  .UNSPECIFIED.,.F.,.F.,(4,1,1,1,1,1,1,1,1,1,1,1,1,1,1,1,1,1,1,1,1,1,4),
  (2.7982028406E-07,4.55704267966E-05,9.086103330914E-05,
    1.361516398217E-04,1.814422463342E-04,2.267328528468E-04,
    2.720234593593E-04,3.173140658718E-04,3.626046723844E-04,
    4.078952788969E-04,4.531858854095E-04,4.98476491922E-04,
    5.437670984346E-04,5.890577049471E-04,6.343483114596E-04,
    6.796389179722E-04,7.249295244847E-04,7.702201309973E-04,
    8.155107375098E-04,8.608013440223E-04,9.060919505349E-04,
    9.513825570474E-04,9.9667316356E-04),.UNSPECIFIED.);
#2226 = CARTESIAN_POINT('',(3.028740654305,1.002));
#2227 = CARTESIAN_POINT('',(3.050463679466,1.012790508893));
#2228 = CARTESIAN_POINT('',(3.094016318672,1.034328924022));
#2229 = CARTESIAN_POINT('',(3.159666044231,1.066426629463));
#2230 = CARTESIAN_POINT('',(3.225618530047,1.09823230837));
#2231 = CARTESIAN_POINT('',(3.291922292689,1.12966385146));
#2232 = CARTESIAN_POINT('',(3.358672926336,1.160639149451));
#2233 = CARTESIAN_POINT('',(3.426020354862,1.191076093059));
#2234 = CARTESIAN_POINT('',(3.494167661661,1.220892573003));
#2235 = CARTESIAN_POINT('',(3.563371015736,1.25000648));
#2236 = CARTESIAN_POINT('',(3.633937861193,1.278335704767));
#2237 = CARTESIAN_POINT('',(3.706224190407,1.305798138022));
#2238 = CARTESIAN_POINT('',(3.780627783126,1.332311670482));
#2239 = CARTESIAN_POINT('',(3.857584122676,1.357794192865));
#2240 = CARTESIAN_POINT('',(3.936809360643,1.382003442086));
#2241 = CARTESIAN_POINT('',(4.017987573448,1.404697155063));
#2242 = CARTESIAN_POINT('',(4.100801646163,1.425633068711));
#2243 = CARTESIAN_POINT('',(4.184960074451,1.444568919946));
#2244 = CARTESIAN_POINT('',(4.27022698601,1.461262445685));
#2245 = CARTESIAN_POINT('',(4.356450609453,1.475471382844));
#2246 = CARTESIAN_POINT('',(4.443586473113,1.486953468338));
#2247 = CARTESIAN_POINT('',(4.531722082376,1.495466439085));
#2248 = CARTESIAN_POINT('',(4.621071561761,1.500768032));
#2249 = CARTESIAN_POINT('',(4.681727937519,1.502));
#2250 = CARTESIAN_POINT('',(4.712388980385,1.502));
#2251 = ( GEOMETRIC_REPRESENTATION_CONTEXT(2) 
PARAMETRIC_REPRESENTATION_CONTEXT() REPRESENTATION_CONTEXT('2D SPACE',''
  ) );
#2252 = PCURVE('',#2177,#2253);
#2253 = DEFINITIONAL_REPRESENTATION('',(#2254),#2280);
#2254 = B_SPLINE_CURVE_WITH_KNOTS('',3,(#2255,#2256,#2257,#2258,#2259,
    #2260,#2261,#2262,#2263,#2264,#2265,#2266,#2267,#2268,#2269,#2270,
    #2271,#2272,#2273,#2274,#2275,#2276,#2277,#2278,#2279),
  .UNSPECIFIED.,.F.,.F.,(4,1,1,1,1,1,1,1,1,1,1,1,1,1,1,1,1,1,1,1,1,1,4),
  (2.7982028406E-07,4.55704267966E-05,9.086103330914E-05,
    1.361516398217E-04,1.814422463342E-04,2.267328528468E-04,
    2.720234593593E-04,3.173140658718E-04,3.626046723844E-04,
    4.078952788969E-04,4.531858854095E-04,4.98476491922E-04,
    5.437670984346E-04,5.890577049471E-04,6.343483114596E-04,
    6.796389179722E-04,7.249295244847E-04,7.702201309973E-04,
    8.155107375098E-04,8.608013440223E-04,9.060919505349E-04,
    9.513825570474E-04,9.9667316356E-04),.UNSPECIFIED.);
#2255 = CARTESIAN_POINT('',(4.486684981814,-1.55563491861E-15));
#2256 = CARTESIAN_POINT('',(4.487235914367,1.079072739344E-02));
#2257 = CARTESIAN_POINT('',(4.488604022231,3.23459890816E-02));
#2258 = CARTESIAN_POINT('',(4.491458332957,6.450037573822E-02));
#2259 = CARTESIAN_POINT('',(4.495117825465,9.637525726425E-02));
#2260 = CARTESIAN_POINT('',(4.499586889909,0.127873388769));
#2261 = CARTESIAN_POINT('',(4.504871213743,0.158900242588));
#2262 = CARTESIAN_POINT('',(4.510978154039,0.189364564272));
#2263 = CARTESIAN_POINT('',(4.517916949632,0.219178527247));
#2264 = CARTESIAN_POINT('',(4.525698931489,0.248258030357));
#2265 = CARTESIAN_POINT('',(4.534337712648,0.276522979513));
#2266 = CARTESIAN_POINT('',(4.543849291855,0.303897667907));
#2267 = CARTESIAN_POINT('',(4.554252365592,0.330310979565));
#2268 = CARTESIAN_POINT('',(4.565567741899,0.355697426652));
#2269 = CARTESIAN_POINT('',(4.577696136255,0.379825149302));
#2270 = CARTESIAN_POINT('',(4.590549568992,0.402459629305));
#2271 = CARTESIAN_POINT('',(4.604050504663,0.423363695613));
#2272 = CARTESIAN_POINT('',(4.618131852162,0.442296989617));
#2273 = CARTESIAN_POINT('',(4.632736723617,0.459015785591));
#2274 = CARTESIAN_POINT('',(4.647818315142,0.473272889159));
#2275 = CARTESIAN_POINT('',(4.663339699119,0.484817696645));
#2276 = CARTESIAN_POINT('',(4.679274141191,0.493396248341));
#2277 = CARTESIAN_POINT('',(4.695603837736,0.498751767334));
#2278 = CARTESIAN_POINT('',(4.706751297358,0.499999796843));
#2279 = CARTESIAN_POINT('',(4.712388980385,0.5));
#2280 = ( GEOMETRIC_REPRESENTATION_CONTEXT(2) 
PARAMETRIC_REPRESENTATION_CONTEXT() REPRESENTATION_CONTEXT('2D SPACE',''
  ) );
#2281 = ORIENTED_EDGE('',*,*,#2137,.F.);
#2282 = ORIENTED_EDGE('',*,*,#1602,.T.);
#2283 = ORIENTED_EDGE('',*,*,#2189,.T.);
#2284 = ORIENTED_EDGE('',*,*,#2285,.F.);
#2285 = EDGE_CURVE('',#2214,#2161,#2286,.T.);
#2286 = SURFACE_CURVE('',#2287,(#2293,#2322),.PCURVE_S1.);
#2287 = B_SPLINE_CURVE_WITH_KNOTS('',3,(#2288,#2289,#2290,#2291,#2292),
  .UNSPECIFIED.,.F.,.F.,(4,1,4),(9.9667316356E-04,1.493701570219E-03,
    1.990729976878E-03),.UNSPECIFIED.);
#2288 = CARTESIAN_POINT('',(-4.,1.28,2.1E-16));
#2289 = CARTESIAN_POINT('',(-4.168309878518,1.28,2.1E-16));
#2290 = CARTESIAN_POINT('',(-4.463273600497,1.464545787746,
    0.149157867758));
#2291 = CARTESIAN_POINT('',(-4.510255284526,1.717755333404,
    0.381449027098));
#2292 = CARTESIAN_POINT('',(-4.496819484189,1.836306306306,0.5));
#2293 = PCURVE('',#1617,#2294);
#2294 = DEFINITIONAL_REPRESENTATION('',(#2295),#2321);
#2295 = B_SPLINE_CURVE_WITH_KNOTS('',3,(#2296,#2297,#2298,#2299,#2300,
    #2301,#2302,#2303,#2304,#2305,#2306,#2307,#2308,#2309,#2310,#2311,
    #2312,#2313,#2314,#2315,#2316,#2317,#2318,#2319,#2320),
  .UNSPECIFIED.,.F.,.F.,(4,1,1,1,1,1,1,1,1,1,1,1,1,1,1,1,1,1,1,1,1,1,4),
  (9.9667316356E-04,1.041857564165E-03,1.087041964771E-03,
    1.132226365376E-03,1.177410765981E-03,1.222595166587E-03,
    1.267779567192E-03,1.312963967798E-03,1.358148368403E-03,
    1.403332769008E-03,1.448517169614E-03,1.493701570219E-03,
    1.538885970824E-03,1.58407037143E-03,1.629254772035E-03,
    1.674439172641E-03,1.719623573246E-03,1.764807973851E-03,
    1.809992374457E-03,1.855176775062E-03,1.900361175667E-03,
    1.945545576273E-03,1.990729976878E-03),.UNSPECIFIED.);
#2296 = CARTESIAN_POINT('',(4.712388980385,1.502));
#2297 = CARTESIAN_POINT('',(4.74297784912,1.502));
#2298 = CARTESIAN_POINT('',(4.80351614289,1.500767290349));
#2299 = CARTESIAN_POINT('',(4.892759280828,1.495462601553));
#2300 = CARTESIAN_POINT('',(4.980852269197,1.486944793069));
#2301 = CARTESIAN_POINT('',(5.067998824465,1.475456369529));
#2302 = CARTESIAN_POINT('',(5.154274748723,1.461239835568));
#2303 = CARTESIAN_POINT('',(5.239622886374,1.444537695816));
#2304 = CARTESIAN_POINT('',(5.323878654962,1.425592454907));
#2305 = CARTESIAN_POINT('',(5.406794036754,1.404646617472));
#2306 = CARTESIAN_POINT('',(5.488066854742,1.381942688146));
#2307 = CARTESIAN_POINT('',(5.567371502928,1.357723171559));
#2308 = CARTESIAN_POINT('',(5.644386135477,1.332230572346));
#2309 = CARTESIAN_POINT('',(5.71882406009,1.305707395137));
#2310 = CARTESIAN_POINT('',(5.791126472569,1.278236485597));
#2311 = CARTESIAN_POINT('',(5.861695566936,1.249900689389));
#2312 = CARTESIAN_POINT('',(5.930890742699,1.220782852176));
#2313 = CARTESIAN_POINT('',(5.999021775598,1.190965819622));
#2314 = CARTESIAN_POINT('',(6.066346145217,1.16053243739));
#2315 = CARTESIAN_POINT('',(6.133067252384,1.129565551144));
#2316 = CARTESIAN_POINT('',(6.199334391816,1.098148006547));
#2317 = CARTESIAN_POINT('',(6.265241606039,1.066362649262));
#2318 = CARTESIAN_POINT('',(6.330835085045,1.034292324953));
#2319 = CARTESIAN_POINT('',(6.37434068988,1.012777361173));
#2320 = CARTESIAN_POINT('',(6.396037306465,1.002));
#2321 = ( GEOMETRIC_REPRESENTATION_CONTEXT(2) 
PARAMETRIC_REPRESENTATION_CONTEXT() REPRESENTATION_CONTEXT('2D SPACE',''
  ) );
#2322 = PCURVE('',#2177,#2323);
#2323 = DEFINITIONAL_REPRESENTATION('',(#2324),#2350);
#2324 = B_SPLINE_CURVE_WITH_KNOTS('',3,(#2325,#2326,#2327,#2328,#2329,
    #2330,#2331,#2332,#2333,#2334,#2335,#2336,#2337,#2338,#2339,#2340,
    #2341,#2342,#2343,#2344,#2345,#2346,#2347,#2348,#2349),
  .UNSPECIFIED.,.F.,.F.,(4,1,1,1,1,1,1,1,1,1,1,1,1,1,1,1,1,1,1,1,1,1,4),
  (9.9667316356E-04,1.041857564165E-03,1.087041964771E-03,
    1.132226365376E-03,1.177410765981E-03,1.222595166587E-03,
    1.267779567192E-03,1.312963967798E-03,1.358148368403E-03,
    1.403332769008E-03,1.448517169614E-03,1.493701570219E-03,
    1.538885970824E-03,1.58407037143E-03,1.629254772035E-03,
    1.674439172641E-03,1.719623573246E-03,1.764807973851E-03,
    1.809992374457E-03,1.855176775062E-03,1.900361175667E-03,
    1.945545576273E-03,1.990729976878E-03),.UNSPECIFIED.);
#2325 = CARTESIAN_POINT('',(-1.570796326795,0.5));
#2326 = CARTESIAN_POINT('',(-1.565171861023,0.499999781089));
#2327 = CARTESIAN_POINT('',(-1.554046203412,0.498750331273));
#2328 = CARTESIAN_POINT('',(-1.537737005698,0.493389529246));
#2329 = CARTESIAN_POINT('',(-1.521812569558,0.484803628021));
#2330 = CARTESIAN_POINT('',(-1.506292346989,0.473250237692));
#2331 = CARTESIAN_POINT('',(-1.49120470844,0.458983994428));
#2332 = CARTESIAN_POINT('',(-1.476588216969,0.44225600418));
#2333 = CARTESIAN_POINT('',(-1.462491330134,0.42331380265));
#2334 = CARTESIAN_POINT('',(-1.448972622042,0.402401302116));
#2335 = CARTESIAN_POINT('',(-1.43610091577,0.379758903499));
#2336 = CARTESIAN_POINT('',(-1.423955536846,0.355623687416));
#2337 = CARTESIAN_POINT('',(-1.412626321916,0.330229968147));
#2338 = CARTESIAN_POINT('',(-1.402214497181,0.303809296077));
#2339 = CARTESIAN_POINT('',(-1.392698609035,0.276427777423));
#2340 = CARTESIAN_POINT('',(-1.384059305792,0.248157228637));
#2341 = CARTESIAN_POINT('',(-1.376279925708,0.219074115128));
#2342 = CARTESIAN_POINT('',(-1.369346176958,0.189259341919));
#2343 = CARTESIAN_POINT('',(-1.363246027846,0.158797863555));
#2344 = CARTESIAN_POINT('',(-1.357969509281,0.127778394295));
#2345 = CARTESIAN_POINT('',(-1.353508497303,9.629310246438E-02));
#2346 = CARTESIAN_POINT('',(-1.349856490417,6.443744792883E-02));
#2347 = CARTESIAN_POINT('',(-1.347008237566,3.230961879931E-02));
#2348 = CARTESIAN_POINT('',(-1.34564258381,1.077757943736E-02));
#2349 = CARTESIAN_POINT('',(-1.345092328224,-1.081873375215E-15));
#2350 = ( GEOMETRIC_REPRESENTATION_CONTEXT(2) 
PARAMETRIC_REPRESENTATION_CONTEXT() REPRESENTATION_CONTEXT('2D SPACE',''
  ) );
#2351 = ADVANCED_FACE('',(#2352),#1656,.T.);
#2352 = FACE_BOUND('',#2353,.T.);
#2353 = EDGE_LOOP('',(#2354,#2355,#2378,#2407));
#2354 = ORIENTED_EDGE('',*,*,#1632,.T.);
#2355 = ORIENTED_EDGE('',*,*,#2356,.T.);
#2356 = EDGE_CURVE('',#1635,#2357,#2359,.T.);
#2357 = VERTEX_POINT('',#2358);
#2358 = CARTESIAN_POINT('',(4.496819484189,1.836306306306,0.5));
#2359 = SURFACE_CURVE('',#2360,(#2364,#2371),.PCURVE_S1.);
#2360 = LINE('',#2361,#2362);
#2361 = CARTESIAN_POINT('',(4.496819484189,1.836306306306,1.502));
#2362 = VECTOR('',#2363,1.);
#2363 = DIRECTION('',(0.,0.,-1.));
#2364 = PCURVE('',#1656,#2365);
#2365 = DEFINITIONAL_REPRESENTATION('',(#2366),#2370);
#2366 = LINE('',#2367,#2368);
#2367 = CARTESIAN_POINT('',(4.486684981814,-2.E-03));
#2368 = VECTOR('',#2369,1.);
#2369 = DIRECTION('',(0.,1.));
#2370 = ( GEOMETRIC_REPRESENTATION_CONTEXT(2) 
PARAMETRIC_REPRESENTATION_CONTEXT() REPRESENTATION_CONTEXT('2D SPACE',''
  ) );
#2371 = PCURVE('',#1683,#2372);
#2372 = DEFINITIONAL_REPRESENTATION('',(#2373),#2377);
#2373 = LINE('',#2374,#2375);
#2374 = CARTESIAN_POINT('',(3.028740654305,0.));
#2375 = VECTOR('',#2376,1.);
#2376 = DIRECTION('',(0.,1.));
#2377 = ( GEOMETRIC_REPRESENTATION_CONTEXT(2) 
PARAMETRIC_REPRESENTATION_CONTEXT() REPRESENTATION_CONTEXT('2D SPACE',''
  ) );
#2378 = ORIENTED_EDGE('',*,*,#2379,.F.);
#2379 = EDGE_CURVE('',#2380,#2357,#2382,.T.);
#2380 = VERTEX_POINT('',#2381);
#2381 = CARTESIAN_POINT('',(3.503180515811,1.836306306306,0.5));
#2382 = SURFACE_CURVE('',#2383,(#2388,#2395),.PCURVE_S1.);
#2383 = CIRCLE('',#2384,2.22);
#2384 = AXIS2_PLACEMENT_3D('',#2385,#2386,#2387);
#2385 = CARTESIAN_POINT('',(4.,4.,0.5));
#2386 = DIRECTION('',(0.,0.,-1.));
#2387 = DIRECTION('',(-1.,0.,0.));
#2388 = PCURVE('',#1656,#2389);
#2389 = DEFINITIONAL_REPRESENTATION('',(#2390),#2394);
#2390 = LINE('',#2391,#2392);
#2391 = CARTESIAN_POINT('',(-6.28318530718,1.));
#2392 = VECTOR('',#2393,1.);
#2393 = DIRECTION('',(1.,0.));
#2394 = ( GEOMETRIC_REPRESENTATION_CONTEXT(2) 
PARAMETRIC_REPRESENTATION_CONTEXT() REPRESENTATION_CONTEXT('2D SPACE',''
  ) );
#2395 = PCURVE('',#2396,#2401);
#2396 = CONICAL_SURFACE('',#2397,2.22,0.785398163397);
#2397 = AXIS2_PLACEMENT_3D('',#2398,#2399,#2400);
#2398 = CARTESIAN_POINT('',(4.,4.,0.5));
#2399 = DIRECTION('',(0.,0.,-1.));
#2400 = DIRECTION('',(-1.,0.,0.));
#2401 = DEFINITIONAL_REPRESENTATION('',(#2402),#2406);
#2402 = LINE('',#2403,#2404);
#2403 = CARTESIAN_POINT('',(-6.28318530718,4.101219330882E-16));
#2404 = VECTOR('',#2405,1.);
#2405 = DIRECTION('',(1.,-3.535533905933E-17));
#2406 = ( GEOMETRIC_REPRESENTATION_CONTEXT(2) 
PARAMETRIC_REPRESENTATION_CONTEXT() REPRESENTATION_CONTEXT('2D SPACE',''
  ) );
#2407 = ORIENTED_EDGE('',*,*,#2408,.F.);
#2408 = EDGE_CURVE('',#1633,#2380,#2409,.T.);
#2409 = SURFACE_CURVE('',#2410,(#2414,#2421),.PCURVE_S1.);
#2410 = LINE('',#2411,#2412);
#2411 = CARTESIAN_POINT('',(3.503180515811,1.836306306306,1.502));
#2412 = VECTOR('',#2413,1.);
#2413 = DIRECTION('',(0.,0.,-1.));
#2414 = PCURVE('',#1656,#2415);
#2415 = DEFINITIONAL_REPRESENTATION('',(#2416),#2420);
#2416 = LINE('',#2417,#2418);
#2417 = CARTESIAN_POINT('',(-1.345092328224,-2.E-03));
#2418 = VECTOR('',#2419,1.);
#2419 = DIRECTION('',(0.,1.));
#2420 = ( GEOMETRIC_REPRESENTATION_CONTEXT(2) 
PARAMETRIC_REPRESENTATION_CONTEXT() REPRESENTATION_CONTEXT('2D SPACE',''
  ) );
#2421 = PCURVE('',#1683,#2422);
#2422 = DEFINITIONAL_REPRESENTATION('',(#2423),#2427);
#2423 = LINE('',#2424,#2425);
#2424 = CARTESIAN_POINT('',(6.396037306465,0.));
#2425 = VECTOR('',#2426,1.);
#2426 = DIRECTION('',(0.,1.));
#2427 = ( GEOMETRIC_REPRESENTATION_CONTEXT(2) 
PARAMETRIC_REPRESENTATION_CONTEXT() REPRESENTATION_CONTEXT('2D SPACE',''
  ) );
#2428 = ADVANCED_FACE('',(#2429),#1683,.T.);
#2429 = FACE_BOUND('',#2430,.T.);
#2430 = EDGE_LOOP('',(#2431,#2500,#2501,#2502,#2503));
#2431 = ORIENTED_EDGE('',*,*,#2432,.F.);
#2432 = EDGE_CURVE('',#2357,#2433,#2435,.T.);
#2433 = VERTEX_POINT('',#2434);
#2434 = CARTESIAN_POINT('',(4.,1.28,0.));
#2435 = SURFACE_CURVE('',#2436,(#2442,#2471),.PCURVE_S1.);
#2436 = B_SPLINE_CURVE_WITH_KNOTS('',3,(#2437,#2438,#2439,#2440,#2441),
  .UNSPECIFIED.,.F.,.F.,(4,1,4),(2.7982028406E-07,4.98476491922E-04,
    9.9667316356E-04),.QUASI_UNIFORM_KNOTS.);
#2437 = CARTESIAN_POINT('',(4.496819484189,1.836306306306,0.5));
#2438 = CARTESIAN_POINT('',(4.510271675379,1.717610708487,0.381304402181
    ));
#2439 = CARTESIAN_POINT('',(4.462929192875,1.464431951859,0.149068127971
    ));
#2440 = CARTESIAN_POINT('',(4.168705490789,1.28,1.4E-16));
#2441 = CARTESIAN_POINT('',(4.,1.28,1.4E-16));
#2442 = PCURVE('',#1683,#2443);
#2443 = DEFINITIONAL_REPRESENTATION('',(#2444),#2470);
#2444 = B_SPLINE_CURVE_WITH_KNOTS('',3,(#2445,#2446,#2447,#2448,#2449,
    #2450,#2451,#2452,#2453,#2454,#2455,#2456,#2457,#2458,#2459,#2460,
    #2461,#2462,#2463,#2464,#2465,#2466,#2467,#2468,#2469),
  .UNSPECIFIED.,.F.,.F.,(4,1,1,1,1,1,1,1,1,1,1,1,1,1,1,1,1,1,1,1,1,1,4),
  (2.7982028406E-07,4.55704267966E-05,9.086103330914E-05,
    1.361516398217E-04,1.814422463342E-04,2.267328528468E-04,
    2.720234593593E-04,3.173140658718E-04,3.626046723844E-04,
    4.078952788969E-04,4.531858854095E-04,4.98476491922E-04,
    5.437670984346E-04,5.890577049471E-04,6.343483114596E-04,
    6.796389179722E-04,7.249295244847E-04,7.702201309973E-04,
    8.155107375098E-04,8.608013440223E-04,9.060919505349E-04,
    9.513825570474E-04,9.9667316356E-04),.UNSPECIFIED.);
#2445 = CARTESIAN_POINT('',(3.028740654305,1.002));
#2446 = CARTESIAN_POINT('',(3.050463679466,1.012790508893));
#2447 = CARTESIAN_POINT('',(3.094016318672,1.034328924022));
#2448 = CARTESIAN_POINT('',(3.159666044231,1.066426629463));
#2449 = CARTESIAN_POINT('',(3.225618530047,1.09823230837));
#2450 = CARTESIAN_POINT('',(3.291922292689,1.12966385146));
#2451 = CARTESIAN_POINT('',(3.358672926336,1.160639149451));
#2452 = CARTESIAN_POINT('',(3.426020354862,1.191076093059));
#2453 = CARTESIAN_POINT('',(3.494167661661,1.220892573003));
#2454 = CARTESIAN_POINT('',(3.563371015736,1.25000648));
#2455 = CARTESIAN_POINT('',(3.633937861193,1.278335704767));
#2456 = CARTESIAN_POINT('',(3.706224190407,1.305798138022));
#2457 = CARTESIAN_POINT('',(3.780627783126,1.332311670482));
#2458 = CARTESIAN_POINT('',(3.857584122676,1.357794192865));
#2459 = CARTESIAN_POINT('',(3.936809360643,1.382003442086));
#2460 = CARTESIAN_POINT('',(4.017987573448,1.404697155063));
#2461 = CARTESIAN_POINT('',(4.100801646163,1.425633068711));
#2462 = CARTESIAN_POINT('',(4.184960074451,1.444568919946));
#2463 = CARTESIAN_POINT('',(4.27022698601,1.461262445685));
#2464 = CARTESIAN_POINT('',(4.356450609453,1.475471382844));
#2465 = CARTESIAN_POINT('',(4.443586473113,1.486953468338));
#2466 = CARTESIAN_POINT('',(4.531722082376,1.495466439085));
#2467 = CARTESIAN_POINT('',(4.621071561761,1.500768032));
#2468 = CARTESIAN_POINT('',(4.681727937519,1.502));
#2469 = CARTESIAN_POINT('',(4.712388980385,1.502));
#2470 = ( GEOMETRIC_REPRESENTATION_CONTEXT(2) 
PARAMETRIC_REPRESENTATION_CONTEXT() REPRESENTATION_CONTEXT('2D SPACE',''
  ) );
#2471 = PCURVE('',#2396,#2472);
#2472 = DEFINITIONAL_REPRESENTATION('',(#2473),#2499);
#2473 = B_SPLINE_CURVE_WITH_KNOTS('',3,(#2474,#2475,#2476,#2477,#2478,
    #2479,#2480,#2481,#2482,#2483,#2484,#2485,#2486,#2487,#2488,#2489,
    #2490,#2491,#2492,#2493,#2494,#2495,#2496,#2497,#2498),
  .UNSPECIFIED.,.F.,.F.,(4,1,1,1,1,1,1,1,1,1,1,1,1,1,1,1,1,1,1,1,1,1,4),
  (2.7982028406E-07,4.55704267966E-05,9.086103330914E-05,
    1.361516398217E-04,1.814422463342E-04,2.267328528468E-04,
    2.720234593593E-04,3.173140658718E-04,3.626046723844E-04,
    4.078952788969E-04,4.531858854095E-04,4.98476491922E-04,
    5.437670984346E-04,5.890577049471E-04,6.343483114596E-04,
    6.796389179722E-04,7.249295244847E-04,7.702201309973E-04,
    8.155107375098E-04,8.608013440223E-04,9.060919505349E-04,
    9.513825570474E-04,9.9667316356E-04),.UNSPECIFIED.);
#2474 = CARTESIAN_POINT('',(4.486684981814,-1.081873375215E-15));
#2475 = CARTESIAN_POINT('',(4.487235914367,1.079072739344E-02));
#2476 = CARTESIAN_POINT('',(4.488604022231,3.23459890816E-02));
#2477 = CARTESIAN_POINT('',(4.491458332957,6.450037573822E-02));
#2478 = CARTESIAN_POINT('',(4.495117825465,9.637525726425E-02));
#2479 = CARTESIAN_POINT('',(4.499586889909,0.127873388769));
#2480 = CARTESIAN_POINT('',(4.504871213743,0.158900242588));
#2481 = CARTESIAN_POINT('',(4.510978154039,0.189364564272));
#2482 = CARTESIAN_POINT('',(4.517916949632,0.219178527247));
#2483 = CARTESIAN_POINT('',(4.525698931489,0.248258030357));
#2484 = CARTESIAN_POINT('',(4.534337712648,0.276522979513));
#2485 = CARTESIAN_POINT('',(4.543849291855,0.303897667907));
#2486 = CARTESIAN_POINT('',(4.554252365592,0.330310979565));
#2487 = CARTESIAN_POINT('',(4.565567741899,0.355697426652));
#2488 = CARTESIAN_POINT('',(4.577696136255,0.379825149302));
#2489 = CARTESIAN_POINT('',(4.590549568992,0.402459629305));
#2490 = CARTESIAN_POINT('',(4.604050504663,0.423363695613));
#2491 = CARTESIAN_POINT('',(4.618131852162,0.442296989617));
#2492 = CARTESIAN_POINT('',(4.632736723617,0.459015785591));
#2493 = CARTESIAN_POINT('',(4.647818315142,0.473272889159));
#2494 = CARTESIAN_POINT('',(4.663339699119,0.484817696645));
#2495 = CARTESIAN_POINT('',(4.679274141191,0.493396248341));
#2496 = CARTESIAN_POINT('',(4.695603837736,0.498751767334));
#2497 = CARTESIAN_POINT('',(4.706751297358,0.499999796843));
#2498 = CARTESIAN_POINT('',(4.712388980385,0.5));
#2499 = ( GEOMETRIC_REPRESENTATION_CONTEXT(2) 
PARAMETRIC_REPRESENTATION_CONTEXT() REPRESENTATION_CONTEXT('2D SPACE',''
  ) );
#2500 = ORIENTED_EDGE('',*,*,#2356,.F.);
#2501 = ORIENTED_EDGE('',*,*,#1668,.T.);
#2502 = ORIENTED_EDGE('',*,*,#2408,.T.);
#2503 = ORIENTED_EDGE('',*,*,#2504,.F.);
#2504 = EDGE_CURVE('',#2433,#2380,#2505,.T.);
#2505 = SURFACE_CURVE('',#2506,(#2512,#2541),.PCURVE_S1.);
#2506 = B_SPLINE_CURVE_WITH_KNOTS('',3,(#2507,#2508,#2509,#2510,#2511),
  .UNSPECIFIED.,.F.,.F.,(4,1,4),(9.9667316356E-04,1.493701570219E-03,
    1.990729976878E-03),.UNSPECIFIED.);
#2507 = CARTESIAN_POINT('',(4.,1.28,1.4E-16));
#2508 = CARTESIAN_POINT('',(3.831690121482,1.28,1.4E-16));
#2509 = CARTESIAN_POINT('',(3.536726399503,1.464545787746,0.149157867758
    ));
#2510 = CARTESIAN_POINT('',(3.489744715474,1.717755333404,0.381449027098
    ));
#2511 = CARTESIAN_POINT('',(3.503180515811,1.836306306306,0.5));
#2512 = PCURVE('',#1683,#2513);
#2513 = DEFINITIONAL_REPRESENTATION('',(#2514),#2540);
#2514 = B_SPLINE_CURVE_WITH_KNOTS('',3,(#2515,#2516,#2517,#2518,#2519,
    #2520,#2521,#2522,#2523,#2524,#2525,#2526,#2527,#2528,#2529,#2530,
    #2531,#2532,#2533,#2534,#2535,#2536,#2537,#2538,#2539),
  .UNSPECIFIED.,.F.,.F.,(4,1,1,1,1,1,1,1,1,1,1,1,1,1,1,1,1,1,1,1,1,1,4),
  (9.9667316356E-04,1.041857564165E-03,1.087041964771E-03,
    1.132226365376E-03,1.177410765981E-03,1.222595166587E-03,
    1.267779567192E-03,1.312963967798E-03,1.358148368403E-03,
    1.403332769008E-03,1.448517169614E-03,1.493701570219E-03,
    1.538885970824E-03,1.58407037143E-03,1.629254772035E-03,
    1.674439172641E-03,1.719623573246E-03,1.764807973851E-03,
    1.809992374457E-03,1.855176775062E-03,1.900361175667E-03,
    1.945545576273E-03,1.990729976878E-03),.UNSPECIFIED.);
#2515 = CARTESIAN_POINT('',(4.712388980385,1.502));
#2516 = CARTESIAN_POINT('',(4.74297784912,1.502));
#2517 = CARTESIAN_POINT('',(4.80351614289,1.500767290349));
#2518 = CARTESIAN_POINT('',(4.892759280828,1.495462601553));
#2519 = CARTESIAN_POINT('',(4.980852269197,1.486944793069));
#2520 = CARTESIAN_POINT('',(5.067998824465,1.475456369529));
#2521 = CARTESIAN_POINT('',(5.154274748723,1.461239835568));
#2522 = CARTESIAN_POINT('',(5.239622886374,1.444537695816));
#2523 = CARTESIAN_POINT('',(5.323878654962,1.425592454907));
#2524 = CARTESIAN_POINT('',(5.406794036754,1.404646617473));
#2525 = CARTESIAN_POINT('',(5.488066854742,1.381942688146));
#2526 = CARTESIAN_POINT('',(5.567371502928,1.357723171559));
#2527 = CARTESIAN_POINT('',(5.644386135477,1.332230572346));
#2528 = CARTESIAN_POINT('',(5.71882406009,1.305707395137));
#2529 = CARTESIAN_POINT('',(5.791126472569,1.278236485597));
#2530 = CARTESIAN_POINT('',(5.861695566936,1.249900689389));
#2531 = CARTESIAN_POINT('',(5.930890742699,1.220782852176));
#2532 = CARTESIAN_POINT('',(5.999021775598,1.190965819622));
#2533 = CARTESIAN_POINT('',(6.066346145217,1.16053243739));
#2534 = CARTESIAN_POINT('',(6.133067252384,1.129565551144));
#2535 = CARTESIAN_POINT('',(6.199334391816,1.098148006547));
#2536 = CARTESIAN_POINT('',(6.265241606039,1.066362649262));
#2537 = CARTESIAN_POINT('',(6.330835085045,1.034292324953));
#2538 = CARTESIAN_POINT('',(6.37434068988,1.012777361173));
#2539 = CARTESIAN_POINT('',(6.396037306465,1.002));
#2540 = ( GEOMETRIC_REPRESENTATION_CONTEXT(2) 
PARAMETRIC_REPRESENTATION_CONTEXT() REPRESENTATION_CONTEXT('2D SPACE',''
  ) );
#2541 = PCURVE('',#2396,#2542);
#2542 = DEFINITIONAL_REPRESENTATION('',(#2543),#2569);
#2543 = B_SPLINE_CURVE_WITH_KNOTS('',3,(#2544,#2545,#2546,#2547,#2548,
    #2549,#2550,#2551,#2552,#2553,#2554,#2555,#2556,#2557,#2558,#2559,
    #2560,#2561,#2562,#2563,#2564,#2565,#2566,#2567,#2568),
  .UNSPECIFIED.,.F.,.F.,(4,1,1,1,1,1,1,1,1,1,1,1,1,1,1,1,1,1,1,1,1,1,4),
  (9.9667316356E-04,1.041857564165E-03,1.087041964771E-03,
    1.132226365376E-03,1.177410765981E-03,1.222595166587E-03,
    1.267779567192E-03,1.312963967798E-03,1.358148368403E-03,
    1.403332769008E-03,1.448517169614E-03,1.493701570219E-03,
    1.538885970824E-03,1.58407037143E-03,1.629254772035E-03,
    1.674439172641E-03,1.719623573246E-03,1.764807973851E-03,
    1.809992374457E-03,1.855176775062E-03,1.900361175667E-03,
    1.945545576273E-03,1.990729976878E-03),.UNSPECIFIED.);
#2544 = CARTESIAN_POINT('',(-1.570796326795,0.5));
#2545 = CARTESIAN_POINT('',(-1.565171861023,0.499999781089));
#2546 = CARTESIAN_POINT('',(-1.554046203412,0.498750331273));
#2547 = CARTESIAN_POINT('',(-1.537737005698,0.493389529246));
#2548 = CARTESIAN_POINT('',(-1.521812569558,0.484803628021));
#2549 = CARTESIAN_POINT('',(-1.506292346989,0.473250237692));
#2550 = CARTESIAN_POINT('',(-1.49120470844,0.458983994428));
#2551 = CARTESIAN_POINT('',(-1.476588216969,0.44225600418));
#2552 = CARTESIAN_POINT('',(-1.462491330134,0.42331380265));
#2553 = CARTESIAN_POINT('',(-1.448972622042,0.402401302116));
#2554 = CARTESIAN_POINT('',(-1.43610091577,0.379758903499));
#2555 = CARTESIAN_POINT('',(-1.423955536846,0.355623687416));
#2556 = CARTESIAN_POINT('',(-1.412626321916,0.330229968147));
#2557 = CARTESIAN_POINT('',(-1.402214497181,0.303809296077));
#2558 = CARTESIAN_POINT('',(-1.392698609035,0.276427777423));
#2559 = CARTESIAN_POINT('',(-1.384059305792,0.248157228637));
#2560 = CARTESIAN_POINT('',(-1.376279925708,0.219074115128));
#2561 = CARTESIAN_POINT('',(-1.369346176958,0.189259341919));
#2562 = CARTESIAN_POINT('',(-1.363246027846,0.158797863555));
#2563 = CARTESIAN_POINT('',(-1.357969509281,0.127778394295));
#2564 = CARTESIAN_POINT('',(-1.353508497303,9.629310246438E-02));
#2565 = CARTESIAN_POINT('',(-1.349856490417,6.443744792883E-02));
#2566 = CARTESIAN_POINT('',(-1.347008237566,3.230961879931E-02));
#2567 = CARTESIAN_POINT('',(-1.34564258381,1.077757943736E-02));
#2568 = CARTESIAN_POINT('',(-1.345092328224,-1.081873375215E-15));
#2569 = ( GEOMETRIC_REPRESENTATION_CONTEXT(2) 
PARAMETRIC_REPRESENTATION_CONTEXT() REPRESENTATION_CONTEXT('2D SPACE',''
  ) );
#2570 = ADVANCED_FACE('',(#2571),#1739,.T.);
#2571 = FACE_BOUND('',#2572,.T.);
#2572 = EDGE_LOOP('',(#2573,#2574,#2596,#2597));
#2573 = ORIENTED_EDGE('',*,*,#1775,.T.);
#2574 = ORIENTED_EDGE('',*,*,#2575,.T.);
#2575 = EDGE_CURVE('',#1776,#1776,#2576,.T.);
#2576 = SURFACE_CURVE('',#2577,(#2582,#2589),.PCURVE_S1.);
#2577 = CIRCLE('',#2578,2.72);
#2578 = AXIS2_PLACEMENT_3D('',#2579,#2580,#2581);
#2579 = CARTESIAN_POINT('',(-4.,-4.,0.));
#2580 = DIRECTION('',(0.,0.,1.));
#2581 = DIRECTION('',(1.,0.,-0.));
#2582 = PCURVE('',#1739,#2583);
#2583 = DEFINITIONAL_REPRESENTATION('',(#2584),#2588);
#2584 = LINE('',#2585,#2586);
#2585 = CARTESIAN_POINT('',(9.424777960769,0.5));
#2586 = VECTOR('',#2587,1.);
#2587 = DIRECTION('',(-1.,0.));
#2588 = ( GEOMETRIC_REPRESENTATION_CONTEXT(2) 
PARAMETRIC_REPRESENTATION_CONTEXT() REPRESENTATION_CONTEXT('2D SPACE',''
  ) );
#2589 = PCURVE('',#43,#2590);
#2590 = DEFINITIONAL_REPRESENTATION('',(#2591),#2595);
#2591 = CIRCLE('',#2592,2.72);
#2592 = AXIS2_PLACEMENT_2D('',#2593,#2594);
#2593 = CARTESIAN_POINT('',(-4.,-4.));
#2594 = DIRECTION('',(1.,0.));
#2595 = ( GEOMETRIC_REPRESENTATION_CONTEXT(2) 
PARAMETRIC_REPRESENTATION_CONTEXT() REPRESENTATION_CONTEXT('2D SPACE',''
  ) );
#2596 = ORIENTED_EDGE('',*,*,#1847,.T.);
#2597 = ORIENTED_EDGE('',*,*,#1722,.T.);
#2598 = ADVANCED_FACE('',(#2599),#1958,.T.);
#2599 = FACE_BOUND('',#2600,.T.);
#2600 = EDGE_LOOP('',(#2601,#2602,#2624,#2625));
#2601 = ORIENTED_EDGE('',*,*,#1994,.T.);
#2602 = ORIENTED_EDGE('',*,*,#2603,.T.);
#2603 = EDGE_CURVE('',#1995,#1995,#2604,.T.);
#2604 = SURFACE_CURVE('',#2605,(#2610,#2617),.PCURVE_S1.);
#2605 = CIRCLE('',#2606,2.72);
#2606 = AXIS2_PLACEMENT_3D('',#2607,#2608,#2609);
#2607 = CARTESIAN_POINT('',(4.,-4.,0.));
#2608 = DIRECTION('',(0.,0.,1.));
#2609 = DIRECTION('',(1.,0.,-0.));
#2610 = PCURVE('',#1958,#2611);
#2611 = DEFINITIONAL_REPRESENTATION('',(#2612),#2616);
#2612 = LINE('',#2613,#2614);
#2613 = CARTESIAN_POINT('',(9.424777960769,0.5));
#2614 = VECTOR('',#2615,1.);
#2615 = DIRECTION('',(-1.,0.));
#2616 = ( GEOMETRIC_REPRESENTATION_CONTEXT(2) 
PARAMETRIC_REPRESENTATION_CONTEXT() REPRESENTATION_CONTEXT('2D SPACE',''
  ) );
#2617 = PCURVE('',#43,#2618);
#2618 = DEFINITIONAL_REPRESENTATION('',(#2619),#2623);
#2619 = CIRCLE('',#2620,2.72);
#2620 = AXIS2_PLACEMENT_2D('',#2621,#2622);
#2621 = CARTESIAN_POINT('',(4.,-4.));
#2622 = DIRECTION('',(1.,0.));
#2623 = ( GEOMETRIC_REPRESENTATION_CONTEXT(2) 
PARAMETRIC_REPRESENTATION_CONTEXT() REPRESENTATION_CONTEXT('2D SPACE',''
  ) );
#2624 = ORIENTED_EDGE('',*,*,#2066,.T.);
#2625 = ORIENTED_EDGE('',*,*,#1941,.T.);
#2626 = ADVANCED_FACE('',(#2627),#2177,.T.);
#2627 = FACE_BOUND('',#2628,.T.);
#2628 = EDGE_LOOP('',(#2629,#2630,#2652,#2653));
#2629 = ORIENTED_EDGE('',*,*,#2213,.T.);
#2630 = ORIENTED_EDGE('',*,*,#2631,.T.);
#2631 = EDGE_CURVE('',#2214,#2214,#2632,.T.);
#2632 = SURFACE_CURVE('',#2633,(#2638,#2645),.PCURVE_S1.);
#2633 = CIRCLE('',#2634,2.72);
#2634 = AXIS2_PLACEMENT_3D('',#2635,#2636,#2637);
#2635 = CARTESIAN_POINT('',(-4.,4.,0.));
#2636 = DIRECTION('',(0.,0.,1.));
#2637 = DIRECTION('',(1.,0.,-0.));
#2638 = PCURVE('',#2177,#2639);
#2639 = DEFINITIONAL_REPRESENTATION('',(#2640),#2644);
#2640 = LINE('',#2641,#2642);
#2641 = CARTESIAN_POINT('',(9.424777960769,0.5));
#2642 = VECTOR('',#2643,1.);
#2643 = DIRECTION('',(-1.,0.));
#2644 = ( GEOMETRIC_REPRESENTATION_CONTEXT(2) 
PARAMETRIC_REPRESENTATION_CONTEXT() REPRESENTATION_CONTEXT('2D SPACE',''
  ) );
#2645 = PCURVE('',#43,#2646);
#2646 = DEFINITIONAL_REPRESENTATION('',(#2647),#2651);
#2647 = CIRCLE('',#2648,2.72);
#2648 = AXIS2_PLACEMENT_2D('',#2649,#2650);
#2649 = CARTESIAN_POINT('',(-4.,4.));
#2650 = DIRECTION('',(1.,0.));
#2651 = ( GEOMETRIC_REPRESENTATION_CONTEXT(2) 
PARAMETRIC_REPRESENTATION_CONTEXT() REPRESENTATION_CONTEXT('2D SPACE',''
  ) );
#2652 = ORIENTED_EDGE('',*,*,#2285,.T.);
#2653 = ORIENTED_EDGE('',*,*,#2160,.T.);
#2654 = ADVANCED_FACE('',(#2655),#2396,.T.);
#2655 = FACE_BOUND('',#2656,.T.);
#2656 = EDGE_LOOP('',(#2657,#2658,#2680,#2681));
#2657 = ORIENTED_EDGE('',*,*,#2432,.T.);
#2658 = ORIENTED_EDGE('',*,*,#2659,.T.);
#2659 = EDGE_CURVE('',#2433,#2433,#2660,.T.);
#2660 = SURFACE_CURVE('',#2661,(#2666,#2673),.PCURVE_S1.);
#2661 = CIRCLE('',#2662,2.72);
#2662 = AXIS2_PLACEMENT_3D('',#2663,#2664,#2665);
#2663 = CARTESIAN_POINT('',(4.,4.,0.));
#2664 = DIRECTION('',(0.,0.,1.));
#2665 = DIRECTION('',(1.,0.,-0.));
#2666 = PCURVE('',#2396,#2667);
#2667 = DEFINITIONAL_REPRESENTATION('',(#2668),#2672);
#2668 = LINE('',#2669,#2670);
#2669 = CARTESIAN_POINT('',(9.424777960769,0.5));
#2670 = VECTOR('',#2671,1.);
#2671 = DIRECTION('',(-1.,0.));
#2672 = ( GEOMETRIC_REPRESENTATION_CONTEXT(2) 
PARAMETRIC_REPRESENTATION_CONTEXT() REPRESENTATION_CONTEXT('2D SPACE',''
  ) );
#2673 = PCURVE('',#43,#2674);
#2674 = DEFINITIONAL_REPRESENTATION('',(#2675),#2679);
#2675 = CIRCLE('',#2676,2.72);
#2676 = AXIS2_PLACEMENT_2D('',#2677,#2678);
#2677 = CARTESIAN_POINT('',(4.,4.));
#2678 = DIRECTION('',(1.,0.));
#2679 = ( GEOMETRIC_REPRESENTATION_CONTEXT(2) 
PARAMETRIC_REPRESENTATION_CONTEXT() REPRESENTATION_CONTEXT('2D SPACE',''
  ) );
#2680 = ORIENTED_EDGE('',*,*,#2504,.T.);
#2681 = ORIENTED_EDGE('',*,*,#2379,.T.);
#2682 = ADVANCED_FACE('',(#2683,#2686,#2689,#2692,#2695,#2698,#2701,
    #2732,#2763,#2767,#2770,#2773,#2776),#43,.T.);
#2683 = FACE_BOUND('',#2684,.T.);
#2684 = EDGE_LOOP('',(#2685));
#2685 = ORIENTED_EDGE('',*,*,#21,.F.);
#2686 = FACE_BOUND('',#2687,.T.);
#2687 = EDGE_LOOP('',(#2688));
#2688 = ORIENTED_EDGE('',*,*,#108,.F.);
#2689 = FACE_BOUND('',#2690,.T.);
#2690 = EDGE_LOOP('',(#2691));
#2691 = ORIENTED_EDGE('',*,*,#185,.F.);
#2692 = FACE_BOUND('',#2693,.T.);
#2693 = EDGE_LOOP('',(#2694));
#2694 = ORIENTED_EDGE('',*,*,#344,.F.);
#2695 = FACE_BOUND('',#2696,.T.);
#2696 = EDGE_LOOP('',(#2697));
#2697 = ORIENTED_EDGE('',*,*,#475,.F.);
#2698 = FACE_BOUND('',#2699,.T.);
#2699 = EDGE_LOOP('',(#2700));
#2700 = ORIENTED_EDGE('',*,*,#606,.F.);
#2701 = FACE_BOUND('',#2702,.T.);
#2702 = EDGE_LOOP('',(#2703));
#2703 = ORIENTED_EDGE('',*,*,#2704,.F.);
#2704 = EDGE_CURVE('',#2705,#2705,#2707,.T.);
#2705 = VERTEX_POINT('',#2706);
#2706 = CARTESIAN_POINT('',(0.9,-2.5,0.));
#2707 = SURFACE_CURVE('',#2708,(#2713,#2720),.PCURVE_S1.);
#2708 = CIRCLE('',#2709,0.9);
#2709 = AXIS2_PLACEMENT_3D('',#2710,#2711,#2712);
#2710 = CARTESIAN_POINT('',(0.,-2.5,0.));
#2711 = DIRECTION('',(0.,0.,1.));
#2712 = DIRECTION('',(1.,0.,-0.));
#2713 = PCURVE('',#43,#2714);
#2714 = DEFINITIONAL_REPRESENTATION('',(#2715),#2719);
#2715 = CIRCLE('',#2716,0.9);
#2716 = AXIS2_PLACEMENT_2D('',#2717,#2718);
#2717 = CARTESIAN_POINT('',(0.,-2.5));
#2718 = DIRECTION('',(1.,0.));
#2719 = ( GEOMETRIC_REPRESENTATION_CONTEXT(2) 
PARAMETRIC_REPRESENTATION_CONTEXT() REPRESENTATION_CONTEXT('2D SPACE',''
  ) );
#2720 = PCURVE('',#2721,#2726);
#2721 = CYLINDRICAL_SURFACE('',#2722,0.9);
#2722 = AXIS2_PLACEMENT_3D('',#2723,#2724,#2725);
#2723 = CARTESIAN_POINT('',(0.,-2.5,-2.));
#2724 = DIRECTION('',(0.,0.,1.));
#2725 = DIRECTION('',(1.,0.,-0.));
#2726 = DEFINITIONAL_REPRESENTATION('',(#2727),#2731);
#2727 = LINE('',#2728,#2729);
#2728 = CARTESIAN_POINT('',(0.,2.));
#2729 = VECTOR('',#2730,1.);
#2730 = DIRECTION('',(1.,0.));
#2731 = ( GEOMETRIC_REPRESENTATION_CONTEXT(2) 
PARAMETRIC_REPRESENTATION_CONTEXT() REPRESENTATION_CONTEXT('2D SPACE',''
  ) );
#2732 = FACE_BOUND('',#2733,.T.);
#2733 = EDGE_LOOP('',(#2734));
#2734 = ORIENTED_EDGE('',*,*,#2735,.F.);
#2735 = EDGE_CURVE('',#2736,#2736,#2738,.T.);
#2736 = VERTEX_POINT('',#2737);
#2737 = CARTESIAN_POINT('',(0.75,-8.,0.));
#2738 = SURFACE_CURVE('',#2739,(#2744,#2751),.PCURVE_S1.);
#2739 = CIRCLE('',#2740,0.75);
#2740 = AXIS2_PLACEMENT_3D('',#2741,#2742,#2743);
#2741 = CARTESIAN_POINT('',(0.,-8.,0.));
#2742 = DIRECTION('',(0.,0.,1.));
#2743 = DIRECTION('',(1.,0.,-0.));
#2744 = PCURVE('',#43,#2745);
#2745 = DEFINITIONAL_REPRESENTATION('',(#2746),#2750);
#2746 = CIRCLE('',#2747,0.75);
#2747 = AXIS2_PLACEMENT_2D('',#2748,#2749);
#2748 = CARTESIAN_POINT('',(0.,-8.));
#2749 = DIRECTION('',(1.,0.));
#2750 = ( GEOMETRIC_REPRESENTATION_CONTEXT(2) 
PARAMETRIC_REPRESENTATION_CONTEXT() REPRESENTATION_CONTEXT('2D SPACE',''
  ) );
#2751 = PCURVE('',#2752,#2757);
#2752 = CYLINDRICAL_SURFACE('',#2753,0.75);
#2753 = AXIS2_PLACEMENT_3D('',#2754,#2755,#2756);
#2754 = CARTESIAN_POINT('',(0.,-8.,-2.));
#2755 = DIRECTION('',(0.,0.,1.));
#2756 = DIRECTION('',(1.,0.,-0.));
#2757 = DEFINITIONAL_REPRESENTATION('',(#2758),#2762);
#2758 = LINE('',#2759,#2760);
#2759 = CARTESIAN_POINT('',(0.,2.));
#2760 = VECTOR('',#2761,1.);
#2761 = DIRECTION('',(1.,0.));
#2762 = ( GEOMETRIC_REPRESENTATION_CONTEXT(2) 
PARAMETRIC_REPRESENTATION_CONTEXT() REPRESENTATION_CONTEXT('2D SPACE',''
  ) );
#2763 = FACE_BOUND('',#2764,.T.);
#2764 = EDGE_LOOP('',(#2765,#2766));
#2765 = ORIENTED_EDGE('',*,*,#1324,.T.);
#2766 = ORIENTED_EDGE('',*,*,#1378,.T.);
#2767 = FACE_BOUND('',#2768,.T.);
#2768 = EDGE_LOOP('',(#2769));
#2769 = ORIENTED_EDGE('',*,*,#2659,.F.);
#2770 = FACE_BOUND('',#2771,.T.);
#2771 = EDGE_LOOP('',(#2772));
#2772 = ORIENTED_EDGE('',*,*,#2631,.F.);
#2773 = FACE_BOUND('',#2774,.T.);
#2774 = EDGE_LOOP('',(#2775));
#2775 = ORIENTED_EDGE('',*,*,#2603,.F.);
#2776 = FACE_BOUND('',#2777,.T.);
#2777 = EDGE_LOOP('',(#2778));
#2778 = ORIENTED_EDGE('',*,*,#2575,.F.);
#2779 = ADVANCED_FACE('',(#2780),#2793,.F.);
#2780 = FACE_BOUND('',#2781,.F.);
#2781 = EDGE_LOOP('',(#2782,#2811,#2833,#2859));
#2782 = ORIENTED_EDGE('',*,*,#2783,.F.);
#2783 = EDGE_CURVE('',#2784,#2784,#2786,.T.);
#2784 = VERTEX_POINT('',#2785);
#2785 = CARTESIAN_POINT('',(-11.1,-1.E-15,-4.));
#2786 = SURFACE_CURVE('',#2787,(#2792,#2804),.PCURVE_S1.);
#2787 = CIRCLE('',#2788,11.1);
#2788 = AXIS2_PLACEMENT_3D('',#2789,#2790,#2791);
#2789 = CARTESIAN_POINT('',(0.,-6.8E-16,-4.));
#2790 = DIRECTION('',(0.,0.,-1.));
#2791 = DIRECTION('',(-1.,0.,0.));
#2792 = PCURVE('',#2793,#2798);
#2793 = CYLINDRICAL_SURFACE('',#2794,11.1);
#2794 = AXIS2_PLACEMENT_3D('',#2795,#2796,#2797);
#2795 = CARTESIAN_POINT('',(0.,-6.8E-16,-4.));
#2796 = DIRECTION('',(0.,0.,1.));
#2797 = DIRECTION('',(1.,0.,-0.));
#2798 = DEFINITIONAL_REPRESENTATION('',(#2799),#2803);
#2799 = LINE('',#2800,#2801);
#2800 = CARTESIAN_POINT('',(9.424777960769,0.));
#2801 = VECTOR('',#2802,1.);
#2802 = DIRECTION('',(-1.,0.));
#2803 = ( GEOMETRIC_REPRESENTATION_CONTEXT(2) 
PARAMETRIC_REPRESENTATION_CONTEXT() REPRESENTATION_CONTEXT('2D SPACE',''
  ) );
#2804 = PCURVE('',#957,#2805);
#2805 = DEFINITIONAL_REPRESENTATION('',(#2806),#2810);
#2806 = CIRCLE('',#2807,11.1);
#2807 = AXIS2_PLACEMENT_2D('',#2808,#2809);
#2808 = CARTESIAN_POINT('',(0.,6.8E-16));
#2809 = DIRECTION('',(-1.,0.));
#2810 = ( GEOMETRIC_REPRESENTATION_CONTEXT(2) 
PARAMETRIC_REPRESENTATION_CONTEXT() REPRESENTATION_CONTEXT('2D SPACE',''
  ) );
#2811 = ORIENTED_EDGE('',*,*,#2812,.T.);
#2812 = EDGE_CURVE('',#2784,#2813,#2815,.T.);
#2813 = VERTEX_POINT('',#2814);
#2814 = CARTESIAN_POINT('',(-11.1,-1.E-15,-2.));
#2815 = SEAM_CURVE('',#2816,(#2819,#2826),.PCURVE_S1.);
#2816 = B_SPLINE_CURVE_WITH_KNOTS('',1,(#2817,#2818),.UNSPECIFIED.,.F.,
  .F.,(2,2),(0.,2.),.PIECEWISE_BEZIER_KNOTS.);
#2817 = CARTESIAN_POINT('',(-11.1,6.8E-16,-4.));
#2818 = CARTESIAN_POINT('',(-11.1,6.8E-16,-2.));
#2819 = PCURVE('',#2793,#2820);
#2820 = DEFINITIONAL_REPRESENTATION('',(#2821),#2825);
#2821 = LINE('',#2822,#2823);
#2822 = CARTESIAN_POINT('',(9.424777960769,0.));
#2823 = VECTOR('',#2824,1.);
#2824 = DIRECTION('',(0.,1.));
#2825 = ( GEOMETRIC_REPRESENTATION_CONTEXT(2) 
PARAMETRIC_REPRESENTATION_CONTEXT() REPRESENTATION_CONTEXT('2D SPACE',''
  ) );
#2826 = PCURVE('',#2793,#2827);
#2827 = DEFINITIONAL_REPRESENTATION('',(#2828),#2832);
#2828 = LINE('',#2829,#2830);
#2829 = CARTESIAN_POINT('',(3.14159265359,0.));
#2830 = VECTOR('',#2831,1.);
#2831 = DIRECTION('',(0.,1.));
#2832 = ( GEOMETRIC_REPRESENTATION_CONTEXT(2) 
PARAMETRIC_REPRESENTATION_CONTEXT() REPRESENTATION_CONTEXT('2D SPACE',''
  ) );
#2833 = ORIENTED_EDGE('',*,*,#2834,.T.);
#2834 = EDGE_CURVE('',#2813,#2813,#2835,.T.);
#2835 = SURFACE_CURVE('',#2836,(#2841,#2848),.PCURVE_S1.);
#2836 = CIRCLE('',#2837,11.1);
#2837 = AXIS2_PLACEMENT_3D('',#2838,#2839,#2840);
#2838 = CARTESIAN_POINT('',(0.,-6.8E-16,-2.));
#2839 = DIRECTION('',(0.,0.,-1.));
#2840 = DIRECTION('',(-1.,0.,0.));
#2841 = PCURVE('',#2793,#2842);
#2842 = DEFINITIONAL_REPRESENTATION('',(#2843),#2847);
#2843 = LINE('',#2844,#2845);
#2844 = CARTESIAN_POINT('',(9.424777960769,2.));
#2845 = VECTOR('',#2846,1.);
#2846 = DIRECTION('',(-1.,0.));
#2847 = ( GEOMETRIC_REPRESENTATION_CONTEXT(2) 
PARAMETRIC_REPRESENTATION_CONTEXT() REPRESENTATION_CONTEXT('2D SPACE',''
  ) );
#2848 = PCURVE('',#92,#2849);
#2849 = DEFINITIONAL_REPRESENTATION('',(#2850),#2858);
#2850 = ( BOUNDED_CURVE() B_SPLINE_CURVE(2,(#2851,#2852,#2853,#2854,
#2855,#2856,#2857),.UNSPECIFIED.,.T.,.F.) B_SPLINE_CURVE_WITH_KNOTS((1,2
    ,2,2,2,1),(-2.094395102393,0.,2.094395102393,4.188790204786,
6.28318530718,8.377580409573),.UNSPECIFIED.) CURVE() 
GEOMETRIC_REPRESENTATION_ITEM() RATIONAL_B_SPLINE_CURVE((1.,0.5,1.,0.5,
1.,0.5,1.)) REPRESENTATION_ITEM('') );
#2851 = CARTESIAN_POINT('',(-11.1,-6.8E-16));
#2852 = CARTESIAN_POINT('',(-11.1,19.225763964015));
#2853 = CARTESIAN_POINT('',(5.55,9.612881982007));
#2854 = CARTESIAN_POINT('',(22.2,2.038715894107E-15));
#2855 = CARTESIAN_POINT('',(5.55,-9.612881982007));
#2856 = CARTESIAN_POINT('',(-11.1,-19.22576396401));
#2857 = CARTESIAN_POINT('',(-11.1,-6.8E-16));
#2858 = ( GEOMETRIC_REPRESENTATION_CONTEXT(2) 
PARAMETRIC_REPRESENTATION_CONTEXT() REPRESENTATION_CONTEXT('2D SPACE',''
  ) );
#2859 = ORIENTED_EDGE('',*,*,#2812,.F.);
#2860 = ADVANCED_FACE('',(#2861,#2891,#2921,#2951,#2981,#2984),#957,.T.
  );
#2861 = FACE_BOUND('',#2862,.T.);
#2862 = EDGE_LOOP('',(#2863));
#2863 = ORIENTED_EDGE('',*,*,#2864,.T.);
#2864 = EDGE_CURVE('',#2865,#2865,#2867,.T.);
#2865 = VERTEX_POINT('',#2866);
#2866 = CARTESIAN_POINT('',(14.15,-12.,-4.));
#2867 = SURFACE_CURVE('',#2868,(#2873,#2884),.PCURVE_S1.);
#2868 = CIRCLE('',#2869,2.15);
#2869 = AXIS2_PLACEMENT_3D('',#2870,#2871,#2872);
#2870 = CARTESIAN_POINT('',(12.,-12.,-4.));
#2871 = DIRECTION('',(0.,0.,1.));
#2872 = DIRECTION('',(1.,0.,-0.));
#2873 = PCURVE('',#957,#2874);
#2874 = DEFINITIONAL_REPRESENTATION('',(#2875),#2883);
#2875 = ( BOUNDED_CURVE() B_SPLINE_CURVE(2,(#2876,#2877,#2878,#2879,
#2880,#2881,#2882),.UNSPECIFIED.,.T.,.F.) B_SPLINE_CURVE_WITH_KNOTS((1,2
    ,2,2,2,1),(-2.094395102393,0.,2.094395102393,4.188790204786,
6.28318530718,8.377580409573),.UNSPECIFIED.) CURVE() 
GEOMETRIC_REPRESENTATION_ITEM() RATIONAL_B_SPLINE_CURVE((1.,0.5,1.,0.5,
1.,0.5,1.)) REPRESENTATION_ITEM('') );
#2876 = CARTESIAN_POINT('',(14.15,12.));
#2877 = CARTESIAN_POINT('',(14.15,8.276090763727));
#2878 = CARTESIAN_POINT('',(10.925,10.138045381863));
#2879 = CARTESIAN_POINT('',(7.7,12.));
#2880 = CARTESIAN_POINT('',(10.925,13.861954618137));
#2881 = CARTESIAN_POINT('',(14.15,15.723909236273));
#2882 = CARTESIAN_POINT('',(14.15,12.));
#2883 = ( GEOMETRIC_REPRESENTATION_CONTEXT(2) 
PARAMETRIC_REPRESENTATION_CONTEXT() REPRESENTATION_CONTEXT('2D SPACE',''
  ) );
#2884 = PCURVE('',#1183,#2885);
#2885 = DEFINITIONAL_REPRESENTATION('',(#2886),#2890);
#2886 = LINE('',#2887,#2888);
#2887 = CARTESIAN_POINT('',(0.,0.));
#2888 = VECTOR('',#2889,1.);
#2889 = DIRECTION('',(1.,0.));
#2890 = ( GEOMETRIC_REPRESENTATION_CONTEXT(2) 
PARAMETRIC_REPRESENTATION_CONTEXT() REPRESENTATION_CONTEXT('2D SPACE',''
  ) );
#2891 = FACE_BOUND('',#2892,.T.);
#2892 = EDGE_LOOP('',(#2893));
#2893 = ORIENTED_EDGE('',*,*,#2894,.T.);
#2894 = EDGE_CURVE('',#2895,#2895,#2897,.T.);
#2895 = VERTEX_POINT('',#2896);
#2896 = CARTESIAN_POINT('',(-9.85,12.,-4.));
#2897 = SURFACE_CURVE('',#2898,(#2903,#2914),.PCURVE_S1.);
#2898 = CIRCLE('',#2899,2.15);
#2899 = AXIS2_PLACEMENT_3D('',#2900,#2901,#2902);
#2900 = CARTESIAN_POINT('',(-12.,12.,-4.));
#2901 = DIRECTION('',(0.,0.,1.));
#2902 = DIRECTION('',(1.,0.,-0.));
#2903 = PCURVE('',#957,#2904);
#2904 = DEFINITIONAL_REPRESENTATION('',(#2905),#2913);
#2905 = ( BOUNDED_CURVE() B_SPLINE_CURVE(2,(#2906,#2907,#2908,#2909,
#2910,#2911,#2912),.UNSPECIFIED.,.T.,.F.) B_SPLINE_CURVE_WITH_KNOTS((1,2
    ,2,2,2,1),(-2.094395102393,0.,2.094395102393,4.188790204786,
6.28318530718,8.377580409573),.UNSPECIFIED.) CURVE() 
GEOMETRIC_REPRESENTATION_ITEM() RATIONAL_B_SPLINE_CURVE((1.,0.5,1.,0.5,
1.,0.5,1.)) REPRESENTATION_ITEM('') );
#2906 = CARTESIAN_POINT('',(-9.85,-12.));
#2907 = CARTESIAN_POINT('',(-9.85,-15.72390923627));
#2908 = CARTESIAN_POINT('',(-13.075,-13.86195461813));
#2909 = CARTESIAN_POINT('',(-16.3,-12.));
#2910 = CARTESIAN_POINT('',(-13.075,-10.13804538186));
#2911 = CARTESIAN_POINT('',(-9.85,-8.276090763727));
#2912 = CARTESIAN_POINT('',(-9.85,-12.));
#2913 = ( GEOMETRIC_REPRESENTATION_CONTEXT(2) 
PARAMETRIC_REPRESENTATION_CONTEXT() REPRESENTATION_CONTEXT('2D SPACE',''
  ) );
#2914 = PCURVE('',#1214,#2915);
#2915 = DEFINITIONAL_REPRESENTATION('',(#2916),#2920);
#2916 = LINE('',#2917,#2918);
#2917 = CARTESIAN_POINT('',(0.,0.));
#2918 = VECTOR('',#2919,1.);
#2919 = DIRECTION('',(1.,0.));
#2920 = ( GEOMETRIC_REPRESENTATION_CONTEXT(2) 
PARAMETRIC_REPRESENTATION_CONTEXT() REPRESENTATION_CONTEXT('2D SPACE',''
  ) );
#2921 = FACE_BOUND('',#2922,.T.);
#2922 = EDGE_LOOP('',(#2923));
#2923 = ORIENTED_EDGE('',*,*,#2924,.T.);
#2924 = EDGE_CURVE('',#2925,#2925,#2927,.T.);
#2925 = VERTEX_POINT('',#2926);
#2926 = CARTESIAN_POINT('',(-9.85,-12.,-4.));
#2927 = SURFACE_CURVE('',#2928,(#2933,#2944),.PCURVE_S1.);
#2928 = CIRCLE('',#2929,2.15);
#2929 = AXIS2_PLACEMENT_3D('',#2930,#2931,#2932);
#2930 = CARTESIAN_POINT('',(-12.,-12.,-4.));
#2931 = DIRECTION('',(0.,0.,1.));
#2932 = DIRECTION('',(1.,0.,-0.));
#2933 = PCURVE('',#957,#2934);
#2934 = DEFINITIONAL_REPRESENTATION('',(#2935),#2943);
#2935 = ( BOUNDED_CURVE() B_SPLINE_CURVE(2,(#2936,#2937,#2938,#2939,
#2940,#2941,#2942),.UNSPECIFIED.,.T.,.F.) B_SPLINE_CURVE_WITH_KNOTS((1,2
    ,2,2,2,1),(-2.094395102393,0.,2.094395102393,4.188790204786,
6.28318530718,8.377580409573),.UNSPECIFIED.) CURVE() 
GEOMETRIC_REPRESENTATION_ITEM() RATIONAL_B_SPLINE_CURVE((1.,0.5,1.,0.5,
1.,0.5,1.)) REPRESENTATION_ITEM('') );
#2936 = CARTESIAN_POINT('',(-9.85,12.));
#2937 = CARTESIAN_POINT('',(-9.85,8.276090763727));
#2938 = CARTESIAN_POINT('',(-13.075,10.138045381863));
#2939 = CARTESIAN_POINT('',(-16.3,12.));
#2940 = CARTESIAN_POINT('',(-13.075,13.861954618137));
#2941 = CARTESIAN_POINT('',(-9.85,15.723909236273));
#2942 = CARTESIAN_POINT('',(-9.85,12.));
#2943 = ( GEOMETRIC_REPRESENTATION_CONTEXT(2) 
PARAMETRIC_REPRESENTATION_CONTEXT() REPRESENTATION_CONTEXT('2D SPACE',''
  ) );
#2944 = PCURVE('',#1245,#2945);
#2945 = DEFINITIONAL_REPRESENTATION('',(#2946),#2950);
#2946 = LINE('',#2947,#2948);
#2947 = CARTESIAN_POINT('',(0.,0.));
#2948 = VECTOR('',#2949,1.);
#2949 = DIRECTION('',(1.,0.));
#2950 = ( GEOMETRIC_REPRESENTATION_CONTEXT(2) 
PARAMETRIC_REPRESENTATION_CONTEXT() REPRESENTATION_CONTEXT('2D SPACE',''
  ) );
#2951 = FACE_BOUND('',#2952,.T.);
#2952 = EDGE_LOOP('',(#2953));
#2953 = ORIENTED_EDGE('',*,*,#2954,.T.);
#2954 = EDGE_CURVE('',#2955,#2955,#2957,.T.);
#2955 = VERTEX_POINT('',#2956);
#2956 = CARTESIAN_POINT('',(14.15,12.,-4.));
#2957 = SURFACE_CURVE('',#2958,(#2963,#2974),.PCURVE_S1.);
#2958 = CIRCLE('',#2959,2.15);
#2959 = AXIS2_PLACEMENT_3D('',#2960,#2961,#2962);
#2960 = CARTESIAN_POINT('',(12.,12.,-4.));
#2961 = DIRECTION('',(0.,0.,1.));
#2962 = DIRECTION('',(1.,0.,-0.));
#2963 = PCURVE('',#957,#2964);
#2964 = DEFINITIONAL_REPRESENTATION('',(#2965),#2973);
#2965 = ( BOUNDED_CURVE() B_SPLINE_CURVE(2,(#2966,#2967,#2968,#2969,
#2970,#2971,#2972),.UNSPECIFIED.,.T.,.F.) B_SPLINE_CURVE_WITH_KNOTS((1,2
    ,2,2,2,1),(-2.094395102393,0.,2.094395102393,4.188790204786,
6.28318530718,8.377580409573),.UNSPECIFIED.) CURVE() 
GEOMETRIC_REPRESENTATION_ITEM() RATIONAL_B_SPLINE_CURVE((1.,0.5,1.,0.5,
1.,0.5,1.)) REPRESENTATION_ITEM('') );
#2966 = CARTESIAN_POINT('',(14.15,-12.));
#2967 = CARTESIAN_POINT('',(14.15,-15.72390923627));
#2968 = CARTESIAN_POINT('',(10.925,-13.86195461813));
#2969 = CARTESIAN_POINT('',(7.7,-12.));
#2970 = CARTESIAN_POINT('',(10.925,-10.13804538186));
#2971 = CARTESIAN_POINT('',(14.15,-8.276090763727));
#2972 = CARTESIAN_POINT('',(14.15,-12.));
#2973 = ( GEOMETRIC_REPRESENTATION_CONTEXT(2) 
PARAMETRIC_REPRESENTATION_CONTEXT() REPRESENTATION_CONTEXT('2D SPACE',''
  ) );
#2974 = PCURVE('',#1276,#2975);
#2975 = DEFINITIONAL_REPRESENTATION('',(#2976),#2980);
#2976 = LINE('',#2977,#2978);
#2977 = CARTESIAN_POINT('',(0.,0.));
#2978 = VECTOR('',#2979,1.);
#2979 = DIRECTION('',(1.,0.));
#2980 = ( GEOMETRIC_REPRESENTATION_CONTEXT(2) 
PARAMETRIC_REPRESENTATION_CONTEXT() REPRESENTATION_CONTEXT('2D SPACE',''
  ) );
#2981 = FACE_BOUND('',#2982,.T.);
#2982 = EDGE_LOOP('',(#2983));
#2983 = ORIENTED_EDGE('',*,*,#2783,.F.);
#2984 = FACE_BOUND('',#2985,.T.);
#2985 = EDGE_LOOP('',(#2986,#2987,#2988,#2989));
#2986 = ORIENTED_EDGE('',*,*,#1094,.F.);
#2987 = ORIENTED_EDGE('',*,*,#1142,.T.);
#2988 = ORIENTED_EDGE('',*,*,#943,.T.);
#2989 = ORIENTED_EDGE('',*,*,#1023,.F.);
#2990 = ADVANCED_FACE('',(#2991,#2994,#2997,#3000,#3003,#3006,#3009,
    #3035,#3066),#92,.F.);
#2991 = FACE_BOUND('',#2992,.T.);
#2992 = EDGE_LOOP('',(#2993));
#2993 = ORIENTED_EDGE('',*,*,#77,.T.);
#2994 = FACE_BOUND('',#2995,.T.);
#2995 = EDGE_LOOP('',(#2996));
#2996 = ORIENTED_EDGE('',*,*,#159,.T.);
#2997 = FACE_BOUND('',#2998,.T.);
#2998 = EDGE_LOOP('',(#2999));
#2999 = ORIENTED_EDGE('',*,*,#236,.T.);
#3000 = FACE_BOUND('',#3001,.T.);
#3001 = EDGE_LOOP('',(#3002));
#3002 = ORIENTED_EDGE('',*,*,#318,.T.);
#3003 = FACE_BOUND('',#3004,.T.);
#3004 = EDGE_LOOP('',(#3005));
#3005 = ORIENTED_EDGE('',*,*,#449,.T.);
#3006 = FACE_BOUND('',#3007,.T.);
#3007 = EDGE_LOOP('',(#3008));
#3008 = ORIENTED_EDGE('',*,*,#580,.T.);
#3009 = FACE_BOUND('',#3010,.T.);
#3010 = EDGE_LOOP('',(#3011));
#3011 = ORIENTED_EDGE('',*,*,#3012,.T.);
#3012 = EDGE_CURVE('',#3013,#3013,#3015,.T.);
#3013 = VERTEX_POINT('',#3014);
#3014 = CARTESIAN_POINT('',(0.9,-2.5,-2.));
#3015 = SURFACE_CURVE('',#3016,(#3021,#3028),.PCURVE_S1.);
#3016 = CIRCLE('',#3017,0.9);
#3017 = AXIS2_PLACEMENT_3D('',#3018,#3019,#3020);
#3018 = CARTESIAN_POINT('',(0.,-2.5,-2.));
#3019 = DIRECTION('',(0.,0.,1.));
#3020 = DIRECTION('',(1.,0.,-0.));
#3021 = PCURVE('',#92,#3022);
#3022 = DEFINITIONAL_REPRESENTATION('',(#3023),#3027);
#3023 = CIRCLE('',#3024,0.9);
#3024 = AXIS2_PLACEMENT_2D('',#3025,#3026);
#3025 = CARTESIAN_POINT('',(0.,-2.5));
#3026 = DIRECTION('',(1.,0.));
#3027 = ( GEOMETRIC_REPRESENTATION_CONTEXT(2) 
PARAMETRIC_REPRESENTATION_CONTEXT() REPRESENTATION_CONTEXT('2D SPACE',''
  ) );
#3028 = PCURVE('',#2721,#3029);
#3029 = DEFINITIONAL_REPRESENTATION('',(#3030),#3034);
#3030 = LINE('',#3031,#3032);
#3031 = CARTESIAN_POINT('',(0.,0.));
#3032 = VECTOR('',#3033,1.);
#3033 = DIRECTION('',(1.,0.));
#3034 = ( GEOMETRIC_REPRESENTATION_CONTEXT(2) 
PARAMETRIC_REPRESENTATION_CONTEXT() REPRESENTATION_CONTEXT('2D SPACE',''
  ) );
#3035 = FACE_BOUND('',#3036,.T.);
#3036 = EDGE_LOOP('',(#3037));
#3037 = ORIENTED_EDGE('',*,*,#3038,.T.);
#3038 = EDGE_CURVE('',#3039,#3039,#3041,.T.);
#3039 = VERTEX_POINT('',#3040);
#3040 = CARTESIAN_POINT('',(2.,-8.,-2.));
#3041 = SURFACE_CURVE('',#3042,(#3047,#3054),.PCURVE_S1.);
#3042 = CIRCLE('',#3043,2.);
#3043 = AXIS2_PLACEMENT_3D('',#3044,#3045,#3046);
#3044 = CARTESIAN_POINT('',(0.,-8.,-2.));
#3045 = DIRECTION('',(0.,0.,1.));
#3046 = DIRECTION('',(1.,0.,-0.));
#3047 = PCURVE('',#92,#3048);
#3048 = DEFINITIONAL_REPRESENTATION('',(#3049),#3053);
#3049 = CIRCLE('',#3050,2.);
#3050 = AXIS2_PLACEMENT_2D('',#3051,#3052);
#3051 = CARTESIAN_POINT('',(0.,-8.));
#3052 = DIRECTION('',(1.,0.));
#3053 = ( GEOMETRIC_REPRESENTATION_CONTEXT(2) 
PARAMETRIC_REPRESENTATION_CONTEXT() REPRESENTATION_CONTEXT('2D SPACE',''
  ) );
#3054 = PCURVE('',#3055,#3060);
#3055 = CONICAL_SURFACE('',#3056,2.,0.785398163397);
#3056 = AXIS2_PLACEMENT_3D('',#3057,#3058,#3059);
#3057 = CARTESIAN_POINT('',(0.,-8.,-2.));
#3058 = DIRECTION('',(0.,0.,-1.));
#3059 = DIRECTION('',(-1.,0.,0.));
#3060 = DEFINITIONAL_REPRESENTATION('',(#3061),#3065);
#3061 = LINE('',#3062,#3063);
#3062 = CARTESIAN_POINT('',(9.424777960769,0.));
#3063 = VECTOR('',#3064,1.);
#3064 = DIRECTION('',(-1.,0.));
#3065 = ( GEOMETRIC_REPRESENTATION_CONTEXT(2) 
PARAMETRIC_REPRESENTATION_CONTEXT() REPRESENTATION_CONTEXT('2D SPACE',''
  ) );
#3066 = FACE_BOUND('',#3067,.T.);
#3067 = EDGE_LOOP('',(#3068));
#3068 = ORIENTED_EDGE('',*,*,#2834,.T.);
#3069 = ADVANCED_FACE('',(#3070),#2752,.F.);
#3070 = FACE_BOUND('',#3071,.F.);
#3071 = EDGE_LOOP('',(#3072,#3073,#3095,#3117));
#3072 = ORIENTED_EDGE('',*,*,#2735,.F.);
#3073 = ORIENTED_EDGE('',*,*,#3074,.F.);
#3074 = EDGE_CURVE('',#3075,#2736,#3077,.T.);
#3075 = VERTEX_POINT('',#3076);
#3076 = CARTESIAN_POINT('',(0.75,-8.,-0.75));
#3077 = SEAM_CURVE('',#3078,(#3081,#3088),.PCURVE_S1.);
#3078 = B_SPLINE_CURVE_WITH_KNOTS('',1,(#3079,#3080),.UNSPECIFIED.,.F.,
  .F.,(2,2),(1.25,2.),.PIECEWISE_BEZIER_KNOTS.);
#3079 = CARTESIAN_POINT('',(0.75,-8.,-0.75));
#3080 = CARTESIAN_POINT('',(0.75,-8.,0.));
#3081 = PCURVE('',#2752,#3082);
#3082 = DEFINITIONAL_REPRESENTATION('',(#3083),#3087);
#3083 = LINE('',#3084,#3085);
#3084 = CARTESIAN_POINT('',(0.,0.));
#3085 = VECTOR('',#3086,1.);
#3086 = DIRECTION('',(0.,1.));
#3087 = ( GEOMETRIC_REPRESENTATION_CONTEXT(2) 
PARAMETRIC_REPRESENTATION_CONTEXT() REPRESENTATION_CONTEXT('2D SPACE',''
  ) );
#3088 = PCURVE('',#2752,#3089);
#3089 = DEFINITIONAL_REPRESENTATION('',(#3090),#3094);
#3090 = LINE('',#3091,#3092);
#3091 = CARTESIAN_POINT('',(6.28318530718,0.));
#3092 = VECTOR('',#3093,1.);
#3093 = DIRECTION('',(0.,1.));
#3094 = ( GEOMETRIC_REPRESENTATION_CONTEXT(2) 
PARAMETRIC_REPRESENTATION_CONTEXT() REPRESENTATION_CONTEXT('2D SPACE',''
  ) );
#3095 = ORIENTED_EDGE('',*,*,#3096,.T.);
#3096 = EDGE_CURVE('',#3075,#3075,#3097,.T.);
#3097 = SURFACE_CURVE('',#3098,(#3103,#3110),.PCURVE_S1.);
#3098 = CIRCLE('',#3099,0.75);
#3099 = AXIS2_PLACEMENT_3D('',#3100,#3101,#3102);
#3100 = CARTESIAN_POINT('',(0.,-8.,-0.75));
#3101 = DIRECTION('',(0.,0.,1.));
#3102 = DIRECTION('',(1.,0.,-0.));
#3103 = PCURVE('',#2752,#3104);
#3104 = DEFINITIONAL_REPRESENTATION('',(#3105),#3109);
#3105 = LINE('',#3106,#3107);
#3106 = CARTESIAN_POINT('',(0.,1.25));
#3107 = VECTOR('',#3108,1.);
#3108 = DIRECTION('',(1.,0.));
#3109 = ( GEOMETRIC_REPRESENTATION_CONTEXT(2) 
PARAMETRIC_REPRESENTATION_CONTEXT() REPRESENTATION_CONTEXT('2D SPACE',''
  ) );
#3110 = PCURVE('',#3055,#3111);
#3111 = DEFINITIONAL_REPRESENTATION('',(#3112),#3116);
#3112 = LINE('',#3113,#3114);
#3113 = CARTESIAN_POINT('',(9.424777960769,-1.25));
#3114 = VECTOR('',#3115,1.);
#3115 = DIRECTION('',(-1.,0.));
#3116 = ( GEOMETRIC_REPRESENTATION_CONTEXT(2) 
PARAMETRIC_REPRESENTATION_CONTEXT() REPRESENTATION_CONTEXT('2D SPACE',''
  ) );
#3117 = ORIENTED_EDGE('',*,*,#3074,.T.);
#3118 = ADVANCED_FACE('',(#3119),#3055,.F.);
#3119 = FACE_BOUND('',#3120,.F.);
#3120 = EDGE_LOOP('',(#3121,#3122,#3142,#3143));
#3121 = ORIENTED_EDGE('',*,*,#3096,.F.);
#3122 = ORIENTED_EDGE('',*,*,#3123,.T.);
#3123 = EDGE_CURVE('',#3075,#3039,#3124,.T.);
#3124 = SEAM_CURVE('',#3125,(#3128,#3135),.PCURVE_S1.);
#3125 = B_SPLINE_CURVE_WITH_KNOTS('',1,(#3126,#3127),.UNSPECIFIED.,.F.,
  .F.,(2,2),(-1.767766952966,0.),.PIECEWISE_BEZIER_KNOTS.);
#3126 = CARTESIAN_POINT('',(0.75,-8.,-0.75));
#3127 = CARTESIAN_POINT('',(2.,-8.,-2.));
#3128 = PCURVE('',#3055,#3129);
#3129 = DEFINITIONAL_REPRESENTATION('',(#3130),#3134);
#3130 = LINE('',#3131,#3132);
#3131 = CARTESIAN_POINT('',(9.424777960769,0.));
#3132 = VECTOR('',#3133,1.);
#3133 = DIRECTION('',(0.,1.));
#3134 = ( GEOMETRIC_REPRESENTATION_CONTEXT(2) 
PARAMETRIC_REPRESENTATION_CONTEXT() REPRESENTATION_CONTEXT('2D SPACE',''
  ) );
#3135 = PCURVE('',#3055,#3136);
#3136 = DEFINITIONAL_REPRESENTATION('',(#3137),#3141);
#3137 = LINE('',#3138,#3139);
#3138 = CARTESIAN_POINT('',(3.14159265359,0.));
#3139 = VECTOR('',#3140,1.);
#3140 = DIRECTION('',(0.,1.));
#3141 = ( GEOMETRIC_REPRESENTATION_CONTEXT(2) 
PARAMETRIC_REPRESENTATION_CONTEXT() REPRESENTATION_CONTEXT('2D SPACE',''
  ) );
#3142 = ORIENTED_EDGE('',*,*,#3038,.T.);
#3143 = ORIENTED_EDGE('',*,*,#3123,.F.);
#3144 = ADVANCED_FACE('',(#3145),#2721,.F.);
#3145 = FACE_BOUND('',#3146,.F.);
#3146 = EDGE_LOOP('',(#3147,#3148,#3168,#3169));
#3147 = ORIENTED_EDGE('',*,*,#2704,.F.);
#3148 = ORIENTED_EDGE('',*,*,#3149,.F.);
#3149 = EDGE_CURVE('',#3013,#2705,#3150,.T.);
#3150 = SEAM_CURVE('',#3151,(#3154,#3161),.PCURVE_S1.);
#3151 = B_SPLINE_CURVE_WITH_KNOTS('',1,(#3152,#3153),.UNSPECIFIED.,.F.,
  .F.,(2,2),(0.,2.),.PIECEWISE_BEZIER_KNOTS.);
#3152 = CARTESIAN_POINT('',(0.9,-2.5,-2.));
#3153 = CARTESIAN_POINT('',(0.9,-2.5,0.));
#3154 = PCURVE('',#2721,#3155);
#3155 = DEFINITIONAL_REPRESENTATION('',(#3156),#3160);
#3156 = LINE('',#3157,#3158);
#3157 = CARTESIAN_POINT('',(0.,0.));
#3158 = VECTOR('',#3159,1.);
#3159 = DIRECTION('',(0.,1.));
#3160 = ( GEOMETRIC_REPRESENTATION_CONTEXT(2) 
PARAMETRIC_REPRESENTATION_CONTEXT() REPRESENTATION_CONTEXT('2D SPACE',''
  ) );
#3161 = PCURVE('',#2721,#3162);
#3162 = DEFINITIONAL_REPRESENTATION('',(#3163),#3167);
#3163 = LINE('',#3164,#3165);
#3164 = CARTESIAN_POINT('',(6.28318530718,0.));
#3165 = VECTOR('',#3166,1.);
#3166 = DIRECTION('',(0.,1.));
#3167 = ( GEOMETRIC_REPRESENTATION_CONTEXT(2) 
PARAMETRIC_REPRESENTATION_CONTEXT() REPRESENTATION_CONTEXT('2D SPACE',''
  ) );
#3168 = ORIENTED_EDGE('',*,*,#3012,.T.);
#3169 = ORIENTED_EDGE('',*,*,#3149,.T.);
#3170 = ADVANCED_FACE('',(#3171),#1276,.F.);
#3171 = FACE_BOUND('',#3172,.F.);
#3172 = EDGE_LOOP('',(#3173,#3174,#3194,#3195));
#3173 = ORIENTED_EDGE('',*,*,#1259,.F.);
#3174 = ORIENTED_EDGE('',*,*,#3175,.F.);
#3175 = EDGE_CURVE('',#2955,#1260,#3176,.T.);
#3176 = SEAM_CURVE('',#3177,(#3180,#3187),.PCURVE_S1.);
#3177 = B_SPLINE_CURVE_WITH_KNOTS('',1,(#3178,#3179),.UNSPECIFIED.,.F.,
  .F.,(2,2),(0.,4.),.PIECEWISE_BEZIER_KNOTS.);
#3178 = CARTESIAN_POINT('',(14.15,12.,-4.));
#3179 = CARTESIAN_POINT('',(14.15,12.,0.));
#3180 = PCURVE('',#1276,#3181);
#3181 = DEFINITIONAL_REPRESENTATION('',(#3182),#3186);
#3182 = LINE('',#3183,#3184);
#3183 = CARTESIAN_POINT('',(0.,0.));
#3184 = VECTOR('',#3185,1.);
#3185 = DIRECTION('',(0.,1.));
#3186 = ( GEOMETRIC_REPRESENTATION_CONTEXT(2) 
PARAMETRIC_REPRESENTATION_CONTEXT() REPRESENTATION_CONTEXT('2D SPACE',''
  ) );
#3187 = PCURVE('',#1276,#3188);
#3188 = DEFINITIONAL_REPRESENTATION('',(#3189),#3193);
#3189 = LINE('',#3190,#3191);
#3190 = CARTESIAN_POINT('',(6.28318530718,0.));
#3191 = VECTOR('',#3192,1.);
#3192 = DIRECTION('',(0.,1.));
#3193 = ( GEOMETRIC_REPRESENTATION_CONTEXT(2) 
PARAMETRIC_REPRESENTATION_CONTEXT() REPRESENTATION_CONTEXT('2D SPACE',''
  ) );
#3194 = ORIENTED_EDGE('',*,*,#2954,.T.);
#3195 = ORIENTED_EDGE('',*,*,#3175,.T.);
#3196 = ADVANCED_FACE('',(#3197),#1245,.F.);
#3197 = FACE_BOUND('',#3198,.F.);
#3198 = EDGE_LOOP('',(#3199,#3200,#3220,#3221));
#3199 = ORIENTED_EDGE('',*,*,#1228,.F.);
#3200 = ORIENTED_EDGE('',*,*,#3201,.F.);
#3201 = EDGE_CURVE('',#2925,#1229,#3202,.T.);
#3202 = SEAM_CURVE('',#3203,(#3206,#3213),.PCURVE_S1.);
#3203 = B_SPLINE_CURVE_WITH_KNOTS('',1,(#3204,#3205),.UNSPECIFIED.,.F.,
  .F.,(2,2),(0.,4.),.PIECEWISE_BEZIER_KNOTS.);
#3204 = CARTESIAN_POINT('',(-9.85,-12.,-4.));
#3205 = CARTESIAN_POINT('',(-9.85,-12.,0.));
#3206 = PCURVE('',#1245,#3207);
#3207 = DEFINITIONAL_REPRESENTATION('',(#3208),#3212);
#3208 = LINE('',#3209,#3210);
#3209 = CARTESIAN_POINT('',(0.,0.));
#3210 = VECTOR('',#3211,1.);
#3211 = DIRECTION('',(0.,1.));
#3212 = ( GEOMETRIC_REPRESENTATION_CONTEXT(2) 
PARAMETRIC_REPRESENTATION_CONTEXT() REPRESENTATION_CONTEXT('2D SPACE',''
  ) );
#3213 = PCURVE('',#1245,#3214);
#3214 = DEFINITIONAL_REPRESENTATION('',(#3215),#3219);
#3215 = LINE('',#3216,#3217);
#3216 = CARTESIAN_POINT('',(6.28318530718,0.));
#3217 = VECTOR('',#3218,1.);
#3218 = DIRECTION('',(0.,1.));
#3219 = ( GEOMETRIC_REPRESENTATION_CONTEXT(2) 
PARAMETRIC_REPRESENTATION_CONTEXT() REPRESENTATION_CONTEXT('2D SPACE',''
  ) );
#3220 = ORIENTED_EDGE('',*,*,#2924,.T.);
#3221 = ORIENTED_EDGE('',*,*,#3201,.T.);
#3222 = ADVANCED_FACE('',(#3223),#1214,.F.);
#3223 = FACE_BOUND('',#3224,.F.);
#3224 = EDGE_LOOP('',(#3225,#3226,#3246,#3247));
#3225 = ORIENTED_EDGE('',*,*,#1197,.F.);
#3226 = ORIENTED_EDGE('',*,*,#3227,.F.);
#3227 = EDGE_CURVE('',#2895,#1198,#3228,.T.);
#3228 = SEAM_CURVE('',#3229,(#3232,#3239),.PCURVE_S1.);
#3229 = B_SPLINE_CURVE_WITH_KNOTS('',1,(#3230,#3231),.UNSPECIFIED.,.F.,
  .F.,(2,2),(0.,4.),.PIECEWISE_BEZIER_KNOTS.);
#3230 = CARTESIAN_POINT('',(-9.85,12.,-4.));
#3231 = CARTESIAN_POINT('',(-9.85,12.,0.));
#3232 = PCURVE('',#1214,#3233);
#3233 = DEFINITIONAL_REPRESENTATION('',(#3234),#3238);
#3234 = LINE('',#3235,#3236);
#3235 = CARTESIAN_POINT('',(0.,0.));
#3236 = VECTOR('',#3237,1.);
#3237 = DIRECTION('',(0.,1.));
#3238 = ( GEOMETRIC_REPRESENTATION_CONTEXT(2) 
PARAMETRIC_REPRESENTATION_CONTEXT() REPRESENTATION_CONTEXT('2D SPACE',''
  ) );
#3239 = PCURVE('',#1214,#3240);
#3240 = DEFINITIONAL_REPRESENTATION('',(#3241),#3245);
#3241 = LINE('',#3242,#3243);
#3242 = CARTESIAN_POINT('',(6.28318530718,0.));
#3243 = VECTOR('',#3244,1.);
#3244 = DIRECTION('',(0.,1.));
#3245 = ( GEOMETRIC_REPRESENTATION_CONTEXT(2) 
PARAMETRIC_REPRESENTATION_CONTEXT() REPRESENTATION_CONTEXT('2D SPACE',''
  ) );
#3246 = ORIENTED_EDGE('',*,*,#2894,.T.);
#3247 = ORIENTED_EDGE('',*,*,#3227,.T.);
#3248 = ADVANCED_FACE('',(#3249),#1183,.F.);
#3249 = FACE_BOUND('',#3250,.F.);
#3250 = EDGE_LOOP('',(#3251,#3252,#3272,#3273));
#3251 = ORIENTED_EDGE('',*,*,#1166,.F.);
#3252 = ORIENTED_EDGE('',*,*,#3253,.F.);
#3253 = EDGE_CURVE('',#2865,#1167,#3254,.T.);
#3254 = SEAM_CURVE('',#3255,(#3258,#3265),.PCURVE_S1.);
#3255 = B_SPLINE_CURVE_WITH_KNOTS('',1,(#3256,#3257),.UNSPECIFIED.,.F.,
  .F.,(2,2),(0.,4.),.PIECEWISE_BEZIER_KNOTS.);
#3256 = CARTESIAN_POINT('',(14.15,-12.,-4.));
#3257 = CARTESIAN_POINT('',(14.15,-12.,0.));
#3258 = PCURVE('',#1183,#3259);
#3259 = DEFINITIONAL_REPRESENTATION('',(#3260),#3264);
#3260 = LINE('',#3261,#3262);
#3261 = CARTESIAN_POINT('',(0.,0.));
#3262 = VECTOR('',#3263,1.);
#3263 = DIRECTION('',(0.,1.));
#3264 = ( GEOMETRIC_REPRESENTATION_CONTEXT(2) 
PARAMETRIC_REPRESENTATION_CONTEXT() REPRESENTATION_CONTEXT('2D SPACE',''
  ) );
#3265 = PCURVE('',#1183,#3266);
#3266 = DEFINITIONAL_REPRESENTATION('',(#3267),#3271);
#3267 = LINE('',#3268,#3269);
#3268 = CARTESIAN_POINT('',(6.28318530718,0.));
#3269 = VECTOR('',#3270,1.);
#3270 = DIRECTION('',(0.,1.));
#3271 = ( GEOMETRIC_REPRESENTATION_CONTEXT(2) 
PARAMETRIC_REPRESENTATION_CONTEXT() REPRESENTATION_CONTEXT('2D SPACE',''
  ) );
#3272 = ORIENTED_EDGE('',*,*,#2864,.T.);
#3273 = ORIENTED_EDGE('',*,*,#3253,.T.);
#3274 = ( GEOMETRIC_REPRESENTATION_CONTEXT(3) 
GLOBAL_UNCERTAINTY_ASSIGNED_CONTEXT((#3278)) 
GLOBAL_UNIT_ASSIGNED_CONTEXT((#3275,#3276,#3277)) REPRESENTATION_CONTEXT
('Context #1','3D Context with UNIT and UNCERTAINTY') );
#3275 = ( LENGTH_UNIT() NAMED_UNIT(*) SI_UNIT(.MILLI.,.METRE.) );
#3276 = ( NAMED_UNIT(*) PLANE_ANGLE_UNIT() SI_UNIT($,.RADIAN.) );
#3277 = ( NAMED_UNIT(*) SI_UNIT($,.STERADIAN.) SOLID_ANGLE_UNIT() );
#3278 = UNCERTAINTY_MEASURE_WITH_UNIT(LENGTH_MEASURE(5.),#3275,
  'distance_accuracy_value','confusion accuracy');
#3279 = PRODUCT_RELATED_PRODUCT_CATEGORY('part',$,(#7));
#3280 = MECHANICAL_DESIGN_GEOMETRIC_PRESENTATION_REPRESENTATION('',(
    #3281),#3274);
#3281 = STYLED_ITEM('color',(#3282),#15);
#3282 = PRESENTATION_STYLE_ASSIGNMENT((#3283,#3289));
#3283 = SURFACE_STYLE_USAGE(.BOTH.,#3284);
#3284 = SURFACE_SIDE_STYLE('',(#3285));
#3285 = SURFACE_STYLE_FILL_AREA(#3286);
#3286 = FILL_AREA_STYLE('',(#3287));
#3287 = FILL_AREA_STYLE_COLOUR('',#3288);
#3288 = COLOUR_RGB('',0.647058850868,0.647058850868,0.647058850868);
#3289 = CURVE_STYLE('',#3290,POSITIVE_LENGTH_MEASURE(0.1),#3291);
#3290 = DRAUGHTING_PRE_DEFINED_CURVE_FONT('continuous');
#3291 = COLOUR_RGB('',9.803921802644E-02,9.803921802644E-02,
  9.803921802644E-02);
ENDSEC;
END-ISO-10303-21;
