ISO-10303-21;
HEADER;
FILE_DESCRIPTION (( 'STEP AP203' ),
    '1' );
FILE_NAME ('Top_Panel.STEP',
    '2026-05-11T12:19:12',
    ( '' ),
    ( '' ),
    'SwSTEP 2.0',
    'SolidWorks 2024',
    '' );
FILE_SCHEMA (( 'CONFIG_CONTROL_DESIGN' ));
ENDSEC;

DATA;
#1 = PERSON ( 'UNSPECIFIED', 'UNSPECIFIED', 'UNSPECIFIED', ('UNSPECIFIED'), ('UNSPECIFIED'), ('UNSPECIFIED') ) ;
#2 = CARTESIAN_POINT ( 'NONE',  ( 67.13186142020794023, 120.3847115668819612, -28.11200162195039098 ) ) ;
#3 = CARTESIAN_POINT ( 'NONE',  ( 65.26632644698763386, 114.5046351030314185, 27.25046220516307471 ) ) ;
#4 = CARTESIAN_POINT ( 'NONE',  ( 116.3891455773295718, 118.1640805495955817, -26.08029690740887929 ) ) ;
#5 = DIRECTION ( 'NONE',  ( 0.000000000000000000, 0.000000000000000000, 1.000000000000000000 ) ) ;
#6 = CARTESIAN_POINT ( 'NONE',  ( 66.49426556299596314, 120.4405035861073543, 27.46169213165991962 ) ) ;
#7 = EDGE_CURVE ( 'NONE', #1501, #2799, #2238, .T. ) ;
#8 = CARTESIAN_POINT ( 'NONE',  ( 62.16401578608977729, 121.5016535764688115, -28.15861670641871584 ) ) ;
#9 = CARTESIAN_POINT ( 'NONE',  ( 117.7332251880661431, 119.9709086639029891, 28.53506267127748686 ) ) ;
#10 = CARTESIAN_POINT ( 'NONE',  ( 117.2332251880661289, 119.4890208614688873, -28.30000000000000426 ) ) ;
#11 = ORIENTED_EDGE ( 'NONE', *, *, #1966, .T. ) ;
#12 = ORIENTED_EDGE ( 'NONE', *, *, #247, .T. ) ;
#13 = DIRECTION ( 'NONE',  ( -0.000000000000000000, 1.000000000000000000, 0.000000000000000000 ) ) ;
#14 = EDGE_LOOP ( 'NONE', ( #466, #2872, #2329, #704, #793, #2890, #967, #1033, #42, #726, #2622, #1454 ) ) ;
#15 = CARTESIAN_POINT ( 'NONE',  ( 66.66401578608976308, 117.6030273215737907, 30.13160223061318632 ) ) ;
#16 = VERTEX_POINT ( 'NONE', #2321 ) ;
#17 = CARTESIAN_POINT ( 'NONE',  ( 66.70614434794765657, 121.1623924555443921, -27.08543951428766050 ) ) ;
#18 = CARTESIAN_POINT ( 'NONE',  ( 63.60541833639858567, 121.8068534101423808, -26.59595281726937799 ) ) ;
#19 = CARTESIAN_POINT ( 'NONE',  ( 117.2401413607372405, 115.8900013478761082, -30.23303437365925461 ) ) ;
#20 = CARTESIAN_POINT ( 'NONE',  ( 64.37829769400744340, 114.6280931106151542, 25.81232222722629643 ) ) ;
#21 = CARTESIAN_POINT ( 'NONE',  ( 62.66401578609305290, 118.7441224028967213, -29.96406527887613791 ) ) ;
#22 = CARTESIAN_POINT ( 'NONE',  ( 117.2401413607372405, 115.8900013478761082, 30.23303437365925461 ) ) ;
#23 = CARTESIAN_POINT ( 'NONE',  ( 63.03458342373605205, 121.9567959778406561, -27.12701475105166082 ) ) ;
#24 = LINE ( 'NONE', #40, #828 ) ;
#25 = CARTESIAN_POINT ( 'NONE',  ( 64.06209421786329017, 114.6829613942325636, 29.34984970429127671 ) ) ;
#26 = VERTEX_POINT ( 'NONE', #1634 ) ;
#27 = VERTEX_POINT ( 'NONE', #2303 ) ;
#28 = CARTESIAN_POINT ( 'NONE',  ( 62.21452604330658431, 115.1232512095065630, 27.80000000000000071 ) ) ;
#29 = CARTESIAN_POINT ( 'NONE',  ( 65.50690935564992401, 115.8900013478761082, 30.24374387975896994 ) ) ;
#30 = ORIENTED_EDGE ( 'NONE', *, *, #755, .T. ) ;
#31 = CARTESIAN_POINT ( 'NONE',  ( 113.2332251880661289, 119.7416116189011461, 28.11265960711269329 ) ) ;
#32 = ORIENTED_EDGE ( 'NONE', *, *, #2203, .T. ) ;
#33 = CARTESIAN_POINT ( 'NONE',  ( 112.8160634694287268, 115.5999419151807786, -27.65754502038138796 ) ) ;
#34 = LINE ( 'NONE', #744, #208 ) ;
#35 = CARTESIAN_POINT ( 'NONE',  ( 62.30465371738463887, 116.9901969625902751, 27.46680862363842479 ) ) ;
#36 = CARTESIAN_POINT ( 'NONE',  ( 64.66401578608976308, 124.3754909716795822, -28.30000000000000071 ) ) ;
#37 = CARTESIAN_POINT ( 'NONE',  ( 64.66401578608976308, 124.3754909716795822, 27.09999999999999787 ) ) ;
#38 = CARTESIAN_POINT ( 'NONE',  ( 66.63650039776440792, 119.9945953211614835, 27.89765837315426822 ) ) ;
#39 = CARTESIAN_POINT ( 'NONE',  ( 62.50681636978581679, 121.7784954697386297, -27.66177824533709639 ) ) ;
#40 = CARTESIAN_POINT ( 'NONE',  ( 47.73081601831552945, 114.3900013478761082, -27.80000000000000071 ) ) ;
#41 = CARTESIAN_POINT ( 'NONE',  ( 63.49554601050577674, 114.7964795391728785, 28.61563592686064084 ) ) ;
#42 = ORIENTED_EDGE ( 'NONE', *, *, #1811, .F. ) ;
#43 = CARTESIAN_POINT ( 'NONE',  ( 62.16401578608977729, 115.1382072749679111, -27.80000000000000071 ) ) ;
#44 = PLANE ( 'NONE',  #2212 ) ;
#45 = ORIENTED_EDGE ( 'NONE', *, *, #2203, .F. ) ;
#46 = AXIS2_PLACEMENT_3D ( 'NONE', #3156, #2695, #2671 ) ;
#47 = CARTESIAN_POINT ( 'NONE',  ( 113.4045816116975516, 120.4102754021447765, 27.48075925017077381 ) ) ;
#48 = EDGE_CURVE ( 'NONE', #3150, #615, #1952, .T. ) ;
#49 = VECTOR ( 'NONE', #2988, 1000.000000000000000 ) ;
#50 = CARTESIAN_POINT ( 'NONE',  ( 65.11427565950795326, 121.7921434790711572, -26.34374245653298630 ) ) ;
#51 = AXIS2_PLACEMENT_3D ( 'NONE', #2704, #2504, #1987 ) ;
#52 = CARTESIAN_POINT ( 'NONE',  ( 66.66401578608976308, 116.2270082540351837, -30.07982088196949633 ) ) ;
#53 = EDGE_CURVE ( 'NONE', #1483, #2540, #2383, .T. ) ;
#54 = CIRCLE ( 'NONE', #2538, 18.00000000000000355 ) ;
#55 = CARTESIAN_POINT ( 'NONE',  ( 62.60096489350236482, 115.0139391787753453, 26.88068742979217873 ) ) ;
#56 = CYLINDRICAL_SURFACE ( 'NONE', #2415, 5.000000000000000888 ) ;
#57 = CC_DESIGN_PERSON_AND_ORGANIZATION_ASSIGNMENT ( #2191, #2455, ( #2340 ) ) ;
#58 = CARTESIAN_POINT ( 'NONE',  ( 64.17319334859664082, 122.1534616882258319, -26.07715395565778849 ) ) ;
#59 = CARTESIAN_POINT ( 'NONE',  ( 113.2629888404851641, 120.0102165971062504, 27.88327271431202448 ) ) ;
#60 = FACE_OUTER_BOUND ( 'NONE', #1179, .T. ) ;
#61 = ORIENTED_EDGE ( 'NONE', *, *, #1477, .T. ) ;
#62 = EDGE_LOOP ( 'NONE', ( #2722, #597, #594, #2664, #2589, #311, #757, #1935 ) ) ;
#63 = CARTESIAN_POINT ( 'NONE',  ( 66.66401578608976308, 116.8292386891233292, 30.42339600199240479 ) ) ;
#64 = EDGE_LOOP ( 'NONE', ( #1382, #825, #2078, #2556 ) ) ;
#65 = CARTESIAN_POINT ( 'NONE',  ( 64.66401578608976308, 114.5840194975463220, -29.50000000000000711 ) ) ;
#66 = CARTESIAN_POINT ( 'NONE',  ( 64.47305005203322992, 121.6380855612547549, -26.30336923500811253 ) ) ;
#67 = EDGE_CURVE ( 'NONE', #447, #2438, #1384, .T. ) ;
#68 = DIRECTION ( 'NONE',  ( 0.000000000000000000, 0.000000000000000000, -1.000000000000000000 ) ) ;
#69 = CARTESIAN_POINT ( 'NONE',  ( 115.4823524092436315, 118.3829442569755344, -25.80947123618060601 ) ) ;
#70 = CARTESIAN_POINT ( 'NONE',  ( 62.66401578608975598, 120.8007361908937867, -28.58856680741003586 ) ) ;
#71 = CARTESIAN_POINT ( 'NONE',  ( 62.63690385696450846, 115.8709477109807722, -30.44460052418002149 ) ) ;
#72 = CARTESIAN_POINT ( 'NONE',  ( 62.57417468278239880, 121.8778191438631637, -27.50281456372521660 ) ) ;
#73 = CARTESIAN_POINT ( 'NONE',  ( 115.9520156012612517, 121.1923910629895573, 26.42791433758550212 ) ) ;
#74 = CARTESIAN_POINT ( 'NONE',  ( 117.4927365713594014, 120.8566923779752358, -27.51315909308109653 ) ) ;
#75 = ORIENTED_EDGE ( 'NONE', *, *, #2437, .T. ) ;
#76 = DIRECTION ( 'NONE',  ( 0.000000000000000000, 0.000000000000000000, -1.000000000000000000 ) ) ;
#77 = ORIENTED_EDGE ( 'NONE', *, *, #3111, .T. ) ;
#78 = CARTESIAN_POINT ( 'NONE',  ( 63.26500275804141893, 121.7833090545351240, 26.86347790137361002 ) ) ;
#79 = CARTESIAN_POINT ( 'NONE',  ( 112.8033110066995306, 115.3597980537846155, 27.71106934188376769 ) ) ;
#80 = ORIENTED_EDGE ( 'NONE', *, *, #952, .T. ) ;
#81 = CARTESIAN_POINT ( 'NONE',  ( 115.8388126438019583, 118.3355919942489578, 25.87152052207692421 ) ) ;
#82 = DIRECTION ( 'NONE',  ( -0.000000000000000000, -1.000000000000000000, -0.000000000000000000 ) ) ;
#83 = CARTESIAN_POINT ( 'NONE',  ( 114.9912978320253529, 118.3834744446383809, -25.80876427612043855 ) ) ;
#84 = CARTESIAN_POINT ( 'NONE',  ( 62.66401578608976308, 117.2259374464091053, -30.04491096189165944 ) ) ;
#85 = CARTESIAN_POINT ( 'NONE',  ( 64.66401578608976308, 114.5840194975463078, 25.80000000000000071 ) ) ;
#86 = ADVANCED_FACE ( 'NONE', ( #365 ), #2336, .F. ) ;
#87 = CARTESIAN_POINT ( 'NONE',  ( 115.8124248014632229, 121.2194577575614716, 26.38005808897024451 ) ) ;
#88 = CARTESIAN_POINT ( 'NONE',  ( 115.4254750749244067, 121.7218584768197758, -26.00060485831865975 ) ) ;
#89 = B_SPLINE_CURVE_WITH_KNOTS ( 'NONE', 3,
 ( #2452, #790, #239, #1000 ),
 .UNSPECIFIED., .F., .F.,
 ( 4, 4 ),
 ( -6.190258192232896166E-07, 0.004007581113535322280 ),
 .UNSPECIFIED. ) ;
#90 = DIRECTION ( 'NONE',  ( -0.000000000000000000, -1.000000000000000000, -0.000000000000000000 ) ) ;
#91 = FACE_OUTER_BOUND ( 'NONE', #2908, .T. ) ;
#92 = DIRECTION ( 'NONE',  ( -1.000000000000000000, 0.000000000000000000, 0.000000000000000000 ) ) ;
#93 = EDGE_LOOP ( 'NONE', ( #3062, #2017, #1133, #2294, #1309, #2771 ) ) ;
#94 = EDGE_CURVE ( 'NONE', #1675, #3178, #2941, .T. ) ;
#95 = CARTESIAN_POINT ( 'NONE',  ( 65.56057525412278153, 121.7996243313804996, 26.14078977371046975 ) ) ;
#96 = CARTESIAN_POINT ( 'NONE',  ( 62.66401578608976308, 117.9829881526650013, 29.80685306719342975 ) ) ;
#97 = VERTEX_POINT ( 'NONE', #1849 ) ;
#98 = CARTESIAN_POINT ( 'NONE',  ( 115.2332251880661147, 124.3754909716795822, 29.50000000000000711 ) ) ;
#99 = CARTESIAN_POINT ( 'NONE',  ( 62.28708270057887120, 120.4875882639376954, 28.99400170194630633 ) ) ;
#100 = CIRCLE ( 'NONE', #872, 8.000000000000000000 ) ;
#101 = AXIS2_PLACEMENT_3D ( 'NONE', #869, #2921, #2114 ) ;
#102 = CARTESIAN_POINT ( 'NONE',  ( 0.000000000000000000, 115.3900013478761082, -30.23303437365925461 ) ) ;
#103 = AXIS2_PLACEMENT_3D ( 'NONE', #3108, #1877, #3065 ) ;
#104 = CARTESIAN_POINT ( 'NONE',  ( 116.7577300383156427, 121.2099293637067348, 26.99034555579000028 ) ) ;
#105 = CARTESIAN_POINT ( 'NONE',  ( 116.3478027915717092, 121.0675668257422330, -26.63347844641549500 ) ) ;
#106 = EDGE_CURVE ( 'NONE', #160, #676, #2578, .T. ) ;
#107 = CARTESIAN_POINT ( 'NONE',  ( 116.7091822900000722, 120.8551236202871308, 26.94374753165912395 ) ) ;
#108 = ORIENTED_EDGE ( 'NONE', *, *, #2387, .T. ) ;
#109 = B_SPLINE_CURVE_WITH_KNOTS ( 'NONE', 3,
 ( #1590, #2632, #1380, #3084, #366, #896, #2137, #2870 ),
 .UNSPECIFIED., .F., .F.,
 ( 4, 2, 2, 4 ),
 ( 0.000000000000000000, 0.001026227123081445858, 0.002052454246162891717, 0.004104908492325746137 ),
 .UNSPECIFIED. ) ;
#110 = CARTESIAN_POINT ( 'NONE',  ( 66.17433449464320461, 121.5428321962403970, 26.49769103739671650 ) ) ;
#111 = CARTESIAN_POINT ( 'NONE',  ( 62.66401578608976308, 119.8970870791968366, 28.85980538950422059 ) ) ;
#112 = CARTESIAN_POINT ( 'NONE',  ( 62.68237653276867150, 114.9920378851328877, -26.76930452847250663 ) ) ;
#113 = ORIENTED_EDGE ( 'NONE', *, *, #1672, .F. ) ;
#114 = FACE_OUTER_BOUND ( 'NONE', #2172, .T. ) ;
#115 = CARTESIAN_POINT ( 'NONE',  ( 66.38393268305446782, 120.6053706372652812, -27.27214870489158827 ) ) ;
#116 = CARTESIAN_POINT ( 'NONE',  ( 117.2332251880661289, 125.8900013478761224, 0.000000000000000000 ) ) ;
#117 = FACE_OUTER_BOUND ( 'NONE', #1050, .T. ) ;
#118 = CARTESIAN_POINT ( 'NONE',  ( 116.5625546705865503, 120.9575512912767863, 26.79905749702104245 ) ) ;
#119 = CARTESIAN_POINT ( 'NONE',  ( 113.1316087593988868, 121.0654699977330324, -27.21253346322023958 ) ) ;
#120 = DIRECTION ( 'NONE',  ( 1.000000000000000000, -0.000000000000000000, -0.000000000000000000 ) ) ;
#121 = DIRECTION ( 'NONE',  ( 0.000000000000000000, -0.6798490356044494254, 0.7333520906002110040 ) ) ;
#122 = CARTESIAN_POINT ( 'NONE',  ( 65.34371542652330334, 118.4561730344643138, -25.89147198889964940 ) ) ;
#123 = ORIENTED_EDGE ( 'NONE', *, *, #428, .T. ) ;
#124 = CARTESIAN_POINT ( 'NONE',  ( 66.95542611165859626, 120.8273072975904796, 27.55971694805460359 ) ) ;
#125 = CARTESIAN_POINT ( 'NONE',  ( 62.37634027014619420, 115.0757404703885811, -27.25211175201021874 ) ) ;
#126 = ORIENTED_EDGE ( 'NONE', *, *, #2500, .F. ) ;
#127 = CARTESIAN_POINT ( 'NONE',  ( 63.92832340060596152, 114.7081930779495025, -29.26082810063397233 ) ) ;
#128 = CARTESIAN_POINT ( 'NONE',  ( 67.11350552887294896, 114.3909647356664578, 27.80000000000000071 ) ) ;
#129 = EDGE_CURVE ( 'NONE', #1548, #1165, #514, .T. ) ;
#130 = CARTESIAN_POINT ( 'NONE',  ( 66.66401578608976308, 125.8900013478761224, 28.30000000000000071 ) ) ;
#131 = CARTESIAN_POINT ( 'NONE',  ( 64.66401578608976308, 114.5840194975463078, 25.80000000000000071 ) ) ;
#132 = CARTESIAN_POINT ( 'NONE',  ( 113.4256160835269043, 120.4525241872271977, 27.43486932022092617 ) ) ;
#133 = CARTESIAN_POINT ( 'NONE',  ( 116.9029287322586583, 121.3910763762833227, -26.67320402777458099 ) ) ;
#134 = DIRECTION ( 'NONE',  ( -4.495398921347729252E-15, -0.7617634545978801963, -0.6478552610260281952 ) ) ;
#135 = CARTESIAN_POINT ( 'NONE',  ( 62.66401578608976308, 115.8900013478761082, 0.000000000000000000 ) ) ;
#136 = CARTESIAN_POINT ( 'NONE',  ( 117.7332251880661147, 114.3900013478761082, -27.80000000000000071 ) ) ;
#137 = ORIENTED_EDGE ( 'NONE', *, *, #2025, .T. ) ;
#138 = DIRECTION ( 'NONE',  ( -0.000000000000000000, -0.000000000000000000, 1.000000000000000000 ) ) ;
#139 = CARTESIAN_POINT ( 'NONE',  ( 112.8160026215136469, 115.5989266177963657, 27.65778800535070658 ) ) ;
#140 = CARTESIAN_POINT ( 'NONE',  ( 62.21452604330658431, 115.1232512095065630, -27.80000000000000071 ) ) ;
#141 = ORIENTED_EDGE ( 'NONE', *, *, #503, .F. ) ;
#142 = ADVANCED_FACE ( 'NONE', ( #394 ), #1509, .T. ) ;
#143 = EDGE_CURVE ( 'NONE', #16, #1501, #1203, .T. ) ;
#144 = CARTESIAN_POINT ( 'NONE',  ( 66.49514159786141931, 120.4095475064224843, -27.48663004801984400 ) ) ;
#145 = VECTOR ( 'NONE', #2731, 1000.000000000000000 ) ;
#146 = TOROIDAL_SURFACE ( 'NONE', #1134, 18.00000000000000355, 8.000000000000000000 ) ;
#147 = CARTESIAN_POINT ( 'NONE',  ( 62.20689028085123340, 117.3786213656024131, -30.52080189526356335 ) ) ;
#148 = CARTESIAN_POINT ( 'NONE',  ( 116.5059193932508919, 121.5534436264968718, -26.36293576520546722 ) ) ;
#149 = CARTESIAN_POINT ( 'NONE',  ( 116.6264471906611533, 121.5127378553392248, -26.44463792980980443 ) ) ;
#150 = VECTOR ( 'NONE', #1169, 1000.000000000000000 ) ;
#151 = CARTESIAN_POINT ( 'NONE',  ( 113.1870878255693214, 115.8736806458898627, 30.37544098895507005 ) ) ;
#152 = EDGE_CURVE ( 'NONE', #930, #3014, #735, .T. ) ;
#153 = LINE ( 'NONE', #1367, #1238 ) ;
#154 = AXIS2_PLACEMENT_3D ( 'NONE', #2693, #1418, #1679 ) ;
#155 = FACE_OUTER_BOUND ( 'NONE', #1265, .T. ) ;
#156 = ORIENTED_EDGE ( 'NONE', *, *, #2317, .F. ) ;
#157 = APPROVAL_PERSON_ORGANIZATION ( #193, #2593, #919 ) ;
#158 = CARTESIAN_POINT ( 'NONE',  ( 62.25097394256299310, 119.2239691791730820, 29.80127905220825824 ) ) ;
#159 = CARTESIAN_POINT ( 'NONE',  ( 65.75735993992095985, 114.4541210039178623, -26.03339219340949384 ) ) ;
#160 = VERTEX_POINT ( 'NONE', #2385 ) ;
#161 = DIRECTION ( 'NONE',  ( -0.000000000000000000, 1.000000000000000000, -0.000000000000000000 ) ) ;
#162 = DIRECTION ( 'NONE',  ( 0.000000000000000000, 0.000000000000000000, 1.000000000000000000 ) ) ;
#163 = CARTESIAN_POINT ( 'NONE',  ( 62.70958562405762393, 122.0124033375782915, -27.24717784272615617 ) ) ;
#164 = ADVANCED_FACE ( 'NONE', ( #2135 ), #1421, .T. ) ;
#165 = CARTESIAN_POINT ( 'NONE',  ( 62.16401578608978440, 118.3000213390013897, 26.80080803229548536 ) ) ;
#166 = CARTESIAN_POINT ( 'NONE',  ( 67.16533052941596793, 116.8288163922436809, -30.42214606555851475 ) ) ;
#167 = CARTESIAN_POINT ( 'NONE',  ( 63.92965454794134672, 114.7079392740840547, -27.33819134996607403 ) ) ;
#168 = CARTESIAN_POINT ( 'NONE',  ( 64.87565443739124760, 121.5145238987697809, 26.30602106849339705 ) ) ;
#169 = CARTESIAN_POINT ( 'NONE',  ( 63.82981628223981119, 115.4335901011057928, -30.76944606370075519 ) ) ;
#170 = CARTESIAN_POINT ( 'NONE',  ( 113.2263090153950031, 115.8900013478761082, 30.23303437365925461 ) ) ;
#171 = CARTESIAN_POINT ( 'NONE',  ( 66.33173397309981567, 115.4561586555822004, 30.72960502216097112 ) ) ;
#172 = CARTESIAN_POINT ( 'NONE',  ( 67.16649481265012867, 118.5279047679897531, -29.65938532334633138 ) ) ;
#173 = ORIENTED_EDGE ( 'NONE', *, *, #2684, .T. ) ;
#174 = FACE_OUTER_BOUND ( 'NONE', #1984, .T. ) ;
#175 = ORIENTED_EDGE ( 'NONE', *, *, #1825, .F. ) ;
#176 = CARTESIAN_POINT ( 'NONE',  ( 115.3960255175152128, 121.2635714009767014, -26.30053797182765507 ) ) ;
#177 = PERSON_AND_ORGANIZATION ( #1, #1442 ) ;
#178 = CARTESIAN_POINT ( 'NONE',  ( 64.66401578608974887, 114.5840194975463220, 27.09999999999999787 ) ) ;
#179 = CARTESIAN_POINT ( 'NONE',  ( 117.2332251880661289, 115.8900013478761082, 28.30000000000000071 ) ) ;
#180 = CARTESIAN_POINT ( 'NONE',  ( 64.06002375251030401, 122.0405132684099669, 26.38633065565691638 ) ) ;
#181 = DIRECTION ( 'NONE',  ( 1.000000000000000000, 0.000000000000000000, 0.000000000000000000 ) ) ;
#182 = ADVANCED_FACE ( 'NONE', ( #2885 ), #2149, .T. ) ;
#183 = EDGE_CURVE ( 'NONE', #2115, #16, #1487, .T. ) ;
#184 = CARTESIAN_POINT ( 'NONE',  ( 62.66401578608976308, 115.8900013478761082, -30.27376381721757426 ) ) ;
#185 = B_SPLINE_CURVE_WITH_KNOTS ( 'NONE', 3,
 ( #22, #1750, #1011, #1995 ),
 .UNSPECIFIED., .F., .F.,
 ( 4, 4 ),
 ( 0.000000000000000000, 8.484749404473174281E-05 ),
 .UNSPECIFIED. ) ;
#186 = CARTESIAN_POINT ( 'NONE',  ( 66.95909075736460636, 115.6629010569026690, 30.66804901844865938 ) ) ;
#187 = ORIENTED_EDGE ( 'NONE', *, *, #878, .F. ) ;
#188 = CARTESIAN_POINT ( 'NONE',  ( 65.59805163867800104, 118.3590971467680930, 25.96923739000653697 ) ) ;
#189 = EDGE_CURVE ( 'NONE', #983, #2416, #708, .T. ) ;
#190 = ORIENTED_EDGE ( 'NONE', *, *, #106, .T. ) ;
#191 = EDGE_CURVE ( 'NONE', #2357, #26, #1668, .T. ) ;
#192 = CARTESIAN_POINT ( 'NONE',  ( 116.7118582521151922, 120.8530964012619791, -26.94655513336761743 ) ) ;
#193 = PERSON_AND_ORGANIZATION ( #1, #1442 ) ;
#194 = DIRECTION ( 'NONE',  ( -0.000000000000000000, -1.000000000000000000, -0.000000000000000000 ) ) ;
#195 = VECTOR ( 'NONE', #120, 1000.000000000000000 ) ;
#196 = DIRECTION ( 'NONE',  ( 0.000000000000000000, 0.000000000000000000, 1.000000000000000000 ) ) ;
#197 = CARTESIAN_POINT ( 'NONE',  ( 66.49853662094385243, 121.3418493272798315, 26.81144271027729076 ) ) ;
#198 = DIRECTION ( 'NONE',  ( -0.000000000000000000, -0.000000000000000000, 1.000000000000000000 ) ) ;
#199 = CIRCLE ( 'NONE', #2008, 8.000000000000000000 ) ;
#200 = CARTESIAN_POINT ( 'NONE',  ( 62.16401578608977729, 116.2264633727675829, -30.73633685703035567 ) ) ;
#201 = CARTESIAN_POINT ( 'NONE',  ( 64.67612451563014986, 122.0505707540400664, -25.99443399627271134 ) ) ;
#202 = AXIS2_PLACEMENT_3D ( 'NONE', #2815, #1327, #1102 ) ;
#203 = FACE_OUTER_BOUND ( 'NONE', #2942, .T. ) ;
#204 = ADVANCED_FACE ( 'NONE', ( #1927 ), #2918, .T. ) ;
#205 = CARTESIAN_POINT ( 'NONE',  ( 117.2332251880661289, 119.7607408813532146, 28.09847189907550558 ) ) ;
#206 = ORIENTED_EDGE ( 'NONE', *, *, #2684, .F. ) ;
#207 = ORIENTED_EDGE ( 'NONE', *, *, #628, .F. ) ;
#208 = VECTOR ( 'NONE', #82, 1000.000000000000000 ) ;
#209 = CARTESIAN_POINT ( 'NONE',  ( 62.66401578608976308, 118.9962472708281496, 29.36369911149063938 ) ) ;
#210 = PRODUCT_DEFINITION_FORMATION_WITH_SPECIFIED_SOURCE ( 'ANY', '', #2340, .NOT_KNOWN. ) ;
#211 = VERTEX_POINT ( 'NONE', #2028 ) ;
#212 = CARTESIAN_POINT ( 'NONE',  ( 62.16401578608977019, 123.4911094289726918, 24.94513038708696229 ) ) ;
#213 = CYLINDRICAL_SURFACE ( 'NONE', #1247, 2.000000000000001776 ) ;
#214 = DIRECTION ( 'NONE',  ( 0.000000000000000000, 0.000000000000000000, 1.000000000000000000 ) ) ;
#215 = CARTESIAN_POINT ( 'NONE',  ( 65.38888359665597250, 121.6958935269178284, 26.42744378796707849 ) ) ;
#216 = CARTESIAN_POINT ( 'NONE',  ( 62.97720356814939890, 115.8900013478761082, -30.28879315124248350 ) ) ;
#217 = FACE_BOUND ( 'NONE', #1775, .T. ) ;
#218 = CARTESIAN_POINT ( 'NONE',  ( 63.67079651932089490, 121.8010932218418816, 26.55753098960472158 ) ) ;
#219 = CARTESIAN_POINT ( 'NONE',  ( 65.56845965604765070, 121.7969060986079057, -26.14387415420304706 ) ) ;
#220 = CARTESIAN_POINT ( 'NONE',  ( 115.0496675675488802, 121.7224069705005149, -25.99934810756980141 ) ) ;
#221 = DIRECTION ( 'NONE',  ( 0.000000000000000000, -1.000000000000000000, 0.000000000000000000 ) ) ;
#222 = CARTESIAN_POINT ( 'NONE',  ( 117.6950434402302221, 120.3900178241490835, 28.10532126726793933 ) ) ;
#223 = ORIENTED_EDGE ( 'NONE', *, *, #822, .T. ) ;
#224 = CARTESIAN_POINT ( 'NONE',  ( 67.16571934298819713, 117.4417300131850652, 30.20665239558586279 ) ) ;
#225 = ORIENTED_EDGE ( 'NONE', *, *, #1909, .F. ) ;
#226 = CARTESIAN_POINT ( 'NONE',  ( 113.2332251880661147, 115.8900013478761082, 30.14846922834953347 ) ) ;
#227 = PERSON_AND_ORGANIZATION ( #1, #1442 ) ;
#228 = CARTESIAN_POINT ( 'NONE',  ( 67.16759189499892102, 119.8296505815863071, -28.66666666666667140 ) ) ;
#229 = CARTESIAN_POINT ( 'NONE',  ( 62.16401578608977019, 120.4382779898376583, 23.13598372928189306 ) ) ;
#230 = ADVANCED_FACE ( 'NONE', ( #3004, #1748 ), #2461, .F. ) ;
#231 = DIRECTION ( 'NONE',  ( -1.000000000000000000, 0.000000000000000000, 0.000000000000000000 ) ) ;
#232 = CARTESIAN_POINT ( 'NONE',  ( 65.02614644778559239, 121.9621121811082816, 26.00802809236888180 ) ) ;
#233 = CARTESIAN_POINT ( 'NONE',  ( 65.39846882750384793, 114.4903378474586049, -27.33783930535108198 ) ) ;
#234 = CARTESIAN_POINT ( 'NONE',  ( 65.27348748284707369, 121.3790156389948152, 26.37228987133326186 ) ) ;
#235 = CARTESIAN_POINT ( 'NONE',  ( 62.82282068667338848, 121.4468126869986264, 27.50845173094861096 ) ) ;
#236 = CARTESIAN_POINT ( 'NONE',  ( 112.9117521750424373, 120.7438627392622834, 27.66465840511510521 ) ) ;
#237 = CARTESIAN_POINT ( 'NONE',  ( 67.16454770898286597, 115.4566297753488868, 30.72864771861497601 ) ) ;
#238 = EDGE_LOOP ( 'NONE', ( #2343, #1298, #30, #2402, #1677, #445, #2140, #272 ) ) ;
#239 = CARTESIAN_POINT ( 'NONE',  ( 65.33510861299748740, 115.8900013478761082, 30.24115087468292273 ) ) ;
#240 = EDGE_LOOP ( 'NONE', ( #2367, #1151, #1759, #686, #1904 ) ) ;
#241 = CARTESIAN_POINT ( 'NONE',  ( 66.66401578608976308, 117.4015532496074599, 29.67182098405385204 ) ) ;
#242 = DIRECTION ( 'NONE',  ( 0.000000000000000000, -0.000000000000000000, -1.000000000000000000 ) ) ;
#243 = ORIENTED_EDGE ( 'NONE', *, *, #2500, .T. ) ;
#244 = FACE_OUTER_BOUND ( 'NONE', #776, .T. ) ;
#245 = EDGE_CURVE ( 'NONE', #16, #913, #2760, .T. ) ;
#246 = CARTESIAN_POINT ( 'NONE',  ( 65.83215549666797983, 114.4498253777793053, 28.61660989934340904 ) ) ;
#247 = EDGE_CURVE ( 'NONE', #2416, #983, #2152, .T. ) ;
#248 = CARTESIAN_POINT ( 'NONE',  ( 62.38193346557433472, 117.4223585096555382, 27.27389205086467783 ) ) ;
#249 = CARTESIAN_POINT ( 'NONE',  ( 62.66401578608975598, 120.0253923715135329, -29.21745198021390166 ) ) ;
#250 = FACE_OUTER_BOUND ( 'NONE', #791, .T. ) ;
#251 = CARTESIAN_POINT ( 'NONE',  ( 62.68369571786826100, 121.0421580352027178, 27.94152225615783536 ) ) ;
#252 = EDGE_CURVE ( 'NONE', #1501, #2895, #2058, .T. ) ;
#253 = CARTESIAN_POINT ( 'NONE',  ( 117.0511166134897962, 121.3041080459460375, 26.82749467968698909 ) ) ;
#254 = CARTESIAN_POINT ( 'NONE',  ( 117.0904036016321754, 120.3467464026051488, -27.54849380296912287 ) ) ;
#255 = ORIENTED_EDGE ( 'NONE', *, *, #3077, .F. ) ;
#256 = LINE ( 'NONE', #1248, #1959 ) ;
#257 = VECTOR ( 'NONE', #3113, 1000.000000000000000 ) ;
#258 = EDGE_LOOP ( 'NONE', ( #2739, #1657, #2654 ) ) ;
#259 = VECTOR ( 'NONE', #2309, 1000.000000000000000 ) ;
#260 = FACE_OUTER_BOUND ( 'NONE', #397, .T. ) ;
#261 = CIRCLE ( 'NONE', #1910, 18.00000000000000355 ) ;
#262 = ORIENTED_EDGE ( 'NONE', *, *, #2178, .T. ) ;
#263 = CARTESIAN_POINT ( 'NONE',  ( 66.69996651741945470, 120.0878023734449727, -28.43226237094119213 ) ) ;
#264 = CARTESIAN_POINT ( 'NONE',  ( 63.35366219127701015, 121.7989509660959726, -26.78099413495996117 ) ) ;
#265 = EDGE_CURVE ( 'NONE', #462, #1736, #2971, .T. ) ;
#266 = CARTESIAN_POINT ( 'NONE',  ( 64.66401578608976308, 115.8900013478761082, 28.30000000000000071 ) ) ;
#267 = CARTESIAN_POINT ( 'NONE',  ( 62.66401578608976308, 115.8900013478761082, 30.26543587078575470 ) ) ;
#268 = CARTESIAN_POINT ( 'NONE',  ( 66.68351895342250657, 115.8900013478761366, -30.30823910785465714 ) ) ;
#269 = CARTESIAN_POINT ( 'NONE',  ( 62.16401578608977019, 122.8273465770684965, -26.43514655966052374 ) ) ;
#270 = CARTESIAN_POINT ( 'NONE',  ( 117.3543457338235498, 121.0434683015627968, 27.24555678742973441 ) ) ;
#271 = ORIENTED_EDGE ( 'NONE', *, *, #3077, .T. ) ;
#272 = ORIENTED_EDGE ( 'NONE', *, *, #1621, .T. ) ;
#273 = CARTESIAN_POINT ( 'NONE',  ( 62.16401578608978440, 120.1472575762416568, -24.44761456855246706 ) ) ;
#274 = ORIENTED_EDGE ( 'NONE', *, *, #3111, .F. ) ;
#275 = CARTESIAN_POINT ( 'NONE',  ( 66.66401578608976308, 118.5409717012083632, 29.69211342699377099 ) ) ;
#276 = VERTEX_POINT ( 'NONE', #298 ) ;
#277 = CARTESIAN_POINT ( 'NONE',  ( 112.8870011217121885, 116.2933998233804829, -27.42972857010839505 ) ) ;
#278 = CARTESIAN_POINT ( 'NONE',  ( 63.23896803529174804, 121.7776983508400406, -26.88859462348056795 ) ) ;
#279 = CARTESIAN_POINT ( 'NONE',  ( 113.2263090153950031, 115.8900013478761082, -30.23303437365925461 ) ) ;
#280 = CARTESIAN_POINT ( 'NONE',  ( 62.66339681218148172, 115.8900013478761082, 30.29041204137377719 ) ) ;
#281 = CARTESIAN_POINT ( 'NONE',  ( 64.66401578608976308, 124.3754909716795822, -29.50000000000000711 ) ) ;
#282 = CARTESIAN_POINT ( 'NONE',  ( 62.31737107590987534, 121.1585325022483914, -28.40342746491838355 ) ) ;
#283 = CARTESIAN_POINT ( 'NONE',  ( 117.2635536078596772, 121.1375945656231323, 27.10064769482648828 ) ) ;
#284 = CARTESIAN_POINT ( 'NONE',  ( 64.66401578608976308, 124.3754909716795822, -28.30000000000000071 ) ) ;
#285 = ORIENTED_EDGE ( 'NONE', *, *, #2871, .F. ) ;
#286 = CARTESIAN_POINT ( 'NONE',  ( 67.16476328557313025, 115.8647128338556627, 30.67377824154565147 ) ) ;
#287 = CARTESIAN_POINT ( 'NONE',  ( 62.13839764298731438, 115.8900013478761082, 30.78176016740430043 ) ) ;
#288 = ORIENTED_EDGE ( 'NONE', *, *, #1680, .T. ) ;
#289 = CARTESIAN_POINT ( 'NONE',  ( 115.0768599133793231, 121.2638648903110550, 26.29999999999780869 ) ) ;
#290 = EDGE_CURVE ( 'NONE', #1325, #740, #1891, .T. ) ;
#291 = B_SPLINE_CURVE_WITH_KNOTS ( 'NONE', 3,
 ( #2806, #2311, #1089, #598, #2072, #1583 ),
 .UNSPECIFIED., .F., .F.,
 ( 4, 2, 4 ),
 ( 0.000000000000000000, 0.002498369807098104779, 0.004996739614196209558 ),
 .UNSPECIFIED. ) ;
#292 =( BOUNDED_SURFACE ( )  B_SPLINE_SURFACE ( 3, 2, ( 
 ( #2154, #1885, #1166 ),
 ( #2876, #2892, #2127 ),
 ( #2665, #887, #2141 ),
 ( #158, #2418, #209 ),
 ( #1414, #688, #433 ),
 ( #932, #655, #3117 ),
 ( #1625, #1901, #1638 ),
 ( #915, #1676, #2637 ),
 ( #2171, #1919, #416 ),
 ( #1402, #2927, #675 ) ),
 .UNSPECIFIED., .F., .F., .T. ) 
 B_SPLINE_SURFACE_WITH_KNOTS ( ( 4, 2, 2, 2, 4 ),
 ( 3, 3 ),
 ( 0.000000000000000000, 0.001412706954248942569, 0.002825413908497885138, 0.004238120862746827706, 0.005650827816995770275 ),
 ( 0.000000000000000000, 1.000000000000000000 ),
 .UNSPECIFIED. ) 
 GEOMETRIC_REPRESENTATION_ITEM ( )  RATIONAL_B_SPLINE_SURFACE ( (
 ( 1.000000000000000000, 0.7970719574666422780, 1.000000000000000000),
 ( 1.000000000000000000, 0.7893152714136224546, 1.000000000000000000),
 ( 1.000000000000000000, 0.7815465655840596604, 1.000000000000000000),
 ( 1.000000000000000000, 0.7661705177039279668, 1.000000000000000000),
 ( 1.000000000000000000, 0.7585634115276189693, 1.000000000000000000),
 ( 1.000000000000000000, 0.7435910032348598264, 1.000000000000000000),
 ( 1.000000000000000000, 0.7364391867285334792, 1.000000000000000000),
 ( 1.000000000000000000, 0.7227480744306172822, 1.000000000000000000),
 ( 1.000000000000000000, 0.7162081432332108033, 1.000000000000000000),
 ( 1.000000000000000000, 0.7099378954145251219, 1.000000000000000000) ) ) 
 REPRESENTATION_ITEM ( '' )  SURFACE ( )  );
#293 = ORIENTED_EDGE ( 'NONE', *, *, #1388, .F. ) ;
#294 = CARTESIAN_POINT ( 'NONE',  ( 65.02384115329165581, 121.4640005741914592, -26.32755991652048522 ) ) ;
#295 = CARTESIAN_POINT ( 'NONE',  ( 117.6301632330880267, 115.5621594802282743, -30.71437775077679078 ) ) ;
#296 = CARTESIAN_POINT ( 'NONE',  ( 62.21452604330658431, 115.1232512095065630, 27.80000000000000071 ) ) ;
#297 = CARTESIAN_POINT ( 'NONE',  ( 117.5799832147335309, 116.2898389600198783, -27.43119341973228487 ) ) ;
#298 = CARTESIAN_POINT ( 'NONE',  ( 115.2332251880661147, 114.3900013478761082, -27.09999999999999787 ) ) ;
#299 = CARTESIAN_POINT ( 'NONE',  ( 64.02348737631945141, 121.7483872330283390, -26.39974122047518179 ) ) ;
#300 = CARTESIAN_POINT ( 'NONE',  ( 66.66641505463212525, 115.8900013478761082, 30.20621655327820676 ) ) ;
#301 = DIRECTION ( 'NONE',  ( 0.000000000000000000, 0.000000000000000000, 1.000000000000000000 ) ) ;
#302 = ORIENTED_EDGE ( 'NONE', *, *, #2838, .T. ) ;
#303 = FACE_BOUND ( 'NONE', #2833, .T. ) ;
#304 = AXIS2_PLACEMENT_3D ( 'NONE', #1176, #1412, #2151 ) ;
#305 = ORIENTED_EDGE ( 'NONE', *, *, #1473, .T. ) ;
#306 = CARTESIAN_POINT ( 'NONE',  ( 63.07323111158749640, 121.7102417863199975, 27.07924723557155744 ) ) ;
#307 = EDGE_CURVE ( 'NONE', #326, #1660, #2525, .T. ) ;
#308 = VECTOR ( 'NONE', #1457, 1000.000000000000000 ) ;
#309 = FACE_OUTER_BOUND ( 'NONE', #3027, .T. ) ;
#310 = CALENDAR_DATE ( 2026, 11, 5 ) ;
#311 = ORIENTED_EDGE ( 'NONE', *, *, #2620, .F. ) ;
#312 = CARTESIAN_POINT ( 'NONE',  ( 116.9860898617643272, 117.7381151918791460, 26.51497791664854020 ) ) ;
#313 = B_SPLINE_CURVE_WITH_KNOTS ( 'NONE', 3,
 ( #2408, #707, #489, #2195, #1185, #3182, #3154, #246, #1200, #1695, #936, #1665, #1232, #3136, #3, #2425, #972, #1456 ),
 .UNSPECIFIED., .F., .F.,
 ( 4, 2, 2, 2, 2, 2, 2, 2, 4 ),
 ( 0.003780814846772963776, 0.004251269961422146117, 0.004721725076071328457, 0.005192180190720509930, 0.005662635305369692271, 0.006133090420018874611, 0.006603545534668056952, 0.007074000649317239292, 0.007544455763966421633 ),
 .UNSPECIFIED. ) ;
#314 = CIRCLE ( 'NONE', #103, 1.200000000000003064 ) ;
#315 = CARTESIAN_POINT ( 'NONE',  ( 117.2793598636030765, 115.8736822727227604, -30.37543418330952960 ) ) ;
#316 = AXIS2_PLACEMENT_3D ( 'NONE', #969, #1890, #2910 ) ;
#317 = CARTESIAN_POINT ( 'NONE',  ( 63.56139581910086633, 114.7820267404143806, 26.05183356609367706 ) ) ;
#318 = CARTESIAN_POINT ( 'NONE',  ( 67.29973397013858971, 132.3900013478761366, 33.00000000000000000 ) ) ;
#319 = CARTESIAN_POINT ( 'NONE',  ( 62.66401578608976308, 120.5553194237731418, -28.30000000000000071 ) ) ;
#320 = CARTESIAN_POINT ( 'NONE',  ( 115.3749914661972298, 121.2641024994059933, 26.29956445670845255 ) ) ;
#321 = CARTESIAN_POINT ( 'NONE',  ( 117.5546982010898063, 120.7438627392622834, -27.66465840511510521 ) ) ;
#322 = ORIENTED_EDGE ( 'NONE', *, *, #1156, .F. ) ;
#323 = CARTESIAN_POINT ( 'NONE',  ( 62.21755229414475252, 117.8612490214676569, -30.37785248422946083 ) ) ;
#324 = ORIENTED_EDGE ( 'NONE', *, *, #48, .T. ) ;
#325 = DIRECTION ( 'NONE',  ( 0.000000000000000000, -1.000000000000000000, 0.000000000000000000 ) ) ;
#326 = VERTEX_POINT ( 'NONE', #2267 ) ;
#327 = CARTESIAN_POINT ( 'NONE',  ( 117.7332251880661289, 114.3900013478761082, 22.80000000000000071 ) ) ;
#328 = EDGE_CURVE ( 'NONE', #1660, #2906, #1783, .T. ) ;
#329 = CARTESIAN_POINT ( 'NONE',  ( 112.7332251880661147, 115.4566680145427853, -30.72856999856987059 ) ) ;
#330 = CARTESIAN_POINT ( 'NONE',  ( 114.6329853051176855, 118.3366522587756577, -25.87015765019648939 ) ) ;
#331 = CARTESIAN_POINT ( 'NONE',  ( 62.66401578608974887, 116.3664398804543367, -30.70533956077287030 ) ) ;
#332 = CARTESIAN_POINT ( 'NONE',  ( 62.57076914830125958, 115.8096652973149219, -30.57244980985351646 ) ) ;
#333 = CARTESIAN_POINT ( 'NONE',  ( 64.52050683562160316, 121.9543016550453558, -26.29804019050539310 ) ) ;
#334 = EDGE_CURVE ( 'NONE', #2993, #276, #1027, .T. ) ;
#335 = CARTESIAN_POINT ( 'NONE',  ( 113.6225875756637151, 120.7308867775697507, 27.10658477728362570 ) ) ;
#336 = CARTESIAN_POINT ( 'NONE',  ( 115.3980116260771212, 121.5909359909463205, -26.30051845289584023 ) ) ;
#337 = DIRECTION ( 'NONE',  ( -0.000000000000000000, -1.000000000000000000, -0.000000000000000000 ) ) ;
#338 = CARTESIAN_POINT ( 'NONE',  ( 115.9938384076434232, 121.1830610020488024, 26.44410031137514139 ) ) ;
#339 = VERTEX_POINT ( 'NONE', #1979 ) ;
#340 = CARTESIAN_POINT ( 'NONE',  ( 115.2332251880661147, 123.8115352338453619, 28.30000000000000071 ) ) ;
#341 = ORIENTED_EDGE ( 'NONE', *, *, #402, .T. ) ;
#342 = CARTESIAN_POINT ( 'NONE',  ( 62.66401578608976308, 117.9829881526650155, -29.80685306719343330 ) ) ;
#343 = CARTESIAN_POINT ( 'NONE',  ( 62.27491803280560845, 120.0836309402998836, 29.28545512832192799 ) ) ;
#344 = DIRECTION ( 'NONE',  ( 1.000000000000000000, 0.000000000000000000, 0.000000000000000000 ) ) ;
#345 = CARTESIAN_POINT ( 'NONE',  ( 62.80743338594342617, 121.4164456336616666, -27.54633368303552032 ) ) ;
#346 = CARTESIAN_POINT ( 'NONE',  ( 113.7984452161056907, 120.8868908683571135, 26.90007148598304809 ) ) ;
#347 = CARTESIAN_POINT ( 'NONE',  ( 113.3782481894936609, 120.3520198876054366, -27.54299250795688536 ) ) ;
#348 = CARTESIAN_POINT ( 'NONE',  ( 62.30864241549334537, 117.0210050676574980, -27.45508701306364685 ) ) ;
#349 = ORIENTED_EDGE ( 'NONE', *, *, #3023, .F. ) ;
#350 = CARTESIAN_POINT ( 'NONE',  ( 63.02495870084161567, 122.1702332396531858, 26.81333339369848545 ) ) ;
#351 = VECTOR ( 'NONE', #198, 1000.000000000000000 ) ;
#352 = LINE ( 'NONE', #1343, #259 ) ;
#353 = CARTESIAN_POINT ( 'NONE',  ( 63.67758241571874578, 114.7576874605876043, -25.99846282985439672 ) ) ;
#354 = ORIENTED_EDGE ( 'NONE', *, *, #290, .T. ) ;
#355 = DIRECTION ( 'NONE',  ( 0.000000000000000000, 0.000000000000000000, -1.000000000000000000 ) ) ;
#356 = AXIS2_PLACEMENT_3D ( 'NONE', #2845, #1635, #1850 ) ;
#357 = CARTESIAN_POINT ( 'NONE',  ( 62.16866566407695416, 115.4053931437163953, 30.79586247014115941 ) ) ;
#358 = TOROIDAL_SURFACE ( 'NONE', #1594, 7.500000000000000000, 0.5000000000000000000 ) ;
#359 = B_SPLINE_CURVE_WITH_KNOTS ( 'NONE', 3,
 ( #1791, #3028, #1824, #2293, #2308, #1838, #806, #350, #2070, #2542, #2092, #2037, #2830, #2079, #611, #2785, #3044, #95, #1611, #2326, #110, #2813, #2592, #1856, #1579, #124, #1101, #369, #827, #2848, #583, #2607 ),
 .UNSPECIFIED., .F., .F.,
 ( 4, 2, 2, 2, 2, 2, 2, 2, 2, 2, 2, 2, 2, 2, 2, 4 ),
 ( 0.000000000000000000, 0.001128754354760295835, 0.001693131532140456979, 0.002257508709520618558, 0.002821885886900779919, 0.003386263064280941280, 0.003950640241661102642, 0.004515017419041264003, 0.005079394596421424497, 0.005643771773801585859, 0.006208148951181746353, 0.006772526128561906847, 0.007336903305942069076, 0.007901280483322229570, 0.008465657660702390064, 0.009030034838082552293 ),
 .UNSPECIFIED. ) ;
#360 = CIRCLE ( 'NONE', #1647, 0.5000000000000004441 ) ;
#361 = DIRECTION ( 'NONE',  ( -0.000000000000000000, 1.000000000000000000, -0.000000000000000000 ) ) ;
#362 = CIRCLE ( 'NONE', #2591, 18.00000000000000355 ) ;
#363 = CARTESIAN_POINT ( 'NONE',  ( 113.8400031854711045, 121.5127378553392248, 26.44463792980980443 ) ) ;
#364 = CARTESIAN_POINT ( 'NONE',  ( 113.4536537571491834, 120.9679027844564558, -27.35931151281972973 ) ) ;
#365 = FACE_OUTER_BOUND ( 'NONE', #14, .T. ) ;
#366 = CARTESIAN_POINT ( 'NONE',  ( 66.66401578608977729, 117.5199346887957006, 29.62448481057057137 ) ) ;
#367 = CARTESIAN_POINT ( 'NONE',  ( 115.3890280020980157, 121.2638648903086818, 26.30000000000217497 ) ) ;
#368 = ORIENTED_EDGE ( 'NONE', *, *, #952, .F. ) ;
#369 = CARTESIAN_POINT ( 'NONE',  ( 67.09224780880579431, 120.4845588378616696, 27.98758097694292246 ) ) ;
#370 = CARTESIAN_POINT ( 'NONE',  ( 113.1121046423086938, 121.0434683015627968, -27.24555678742974507 ) ) ;
#371 = ORIENTED_EDGE ( 'NONE', *, *, #2396, .T. ) ;
#372 = CARTESIAN_POINT ( 'NONE',  ( 116.0674365606272715, 118.2810998339966488, 25.94026693731519728 ) ) ;
#373 = DIRECTION ( 'NONE',  ( -1.000000000000000000, 0.000000000000000000, 0.000000000000000000 ) ) ;
#374 = PLANE ( 'NONE',  #2472 ) ;
#375 = CARTESIAN_POINT ( 'NONE',  ( 67.11350552887294896, 114.3909647356664721, -27.80000000000000071 ) ) ;
#376 = CARTESIAN_POINT ( 'NONE',  ( 114.2428466295455110, 121.1154555366416758, 26.55639963736263454 ) ) ;
#377 = CARTESIAN_POINT ( 'NONE',  ( 116.4711983862693501, 121.5638191514201196, -26.34186618408435976 ) ) ;
#378 = CARTESIAN_POINT ( 'NONE',  ( 112.9390055331329705, 115.6628940947679496, 30.66762001544216076 ) ) ;
#379 = DIRECTION ( 'NONE',  ( -1.000000000000000000, -0.000000000000000000, -0.000000000000000000 ) ) ;
#380 = ADVANCED_FACE ( 'NONE', ( #2283 ), #56, .F. ) ;
#381 = CARTESIAN_POINT ( 'NONE',  ( 67.01095215810047989, 116.2906578223993534, -27.43180149170281013 ) ) ;
#382 = EDGE_LOOP ( 'NONE', ( #1211, #1503, #1933 ) ) ;
#383 = ADVANCED_FACE ( 'NONE', ( #1767, #2728 ), #1542, .F. ) ;
#384 = CARTESIAN_POINT ( 'NONE',  ( 115.2332251880661289, 115.8900013478761082, 26.29999999999999361 ) ) ;
#385 = DIRECTION ( 'NONE',  ( -1.000000000000000000, 0.000000000000000000, 0.000000000000000000 ) ) ;
#386 = ORIENTED_EDGE ( 'NONE', *, *, #781, .F. ) ;
#387 = ADVANCED_FACE ( 'NONE', ( #1797 ), #2714, .T. ) ;
#388 = DIRECTION ( 'NONE',  ( 1.000000000000000000, -0.000000000000000000, -0.000000000000000000 ) ) ;
#389 = PLANE ( 'NONE',  #1957 ) ;
#390 = DIRECTION ( 'NONE',  ( 1.000000000000000000, 0.000000000000000000, 0.000000000000000000 ) ) ;
#391 = CARTESIAN_POINT ( 'NONE',  ( 117.6979739855391784, 120.3711987187452195, -28.12586604144918212 ) ) ;
#392 = CARTESIAN_POINT ( 'NONE',  ( 114.1810732307609015, 121.4413964341382695, -26.59001233309729528 ) ) ;
#393 = CARTESIAN_POINT ( 'NONE',  ( 62.64545775264997474, 121.0695769149226351, 28.35013176045075056 ) ) ;
#394 = FACE_OUTER_BOUND ( 'NONE', #2243, .T. ) ;
#395 = CARTESIAN_POINT ( 'NONE',  ( 113.2332251880661147, 115.8900013478761082, -30.23303437365925461 ) ) ;
#396 = LINE ( 'NONE', #931, #2322 ) ;
#397 = EDGE_LOOP ( 'NONE', ( #1719, #1948, #2324, #1262, #610 ) ) ;
#398 = CYLINDRICAL_SURFACE ( 'NONE', #668, 10.00000000000000178 ) ;
#399 = CARTESIAN_POINT ( 'NONE',  ( 67.11350552887294896, 114.3909647356664578, 27.80000000000000071 ) ) ;
#400 = CARTESIAN_POINT ( 'NONE',  ( 64.93072305366797536, 114.5460172959071343, -25.81020562718759592 ) ) ;
#401 = ORIENTED_EDGE ( 'NONE', *, *, #822, .F. ) ;
#402 = EDGE_CURVE ( 'NONE', #1276, #483, #2264, .T. ) ;
#403 = CARTESIAN_POINT ( 'NONE',  ( 62.16401578608976308, 123.7931093769574034, 23.34741145141862972 ) ) ;
#404 = DIRECTION ( 'NONE',  ( 0.000000000000000000, 0.000000000000000000, -1.000000000000000000 ) ) ;
#405 = VECTOR ( 'NONE', #3034, 1000.000000000000000 ) ;
#406 = CIRCLE ( 'NONE', #771, 0.4999999999999976685 ) ;
#407 = CARTESIAN_POINT ( 'NONE',  ( 62.16401578608978440, 115.4777757920760308, 27.80000000000000426 ) ) ;
#408 = CARTESIAN_POINT ( 'NONE',  ( 67.16497361058841875, 116.2379059742521150, -30.59459563989240749 ) ) ;
#409 = CARTESIAN_POINT ( 'NONE',  ( 117.7332251880661289, 114.3900013478761082, -22.80000000000000071 ) ) ;
#410 = VECTOR ( 'NONE', #875, 1000.000000000000000 ) ;
#411 = CARTESIAN_POINT ( 'NONE',  ( 62.65037975511812363, 120.9368039032400617, 28.47281448244899238 ) ) ;
#412 = CYLINDRICAL_SURFACE ( 'NONE', #2155, 18.00000000000000355 ) ;
#413 = CARTESIAN_POINT ( 'NONE',  ( 117.7332251880661147, 122.3900013478761082, -22.80000000000000071 ) ) ;
#414 = ORIENTED_EDGE ( 'NONE', *, *, #106, .F. ) ;
#415 = CC_DESIGN_APPROVAL ( #2865, ( #767 ) ) ;
#416 = CARTESIAN_POINT ( 'NONE',  ( 62.66401578608976308, 115.8334313810926943, 30.28438693906686296 ) ) ;
#417 = ORIENTED_EDGE ( 'NONE', *, *, #2299, .T. ) ;
#418 = CARTESIAN_POINT ( 'NONE',  ( 62.16401578608977729, 119.5596541301263613, 29.62577156400877954 ) ) ;
#419 = DATE_AND_TIME ( #486, #674 ) ;
#420 = EDGE_CURVE ( 'NONE', #211, #3145, #2945, .T. ) ;
#421 = CARTESIAN_POINT ( 'NONE',  ( 62.29933949146947469, 120.8671576034719379, -28.66666666666666785 ) ) ;
#422 = CARTESIAN_POINT ( 'NONE',  ( 62.66401578608976308, 125.8900013478761224, 0.000000000000000000 ) ) ;
#423 = CARTESIAN_POINT ( 'NONE',  ( 0.000000000000000000, 119.3900013478761082, -22.80000000000000071 ) ) ;
#424 = CARTESIAN_POINT ( 'NONE',  ( 66.00866444184248394, 120.9868023001100283, 26.81317551478634442 ) ) ;
#425 = CARTESIAN_POINT ( 'NONE',  ( 65.86394745105050674, 114.4473561394268017, -28.45760579819171454 ) ) ;
#426 = B_SPLINE_CURVE_WITH_KNOTS ( 'NONE', 3,
 ( #296, #2250, #2495, #2026, #1977, #2969, #35, #248, #1746, #1781, #2985, #2773, #2529, #2231, #1234, #2214, #1729, #2725, #1506, #507, #1488, #1254 ),
 .UNSPECIFIED., .F., .F.,
 ( 4, 2, 2, 2, 2, 2, 2, 2, 2, 2, 4 ),
 ( 0.0007315209616920921067, 0.001443431580699728115, 0.002155342199707364122, 0.002867252818715000130, 0.003579163437722636138, 0.004291074056730266074, 0.004647029366234090367, 0.005002984675737913792, 0.005358939985241737217, 0.005714895294745560642, 0.006426805913753207491 ),
 .UNSPECIFIED. ) ;
#427 = CARTESIAN_POINT ( 'NONE',  ( 62.66339681218148172, 115.8900013478761082, -30.29041204137377719 ) ) ;
#428 = EDGE_CURVE ( 'NONE', #2276, #1538, #2468, .T. ) ;
#429 = FACE_OUTER_BOUND ( 'NONE', #1466, .T. ) ;
#430 = CC_DESIGN_PERSON_AND_ORGANIZATION_ASSIGNMENT ( #2879, #1710, ( #572 ) ) ;
#431 = CARTESIAN_POINT ( 'NONE',  ( 117.2332251880661147, 119.8289554957084277, 28.66666666666666430 ) ) ;
#432 = ORIENTED_EDGE ( 'NONE', *, *, #2803, .T. ) ;
#433 = CARTESIAN_POINT ( 'NONE',  ( 62.66401578608976308, 118.5712656693610398, 29.57031480425456138 ) ) ;
#434 = ORIENTED_EDGE ( 'NONE', *, *, #1624, .T. ) ;
#435 = CARTESIAN_POINT ( 'NONE',  ( 62.16401578608979150, 120.6894036582059471, 28.88210507155381279 ) ) ;
#436 = COORDINATED_UNIVERSAL_TIME_OFFSET ( 1, 0, .AHEAD. ) ;
#437 = PLANE ( 'NONE',  #2423 ) ;
#438 = ADVANCED_FACE ( 'NONE', ( #2186 ), #1898, .F. ) ;
#439 = CARTESIAN_POINT ( 'NONE',  ( 63.61798864177448110, 114.7704490273700486, -27.69117388620712106 ) ) ;
#440 = CARTESIAN_POINT ( 'NONE',  ( 64.16613977374197475, 122.1546668660338639, 26.07920558407811384 ) ) ;
#441 = CARTESIAN_POINT ( 'NONE',  ( 64.97588773149693964, 114.5400403207193989, -27.13065637245201600 ) ) ;
#442 = CARTESIAN_POINT ( 'NONE',  ( 62.66401578608976308, 120.5553194237731418, 28.30000000000000071 ) ) ;
#443 = CARTESIAN_POINT ( 'NONE',  ( 117.2332251880661289, 114.3900013478761082, -22.80000000000000071 ) ) ;
#444 = CARTESIAN_POINT ( 'NONE',  ( 117.7332251880661289, 119.8289554957084135, 28.66666666666666785 ) ) ;
#445 = ORIENTED_EDGE ( 'NONE', *, *, #265, .F. ) ;
#446 = CARTESIAN_POINT ( 'NONE',  ( 113.2263090153950031, 115.8900013478761082, -30.23303437365925461 ) ) ;
#447 = VERTEX_POINT ( 'NONE', #1946 ) ;
#448 = DIRECTION ( 'NONE',  ( -1.000000000000000000, 0.000000000000000000, 0.000000000000000000 ) ) ;
#449 = DIRECTION ( 'NONE',  ( 0.000000000000000000, -1.000000000000000000, 0.000000000000000000 ) ) ;
#450 = CARTESIAN_POINT ( 'NONE',  ( 117.7332251880661289, 114.3900013478761082, -22.80000000000000071 ) ) ;
#451 = AXIS2_PLACEMENT_3D ( 'NONE', #3127, #2411, #1410 ) ;
#452 = CARTESIAN_POINT ( 'NONE',  ( 62.66401578608976308, 115.8900013478761082, -0.000000000000000000 ) ) ;
#453 = CARTESIAN_POINT ( 'NONE',  ( 66.12397636068190820, 121.5684459407073916, 26.45850550061956952 ) ) ;
#454 = CARTESIAN_POINT ( 'NONE',  ( 66.35400704630912116, 115.4562745136514934, -30.72936974298051283 ) ) ;
#455 = CIRCLE ( 'NONE', #1433, 5.000000000000000888 ) ;
#456 = DIRECTION ( 'NONE',  ( -1.000000000000000000, -0.000000000000000000, -0.000000000000000000 ) ) ;
#457 = CARTESIAN_POINT ( 'NONE',  ( 66.66401578608976308, 119.4897347581820100, -28.30000000000000071 ) ) ;
#458 = CIRCLE ( 'NONE', #1184, 0.5000000000000004441 ) ;
#459 = CARTESIAN_POINT ( 'NONE',  ( 112.7332251880661147, 119.8289554957084135, 28.66666666666666430 ) ) ;
#460 = CARTESIAN_POINT ( 'NONE',  ( 66.68351833984878851, 115.8900013478761224, 30.30823544796624347 ) ) ;
#461 = CARTESIAN_POINT ( 'NONE',  ( 117.1321315763400150, 120.7769975270527283, 27.62206603913674030 ) ) ;
#462 = VERTEX_POINT ( 'NONE', #413 ) ;
#463 = TOROIDAL_SURFACE ( 'NONE', #777, 7.500000000000000000, 0.5000000000000000000 ) ;
#464 = CARTESIAN_POINT ( 'NONE',  ( 66.91771484748144871, 116.7592930503912498, 27.21208512330229468 ) ) ;
#465 = CC_DESIGN_SECURITY_CLASSIFICATION ( #572, ( #210 ) ) ;
#466 = ORIENTED_EDGE ( 'NONE', *, *, #1808, .F. ) ;
#467 = CARTESIAN_POINT ( 'NONE',  ( 62.16401578608979150, 122.9470866046499822, 26.19033293649525973 ) ) ;
#468 = PERSON_AND_ORGANIZATION ( #1, #1442 ) ;
#469 = EDGE_CURVE ( 'NONE', #3045, #3058, #2313, .T. ) ;
#470 = ORIENTED_EDGE ( 'NONE', *, *, #2396, .F. ) ;
#471 = CARTESIAN_POINT ( 'NONE',  ( 113.2332251880661147, 115.8900013478761082, -28.30000000000000071 ) ) ;
#472 = DIRECTION ( 'NONE',  ( 0.000000000000000000, 0.000000000000000000, -1.000000000000000000 ) ) ;
#473 = DIRECTION ( 'NONE',  ( -1.000000000000000000, 0.000000000000000000, 0.000000000000000000 ) ) ;
#474 = CARTESIAN_POINT ( 'NONE',  ( 65.51382656405567673, 115.4514029914384423, -30.73999347120030379 ) ) ;
#475 = DIRECTION ( 'NONE',  ( 4.717540722503074194E-15, 0.7333333333333315052, -0.6798692684790400564 ) ) ;
#476 = DIRECTION ( 'NONE',  ( 0.000000000000000000, -1.000000000000000000, 0.000000000000000000 ) ) ;
#477 = CARTESIAN_POINT ( 'NONE',  ( 66.04130630558762505, 121.6082690958718615, -26.39733885455910567 ) ) ;
#478 = CARTESIAN_POINT ( 'NONE',  ( 115.4167828085834202, 121.7224069705005149, 25.99934810756979786 ) ) ;
#479 = CARTESIAN_POINT ( 'NONE',  ( 65.49904689476596786, 115.4512633009162244, 30.74023834601385730 ) ) ;
#480 = ORIENTED_EDGE ( 'NONE', *, *, #600, .T. ) ;
#481 = DIRECTION ( 'NONE',  ( 0.000000000000000000, 0.000000000000000000, 1.000000000000000000 ) ) ;
#482 = EDGE_CURVE ( 'NONE', #3178, #2943, #1163, .T. ) ;
#483 = VERTEX_POINT ( 'NONE', #3161 ) ;
#484 = ADVANCED_FACE ( 'NONE', ( #734 ), #700, .F. ) ;
#485 = CARTESIAN_POINT ( 'NONE',  ( 66.66401578605193379, 119.2219147500657357, 29.23420744679322070 ) ) ;
#486 = CALENDAR_DATE ( 2026, 11, 5 ) ;
#487 = ORIENTED_EDGE ( 'NONE', *, *, #2961, .F. ) ;
#488 = CARTESIAN_POINT ( 'NONE',  ( 113.1877928716958621, 117.3246178067808501, -26.85482841655026576 ) ) ;
#489 = CARTESIAN_POINT ( 'NONE',  ( 64.97648730731033595, 114.5399705108451940, 29.46903544603376446 ) ) ;
#490 = CARTESIAN_POINT ( 'NONE',  ( 63.99567058697386557, 122.1821032185830802, 26.13568554545430089 ) ) ;
#491 = CARTESIAN_POINT ( 'NONE',  ( 62.66401578608976308, 120.1914268263475378, -28.60947892113352253 ) ) ;
#492 = CARTESIAN_POINT ( 'NONE',  ( 66.78058161566903550, 115.8212109525695439, -30.49540651634156418 ) ) ;
#493 = CARTESIAN_POINT ( 'NONE',  ( 62.16401578608979150, 120.8952365102815207, -28.69863653126011371 ) ) ;
#494 = CARTESIAN_POINT ( 'NONE',  ( 113.1082359270921529, 121.0389556579514618, 27.25227213642796542 ) ) ;
#495 = DIRECTION ( 'NONE',  ( -1.000000000000000000, 0.000000000000000000, 0.000000000000000000 ) ) ;
#496 = ORIENTED_EDGE ( 'NONE', *, *, #2286, .T. ) ;
#497 = ORIENTED_EDGE ( 'NONE', *, *, #2476, .F. ) ;
#498 = DIRECTION ( 'NONE',  ( -0.000000000000000000, -0.000000000000000000, 1.000000000000000000 ) ) ;
#499 = B_SPLINE_CURVE_WITH_KNOTS ( 'NONE', 3,
 ( #2284, #814, #71, #332, #1062, #1798, #2795, #575 ),
 .UNSPECIFIED., .F., .F.,
 ( 4, 2, 2, 4 ),
 ( 0.000000000000000000, 0.0002333138739163279150, 0.0004666277478326558300, 0.0009332554956653184904 ),
 .UNSPECIFIED. ) ;
#500 = ORIENTED_EDGE ( 'NONE', *, *, #245, .T. ) ;
#501 = CARTESIAN_POINT ( 'NONE',  ( 114.9200030989458696, 121.2539063945165623, 26.31850077616224581 ) ) ;
#502 = SHAPE_DEFINITION_REPRESENTATION ( #1847, #3053 ) ;
#503 = EDGE_CURVE ( 'NONE', #211, #27, #1204, .T. ) ;
#504 = ORIENTED_EDGE ( 'NONE', *, *, #2299, .F. ) ;
#505 = CARTESIAN_POINT ( 'NONE',  ( 66.38673736034309059, 121.0692109138309434, -27.25829243331361695 ) ) ;
#506 = CARTESIAN_POINT ( 'NONE',  ( 66.66401578608974887, 117.5199346887956438, -29.62448481057055005 ) ) ;
#507 = CARTESIAN_POINT ( 'NONE',  ( 64.18848834347299714, 118.7130657381162706, 25.83368796355209085 ) ) ;
#508 = CARTESIAN_POINT ( 'NONE',  ( 62.27286707869661342, 115.1060692677255588, 27.51418846445752209 ) ) ;
#509 = CARTESIAN_POINT ( 'NONE',  ( 62.66401578608976308, 119.8063034341837323, -28.88327736341449281 ) ) ;
#510 = AXIS2_PLACEMENT_3D ( 'NONE', #2202, #1400, #3188 ) ;
#511 = CARTESIAN_POINT ( 'NONE',  ( 113.2332251880661147, 125.8900013478761224, -28.30000000000000071 ) ) ;
#512 = CARTESIAN_POINT ( 'NONE',  ( 115.9821577249378208, 121.6712898908166665, 26.11441464030520976 ) ) ;
#513 = CARTESIAN_POINT ( 'NONE',  ( 63.70577442800602341, 114.7520723123813724, 29.03947107598144584 ) ) ;
#514 = CIRCLE ( 'NONE', #2886, 1.200000000000003064 ) ;
#515 = ORIENTED_EDGE ( 'NONE', *, *, #1449, .T. ) ;
#516 = EDGE_LOOP ( 'NONE', ( #2126, #1658, #2754, #2691, #1988 ) ) ;
#517 = CARTESIAN_POINT ( 'NONE',  ( 62.16401578608976308, 120.4009462939384321, -23.47364727796549388 ) ) ;
#518 = CIRCLE ( 'NONE', #921, 2.000000000000001776 ) ;
#519 = VERTEX_POINT ( 'NONE', #684 ) ;
#520 = AXIS2_PLACEMENT_3D ( 'NONE', #2474, #760, #68 ) ;
#521 = CARTESIAN_POINT ( 'NONE',  ( 66.66401578608976308, 118.2800600390065995, 29.25950512047344176 ) ) ;
#522 = VERTEX_POINT ( 'NONE', #1224 ) ;
#523 = CARTESIAN_POINT ( 'NONE',  ( 65.68862690458503550, 121.7542394270881658, -26.19591586032528241 ) ) ;
#524 = CARTESIAN_POINT ( 'NONE',  ( 65.48133442407620919, 121.2839055486535358, -26.46892946633487398 ) ) ;
#525 = EDGE_CURVE ( 'NONE', #2976, #819, #2735, .T. ) ;
#526 = CARTESIAN_POINT ( 'NONE',  ( 113.2332251880661147, 115.8900013478761082, -30.14846922834953347 ) ) ;
#527 = DIRECTION ( 'NONE',  ( 0.000000000000000000, 0.000000000000000000, 1.000000000000000000 ) ) ;
#528 = DIRECTION ( 'NONE',  ( 0.000000000000000000, -1.000000000000000000, 0.000000000000000000 ) ) ;
#529 = CARTESIAN_POINT ( 'NONE',  ( 62.74598547289262029, 122.0403463450165873, -27.18653205342462797 ) ) ;
#530 = CARTESIAN_POINT ( 'NONE',  ( 117.5614414689004690, 120.7295708866603263, 27.68314273543243687 ) ) ;
#531 = CARTESIAN_POINT ( 'NONE',  ( 64.66401578608974887, 114.5840194975463220, 27.09999999999999787 ) ) ;
#532 = EDGE_CURVE ( 'NONE', #2307, #1483, #2198, .T. ) ;
#533 = VERTEX_POINT ( 'NONE', #912 ) ;
#534 = CARTESIAN_POINT ( 'NONE',  ( 62.16401578608977729, 118.9486362553292480, -26.26222950689852809 ) ) ;
#535 = ORIENTED_EDGE ( 'NONE', *, *, #914, .T. ) ;
#536 = CARTESIAN_POINT ( 'NONE',  ( 66.66401578608976308, 115.7460791546767922, 30.18661892593815210 ) ) ;
#537 = EDGE_LOOP ( 'NONE', ( #2708, #80, #173 ) ) ;
#538 = CARTESIAN_POINT ( 'NONE',  ( 65.91463145958958592, 121.4614661757614016, -26.70641778434233160 ) ) ;
#539 = CARTESIAN_POINT ( 'NONE',  ( 66.06077465889129030, 120.9473342550246429, -26.86199604438803590 ) ) ;
#540 = CARTESIAN_POINT ( 'NONE',  ( 63.69020406464591133, 114.7550903844245056, 25.99303679988256377 ) ) ;
#541 = DIRECTION ( 'NONE',  ( 0.000000000000000000, -1.000000000000000000, 0.000000000000000000 ) ) ;
#542 = CARTESIAN_POINT ( 'NONE',  ( 63.27179462407636379, 121.7850442850478032, -26.85667515317151555 ) ) ;
#543 = ADVANCED_FACE ( 'NONE', ( #1655, #429 ), #961, .T. ) ;
#544 = CARTESIAN_POINT ( 'NONE',  ( 113.2332251880661289, 119.7617624071722560, 28.09771425779787180 ) ) ;
#545 = CARTESIAN_POINT ( 'NONE',  ( 0.000000000000000000, 114.3900013478761082, 22.80000000000000071 ) ) ;
#546 =( BOUNDED_SURFACE ( )  B_SPLINE_SURFACE ( 3, 2, ( 
 ( #1685, #2675, #457 ),
 ( #2973, #2937, #747 ),
 ( #1732, #2729, #1893 ),
 ( #2381, #2868, #893 ),
 ( #1632, #1867, #2854 ),
 ( #3096, #1141, #2628 ),
 ( #166, #649, #1378 ),
 ( #408, #635, #881 ),
 ( #1395, #1158, #2647 ),
 ( #2121, #2132, #3124 ) ),
 .UNSPECIFIED., .F., .F., .F. ) 
 B_SPLINE_SURFACE_WITH_KNOTS ( ( 4, 2, 2, 2, 4 ),
 ( 3, 3 ),
 ( 0.000000000000000000, 0.002306281367262417829, 0.002882851709078022504, 0.003459422050893626744, 0.004612562734524835659 ),
 ( 0.000000000000000000, 1.000000000000000000 ),
 .UNSPECIFIED. ) 
 GEOMETRIC_REPRESENTATION_ITEM ( )  RATIONAL_B_SPLINE_SURFACE ( (
 ( 1.000000000000000000, 0.7045735526478826838, 1.000000000000000000),
 ( 1.000000000000000000, 0.7049713016199780080, 1.000000000000000000),
 ( 1.000000000000000000, 0.7053596105029353858, 1.000000000000000000),
 ( 1.000000000000000000, 0.7058215344486606924, 1.000000000000000000),
 ( 1.000000000000000000, 0.7059128595148687069, 1.000000000000000000),
 ( 1.000000000000000000, 0.7060901406213735410, 1.000000000000000000),
 ( 1.000000000000000000, 0.7061765103489006101, 1.000000000000000000),
 ( 1.000000000000000000, 0.7064291924017080948, 1.000000000000000000),
 ( 1.000000000000000000, 0.7065890778795115290, 1.000000000000000000),
 ( 1.000000000000000000, 0.7067414748088491905, 1.000000000000000000) ) ) 
 REPRESENTATION_ITEM ( '' )  SURFACE ( )  );
#547 = ORIENTED_EDGE ( 'NONE', *, *, #2004, .F. ) ;
#548 = DIRECTION ( 'NONE',  ( 0.000000000000000000, 0.000000000000000000, 1.000000000000000000 ) ) ;
#549 = ORIENTED_EDGE ( 'NONE', *, *, #714, .T. ) ;
#550 = DIRECTION ( 'NONE',  ( -0.000000000000000000, -1.000000000000000000, -0.000000000000000000 ) ) ;
#551 = VERTEX_POINT ( 'NONE', #2940 ) ;
#552 = CARTESIAN_POINT ( 'NONE',  ( 64.50596931821173996, 114.6074142169620984, -29.50000000000001066 ) ) ;
#553 = DIRECTION ( 'NONE',  ( -1.000000000000000000, 0.000000000000000000, 0.000000000000000000 ) ) ;
#554 = CYLINDRICAL_SURFACE ( 'NONE', #2686, 2.500000000000002220 ) ;
#555 = CARTESIAN_POINT ( 'NONE',  ( 116.0712681712822132, 118.2799990180897112, -25.94163322640178748 ) ) ;
#556 = CARTESIAN_POINT ( 'NONE',  ( 0.000000000000000000, 114.3900013478761082, -22.80000000000000071 ) ) ;
#557 = CARTESIAN_POINT ( 'NONE',  ( 64.51730709329665103, 122.0863411265199829, -26.00806854326761908 ) ) ;
#558 = CARTESIAN_POINT ( 'NONE',  ( 115.4104330357311028, 121.7223759094909354, 25.99941927644986350 ) ) ;
#559 = CARTESIAN_POINT ( 'NONE',  ( 117.6960206304101035, 120.3848976143712122, -28.11103028343680776 ) ) ;
#560 = ORIENTED_EDGE ( 'NONE', *, *, #2933, .F. ) ;
#561 = CARTESIAN_POINT ( 'NONE',  ( 62.16401578608977729, 116.7982482239242756, 27.55337183941405854 ) ) ;
#562 = AXIS2_PLACEMENT_3D ( 'NONE', #2388, #1464, #2450 ) ;
#563 = ORIENTED_EDGE ( 'NONE', *, *, #2721, .T. ) ;
#564 = CIRCLE ( 'NONE', #1491, 1.200000000000003064 ) ;
#565 = CARTESIAN_POINT ( 'NONE',  ( 113.9801383365027760, 118.1171589743769061, 26.13389716140890684 ) ) ;
#566 = AXIS2_PLACEMENT_3D ( 'NONE', #699, #2185, #385 ) ;
#567 = ORIENTED_EDGE ( 'NONE', *, *, #2193, .T. ) ;
#568 = CARTESIAN_POINT ( 'NONE',  ( 64.66401578608976308, 115.8900013478761082, -29.50000000000000711 ) ) ;
#569 = EDGE_CURVE ( 'NONE', #3086, #2143, #3144, .T. ) ;
#570 = AXIS2_PLACEMENT_3D ( 'NONE', #2226, #722, #481 ) ;
#571 = CARTESIAN_POINT ( 'NONE',  ( 63.04310985696598379, 121.6930417571660001, -27.11869131982626868 ) ) ;
#572 = SECURITY_CLASSIFICATION ( '', '', #2950 ) ;
#573 = DIRECTION ( 'NONE',  ( 0.000000000000000000, 0.000000000000000000, 1.000000000000000000 ) ) ;
#574 = CARTESIAN_POINT ( 'NONE',  ( 62.66401578608976308, 117.6797302218678993, -29.91338510741684686 ) ) ;
#575 = CARTESIAN_POINT ( 'NONE',  ( 62.16866566407695416, 115.4053931437164096, -30.79586247014115941 ) ) ;
#576 = CARTESIAN_POINT ( 'NONE',  ( 66.65293181242974185, 114.4010049928867829, 26.75812032687139919 ) ) ;
#577 = CARTESIAN_POINT ( 'NONE',  ( 113.2199281719208841, 121.1536124754586297, 27.07544637068596671 ) ) ;
#578 = CARTESIAN_POINT ( 'NONE',  ( 113.8517059718134448, 121.5170579059246734, -26.43619317424522919 ) ) ;
#579 = VERTEX_POINT ( 'NONE', #2414 ) ;
#580 = CARTESIAN_POINT ( 'NONE',  ( 113.2332251880661147, 119.4890208614689016, 28.30000000000000071 ) ) ;
#581 = CARTESIAN_POINT ( 'NONE',  ( 62.71038055444378045, 118.2176648534127281, -26.72681948485595882 ) ) ;
#582 = EDGE_LOOP ( 'NONE', ( #470, #1069, #302 ) ) ;
#583 = CARTESIAN_POINT ( 'NONE',  ( 67.16771962784858374, 119.9688948466296097, 28.53757997813999481 ) ) ;
#584 = ADVANCED_FACE ( 'NONE', ( #203 ), #2256, .F. ) ;
#585 = ORIENTED_EDGE ( 'NONE', *, *, #3153, .T. ) ;
#586 = CARTESIAN_POINT ( 'NONE',  ( 64.66401578608976308, 114.5840194975463220, -29.50000000000000711 ) ) ;
#587 = CARTESIAN_POINT ( 'NONE',  ( 62.18633579177782877, 116.4076341877592853, 30.76482951322694248 ) ) ;
#588 = DIRECTION ( 'NONE',  ( 0.000000000000000000, 0.000000000000000000, -1.000000000000000000 ) ) ;
#589 = CARTESIAN_POINT ( 'NONE',  ( 63.77654959321031924, 122.0699292998267680, -26.50084450235868516 ) ) ;
#590 = CARTESIAN_POINT ( 'NONE',  ( 116.8389853551456810, 120.7359076078912210, 27.10016574343195117 ) ) ;
#591 = CARTESIAN_POINT ( 'NONE',  ( 113.4273985789739356, 120.4560649458338304, -27.43100917729212185 ) ) ;
#592 = CARTESIAN_POINT ( 'NONE',  ( 113.1174467249163484, 115.8211911659481643, 30.49437830069430433 ) ) ;
#593 = CARTESIAN_POINT ( 'NONE',  ( 62.21452604330658431, 115.1232512095065630, -27.80000000000000071 ) ) ;
#594 = ORIENTED_EDGE ( 'NONE', *, *, #656, .F. ) ;
#595 = CARTESIAN_POINT ( 'NONE',  ( 112.7872104513253788, 114.8787563105781686, 27.78199019649937540 ) ) ;
#596 = CARTESIAN_POINT ( 'NONE',  ( 62.66401578608976308, 116.3202199743241607, 30.22586168748875224 ) ) ;
#597 = ORIENTED_EDGE ( 'NONE', *, *, #2245, .T. ) ;
#598 = CARTESIAN_POINT ( 'NONE',  ( 65.49904689476595365, 115.4512633009161959, -30.74023834601385730 ) ) ;
#599 = CARTESIAN_POINT ( 'NONE',  ( 115.2332251880661147, 123.8115352338453619, -28.30000000000000071 ) ) ;
#600 = EDGE_CURVE ( 'NONE', #2438, #1036, #2788, .T. ) ;
#601 = B_SPLINE_CURVE_WITH_KNOTS ( 'NONE', 3,
 ( #2095, #3030, #1539, #1312, #342, #2083, #1828, #2597 ),
 .UNSPECIFIED., .F., .F.,
 ( 4, 2, 2, 4 ),
 ( 0.000000000000000000, 0.001283714623576500584, 0.002567429247153001168, 0.005134858494306044838 ),
 .UNSPECIFIED. ) ;
#602 = FACE_OUTER_BOUND ( 'NONE', #1294, .T. ) ;
#603 = CARTESIAN_POINT ( 'NONE',  ( 62.65947438176858242, 115.8900013478761082, 30.36949887504068357 ) ) ;
#604 = CARTESIAN_POINT ( 'NONE',  ( 115.2332251880661147, 114.3900013478761082, 28.30000000000000071 ) ) ;
#605 = CARTESIAN_POINT ( 'NONE',  ( 114.6421177082335987, 121.2174621146980087, 26.38358944450546062 ) ) ;
#606 = CARTESIAN_POINT ( 'NONE',  ( 112.9759419230744300, 120.8604691867995058, -27.50801223497975201 ) ) ;
#607 = CARTESIAN_POINT ( 'NONE',  ( 112.8353161147357042, 115.5611655615750664, 30.71451146718426983 ) ) ;
#608 = CARTESIAN_POINT ( 'NONE',  ( 117.7332251880661289, 114.3900013478761082, 22.80000000000000071 ) ) ;
#609 = DIRECTION ( 'NONE',  ( 0.000000000000000000, -0.000000000000000000, -1.000000000000000000 ) ) ;
#610 = ORIENTED_EDGE ( 'NONE', *, *, #2933, .T. ) ;
#611 = CARTESIAN_POINT ( 'NONE',  ( 64.66693624263345441, 122.0527438957094972, 25.99472720622932087 ) ) ;
#612 = AXIS2_PLACEMENT_3D ( 'NONE', #2513, #797, #1285 ) ;
#613 = CARTESIAN_POINT ( 'NONE',  ( 62.66401578608976308, 120.5553194237731418, 28.30000000000000071 ) ) ;
#614 = CARTESIAN_POINT ( 'NONE',  ( 64.66401578608976308, 115.8900013478761082, 27.09999999999999787 ) ) ;
#615 = VERTEX_POINT ( 'NONE', #3022 ) ;
#616 = CARTESIAN_POINT ( 'NONE',  ( 116.7569144641094141, 117.9468387261951250, 26.31535439644505203 ) ) ;
#617 = AXIS2_PLACEMENT_3D ( 'NONE', #3125, #2694, #472 ) ;
#618 = CYLINDRICAL_SURFACE ( 'NONE', #3003, 2.500000000000002220 ) ;
#619 = VECTOR ( 'NONE', #1108, 1000.000000000000000 ) ;
#620 = CIRCLE ( 'NONE', #154, 2.500000000000002220 ) ;
#621 = LINE ( 'NONE', #1603, #1547 ) ;
#622 = EDGE_CURVE ( 'NONE', #1121, #2438, #2046, .T. ) ;
#623 = CARTESIAN_POINT ( 'NONE',  ( 117.2404253991348639, 121.1589680272799541, 27.06688765711847822 ) ) ;
#624 = CARTESIAN_POINT ( 'NONE',  ( 116.6583591134016729, 121.2744681693557993, -26.88348664962916601 ) ) ;
#625 = LINE ( 'NONE', #135, #3141 ) ;
#626 = CARTESIAN_POINT ( 'NONE',  ( 65.86166934974923493, 118.2168141162644588, -26.10278190322104663 ) ) ;
#627 = ORIENTED_EDGE ( 'NONE', *, *, #2581, .F. ) ;
#628 = EDGE_CURVE ( 'NONE', #2906, #3102, #2874, .T. ) ;
#629 = CARTESIAN_POINT ( 'NONE',  ( 114.9865627735748461, 118.3831209392146775, 25.80923531861270348 ) ) ;
#630 = CARTESIAN_POINT ( 'NONE',  ( 115.4330688165336909, 121.7218256015644755, -26.00068018413774595 ) ) ;
#631 = EDGE_LOOP ( 'NONE', ( #1290, #736, #207, #1876 ) ) ;
#632 = CARTESIAN_POINT ( 'NONE',  ( 64.66401578608976308, 123.8115352338453619, -28.30000000000000071 ) ) ;
#633 = LINE ( 'NONE', #3066, #410 ) ;
#634 = CARTESIAN_POINT ( 'NONE',  ( 62.23986854496660470, 118.7942867187044840, -30.01257306999105623 ) ) ;
#635 = CARTESIAN_POINT ( 'NONE',  ( 66.66401578608976308, 116.2382097400632830, -30.59550662367201923 ) ) ;
#636 = CARTESIAN_POINT ( 'NONE',  ( 115.9619588366933840, 121.1900982142254293, -26.43186210810739567 ) ) ;
#637 = LINE ( 'NONE', #2826, #2791 ) ;
#638 = ADVANCED_FACE ( 'NONE', ( #2716 ), #996, .F. ) ;
#639 = CARTESIAN_POINT ( 'NONE',  ( 66.87042907863633445, 116.9317247062136147, -27.11529660441170364 ) ) ;
#640 = ORIENTED_EDGE ( 'NONE', *, *, #2543, .T. ) ;
#641 = DIRECTION ( 'NONE',  ( -0.000000000000000000, -1.000000000000000000, -0.000000000000000000 ) ) ;
#642 = CARTESIAN_POINT ( 'NONE',  ( 47.73081601831552945, 114.3900013478761082, 30.80000000000000071 ) ) ;
#643 = ORIENTED_EDGE ( 'NONE', *, *, #1827, .F. ) ;
#644 = B_SPLINE_CURVE_WITH_KNOTS ( 'NONE', 3,
 ( #459, #2621, #1242, #1479, #1030, #494, #1048, #718, #995, #1274, #2463, #2483, #1717, #981, #2255, #478, #1733, #512, #2958, #2015, #3006, #1997, #253, #283, #270, #2222, #530, #1260, #1223, #2449, #9, #2990 ),
 .UNSPECIFIED., .F., .F.,
 ( 4, 2, 2, 2, 2, 2, 2, 2, 2, 2, 2, 2, 2, 2, 2, 4 ),
 ( 0.000000000000000000, 0.001144403896054270063, 0.001716605844081413442, 0.002288807792108557039, 0.002861009740135700852, 0.003433211688162844232, 0.004005413636189988046, 0.004577615584217131425, 0.005149817532244275672, 0.005722019480271419919, 0.006294221428298564167, 0.006866423376325707546, 0.007438625324352852661, 0.008010827272379996908, 0.008583029220407141155, 0.009155231168434283667 ),
 .UNSPECIFIED. ) ;
#645 = CARTESIAN_POINT ( 'NONE',  ( 113.3612511547047887, 120.3094482819615791, -27.58696666837165168 ) ) ;
#646 = FACE_BOUND ( 'NONE', #1267, .T. ) ;
#647 = CARTESIAN_POINT ( 'NONE',  ( 62.17750013980841572, 115.9064803079161550, -30.78034702456117344 ) ) ;
#648 = B_SPLINE_CURVE_WITH_KNOTS ( 'NONE', 3,
 ( #2552, #1318, #2626, #2612, #3080, #2644, #603, #905 ),
 .UNSPECIFIED., .F., .F.,
 ( 4, 2, 2, 4 ),
 ( -4.606575401525141045E-06, 0.0004643962058886322644, 0.0006988975965337047846, 0.0009333989871787771965 ),
 .UNSPECIFIED. ) ;
#649 = CARTESIAN_POINT ( 'NONE',  ( 66.66401578608976308, 116.8292386891233292, -30.42339600199240479 ) ) ;
#650 = CARTESIAN_POINT ( 'NONE',  ( 115.2332251880661147, 114.3900013478761082, -29.50000000000000711 ) ) ;
#651 = CARTESIAN_POINT ( 'NONE',  ( 115.2332251880661289, 115.8900013478761082, 28.30000000000000071 ) ) ;
#652 = CARTESIAN_POINT ( 'NONE',  ( 117.3915628204985495, 115.7850964270173364, 30.54485749864499766 ) ) ;
#653 = CARTESIAN_POINT ( 'NONE',  ( 117.3348416167333710, 121.0654699977330324, 27.21253346322023958 ) ) ;
#654 = ORIENTED_EDGE ( 'NONE', *, *, #143, .F. ) ;
#655 = CARTESIAN_POINT ( 'NONE',  ( 62.66401578608977729, 117.8132844534422787, 30.34379904587436982 ) ) ;
#656 = EDGE_CURVE ( 'NONE', #701, #1691, #2272, .T. ) ;
#657 = APPLICATION_CONTEXT ( 'configuration controlled 3d designs of mechanical parts and assemblies' ) ;
#658 = ORIENTED_EDGE ( 'NONE', *, *, #2604, .F. ) ;
#659 = DIRECTION ( 'NONE',  ( 0.000000000000000000, 0.000000000000000000, -1.000000000000000000 ) ) ;
#660 = COORDINATED_UNIVERSAL_TIME_OFFSET ( 1, 0, .AHEAD. ) ;
#661 = AXIS2_PLACEMENT_3D ( 'NONE', #695, #2428, #5 ) ;
#662 = ADVANCED_FACE ( 'NONE', ( #60 ), #3007, .F. ) ;
#663 = CARTESIAN_POINT ( 'NONE',  ( 63.16123935065726158, 122.2006129729748096, -26.66996172600408244 ) ) ;
#664 = AXIS2_PLACEMENT_3D ( 'NONE', #2576, #1105, #355 ) ;
#665 = CARTESIAN_POINT ( 'NONE',  ( 62.16866566407695416, 115.4053931437164096, -30.79586247014115941 ) ) ;
#666 = CARTESIAN_POINT ( 'NONE',  ( 117.5052364233116293, 120.8355607981861652, -27.54194938467309584 ) ) ;
#667 = CARTESIAN_POINT ( 'NONE',  ( 115.2332251880661147, 114.3900013478761082, -28.30000000000000071 ) ) ;
#668 = AXIS2_PLACEMENT_3D ( 'NONE', #318, #1303, #785 ) ;
#669 = CARTESIAN_POINT ( 'NONE',  ( 64.44446604080589225, 121.6459158072348146, 26.30679127113504379 ) ) ;
#670 = CARTESIAN_POINT ( 'NONE',  ( 64.66401578608976308, 124.3754909716795822, -27.09999999999999787 ) ) ;
#671 = VECTOR ( 'NONE', #2188, 1000.000000000000000 ) ;
#672 = CARTESIAN_POINT ( 'NONE',  ( 113.2263090153950031, 115.8900013478761082, 30.23303437365925461 ) ) ;
#673 = VERTEX_POINT ( 'NONE', #2484 ) ;
#674 = LOCAL_TIME ( 14, 19, 12.00000000000000000, #2707 ) ;
#675 = CARTESIAN_POINT ( 'NONE',  ( 62.66401578608976308, 115.3558319825144309, 30.29710211432053768 ) ) ;
#676 = VERTEX_POINT ( 'NONE', #2536 ) ;
#677 = CARTESIAN_POINT ( 'NONE',  ( 114.6238706986928833, 121.2145113777877725, -26.38881356000234035 ) ) ;
#678 = CARTESIAN_POINT ( 'NONE',  ( 62.16401578608978440, 119.0751199991376126, 26.14650958194461694 ) ) ;
#679 = CARTESIAN_POINT ( 'NONE',  ( 113.1976036362160443, 120.0841759018466064, -28.43005324103776488 ) ) ;
#680 = CARTESIAN_POINT ( 'NONE',  ( 66.58240462775300728, 120.7867099059276086, 27.63952098756679376 ) ) ;
#681 = DIRECTION ( 'NONE',  ( 0.000000000000000000, -1.000000000000000000, 0.000000000000000000 ) ) ;
#682 = B_SPLINE_CURVE_WITH_KNOTS ( 'NONE', 3,
 ( #427, #2400, #184, #3142 ),
 .UNSPECIFIED., .F., .F.,
 ( 4, 4 ),
 ( 0.000000000000000000, 2.498383929545507979E-05 ),
 .UNSPECIFIED. ) ;
#683 = DIRECTION ( 'NONE',  ( 0.000000000000000000, 0.000000000000000000, -1.000000000000000000 ) ) ;
#684 = CARTESIAN_POINT ( 'NONE',  ( 62.16401578608977729, 115.1382072749679111, -27.80000000000000071 ) ) ;
#685 = CARTESIAN_POINT ( 'NONE',  ( 117.4905084530578279, 120.8604691867995058, 27.50801223497975201 ) ) ;
#686 = ORIENTED_EDGE ( 'NONE', *, *, #2063, .F. ) ;
#687 = ORIENTED_EDGE ( 'NONE', *, *, #334, .F. ) ;
#688 = CARTESIAN_POINT ( 'NONE',  ( 62.66401578608977729, 118.7441224029025619, 29.96406527887315718 ) ) ;
#689 = ORIENTED_EDGE ( 'NONE', *, *, #2769, .T. ) ;
#690 = CARTESIAN_POINT ( 'NONE',  ( 117.0625551682645096, 120.4088044002093909, -27.48233428984145732 ) ) ;
#691 = PERSON_AND_ORGANIZATION_ROLE ( 'creator' ) ;
#692 = CARTESIAN_POINT ( 'NONE',  ( 62.16401578608976308, 120.4011089004360855, 23.47284657997264290 ) ) ;
#693 = CARTESIAN_POINT ( 'NONE',  ( 0.000000000000000000, 119.3900013478761082, 22.80000000000000071 ) ) ;
#694 = CARTESIAN_POINT ( 'NONE',  ( 67.16785711807243331, 120.1187673384594632, 28.39864036955999893 ) ) ;
#695 = CARTESIAN_POINT ( 'NONE',  ( 0.000000000000000000, 114.3900013478761082, -22.80000000000000071 ) ) ;
#696 = CARTESIAN_POINT ( 'NONE',  ( 66.01884096674827163, 120.9797110350410918, 26.82187761143357108 ) ) ;
#697 = CARTESIAN_POINT ( 'NONE',  ( 62.16401578608977729, 123.8095352338453523, -33.56635886837386806 ) ) ;
#698 = CARTESIAN_POINT ( 'NONE',  ( 63.95040010752120452, 122.1887014285534150, -26.15262626141382540 ) ) ;
#699 = CARTESIAN_POINT ( 'NONE',  ( 67.29973397013858971, 132.3900013478761366, 22.80000000000000426 ) ) ;
#700 = CYLINDRICAL_SURFACE ( 'NONE', #562, 2.000000000000001776 ) ;
#701 = VERTEX_POINT ( 'NONE', #2778 ) ;
#702 = ADVANCED_FACE ( 'NONE', ( #2223 ), #1837, .T. ) ;
#703 = CARTESIAN_POINT ( 'NONE',  ( 67.10990436036726692, 114.8883774782726306, 27.78131343244852758 ) ) ;
#704 = ORIENTED_EDGE ( 'NONE', *, *, #2911, .F. ) ;
#705 = CARTESIAN_POINT ( 'NONE',  ( 117.1072836691201360, 120.3039020297526207, -27.59262114106130781 ) ) ;
#706 = CARTESIAN_POINT ( 'NONE',  ( 115.2332251880661289, 115.8900013478761082, 28.30000000000000071 ) ) ;
#707 = CARTESIAN_POINT ( 'NONE',  ( 64.81942286575882406, 114.5610154717499825, 29.50000000000021672 ) ) ;
#708 = CIRCLE ( 'NONE', #2006, 1.200000000000003064 ) ;
#709 = DIRECTION ( 'NONE',  ( 0.000000000000000000, 0.000000000000000000, 1.000000000000000000 ) ) ;
#710 = CARTESIAN_POINT ( 'NONE',  ( 66.66401578608976308, 119.7608795878634425, 28.09890963210784776 ) ) ;
#711 = CARTESIAN_POINT ( 'NONE',  ( 65.50631812933359299, 115.8900013478761082, -30.68576440142202344 ) ) ;
#712 = AXIS2_PLACEMENT_3D ( 'NONE', #1830, #2580, #2333 ) ;
#713 = FACE_OUTER_BOUND ( 'NONE', #1116, .T. ) ;
#714 = EDGE_CURVE ( 'NONE', #2781, #447, #2133, .T. ) ;
#715 = CARTESIAN_POINT ( 'NONE',  ( 62.16401578608977019, 118.8381706731756680, -30.00778286435866349 ) ) ;
#716 = VECTOR ( 'NONE', #1118, 1000.000000000000000 ) ;
#717 = EDGE_CURVE ( 'NONE', #803, #2799, #2997, .T. ) ;
#718 = CARTESIAN_POINT ( 'NONE',  ( 113.4099631391583216, 121.3007069716149289, 26.83340602724521773 ) ) ;
#719 = CARTESIAN_POINT ( 'NONE',  ( 113.2332251880661147, 115.8900013478761082, 30.14846922834953347 ) ) ;
#720 = ORIENTED_EDGE ( 'NONE', *, *, #1076, .F. ) ;
#721 = VECTOR ( 'NONE', #548, 1000.000000000000000 ) ;
#722 = DIRECTION ( 'NONE',  ( -0.000000000000000000, 1.000000000000000000, 0.000000000000000000 ) ) ;
#723 = AXIS2_PLACEMENT_3D ( 'NONE', #706, #449, #242 ) ;
#724 = ORIENTED_EDGE ( 'NONE', *, *, #1986, .T. ) ;
#725 = DIRECTION ( 'NONE',  ( -1.000000000000000000, 0.000000000000000000, 0.000000000000000000 ) ) ;
#726 = ORIENTED_EDGE ( 'NONE', *, *, #94, .F. ) ;
#727 = CARTESIAN_POINT ( 'NONE',  ( 64.59407618473315438, 121.6028747110335075, -26.29611086402671560 ) ) ;
#728 = CARTESIAN_POINT ( 'NONE',  ( 62.16401578608978440, 120.1551116993320960, 24.45157075638983457 ) ) ;
#729 = CARTESIAN_POINT ( 'NONE',  ( 64.01731660750091635, 121.7496670826014480, 26.40176416117017766 ) ) ;
#730 = CARTESIAN_POINT ( 'NONE',  ( 67.19439582773037500, 115.8900013478761082, -30.67033639286075086 ) ) ;
#731 = PLANE ( 'NONE',  #1292 ) ;
#732 = CARTESIAN_POINT ( 'NONE',  ( 62.16401578608977729, 120.0186563902057628, -29.34654702548914074 ) ) ;
#733 = CARTESIAN_POINT ( 'NONE',  ( 113.2886076397995652, 120.6683712623678844, 27.76243945658684353 ) ) ;
#734 = FACE_OUTER_BOUND ( 'NONE', #886, .T. ) ;
#735 = B_SPLINE_CURVE_WITH_KNOTS ( 'NONE', 3,
 ( #976, #2935, #2650, #2696, #1459, #2956, #2672, #2712, #425, #1161, #1398, #1896, #2446, #233, #2197, #441, #1220, #1439 ),
 .UNSPECIFIED., .F., .F.,
 ( 4, 2, 2, 2, 2, 2, 2, 2, 4 ),
 ( 0.000000000000000000, 0.0004706443240627870101, 0.0009412886481255740203, 0.001411932972188360922, 0.001882577296251148041, 0.002353221620313935159, 0.002823865944376721844, 0.003294510268439508963, 0.003765154592502296081 ),
 .UNSPECIFIED. ) ;
#736 = ORIENTED_EDGE ( 'NONE', *, *, #2581, .T. ) ;
#737 = ORIENTED_EDGE ( 'NONE', *, *, #962, .F. ) ;
#738 = EDGE_CURVE ( 'NONE', #533, #1325, #1436, .T. ) ;
#739 = CARTESIAN_POINT ( 'NONE',  ( 62.16401578608977729, 116.4782073934382680, -27.64407719163690302 ) ) ;
#740 = VERTEX_POINT ( 'NONE', #1651 ) ;
#741 = CARTESIAN_POINT ( 'NONE',  ( 114.4723555443821823, 121.1830047689191616, 26.44419848709194554 ) ) ;
#742 = ORIENTED_EDGE ( 'NONE', *, *, #2240, .T. ) ;
#743 = CARTESIAN_POINT ( 'NONE',  ( 65.03132971815973917, 121.9606850559831059, -26.00874080173302261 ) ) ;
#744 = CARTESIAN_POINT ( 'NONE',  ( 64.66401578608976308, 125.8900013478761224, 26.30000000000000071 ) ) ;
#745 = CARTESIAN_POINT ( 'NONE',  ( 66.66401578608976308, 125.8900013478761224, 0.000000000000000000 ) ) ;
#746 = DIRECTION ( 'NONE',  ( -0.000000000000000000, -1.000000000000000000, -0.000000000000000000 ) ) ;
#747 = CARTESIAN_POINT ( 'NONE',  ( 66.66401578608976308, 118.9179782533278029, -28.83004295078693602 ) ) ;
#748 = CARTESIAN_POINT ( 'NONE',  ( 117.7332251880661289, 119.8289554957084135, -28.66666666666666075 ) ) ;
#749 = DIRECTION ( 'NONE',  ( -0.000000000000000000, -1.000000000000000000, -0.000000000000000000 ) ) ;
#750 = VERTEX_POINT ( 'NONE', #1696 ) ;
#751 = ORIENTED_EDGE ( 'NONE', *, *, #761, .F. ) ;
#752 = CARTESIAN_POINT ( 'NONE',  ( 112.7332251880661147, 115.4566680145427853, 30.72856999856987059 ) ) ;
#753 = ORIENTED_EDGE ( 'NONE', *, *, #1808, .T. ) ;
#754 = CARTESIAN_POINT ( 'NONE',  ( 113.7567868166229914, 120.8548886731178840, 26.94412629363102596 ) ) ;
#755 = EDGE_CURVE ( 'NONE', #1481, #913, #199, .T. ) ;
#756 = EDGE_CURVE ( 'NONE', #2943, #339, #1387, .T. ) ;
#757 = ORIENTED_EDGE ( 'NONE', *, *, #1314, .T. ) ;
#758 = CARTESIAN_POINT ( 'NONE',  ( 65.80746823924289401, 121.1273419532909088, -26.63514189121423215 ) ) ;
#759 = CARTESIAN_POINT ( 'NONE',  ( 65.06663677284139169, 121.4489068714105571, -26.33553836063535769 ) ) ;
#760 = DIRECTION ( 'NONE',  ( 1.000000000000000000, 0.000000000000000000, 0.000000000000000000 ) ) ;
#761 = EDGE_CURVE ( 'NONE', #1036, #946, #3138, .T. ) ;
#762 = APPLICATION_CONTEXT ( 'configuration controlled 3d designs of mechanical parts and assemblies' ) ;
#763 = CARTESIAN_POINT ( 'NONE',  ( 117.6827149308493148, 114.8815765168916556, -27.80000000000000071 ) ) ;
#764 = CARTESIAN_POINT ( 'NONE',  ( 62.29933949146947469, 120.8671576034719379, -28.66666666666667140 ) ) ;
#765 = CYLINDRICAL_SURFACE ( 'NONE', #1855, 1.200000000000003064 ) ;
#766 = AXIS2_PLACEMENT_3D ( 'NONE', #651, #1588, #2585 ) ;
#767 = PRODUCT_DEFINITION ( 'UNKNOWN', '', #210, #1157 ) ;
#768 = CARTESIAN_POINT ( 'NONE',  ( 62.94618134256628394, 121.8984106196991632, -27.26076448795409490 ) ) ;
#769 = CARTESIAN_POINT ( 'NONE',  ( 67.29973397013858971, 122.3900013478761082, -22.79999999999999361 ) ) ;
#770 = CARTESIAN_POINT ( 'NONE',  ( 117.0160700226173134, 120.9635337525652972, -27.36554499849358635 ) ) ;
#771 = AXIS2_PLACEMENT_3D ( 'NONE', #1114, #2337, #121 ) ;
#772 = ORIENTED_EDGE ( 'NONE', *, *, #183, .F. ) ;
#773 = ORIENTED_EDGE ( 'NONE', *, *, #859, .F. ) ;
#774 = CARTESIAN_POINT ( 'NONE',  ( 67.16454770898286597, 115.4566297753488868, 30.72864771861497601 ) ) ;
#775 = CIRCLE ( 'NONE', #101, 9.999999999999994671 ) ;
#776 = EDGE_LOOP ( 'NONE', ( #2246, #933, #414, #2802 ) ) ;
#777 = AXIS2_PLACEMENT_3D ( 'NONE', #3040, #3123, #76 ) ;
#778 = CARTESIAN_POINT ( 'NONE',  ( 67.16545250726321115, 117.0238998524566085, 30.35700328527984482 ) ) ;
#779 = ORIENTED_EDGE ( 'NONE', *, *, #958, .T. ) ;
#780 = CARTESIAN_POINT ( 'NONE',  ( 66.45672662077272719, 120.9781190517848302, -27.38244298226558371 ) ) ;
#781 = EDGE_CURVE ( 'NONE', #2756, #1675, #1396, .T. ) ;
#782 = CARTESIAN_POINT ( 'NONE',  ( 65.73576269051886811, 121.1583913019346568, -26.60524703036008276 ) ) ;
#783 = CARTESIAN_POINT ( 'NONE',  ( 117.2332251880661289, 115.8900013478761082, 28.30000000000000071 ) ) ;
#784 = DIRECTION ( 'NONE',  ( 0.000000000000000000, 0.000000000000000000, -1.000000000000000000 ) ) ;
#785 = DIRECTION ( 'NONE',  ( -1.000000000000000000, 0.000000000000000000, 0.000000000000000000 ) ) ;
#786 = CARTESIAN_POINT ( 'NONE',  ( 62.75189941181137243, 121.6514441519409218, -27.68034600462823036 ) ) ;
#787 = CARTESIAN_POINT ( 'NONE',  ( 66.67117146598710065, 115.8900013478761082, 30.23458793473915307 ) ) ;
#788 = CARTESIAN_POINT ( 'NONE',  ( 63.61720284661002722, 114.7706145709551038, 27.69268594595205712 ) ) ;
#789 = ORIENTED_EDGE ( 'NONE', *, *, #2239, .F. ) ;
#790 = CARTESIAN_POINT ( 'NONE',  ( 63.99935152025332030, 115.8900013478761082, 30.27262092677382910 ) ) ;
#791 = EDGE_LOOP ( 'NONE', ( #187, #2457, #1429, #1735 ) ) ;
#792 = CARTESIAN_POINT ( 'NONE',  ( 62.99143941449575124, 121.6547556363301510, 27.19499185558944632 ) ) ;
#793 = ORIENTED_EDGE ( 'NONE', *, *, #2066, .F. ) ;
#794 = CARTESIAN_POINT ( 'NONE',  ( 114.2914136024943161, 118.2478749107867344, -25.98132116362779698 ) ) ;
#795 = LINE ( 'NONE', #1313, #1812 ) ;
#796 = DIRECTION ( 'NONE',  ( -0.000000000000000000, -1.000000000000000000, -0.000000000000000000 ) ) ;
#797 = DIRECTION ( 'NONE',  ( -0.000000000000000000, 1.000000000000000000, -0.000000000000000000 ) ) ;
#798 = CARTESIAN_POINT ( 'NONE',  ( 62.66040195486194619, 121.3206208324022413, -28.09235787338395696 ) ) ;
#799 = CARTESIAN_POINT ( 'NONE',  ( 113.5635216438735995, 121.3910763762833227, 26.67320402777458099 ) ) ;
#800 = CARTESIAN_POINT ( 'NONE',  ( 64.66401578608856937, 114.5840194975458530, 29.50000000000933653 ) ) ;
#801 = ORIENTED_EDGE ( 'NONE', *, *, #1670, .T. ) ;
#802 = CARTESIAN_POINT ( 'NONE',  ( 62.16401578608976308, 116.4740383532794681, 27.64496669275911245 ) ) ;
#803 = VERTEX_POINT ( 'NONE', #1666 ) ;
#804 = EDGE_CURVE ( 'NONE', #1691, #615, #1084, .T. ) ;
#805 = CARTESIAN_POINT ( 'NONE',  ( 62.80165579416162558, 121.7417946885189508, 27.54424954235921064 ) ) ;
#806 = CARTESIAN_POINT ( 'NONE',  ( 62.80144252579290765, 122.0755867230829494, 27.10082680239467123 ) ) ;
#807 = B_SPLINE_CURVE_WITH_KNOTS ( 'NONE', 3,
 ( #1931, #1446, #2169, #2924, #1465, #1147, #172, #2434, #1210, #3174 ),
 .UNSPECIFIED., .F., .F.,
 ( 4, 2, 2, 2, 4 ),
 ( 0.000000000000000000, 0.001221320980345454686, 0.002442641960690909372, 0.003663962941036364059, 0.004885283921381818745 ),
 .UNSPECIFIED. ) ;
#808 = VERTEX_POINT ( 'NONE', #2147 ) ;
#809 = CYLINDRICAL_SURFACE ( 'NONE', #664, 2.000000000000008882 ) ;
#810 = CARTESIAN_POINT ( 'NONE',  ( 117.2522921726555722, 115.8900013478761224, -30.30678538321129167 ) ) ;
#811 = PLANE ( 'NONE',  #520 ) ;
#812 = CARTESIAN_POINT ( 'NONE',  ( 113.2332251880661147, 115.8900013478761082, -30.14846922834953347 ) ) ;
#813 = CARTESIAN_POINT ( 'NONE',  ( 62.16401578608977729, 114.3900013478761082, -33.56635886837386806 ) ) ;
#814 = CARTESIAN_POINT ( 'NONE',  ( 62.65947428323683255, 115.8900013478761366, -30.36950086170791607 ) ) ;
#815 = CARTESIAN_POINT ( 'NONE',  ( 62.80402376482938109, 121.7453993391850844, -27.53850035576313005 ) ) ;
#816 = CARTESIAN_POINT ( 'NONE',  ( 114.9315280789750773, 121.2545248678559631, 26.31732092251646549 ) ) ;
#817 = CARTESIAN_POINT ( 'NONE',  ( 114.8682363730140423, 121.7129442469133238, -26.02128818703315716 ) ) ;
#818 = ADVANCED_FACE ( 'NONE', ( #1912 ), #2179, .F. ) ;
#819 = VERTEX_POINT ( 'NONE', #953 ) ;
#820 = DIRECTION ( 'NONE',  ( 1.000000000000000000, 0.000000000000000000, 0.000000000000000000 ) ) ;
#821 = CARTESIAN_POINT ( 'NONE',  ( 62.13402127415231746, 115.8900013478761082, 30.29639584757948967 ) ) ;
#822 = EDGE_CURVE ( 'NONE', #1873, #2895, #1939, .T. ) ;
#823 = VECTOR ( 'NONE', #894, 1000.000000000000000 ) ;
#824 = CARTESIAN_POINT ( 'NONE',  ( 64.88175201438232875, 118.5947926857535322, -25.80663755418568073 ) ) ;
#825 = ORIENTED_EDGE ( 'NONE', *, *, #656, .T. ) ;
#826 = VECTOR ( 'NONE', #709, 1000.000000000000000 ) ;
#827 = CARTESIAN_POINT ( 'NONE',  ( 67.12169454334799923, 120.3607383820832837, 28.12928358396944617 ) ) ;
#828 = VECTOR ( 'NONE', #2201, 1000.000000000000000 ) ;
#829 = VERTEX_POINT ( 'NONE', #650 ) ;
#830 = CARTESIAN_POINT ( 'NONE',  ( 115.2332251880658021, 118.3900013478765061, 25.79999999999994387 ) ) ;
#831 = AXIS2_PLACEMENT_3D ( 'NONE', #1034, #1482, #2466 ) ;
#832 = DIRECTION ( 'NONE',  ( 0.000000000000000000, -1.000000000000000000, 0.000000000000000000 ) ) ;
#833 = CARTESIAN_POINT ( 'NONE',  ( 62.21688732285692680, 117.8321465859919215, -30.38761078077054023 ) ) ;
#834 = CARTESIAN_POINT ( 'NONE',  ( 66.95176843058683858, 114.3927442547988278, 27.25149262099121472 ) ) ;
#835 = CARTESIAN_POINT ( 'NONE',  ( 116.6147444043188131, 121.5170579059246734, 26.43619317424522919 ) ) ;
#836 = CARTESIAN_POINT ( 'NONE',  ( 113.8148268034695150, 121.2785474141571171, -26.87666484228492436 ) ) ;
#837 = DIRECTION ( 'NONE',  ( 0.000000000000000000, 0.000000000000000000, 1.000000000000000000 ) ) ;
#838 = CARTESIAN_POINT ( 'NONE',  ( 117.0614386535817459, 120.4111787177442494, 27.47978804057822089 ) ) ;
#839 = EDGE_LOOP ( 'NONE', ( #293, #2783, #2733, #1088, #1468 ) ) ;
#840 = ADVANCED_FACE ( 'NONE', ( #2382 ), #908, .F. ) ;
#841 = CARTESIAN_POINT ( 'NONE',  ( 112.7837354452829288, 114.3900013478761082, 27.80000000000000071 ) ) ;
#842 = EDGE_LOOP ( 'NONE', ( #1071, #2877, #1725, #504 ) ) ;
#843 = CARTESIAN_POINT ( 'NONE',  ( 64.06176249565743319, 114.6830301852998701, -29.34951452568909147 ) ) ;
#844 = CARTESIAN_POINT ( 'NONE',  ( 62.16401578608977729, 114.3900013478761082, -33.56635886837386806 ) ) ;
#845 = FACE_OUTER_BOUND ( 'NONE', #3008, .T. ) ;
#846 = B_SPLINE_CURVE_WITH_KNOTS ( 'NONE', 3,
 ( #1958, #1648, #2669, #1472 ),
 .UNSPECIFIED., .F., .F.,
 ( 4, 4 ),
 ( 0.000000000000000000, 8.484749404473181057E-05 ),
 .UNSPECIFIED. ) ;
#847 = CARTESIAN_POINT ( 'NONE',  ( 116.9372404146326403, 121.0557629772213915, 27.22998439581904151 ) ) ;
#848 = CARTESIAN_POINT ( 'NONE',  ( 113.5292099615023034, 121.0557629772201835, -27.22998439581827768 ) ) ;
#849 = CARTESIAN_POINT ( 'NONE',  ( 113.2141575998323759, 115.8900013478760940, 30.30678904711274768 ) ) ;
#850 = CARTESIAN_POINT ( 'NONE',  ( 62.21762005585395627, 115.6058406959112119, -27.78399182551004643 ) ) ;
#851 = ORIENTED_EDGE ( 'NONE', *, *, #2838, .F. ) ;
#852 = CARTESIAN_POINT ( 'NONE',  ( 113.1867891432602278, 117.3226068356711949, 26.85627562356337705 ) ) ;
#853 = CARTESIAN_POINT ( 'NONE',  ( 64.66401578608976308, 115.8900013478761082, -28.30000000000000071 ) ) ;
#854 = CARTESIAN_POINT ( 'NONE',  ( 66.64903724062538970, 114.4011345322303725, -26.75281662468559318 ) ) ;
#855 = EDGE_LOOP ( 'NONE', ( #2618, #1564, #1971 ) ) ;
#856 = CARTESIAN_POINT ( 'NONE',  ( 116.3859027862757927, 118.1655483693969728, 26.07860434643216863 ) ) ;
#857 = CARTESIAN_POINT ( 'NONE',  ( 67.29973397013858971, 114.3900013478761082, 30.80000000000000071 ) ) ;
#858 = DIRECTION ( 'NONE',  ( 0.000000000000000000, -0.000000000000000000, -1.000000000000000000 ) ) ;
#859 = EDGE_CURVE ( 'NONE', #3014, #930, #2491, .T. ) ;
#860 = CARTESIAN_POINT ( 'NONE',  ( 113.1274364231070280, 121.0607836396762167, 27.21957295797495036 ) ) ;
#861 = CARTESIAN_POINT ( 'NONE',  ( 117.3390139530252156, 121.0607836396762167, -27.21957295797495036 ) ) ;
#862 = CARTESIAN_POINT ( 'NONE',  ( 63.36320860379203879, 122.0595607910650813, 26.77230197498888131 ) ) ;
#863 = DIRECTION ( 'NONE',  ( 0.000000000000000000, 0.000000000000000000, -1.000000000000000000 ) ) ;
#864 = CARTESIAN_POINT ( 'NONE',  ( 66.71571231148251968, 117.3229964857891474, -26.86392092114117958 ) ) ;
#865 = ORIENTED_EDGE ( 'NONE', *, *, #2726, .T. ) ;
#866 = CARTESIAN_POINT ( 'NONE',  ( 114.3989279099522633, 118.2811027764095826, 25.94026600736376764 ) ) ;
#867 = AXIS2_PLACEMENT_3D ( 'NONE', #2652, #1209, #3130 ) ;
#868 = B_SPLINE_CURVE_WITH_KNOTS ( 'NONE', 3,
 ( #2734, #2018, #1707, #517, #2205, #3192, #273, #1757, #985, #1017, #1277, #2001, #2964, #534, #1970, #3009, #1515, #2258, #1720, #739, #1773, #1213, #43 ),
 .UNSPECIFIED., .F., .F.,
 ( 4, 2, 1, 2, 2, 2, 2, 2, 2, 2, 2, 4 ),
 ( 0.02409121324906582026, 0.02459299367973164993, 0.02509477411039747960, 0.02559655454106331274, 0.02609833497172914241, 0.02710189583306079480, 0.02760367626372661407, 0.02810545669439243679, 0.02910901755572411695, 0.03011257841705580057, 0.03111613927838748073, 0.03211970013971916088 ),
 .UNSPECIFIED. ) ;
#869 = CARTESIAN_POINT ( 'NONE',  ( 67.29973397013858971, 132.3900013478761366, -22.79999999999999361 ) ) ;
#870 = ORIENTED_EDGE ( 'NONE', *, *, #958, .F. ) ;
#871 = CARTESIAN_POINT ( 'NONE',  ( 67.29973397013858971, 122.3900013478761082, 33.00000000000000000 ) ) ;
#872 = AXIS2_PLACEMENT_3D ( 'NONE', #1438, #473, #1458 ) ;
#873 = CARTESIAN_POINT ( 'NONE',  ( 66.53925406980818025, 120.3041240067959592, -27.59588410091446775 ) ) ;
#874 = AXIS2_PLACEMENT_3D ( 'NONE', #1374, #344, #2820 ) ;
#875 = DIRECTION ( 'NONE',  ( 0.000000000000000000, 0.000000000000000000, -1.000000000000000000 ) ) ;
#876 = AXIS2_PLACEMENT_3D ( 'NONE', #2772, #553, #2742 ) ;
#877 = LINE ( 'NONE', #130, #150 ) ;
#878 = EDGE_CURVE ( 'NONE', #2416, #1548, #3090, .T. ) ;
#879 = DIRECTION ( 'NONE',  ( -0.000000000000000000, -0.7333333333333282855, -0.6798692684790436092 ) ) ;
#880 = FACE_BOUND ( 'NONE', #1836, .T. ) ;
#881 = CARTESIAN_POINT ( 'NONE',  ( 66.66401578608976308, 116.1224510207771772, -30.10743341253853345 ) ) ;
#882 = CARTESIAN_POINT ( 'NONE',  ( 115.0813336022271045, 121.5914372535964674, -26.29950223943190224 ) ) ;
#883 = CARTESIAN_POINT ( 'NONE',  ( 62.66401578608976308, 120.5553194237731418, 28.30000000000000071 ) ) ;
#884 = CARTESIAN_POINT ( 'NONE',  ( 113.2332251880661147, 119.4890208614688873, -28.30000000000000071 ) ) ;
#885 = LINE ( 'NONE', #1872, #1136 ) ;
#886 = EDGE_LOOP ( 'NONE', ( #11, #1249, #255, #2204 ) ) ;
#887 = CARTESIAN_POINT ( 'NONE',  ( 62.66401578608975598, 120.0253923715104918, 29.21745198021540801 ) ) ;
#888 = B_SPLINE_CURVE_WITH_KNOTS ( 'NONE', 3,
 ( #2473, #2265, #2790, #506, #1780, #2527, #52, #2056 ),
 .UNSPECIFIED., .F., .F.,
 ( 4, 2, 2, 4 ),
 ( 0.000000000000000000, 0.002034411448365549841, 0.003051617172548343193, 0.004068822896731136979 ),
 .UNSPECIFIED. ) ;
#889 = CARTESIAN_POINT ( 'NONE',  ( 64.36060590280163751, 114.6310195618813452, -25.81446324588349839 ) ) ;
#890 = ORIENTED_EDGE ( 'NONE', *, *, #2873, .T. ) ;
#891 = LINE ( 'NONE', #2359, #1295 ) ;
#892 = CARTESIAN_POINT ( 'NONE',  ( 62.16401578608977729, 117.7331809886265006, 27.15930243358350182 ) ) ;
#893 = CARTESIAN_POINT ( 'NONE',  ( 66.66401578608976308, 117.4015532496074599, -29.67182098405385204 ) ) ;
#894 = DIRECTION ( 'NONE',  ( -0.000000000000000000, -1.000000000000000000, -0.000000000000000000 ) ) ;
#895 = EDGE_CURVE ( 'NONE', #2976, #1918, #2738, .T. ) ;
#896 = CARTESIAN_POINT ( 'NONE',  ( 66.66401578608974887, 118.4292408012154425, 29.15646656423381344 ) ) ;
#897 = ORIENTED_EDGE ( 'NONE', *, *, #2347, .T. ) ;
#898 = CARTESIAN_POINT ( 'NONE',  ( 113.0748980793980962, 115.7851054629138048, -30.54484560403717452 ) ) ;
#899 = EDGE_CURVE ( 'NONE', #1736, #615, #1055, .T. ) ;
#900 = CARTESIAN_POINT ( 'NONE',  ( 64.50150196839196326, 114.6082478383982988, -25.80120093672695702 ) ) ;
#901 = VERTEX_POINT ( 'NONE', #568 ) ;
#902 = CARTESIAN_POINT ( 'NONE',  ( 62.16401578608977729, 121.5084725516971247, 28.15237114510095751 ) ) ;
#903 = DATE_AND_TIME ( #2689, #2160 ) ;
#904 = CARTESIAN_POINT ( 'NONE',  ( 62.55166033391017066, 121.8471364566883466, -27.55347066848560900 ) ) ;
#905 = CARTESIAN_POINT ( 'NONE',  ( 62.66339681218148172, 115.8900013478761082, 30.29041204137377719 ) ) ;
#906 = DIRECTION ( 'NONE',  ( 0.000000000000000000, 0.000000000000000000, -1.000000000000000000 ) ) ;
#907 = CARTESIAN_POINT ( 'NONE',  ( 117.7332251880661715, 120.1121586260279201, -28.40411061433764317 ) ) ;
#908 = CYLINDRICAL_SURFACE ( 'NONE', #1693, 2.000000000000008882 ) ;
#909 = CARTESIAN_POINT ( 'NONE',  ( 65.01787537639395964, 121.4660953817069355, 26.32648723016624004 ) ) ;
#910 = CARTESIAN_POINT ( 'NONE',  ( 65.50690935565046402, 115.8900013478761082, -30.24374387975896283 ) ) ;
#911 = DIRECTION ( 'NONE',  ( 0.000000000000000000, 0.000000000000000000, 1.000000000000000000 ) ) ;
#912 = CARTESIAN_POINT ( 'NONE',  ( 62.66401578608976308, 115.8900013478761082, 28.30000000000000071 ) ) ;
#913 = VERTEX_POINT ( 'NONE', #2834 ) ;
#914 = EDGE_CURVE ( 'NONE', #1792, #1873, #455, .T. ) ;
#915 = CARTESIAN_POINT ( 'NONE',  ( 62.18633370354464063, 116.3736046350398539, 30.72576644898094855 ) ) ;
#916 = EDGE_LOOP ( 'NONE', ( #2279, #2189, #3164, #535, #223, #2963 ) ) ;
#917 = AXIS2_PLACEMENT_3D ( 'NONE', #3070, #2351, #1607 ) ;
#918 = CARTESIAN_POINT ( 'NONE',  ( 116.3941497121618625, 121.0472690778049838, -26.66519732986485991 ) ) ;
#919 = APPROVAL_ROLE ( '' ) ;
#920 = AXIS2_PLACEMENT_3D ( 'NONE', #327, #2563, #2330 ) ;
#921 = AXIS2_PLACEMENT_3D ( 'NONE', #266, #1255, #2530 ) ;
#922 = CARTESIAN_POINT ( 'NONE',  ( 62.16401578608977019, 120.2629127784155258, 24.13449566946556502 ) ) ;
#923 = CARTESIAN_POINT ( 'NONE',  ( 67.29973397013858971, 132.3900013478761366, 22.80000000000000071 ) ) ;
#924 = AXIS2_PLACEMENT_3D ( 'NONE', #2623, #659, #448 ) ;
#925 = CARTESIAN_POINT ( 'NONE',  ( 64.15887123849819318, 121.7185250270412098, 26.35940418594799084 ) ) ;
#926 = DIRECTION ( 'NONE',  ( 0.000000000000000000, 0.000000000000000000, 1.000000000000000000 ) ) ;
#927 = CARTESIAN_POINT ( 'NONE',  ( 63.01485646397124185, 121.6728996445129383, 27.15936968259946482 ) ) ;
#928 = AXIS2_PLACEMENT_3D ( 'NONE', #2710, #194, #2213 ) ;
#929 = DIRECTION ( 'NONE',  ( 0.000000000000000000, -1.000000000000000000, 0.000000000000000000 ) ) ;
#930 = VERTEX_POINT ( 'NONE', #586 ) ;
#931 = CARTESIAN_POINT ( 'NONE',  ( 117.7332251880661147, 114.3900013478761082, -33.56635886837386806 ) ) ;
#932 = CARTESIAN_POINT ( 'NONE',  ( 62.21688732285679180, 117.8321465859882125, 30.38761078077198974 ) ) ;
#933 = ORIENTED_EDGE ( 'NONE', *, *, #3019, .F. ) ;
#934 = CARTESIAN_POINT ( 'NONE',  ( 116.9490105757373613, 120.6016512428092113, -27.26505754098330314 ) ) ;
#935 = APPROVAL_STATUS ( 'not_yet_approved' ) ;
#936 = CARTESIAN_POINT ( 'NONE',  ( 65.83296736156660245, 114.4497590649012295, 27.98608645222645208 ) ) ;
#937 = CARTESIAN_POINT ( 'NONE',  ( 63.61704246556649878, 114.7706469649784538, -28.90734901479438435 ) ) ;
#938 = CARTESIAN_POINT ( 'NONE',  ( 66.38123869117626441, 121.4225006701521181, 26.68423402118556353 ) ) ;
#939 = DIRECTION ( 'NONE',  ( -1.000000000000000000, -0.000000000000000000, -0.000000000000000000 ) ) ;
#940 = FACE_OUTER_BOUND ( 'NONE', #62, .T. ) ;
#941 = CARTESIAN_POINT ( 'NONE',  ( 66.43251292249861706, 121.3885751185639919, -26.73741618123838748 ) ) ;
#942 = CARTESIAN_POINT ( 'NONE',  ( 66.67117146598710065, 115.8900013478761082, 30.23458793473915307 ) ) ;
#943 = CARTESIAN_POINT ( 'NONE',  ( 117.1759543482077106, 120.6735797630234828, 27.75587967910465181 ) ) ;
#944 = VERTEX_POINT ( 'NONE', #2280 ) ;
#945 = CARTESIAN_POINT ( 'NONE',  ( 67.00651378817788384, 116.3211414334507623, 27.41941987958443150 ) ) ;
#946 = VERTEX_POINT ( 'NONE', #1842 ) ;
#947 = CARTESIAN_POINT ( 'NONE',  ( 115.8558273286302693, 121.2121420290044682, -26.39298908574294700 ) ) ;
#948 = PERSON_AND_ORGANIZATION ( #1, #1442 ) ;
#949 = ADVANCED_FACE ( 'NONE', ( #114 ), #809, .F. ) ;
#950 = B_SPLINE_CURVE_WITH_KNOTS ( 'NONE', 3,
 ( #1240, #1461, #2957, #2220, #1964, #2183, #1258, #269, #2166, #2698, #8, #493, #2462, #1493, #732, #2919, #715, #3158, #3171, #957, #200, #1716, #1915, #2430 ),
 .UNSPECIFIED., .F., .F.,
 ( 4, 2, 2, 2, 2, 2, 2, 2, 2, 2, 2, 4 ),
 ( 0.03887048501257780314, 0.03967941410849983724, 0.04048834320442187135, 0.04210620139626595343, 0.04372405958811003551, 0.04534191777995411066, 0.04615084687587616558, 0.04695977597179822050, 0.04857763416364228870, 0.05019549235548636384, 0.05100442145140837713, 0.05181335054733039042 ),
 .UNSPECIFIED. ) ;
#951 = DIRECTION ( 'NONE',  ( -0.000000000000000000, -1.000000000000000000, -0.000000000000000000 ) ) ;
#952 = EDGE_CURVE ( 'NONE', #579, #676, #601, .T. ) ;
#953 = CARTESIAN_POINT ( 'NONE',  ( 117.2332251880661289, 119.4890208614688873, 28.30000000000000071 ) ) ;
#954 = CARTESIAN_POINT ( 'NONE',  ( 65.52406563838347608, 121.8118295686459192, 26.12780076917349703 ) ) ;
#955 = CARTESIAN_POINT ( 'NONE',  ( 62.97255678987542638, 115.8900013478761082, -30.75907955645913461 ) ) ;
#956 = CARTESIAN_POINT ( 'NONE',  ( 117.7332251880661147, 119.3900013478761082, 33.00000000000000000 ) ) ;
#957 = CARTESIAN_POINT ( 'NONE',  ( 62.16401578608977019, 116.4958793286718048, -30.69841340570821941 ) ) ;
#958 = EDGE_CURVE ( 'NONE', #2943, #2224, #1336, .T. ) ;
#959 = CARTESIAN_POINT ( 'NONE',  ( 67.16784712567354632, 120.1078829062618354, -28.40873080537816264 ) ) ;
#960 = CARTESIAN_POINT ( 'NONE',  ( 115.6253208903200260, 121.7113075009623628, -26.02508332305308869 ) ) ;
#961 = CYLINDRICAL_SURFACE ( 'NONE', #304, 18.00000000000000355 ) ;
#962 = EDGE_CURVE ( 'NONE', #1228, #673, #291, .T. ) ;
#963 = CARTESIAN_POINT ( 'NONE',  ( 117.2332251880661289, 119.4890208614688873, 28.30000000000000071 ) ) ;
#964 = EDGE_LOOP ( 'NONE', ( #988, #2453 ) ) ;
#965 = ORIENTED_EDGE ( 'NONE', *, *, #2142, .T. ) ;
#966 = CYLINDRICAL_SURFACE ( 'NONE', #51, 1.200000000000003064 ) ;
#967 = ORIENTED_EDGE ( 'NONE', *, *, #2726, .F. ) ;
#968 = CARTESIAN_POINT ( 'NONE',  ( 62.16401578608978440, 122.8135049009754169, 26.43071856734172442 ) ) ;
#969 = CARTESIAN_POINT ( 'NONE',  ( 0.000000000000000000, 0.000000000000000000, 0.000000000000000000 ) ) ;
#970 = ORIENTED_EDGE ( 'NONE', *, *, #1727, .F. ) ;
#971 = CARTESIAN_POINT ( 'NONE',  ( 64.87998486929845399, 121.5130675429555396, -26.30655560092395007 ) ) ;
#972 = CARTESIAN_POINT ( 'NONE',  ( 64.82138535447687389, 114.5607249757108974, 27.10000000000000497 ) ) ;
#973 = AXIS2_PLACEMENT_3D ( 'NONE', #3140, #926, #1914 ) ;
#974 = ADVANCED_FACE ( 'NONE', ( #2630 ), #2161, .T. ) ;
#975 = CARTESIAN_POINT ( 'NONE',  ( 65.78101648249774769, 121.5236257401973745, 26.63021344743768992 ) ) ;
#976 = CARTESIAN_POINT ( 'NONE',  ( 64.66401578608976308, 114.5840194975463220, -29.50000000000000711 ) ) ;
#977 = VECTOR ( 'NONE', #1350, 1000.000000000000000 ) ;
#978 = CARTESIAN_POINT ( 'NONE',  ( 67.06264728938192832, 115.5611368171654618, -30.71470549404348915 ) ) ;
#979 = DIRECTION ( 'NONE',  ( 1.000000000000000000, 0.000000000000000000, 0.000000000000000000 ) ) ;
#980 = AXIS2_PLACEMENT_3D ( 'NONE', #697, #979, #1943 ) ;
#981 = CARTESIAN_POINT ( 'NONE',  ( 114.8411294858122034, 121.7113075009623202, 26.02508332305308159 ) ) ;
#982 = CARTESIAN_POINT ( 'NONE',  ( 62.66401578608976308, 115.3558319825144451, -30.29710211432053768 ) ) ;
#983 = VERTEX_POINT ( 'NONE', #1698 ) ;
#984 = AXIS2_PLACEMENT_3D ( 'NONE', #2539, #2361, #1080 ) ;
#985 = CARTESIAN_POINT ( 'NONE',  ( 62.16401578608976308, 119.8723642751115079, -25.06511839289916210 ) ) ;
#986 = ORIENTED_EDGE ( 'NONE', *, *, #143, .T. ) ;
#987 = CARTESIAN_POINT ( 'NONE',  ( 66.66401578608976308, 117.0243953222246063, 30.35835633370303199 ) ) ;
#988 = ORIENTED_EDGE ( 'NONE', *, *, #1282, .F. ) ;
#989 = CARTESIAN_POINT ( 'NONE',  ( 66.56924451685550537, 120.7820269444959820, -27.63799649373152434 ) ) ;
#990 = CARTESIAN_POINT ( 'NONE',  ( 62.16401578608977729, 118.5694671568832774, 26.59784908594128083 ) ) ;
#991 = CARTESIAN_POINT ( 'NONE',  ( 62.21452604330658431, 115.1232512095065630, 27.80000000000000071 ) ) ;
#992 = DIRECTION ( 'NONE',  ( 0.000000000000000000, -1.000000000000000000, 0.000000000000000000 ) ) ;
#993 = CARTESIAN_POINT ( 'NONE',  ( 66.37660069490198111, 120.6424349616866465, 27.23253063224622395 ) ) ;
#994 = CARTESIAN_POINT ( 'NONE',  ( 62.21452604330658431, 115.1232512095065630, -27.80000000000000071 ) ) ;
#995 = CARTESIAN_POINT ( 'NONE',  ( 113.5315236811251793, 121.3739243524611453, 26.70416706201147150 ) ) ;
#996 = PLANE ( 'NONE',  #2207 ) ;
#997 = ORIENTED_EDGE ( 'NONE', *, *, #1406, .T. ) ;
#998 = ADVANCED_FACE ( 'NONE', ( #2164 ), #3126, .F. ) ;
#999 = EDGE_LOOP ( 'NONE', ( #1426, #1951 ) ) ;
#1000 = CARTESIAN_POINT ( 'NONE',  ( 66.67117146598710065, 115.8900013478761082, 30.23458793473915307 ) ) ;
#1001 = EDGE_LOOP ( 'NONE', ( #1230, #1359, #2257, #2702, #45 ) ) ;
#1002 = CARTESIAN_POINT ( 'NONE',  ( 117.7332251880661289, 114.3900013478761082, -22.80000000000000071 ) ) ;
#1003 = DATE_AND_TIME ( #310, #2482 ) ;
#1004 = EDGE_CURVE ( 'NONE', #1722, #1481, #100, .T. ) ;
#1005 = ORIENTED_EDGE ( 'NONE', *, *, #1047, .F. ) ;
#1006 = CARTESIAN_POINT ( 'NONE',  ( 66.13410928378901588, 121.3227498163464020, -26.90662420656041931 ) ) ;
#1007 = CARTESIAN_POINT ( 'NONE',  ( 115.2332251880661147, 115.8900013478761082, -27.09999999999999787 ) ) ;
#1008 = B_SPLINE_CURVE_WITH_KNOTS ( 'NONE', 3,
 ( #2878, #3134, #1431, #645, #2145, #1643, #2641, #2373, #2421, #2929, #2393, #2909, #677, #1197, #3165, #176, #2667, #947, #1936, #3151, #918, #1906, #192, #2440, #934, #690, #705, #1692, #2688, #1452 ),
 .UNSPECIFIED., .F., .F.,
 ( 4, 2, 2, 2, 2, 2, 2, 2, 2, 2, 2, 2, 2, 2, 4 ),
 ( 3.469446951953613804E-18, 0.0009386908816726481381, 0.001408036322508989446, 0.001877381763345330754, 0.002346727204181671411, 0.002816072645018013153, 0.003285418085854354461, 0.003754763526690696202, 0.004224108967527038377, 0.004693454408363379252, 0.005162799849199720993, 0.005632145290036061867, 0.006101490730872403609, 0.006570836171708744483, 0.007509527053381457457 ),
 .UNSPECIFIED. ) ;
#1009 = CARTESIAN_POINT ( 'NONE',  ( 62.87286652711497936, 114.9425909563500880, 26.55016310681892477 ) ) ;
#1010 = CARTESIAN_POINT ( 'NONE',  ( 62.23937819221781353, 118.7750202338480818, -30.02166912501406415 ) ) ;
#1011 = CARTESIAN_POINT ( 'NONE',  ( 117.2332251880660863, 115.8900013478761082, 30.17675172636445069 ) ) ;
#1012 = CARTESIAN_POINT ( 'NONE',  ( 62.70347856910085937, 121.0854276649619834, -27.89034216865425719 ) ) ;
#1013 = CARTESIAN_POINT ( 'NONE',  ( 66.66401578608976308, 115.8900013478761082, 30.17735045978330177 ) ) ;
#1014 = CARTESIAN_POINT ( 'NONE',  ( 117.2681273219539833, 120.3325300540120963, -28.16804347715302370 ) ) ;
#1015 = ORIENTED_EDGE ( 'NONE', *, *, #1571, .T. ) ;
#1016 = ORIENTED_EDGE ( 'NONE', *, *, #3099, .T. ) ;
#1017 = CARTESIAN_POINT ( 'NONE',  ( 62.16401578608977019, 119.7010914626209939, -25.35349161606433555 ) ) ;
#1018 = CARTESIAN_POINT ( 'NONE',  ( 63.82045347867484963, 115.8900013478761082, 30.27135568421077139 ) ) ;
#1019 = EDGE_CURVE ( 'NONE', #2928, #1481, #2478, .T. ) ;
#1020 = ORIENTED_EDGE ( 'NONE', *, *, #129, .T. ) ;
#1021 = CARTESIAN_POINT ( 'NONE',  ( 67.16570282871946063, 117.4102218029507867, 30.21110784412970673 ) ) ;
#1022 = VERTEX_POINT ( 'NONE', #526 ) ;
#1023 = CARTESIAN_POINT ( 'NONE',  ( 67.16785831730538803, 120.1200758408407978, -28.39742731968826561 ) ) ;
#1024 = CARTESIAN_POINT ( 'NONE',  ( 64.66401578609037415, 114.5840194975457536, -27.09999999999315534 ) ) ;
#1025 = FACE_OUTER_BOUND ( 'NONE', #1674, .T. ) ;
#1026 = CARTESIAN_POINT ( 'NONE',  ( 117.6715206441617880, 115.3610023951871000, -27.72896243433223873 ) ) ;
#1027 = LINE ( 'NONE', #2218, #1430 ) ;
#1028 = CARTESIAN_POINT ( 'NONE',  ( 0.000000000000000000, 115.8900013478761082, 0.000000000000000000 ) ) ;
#1029 = CARTESIAN_POINT ( 'NONE',  ( 63.08981641403823915, 122.1873326459254514, -26.74223353943635217 ) ) ;
#1030 = CARTESIAN_POINT ( 'NONE',  ( 112.9612139528206569, 120.8355607981861510, 27.54194938467309939 ) ) ;
#1031 = CARTESIAN_POINT ( 'NONE',  ( 117.2332251880661289, 119.7617624071722275, -28.09771425779789311 ) ) ;
#1032 = VECTOR ( 'NONE', #2787, 1000.000000000000000 ) ;
#1033 = ORIENTED_EDGE ( 'NONE', *, *, #1449, .F. ) ;
#1034 = CARTESIAN_POINT ( 'NONE',  ( 67.16401578608977729, 119.4897347581820100, 28.30000000000000071 ) ) ;
#1035 = AXIS2_PLACEMENT_3D ( 'NONE', #1602, #2099, #1818 ) ;
#1036 = VERTEX_POINT ( 'NONE', #783 ) ;
#1037 = CARTESIAN_POINT ( 'NONE',  ( 62.50521587160439196, 121.7757720406502813, 27.66587064030467502 ) ) ;
#1038 = VECTOR ( 'NONE', #498, 1000.000000000000000 ) ;
#1039 = CARTESIAN_POINT ( 'NONE',  ( 66.66401578608976308, 116.1224510207771772, 30.10743341253853345 ) ) ;
#1040 = ORIENTED_EDGE ( 'NONE', *, *, #2066, .T. ) ;
#1041 = CARTESIAN_POINT ( 'NONE',  ( 65.20348061575242582, 121.9124378579793984, -26.03674655593702525 ) ) ;
#1042 = CARTESIAN_POINT ( 'NONE',  ( 62.16401578608977729, 115.1382072749679111, 27.79999999999999716 ) ) ;
#1043 = DIRECTION ( 'NONE',  ( 0.000000000000000000, 0.000000000000000000, -1.000000000000000000 ) ) ;
#1044 = CARTESIAN_POINT ( 'NONE',  ( 63.95920572442927465, 114.7021619697290191, 25.89716183389316484 ) ) ;
#1045 = DIRECTION ( 'NONE',  ( -0.000000000000000000, 1.000000000000000000, 0.000000000000000000 ) ) ;
#1046 = CARTESIAN_POINT ( 'NONE',  ( 63.67832966409556406, 122.2163021204428475, -26.28364648684032545 ) ) ;
#1047 = EDGE_CURVE ( 'NONE', #808, #1742, #3072, .T. ) ;
#1048 = CARTESIAN_POINT ( 'NONE',  ( 113.1966537437840685, 121.1318474395735336, 27.10972477943281689 ) ) ;
#1049 = DIRECTION ( 'NONE',  ( 1.000000000000000000, 0.000000000000000000, 0.000000000000000000 ) ) ;
#1050 = EDGE_LOOP ( 'NONE', ( #3011, #3043, #324, #1754 ) ) ;
#1051 = CARTESIAN_POINT ( 'NONE',  ( 67.29973397013858971, 132.3900013478761366, -22.80000000000000071 ) ) ;
#1052 = ORIENTED_EDGE ( 'NONE', *, *, #525, .T. ) ;
#1053 = CARTESIAN_POINT ( 'NONE',  ( 67.16648374251602149, 118.5393421407133161, 29.69013879423261670 ) ) ;
#1054 = EDGE_LOOP ( 'NONE', ( #627, #2000, #1755, #285 ) ) ;
#1055 = LINE ( 'NONE', #871, #1851 ) ;
#1056 = CARTESIAN_POINT ( 'NONE',  ( 64.91854668151917451, 121.5002525496904155, -26.31070717478559118 ) ) ;
#1057 = CARTESIAN_POINT ( 'NONE',  ( 64.66401578608976308, 123.8115352338453619, 28.30000000000000071 ) ) ;
#1058 = EDGE_CURVE ( 'NONE', #97, #1022, #2913, .T. ) ;
#1059 = ADVANCED_FACE ( 'NONE', ( #2727 ), #2232, .T. ) ;
#1060 = CARTESIAN_POINT ( 'NONE',  ( 62.97472053983204887, 114.9169590390365130, 26.45158519760294880 ) ) ;
#1061 = CARTESIAN_POINT ( 'NONE',  ( 0.000000000000000000, 115.8900013478761082, 0.000000000000000000 ) ) ;
#1062 = CARTESIAN_POINT ( 'NONE',  ( 62.52807518451274404, 115.7683471003355180, -30.62495863482989478 ) ) ;
#1063 = CARTESIAN_POINT ( 'NONE',  ( 62.68001617169140616, 121.4398353378964259, -27.95655805515606573 ) ) ;
#1064 = CARTESIAN_POINT ( 'NONE',  ( 116.0031446775925019, 121.5174936690171990, 26.44663058150900525 ) ) ;
#1065 = DIRECTION ( 'NONE',  ( 0.000000000000000000, 0.000000000000000000, -1.000000000000000000 ) ) ;
#1066 = EDGE_LOOP ( 'NONE', ( #2965, #773 ) ) ;
#1067 = DIRECTION ( 'NONE',  ( 1.000000000000000000, 0.000000000000000000, 0.000000000000000000 ) ) ;
#1068 = CC_DESIGN_DATE_AND_TIME_ASSIGNMENT ( #419, #2394, ( #572 ) ) ;
#1069 = ORIENTED_EDGE ( 'NONE', *, *, #2239, .T. ) ;
#1070 = CARTESIAN_POINT ( 'NONE',  ( 112.8362871430442311, 115.5621594802282743, -30.71437775077679078 ) ) ;
#1071 = ORIENTED_EDGE ( 'NONE', *, *, #2779, .T. ) ;
#1072 = CARTESIAN_POINT ( 'NONE',  ( 117.4374945095683387, 116.9335971008019328, 27.11097544090035427 ) ) ;
#1073 = FACE_OUTER_BOUND ( 'NONE', #240, .T. ) ;
#1074 = CARTESIAN_POINT ( 'NONE',  ( 62.66401578608975598, 117.3378395710868318, -30.49096485855492489 ) ) ;
#1075 = CARTESIAN_POINT ( 'NONE',  ( 115.2332251880661147, 114.3900013478761082, 27.09999999999999787 ) ) ;
#1076 = EDGE_CURVE ( 'NONE', #1196, #2520, #2173, .T. ) ;
#1077 = CARTESIAN_POINT ( 'NONE',  ( 114.4526790723389951, 121.5151408568414411, 26.45117048110709845 ) ) ;
#1078 = CARTESIAN_POINT ( 'NONE',  ( 113.7087203378141709, 121.2099293637081132, -26.99034555579052252 ) ) ;
#1079 = CARTESIAN_POINT ( 'NONE',  ( 113.0748875556336941, 115.7850964270173648, 30.54485749864500832 ) ) ;
#1080 = DIRECTION ( 'NONE',  ( 0.000000000000000000, -3.469446951953614189E-15, -1.000000000000000000 ) ) ;
#1081 = AXIS2_PLACEMENT_3D ( 'NONE', #2634, #929, #1705 ) ;
#1082 = CARTESIAN_POINT ( 'NONE',  ( 116.8765495282384848, 120.6945057083101176, 27.15223903288747209 ) ) ;
#1083 = ORIENTED_EDGE ( 'NONE', *, *, #1019, .F. ) ;
#1084 = CIRCLE ( 'NONE', #2839, 10.00000000000000178 ) ;
#1085 = CARTESIAN_POINT ( 'NONE',  ( 115.1106244001674099, 118.3900013478760656, 25.80000000000001492 ) ) ;
#1086 = LINE ( 'NONE', #2431, #1341 ) ;
#1087 = CIRCLE ( 'NONE', #2636, 18.00000000000000355 ) ;
#1088 = ORIENTED_EDGE ( 'NONE', *, *, #1119, .F. ) ;
#1089 = CARTESIAN_POINT ( 'NONE',  ( 63.83380014519207890, 115.4336154889831221, -30.76939009140712855 ) ) ;
#1090 = TOROIDAL_SURFACE ( 'NONE', #2215, 18.00000000000000355, 8.000000000000000000 ) ;
#1091 = CYLINDRICAL_SURFACE ( 'NONE', #1498, 2.500000000000002220 ) ;
#1092 = FACE_OUTER_BOUND ( 'NONE', #1932, .T. ) ;
#1093 = VECTOR ( 'NONE', #832, 1000.000000000000000 ) ;
#1094 = DIRECTION ( 'NONE',  ( 0.000000000000000000, 0.000000000000000000, -1.000000000000000000 ) ) ;
#1095 = CARTESIAN_POINT ( 'NONE',  ( 115.0684387500551082, 121.5909359909463205, 26.30051845289584023 ) ) ;
#1096 = CARTESIAN_POINT ( 'NONE',  ( 115.0914589099350280, 121.2641024994059933, -26.29956445670845255 ) ) ;
#1097 = B_SPLINE_CURVE_WITH_KNOTS ( 'NONE', 3,
 ( #1568, #1070, #2861, #898, #1427, #1659, #3147, #446 ),
 .UNSPECIFIED., .F., .F.,
 ( 4, 2, 2, 4 ),
 ( -4.618815278029551583E-06, 0.0004398624547133085758, 0.0006621030897089659906, 0.0008843437247046234597 ),
 .UNSPECIFIED. ) ;
#1098 = EDGE_CURVE ( 'NONE', #2768, #533, #518, .T. ) ;
#1099 = ORIENTED_EDGE ( 'NONE', *, *, #1711, .T. ) ;
#1100 = ADVANCED_FACE ( 'NONE', ( #2792 ), #1993, .F. ) ;
#1101 = CARTESIAN_POINT ( 'NONE',  ( 67.00912218207588467, 120.7175238138081710, 27.70313753953930558 ) ) ;
#1102 = DIRECTION ( 'NONE',  ( 0.000000000000000000, 0.000000000000000000, -1.000000000000000000 ) ) ;
#1103 = CARTESIAN_POINT ( 'NONE',  ( 112.7332251880661289, 119.8289554957083993, -28.66666666666667496 ) ) ;
#1104 = ORIENTED_EDGE ( 'NONE', *, *, #1903, .F. ) ;
#1105 = DIRECTION ( 'NONE',  ( -0.000000000000000000, -1.000000000000000000, -0.000000000000000000 ) ) ;
#1106 = EDGE_CURVE ( 'NONE', #803, #2799, #2766, .T. ) ;
#1107 = LINE ( 'NONE', #2098, #2951 ) ;
#1108 = DIRECTION ( 'NONE',  ( 1.000000000000000000, 0.000000000000000000, 0.000000000000000000 ) ) ;
#1109 = DIRECTION ( 'NONE',  ( 0.000000000000000000, 0.000000000000000000, 1.000000000000000000 ) ) ;
#1110 = CARTESIAN_POINT ( 'NONE',  ( 116.8948870417587784, 121.3953879567556413, 26.66540999664743694 ) ) ;
#1111 = CARTESIAN_POINT ( 'NONE',  ( 113.4447677318456869, 121.3230360782790882, -26.79478029588304011 ) ) ;
#1112 = CARTESIAN_POINT ( 'NONE',  ( 63.37652370895820297, 121.8009901949710212, 26.76242323407341672 ) ) ;
#1113 = DIRECTION ( 'NONE',  ( 1.000000000000000000, -0.000000000000000000, -0.000000000000000000 ) ) ;
#1114 = CARTESIAN_POINT ( 'NONE',  ( 67.16401578608977729, 119.4897347581820100, -28.30000000000000426 ) ) ;
#1115 = CARTESIAN_POINT ( 'NONE',  ( 62.44540058392758652, 117.6687379443943513, -27.13751028240422869 ) ) ;
#1116 = EDGE_LOOP ( 'NONE', ( #890, #305, #2507, #1985, #2764, #2262 ) ) ;
#1117 = CARTESIAN_POINT ( 'NONE',  ( 112.7837354452829715, 114.6356776935468815, 27.80000000000000782 ) ) ;
#1118 = DIRECTION ( 'NONE',  ( -0.000000000000000000, -1.000000000000000000, -0.000000000000000000 ) ) ;
#1119 = EDGE_CURVE ( 'NONE', #944, #808, #2029, .T. ) ;
#1120 = FACE_OUTER_BOUND ( 'NONE', #382, .T. ) ;
#1121 = VERTEX_POINT ( 'NONE', #2723 ) ;
#1122 = CARTESIAN_POINT ( 'NONE',  ( 115.4776518642147352, 118.3832974039252122, 25.80900065628706841 ) ) ;
#1123 = CARTESIAN_POINT ( 'NONE',  ( 62.23943167765429507, 118.7769346838122289, 30.02051487713324818 ) ) ;
#1124 = CARTESIAN_POINT ( 'NONE',  ( 62.66401578608976308, 115.8900013478761082, 30.26543587078575470 ) ) ;
#1125 = CARTESIAN_POINT ( 'NONE',  ( 115.5349222971571663, 121.2545248678559631, -26.31732092251646549 ) ) ;
#1126 = CARTESIAN_POINT ( 'NONE',  ( 115.2332251880661147, 114.3900013478761082, 28.30000000000000071 ) ) ;
#1127 = CARTESIAN_POINT ( 'NONE',  ( 117.7332251880661289, 115.4566680145427853, 30.72856999856987059 ) ) ;
#1128 = CARTESIAN_POINT ( 'NONE',  ( 64.52088206597962028, 118.6671720085984987, -25.80115498737442081 ) ) ;
#1129 = ORIENTED_EDGE ( 'NONE', *, *, #2625, .F. ) ;
#1130 = CARTESIAN_POINT ( 'NONE',  ( 115.2332251880661147, 124.3754909716795822, 28.30000000000000071 ) ) ;
#1131 = AXIS2_PLACEMENT_3D ( 'NONE', #1930, #221, #2401 ) ;
#1132 = CARTESIAN_POINT ( 'NONE',  ( 117.2332251880661289, 125.8900013478761224, 28.30000000000000071 ) ) ;
#1133 = ORIENTED_EDGE ( 'NONE', *, *, #1528, .T. ) ;
#1134 = AXIS2_PLACEMENT_3D ( 'NONE', #1864, #858, #3067 ) ;
#1135 = CARTESIAN_POINT ( 'NONE',  ( 112.7332251880661289, 119.8289554957083993, -28.66666666666667496 ) ) ;
#1136 = VECTOR ( 'NONE', #2859, 1000.000000000000000 ) ;
#1137 = CARTESIAN_POINT ( 'NONE',  ( 67.19403018297781216, 115.8900013478761082, 30.23307857741621163 ) ) ;
#1138 = AXIS2_PLACEMENT_3D ( 'NONE', #1283, #3031, #2494 ) ;
#1139 = DIRECTION ( 'NONE',  ( 0.000000000000000000, 0.000000000000000000, -1.000000000000000000 ) ) ;
#1140 = LOCAL_TIME ( 14, 19, 12.00000000000000000, #660 ) ;
#1141 = CARTESIAN_POINT ( 'NONE',  ( 66.66401578608976308, 117.0243953222246063, -30.35835633370303199 ) ) ;
#1142 = CARTESIAN_POINT ( 'NONE',  ( 116.4250778377253539, 121.3899199192702838, -26.68411002355365369 ) ) ;
#1143 = CARTESIAN_POINT ( 'NONE',  ( 62.31728466880343831, 121.1575015567510434, 28.40439244778306715 ) ) ;
#1144 = DIRECTION ( 'NONE',  ( -1.000000000000000000, 0.000000000000000000, 0.000000000000000000 ) ) ;
#1145 = DIRECTION ( 'NONE',  ( 1.000000000000000000, -0.000000000000000000, 0.000000000000000000 ) ) ;
#1146 = ADVANCED_FACE ( 'NONE', ( #244 ), #2505, .T. ) ;
#1147 = CARTESIAN_POINT ( 'NONE',  ( 67.16622718046032503, 118.1701560083017171, -29.86282409220181577 ) ) ;
#1148 = ORIENTED_EDGE ( 'NONE', *, *, #1098, .F. ) ;
#1149 = CARTESIAN_POINT ( 'NONE',  ( 67.03667171386223345, 116.0921380961845557, 27.50864659734659057 ) ) ;
#1150 = CARTESIAN_POINT ( 'NONE',  ( 112.8144691270755970, 120.4936015699463070, -27.97506417746016893 ) ) ;
#1151 = ORIENTED_EDGE ( 'NONE', *, *, #1058, .F. ) ;
#1152 = DIRECTION ( 'NONE',  ( 0.000000000000000000, 0.000000000000000000, -1.000000000000000000 ) ) ;
#1153 = DIRECTION ( 'NONE',  ( 0.000000000000000000, 1.000000000000000000, -6.938893903907222461E-16 ) ) ;
#1154 = CARTESIAN_POINT ( 'NONE',  ( 62.16401578608977729, 115.1382072749679111, 30.80000000000007887 ) ) ;
#1155 = DIRECTION ( 'NONE',  ( -0.000000000000000000, 0.7333333333333315052, 0.6798692684790400564 ) ) ;
#1156 = EDGE_CURVE ( 'NONE', #3162, #1196, #1536, .T. ) ;
#1157 = DESIGN_CONTEXT ( 'detailed design', #657, 'design' ) ;
#1158 = CARTESIAN_POINT ( 'NONE',  ( 66.66401578608976308, 115.8366541552543652, -30.67977194133957042 ) ) ;
#1159 = CARTESIAN_POINT ( 'NONE',  ( 63.49624767028002026, 114.7963273539438092, -27.98194394962736808 ) ) ;
#1160 = CARTESIAN_POINT ( 'NONE',  ( 67.13044889727665065, 120.3907552704149992, 28.10508376752889248 ) ) ;
#1161 = CARTESIAN_POINT ( 'NONE',  ( 65.86408389478921777, 114.4473452215988942, -28.14343652187803002 ) ) ;
#1162 = DIRECTION ( 'NONE',  ( -0.000000000000000000, -1.000000000000000000, -0.000000000000000000 ) ) ;
#1163 = LINE ( 'NONE', #1916, #1180 ) ;
#1164 = CARTESIAN_POINT ( 'NONE',  ( 117.5519464338942583, 120.7494877892447960, 27.65732334400003722 ) ) ;
#1165 = VERTEX_POINT ( 'NONE', #1075 ) ;
#1166 = CARTESIAN_POINT ( 'NONE',  ( 62.66401578608976308, 120.5553194237731418, 28.30000000000000071 ) ) ;
#1167 = EDGE_LOOP ( 'NONE', ( #1804, #1614, #1529, #1148 ) ) ;
#1168 = CARTESIAN_POINT ( 'NONE',  ( 62.16401578608975598, 118.5824145066642785, 30.10642907695723025 ) ) ;
#1169 = DIRECTION ( 'NONE',  ( -0.000000000000000000, -1.000000000000000000, -0.000000000000000000 ) ) ;
#1170 = FACE_OUTER_BOUND ( 'NONE', #2732, .T. ) ;
#1171 = DIRECTION ( 'NONE',  ( 0.000000000000000000, -1.000000000000000000, 0.000000000000000000 ) ) ;
#1172 = CARTESIAN_POINT ( 'NONE',  ( 65.42610602763494398, 121.3079737873902388, 26.44559522535880447 ) ) ;
#1173 = DIRECTION ( 'NONE',  ( 0.000000000000000000, 0.000000000000000000, -1.000000000000000000 ) ) ;
#1174 = FACE_OUTER_BOUND ( 'NONE', #2225, .T. ) ;
#1175 = ADVANCED_FACE ( 'NONE', ( #2059 ), #1819, .T. ) ;
#1176 = CARTESIAN_POINT ( 'NONE',  ( 67.29973397013858971, 132.3900013478761366, -31.30512638148593396 ) ) ;
#1177 = ORIENTED_EDGE ( 'NONE', *, *, #622, .F. ) ;
#1178 = CARTESIAN_POINT ( 'NONE',  ( 66.32959914614859542, 117.8705624711658402, 26.42603202032295684 ) ) ;
#1179 = EDGE_LOOP ( 'NONE', ( #567, #2559, #1860, #225 ) ) ;
#1180 = VECTOR ( 'NONE', #2701, 1000.000000000000000 ) ;
#1181 = CARTESIAN_POINT ( 'NONE',  ( 67.16759189499892102, 119.8296505815863071, 28.66666666666667496 ) ) ;
#1182 = APPROVAL_STATUS ( 'not_yet_approved' ) ;
#1183 = VECTOR ( 'NONE', #1654, 1000.000000000000000 ) ;
#1184 = AXIS2_PLACEMENT_3D ( 'NONE', #1492, #475, #2498 ) ;
#1185 = CARTESIAN_POINT ( 'NONE',  ( 65.39890591443700885, 114.4903001036906574, 29.26148011646214186 ) ) ;
#1186 = CARTESIAN_POINT ( 'NONE',  ( 64.35083915582072223, 114.6325993817403628, -27.13119566453413256 ) ) ;
#1187 = AXIS2_PLACEMENT_3D ( 'NONE', #2304, #1549, #2867 ) ;
#1188 = CARTESIAN_POINT ( 'NONE',  ( 66.69981596838891846, 120.0867315705224598, 28.43325504331055242 ) ) ;
#1189 = CARTESIAN_POINT ( 'NONE',  ( 113.2332251880661147, 125.8900013478761224, 28.30000000000000071 ) ) ;
#1190 = CARTESIAN_POINT ( 'NONE',  ( 115.2332251880661147, 123.8115352338453619, 28.30000000000000071 ) ) ;
#1191 = CARTESIAN_POINT ( 'NONE',  ( 63.61310996579366872, 122.2205902138911711, -26.32073829662356346 ) ) ;
#1192 = B_SPLINE_CURVE_WITH_KNOTS ( 'NONE', 3,
 ( #963, #1947, #2125, #1636, #838, #1835, #1082, #107, #2323, #1324, #2558, #338, #1592, #1822, #367, #2811 ),
 .UNSPECIFIED., .F., .F.,
 ( 4, 2, 2, 2, 2, 2, 2, 4 ),
 ( 3.469446951953613804E-18, 0.0009369995597223475638, 0.001405499339583501451, 0.001873999119444655879, 0.002342498899305809658, 0.002810998679166963870, 0.003279498459028118082, 0.003747998238889272294 ),
 .UNSPECIFIED. ) ;
#1193 = CARTESIAN_POINT ( 'NONE',  ( 62.16866566407695416, 115.4053931437163953, 30.79586247014115941 ) ) ;
#1194 = ORIENTED_EDGE ( 'NONE', *, *, #1297, .F. ) ;
#1195 = CARTESIAN_POINT ( 'NONE',  ( 65.26110697864071142, 118.4852913463653863, 25.86952649936373660 ) ) ;
#1196 = VERTEX_POINT ( 'NONE', #131 ) ;
#1197 = CARTESIAN_POINT ( 'NONE',  ( 114.9251127832068420, 121.2542690520240001, -26.31782613070345533 ) ) ;
#1198 = MECHANICAL_CONTEXT ( 'NONE', #762, 'mechanical' ) ;
#1199 = ADVANCED_FACE ( 'NONE', ( #880, #117 ), #146, .T. ) ;
#1200 = CARTESIAN_POINT ( 'NONE',  ( 65.86385197930611923, 114.4473637788006357, 28.45990032038368511 ) ) ;
#1201 = CARTESIAN_POINT ( 'NONE',  ( 112.7332251801052649, 120.1187286135764793, -28.39801961529869345 ) ) ;
#1202 = CARTESIAN_POINT ( 'NONE',  ( 65.68456907853149573, 121.7557009044112846, 26.19412696783572869 ) ) ;
#1203 = LINE ( 'NONE', #1941, #351 ) ;
#1204 = B_SPLINE_CURVE_WITH_KNOTS ( 'NONE', 3,
 ( #237, #2138, #186, #1688, #2662, #1424, #460, #942 ),
 .UNSPECIFIED., .F., .F.,
 ( 4, 2, 2, 4 ),
 ( -4.618805692615264021E-06, 0.0004394455413270190224, 0.0006614777148368375598, 0.0008835098883466560972 ),
 .UNSPECIFIED. ) ;
#1205 = LINE ( 'NONE', #281, #2999 ) ;
#1206 = CARTESIAN_POINT ( 'NONE',  ( 62.93939668504199147, 121.6065507407222412, 27.27909990074722302 ) ) ;
#1207 = CARTESIAN_POINT ( 'NONE',  ( 66.95668302480081024, 120.8248393673843282, -27.56296488806158251 ) ) ;
#1208 = CARTESIAN_POINT ( 'NONE',  ( 113.4153337626424758, 121.3041080459460517, -26.82749467968698909 ) ) ;
#1209 = DIRECTION ( 'NONE',  ( 4.717540722503074194E-15, -0.7333333333333315052, 0.6798692684790400564 ) ) ;
#1210 = CARTESIAN_POINT ( 'NONE',  ( 67.16731538614936881, 119.5282224710424401, -28.94610622998980887 ) ) ;
#1211 = ORIENTED_EDGE ( 'NONE', *, *, #761, .T. ) ;
#1212 = ORIENTED_EDGE ( 'NONE', *, *, #53, .T. ) ;
#1213 = CARTESIAN_POINT ( 'NONE',  ( 62.16401578608977729, 115.4760698962389682, -27.80000000000000426 ) ) ;
#1214 = ORIENTED_EDGE ( 'NONE', *, *, #2871, .T. ) ;
#1215 = CARTESIAN_POINT ( 'NONE',  ( 115.2332251880661289, 115.8900013478761082, -28.30000000000000071 ) ) ;
#1216 = CARTESIAN_POINT ( 'NONE',  ( 66.69907977231237339, 120.3359412169910598, -28.17169630389965107 ) ) ;
#1217 = CARTESIAN_POINT ( 'NONE',  ( 62.16401578608976308, 120.4474556086281041, 22.96784774500405035 ) ) ;
#1218 = CARTESIAN_POINT ( 'NONE',  ( 115.2332251880661289, 125.8900013478761224, 28.30000000000000071 ) ) ;
#1219 = CARTESIAN_POINT ( 'NONE',  ( 65.19634238520526992, 121.9145088168203159, 26.03531630654609685 ) ) ;
#1220 = CARTESIAN_POINT ( 'NONE',  ( 64.81950007031761629, 114.5610040435984729, -27.10000000000014353 ) ) ;
#1221 = CARTESIAN_POINT ( 'NONE',  ( 64.97118779698384117, 121.4869414684947628, 26.30000000000000426 ) ) ;
#1222 = CARTESIAN_POINT ( 'NONE',  ( 62.77997118692373135, 121.3534406407196116, 27.61961818461177742 ) ) ;
#1223 = CARTESIAN_POINT ( 'NONE',  ( 117.6836536225500254, 120.3681091583476643, 28.11966108195688108 ) ) ;
#1224 = CARTESIAN_POINT ( 'NONE',  ( 115.2332251880661147, 115.8900013478761082, -29.50000000000000711 ) ) ;
#1225 = EDGE_LOOP ( 'NONE', ( #687, #3076, #2354, #2111 ) ) ;
#1226 = CARTESIAN_POINT ( 'NONE',  ( 64.66401578608976308, 124.3754909716795822, 29.50000000000000711 ) ) ;
#1227 = B_SPLINE_CURVE_WITH_KNOTS ( 'NONE', 3,
 ( #2574, #2370, #1687, #854, #2863, #1371, #159, #2128, #2832, #400, #3118, #900, #889, #1597, #1581, #353, #1875, #1344, #2595, #2677, #2328, #112, #2356, #125, #2081, #140 ),
 .UNSPECIFIED., .F., .F.,
 ( 4, 2, 2, 2, 2, 2, 2, 2, 2, 2, 2, 2, 4 ),
 ( 0.000000000000000000, 0.0008588585897329415126, 0.001717717179465883025, 0.002576575769198824646, 0.003006005064065312912, 0.003435434358931801178, 0.003864863653798289445, 0.004294292948664777711, 0.004723722243531265977, 0.005153151538397754243, 0.005582580833264242509, 0.006012010128130730775, 0.006870868717863695165 ),
 .UNSPECIFIED. ) ;
#1228 = VERTEX_POINT ( 'NONE', #1844 ) ;
#1229 = CARTESIAN_POINT ( 'NONE',  ( 66.66401578608976308, 116.8593241308642519, 29.88469058014338131 ) ) ;
#1230 = ORIENTED_EDGE ( 'NONE', *, *, #1866, .F. ) ;
#1231 = CARTESIAN_POINT ( 'NONE',  ( 66.66641505463229578, 115.8900013478761082, -30.20621655327819965 ) ) ;
#1232 = CARTESIAN_POINT ( 'NONE',  ( 65.62239695079414048, 114.4679757073057829, 27.56100523932487789 ) ) ;
#1233 = AXIS2_PLACEMENT_3D ( 'NONE', #284, #2237, #2464 ) ;
#1234 = CARTESIAN_POINT ( 'NONE',  ( 63.21153234741000659, 118.5912548881551629, 26.26195389437003769 ) ) ;
#1235 = ADVANCED_FACE ( 'NONE', ( #2316 ), #2840, .T. ) ;
#1236 = CARTESIAN_POINT ( 'NONE',  ( 62.68632722567021887, 114.9909851992967020, 26.76413126255881636 ) ) ;
#1237 = CARTESIAN_POINT ( 'NONE',  ( 62.66401578608976308, 118.5712656693577145, -29.57031480425621695 ) ) ;
#1238 = VECTOR ( 'NONE', #1162, 1000.000000000000000 ) ;
#1239 = DIRECTION ( 'NONE',  ( -0.000000000000000000, -1.000000000000000000, -0.000000000000000000 ) ) ;
#1240 = CARTESIAN_POINT ( 'NONE',  ( 62.16401578608977729, 123.8095352338453523, -22.80000000000000426 ) ) ;
#1241 = CIRCLE ( 'NONE', #3051, 1.200000000000003064 ) ;
#1242 = CARTESIAN_POINT ( 'NONE',  ( 112.7684763905930794, 120.3711987187452195, 28.12586604144918212 ) ) ;
#1243 = CARTESIAN_POINT ( 'NONE',  ( 117.7332251953798874, 120.1198800779161076, -28.39695209909196549 ) ) ;
#1244 = VERTEX_POINT ( 'NONE', #375 ) ;
#1245 = EDGE_CURVE ( 'NONE', #2895, #2756, #621, .T. ) ;
#1246 = EDGE_LOOP ( 'NONE', ( #137, #1040, #1372, #1778 ) ) ;
#1247 = AXIS2_PLACEMENT_3D ( 'NONE', #3166, #951, #1938 ) ;
#1248 = CARTESIAN_POINT ( 'NONE',  ( 62.66401578608976308, 125.8900013478761224, 28.30000000000000071 ) ) ;
#1249 = ORIENTED_EDGE ( 'NONE', *, *, #2923, .T. ) ;
#1250 = CARTESIAN_POINT ( 'NONE',  ( 64.66401578608976308, 125.8900013478761224, -28.30000000000000071 ) ) ;
#1251 = ORIENTED_EDGE ( 'NONE', *, *, #252, .T. ) ;
#1252 = CARTESIAN_POINT ( 'NONE',  ( 66.61190078050228180, 120.6750626463175138, -27.77162055411632480 ) ) ;
#1253 = CARTESIAN_POINT ( 'NONE',  ( 64.66401578608976308, 115.8900013478761082, -27.09999999999999787 ) ) ;
#1254 = CARTESIAN_POINT ( 'NONE',  ( 64.66401578607802492, 118.6403471829811878, 25.80000000000000071 ) ) ;
#1255 = DIRECTION ( 'NONE',  ( -0.000000000000000000, 1.000000000000000000, -0.000000000000000000 ) ) ;
#1256 = CARTESIAN_POINT ( 'NONE',  ( 62.66401578608976308, 118.9962472708248811, -29.36369911149227363 ) ) ;
#1257 = CARTESIAN_POINT ( 'NONE',  ( 117.2332251880661289, 125.8900013478761224, -28.30000000000000071 ) ) ;
#1258 = CARTESIAN_POINT ( 'NONE',  ( 62.16401578608977019, 123.3038025710916656, -25.45996000952225558 ) ) ;
#1259 = ADVANCED_FACE ( 'NONE', ( #845 ), #2086, .T. ) ;
#1260 = CARTESIAN_POINT ( 'NONE',  ( 117.6519812490566750, 120.4936015699462502, 27.97506417746017604 ) ) ;
#1261 = CARTESIAN_POINT ( 'NONE',  ( 117.2689783341253360, 120.0851187495453019, -28.42917913158507659 ) ) ;
#1262 = ORIENTED_EDGE ( 'NONE', *, *, #1004, .T. ) ;
#1263 = ORIENTED_EDGE ( 'NONE', *, *, #1785, .F. ) ;
#1264 = LINE ( 'NONE', #2994, #721 ) ;
#1265 = EDGE_LOOP ( 'NONE', ( #1099, #497, #3194, #965, #2545, #434, #1917 ) ) ;
#1266 = LINE ( 'NONE', #2720, #1749 ) ;
#1267 = EDGE_LOOP ( 'NONE', ( #1194, #2390 ) ) ;
#1268 = CARTESIAN_POINT ( 'NONE',  ( 114.0820944232710588, 118.1662466242526222, -26.07779871044499131 ) ) ;
#1269 = CARTESIAN_POINT ( 'NONE',  ( 117.7332251880661289, 119.8289554957083993, 28.66666666666667496 ) ) ;
#1270 = CARTESIAN_POINT ( 'NONE',  ( 66.67117146598710065, 115.8900013478761082, -30.23458793473915307 ) ) ;
#1271 = CARTESIAN_POINT ( 'NONE',  ( 67.29973397013858971, 114.3900013478761082, -22.80000000000000071 ) ) ;
#1272 = CARTESIAN_POINT ( 'NONE',  ( 66.67117146598710065, 115.8900013478761082, -30.23458793473915307 ) ) ;
#1273 = CARTESIAN_POINT ( 'NONE',  ( 64.68880178517790114, 122.0473925589689230, -25.99481448486786661 ) ) ;
#1274 = CARTESIAN_POINT ( 'NONE',  ( 113.8053141932373649, 121.4998838316404601, 26.46977820162577899 ) ) ;
#1275 = CARTESIAN_POINT ( 'NONE',  ( 117.7332251880661289, 119.8289554957083993, -28.66666666666667496 ) ) ;
#1276 = VERTEX_POINT ( 'NONE', #1362 ) ;
#1277 = CARTESIAN_POINT ( 'NONE',  ( 62.16401578608979150, 119.4009456075452960, -25.76068263928761581 ) ) ;
#1278 = ORIENTED_EDGE ( 'NONE', *, *, #1375, .F. ) ;
#1279 = CARTESIAN_POINT ( 'NONE',  ( 114.0757157211211705, 121.0488572966768146, 26.66274796378500511 ) ) ;
#1280 = ORIENTED_EDGE ( 'NONE', *, *, #1076, .T. ) ;
#1281 = CARTESIAN_POINT ( 'NONE',  ( 66.66401578608976308, 119.7620375209347685, -28.09805086805529228 ) ) ;
#1282 = EDGE_CURVE ( 'NONE', #1660, #326, #564, .T. ) ;
#1283 = CARTESIAN_POINT ( 'NONE',  ( 115.2332251880661147, 115.8900013478761082, -28.30000000000000071 ) ) ;
#1284 = CARTESIAN_POINT ( 'NONE',  ( 62.66339681218148172, 115.8900013478761082, -30.29041204137377719 ) ) ;
#1285 = DIRECTION ( 'NONE',  ( 0.000000000000000000, 0.000000000000000000, -1.000000000000000000 ) ) ;
#1286 = CARTESIAN_POINT ( 'NONE',  ( 62.40309929133922395, 121.5527757254840964, -27.97039892519404702 ) ) ;
#1287 = CARTESIAN_POINT ( 'NONE',  ( 117.7332251880661147, 119.3900013478761082, 22.80000000000000071 ) ) ;
#1288 = CARTESIAN_POINT ( 'NONE',  ( 64.50592812212850902, 114.6074203149838979, 27.09999999999999787 ) ) ;
#1289 = AXIS2_PLACEMENT_3D ( 'NONE', #745, #1541, #573 ) ;
#1290 = ORIENTED_EDGE ( 'NONE', *, *, #1282, .T. ) ;
#1291 = CARTESIAN_POINT ( 'NONE',  ( 64.66401578608976308, 115.8900013478761082, 26.30000000000000071 ) ) ;
#1292 = AXIS2_PLACEMENT_3D ( 'NONE', #1028, #528, #1476 ) ;
#1293 = DIRECTION ( 'NONE',  ( 0.000000000000000000, -0.000000000000000000, -1.000000000000000000 ) ) ;
#1294 = EDGE_LOOP ( 'NONE', ( #126, #643, #2717, #2153 ) ) ;
#1295 = VECTOR ( 'NONE', #2577, 1000.000000000000000 ) ;
#1296 = CYLINDRICAL_SURFACE ( 'NONE', #1437, 2.000000000000001776 ) ;
#1297 = EDGE_CURVE ( 'NONE', #1165, #1548, #1642, .T. ) ;
#1298 = ORIENTED_EDGE ( 'NONE', *, *, #1019, .T. ) ;
#1299 = CARTESIAN_POINT ( 'NONE',  ( 117.7332251880661147, 114.3900013478761082, -22.80000000000000071 ) ) ;
#1300 = CARTESIAN_POINT ( 'NONE',  ( 117.2401413607372405, 115.8900013478761082, -30.23303437365925461 ) ) ;
#1301 = CARTESIAN_POINT ( 'NONE',  ( 115.8430726025039519, 118.3347576656889686, -25.87259479863100609 ) ) ;
#1302 = CARTESIAN_POINT ( 'NONE',  ( 62.66401578608976308, 120.5553194237731418, -28.30000000000000071 ) ) ;
#1303 = DIRECTION ( 'NONE',  ( 0.000000000000000000, 0.000000000000000000, -1.000000000000000000 ) ) ;
#1304 = CARTESIAN_POINT ( 'NONE',  ( 62.66401578608975598, 120.8007361908937867, -28.58856680741003586 ) ) ;
#1305 = CARTESIAN_POINT ( 'NONE',  ( 115.5982140031182013, 121.7129442469133238, 26.02128818703315716 ) ) ;
#1306 = CARTESIAN_POINT ( 'NONE',  ( 117.0408342926053535, 120.4525241872271977, -27.43486932022092617 ) ) ;
#1307 = EDGE_LOOP ( 'NONE', ( #1610, #1214 ) ) ;
#1308 = CARTESIAN_POINT ( 'NONE',  ( 62.18687116783481628, 116.4012725628321903, -30.72174076049618918 ) ) ;
#1309 = ORIENTED_EDGE ( 'NONE', *, *, #428, .F. ) ;
#1310 = DIRECTION ( 'NONE',  ( 0.000000000000000000, 0.000000000000000000, -1.000000000000000000 ) ) ;
#1311 = ORIENTED_EDGE ( 'NONE', *, *, #1866, .T. ) ;
#1312 = CARTESIAN_POINT ( 'NONE',  ( 62.66401578608974177, 117.5727158323752377, -29.94424289563109909 ) ) ;
#1313 = CARTESIAN_POINT ( 'NONE',  ( 67.29973397013858971, 114.3900013478761082, -31.30512638148593396 ) ) ;
#1314 = EDGE_CURVE ( 'NONE', #2002, #2960, #2100, .T. ) ;
#1315 = CARTESIAN_POINT ( 'NONE',  ( 67.19444456340070815, 115.4566448180722347, 30.72861714924395926 ) ) ;
#1316 = CARTESIAN_POINT ( 'NONE',  ( 114.4028453745524274, 118.2822190154832214, -25.93887926456746129 ) ) ;
#1317 = CARTESIAN_POINT ( 'NONE',  ( 62.66401578608976308, 115.8334313810926801, -30.28438693906354828 ) ) ;
#1318 = CARTESIAN_POINT ( 'NONE',  ( 62.27767385926337340, 115.5173656145111494, 30.79139949749598060 ) ) ;
#1319 = CARTESIAN_POINT ( 'NONE',  ( 65.22932350906489773, 114.5074095156293623, 25.84794975998986644 ) ) ;
#1320 = CARTESIAN_POINT ( 'NONE',  ( 114.4943408375661562, 121.6726261670132772, 26.11145258990375240 ) ) ;
#1321 = CARTESIAN_POINT ( 'NONE',  ( 114.9412341357805047, 121.2552603168390704, -26.31596613958503994 ) ) ;
#1322 = CARTESIAN_POINT ( 'NONE',  ( 62.16401578608977729, 115.1382072749679111, 27.79999999999999716 ) ) ;
#1323 = CARTESIAN_POINT ( 'NONE',  ( 62.97720356814896547, 115.8900013478761082, 30.28879315124248706 ) ) ;
#1324 = CARTESIAN_POINT ( 'NONE',  ( 116.3875500635092095, 121.0504251017159874, 26.66036410549534708 ) ) ;
#1325 = VERTEX_POINT ( 'NONE', #1124 ) ;
#1326 = CARTESIAN_POINT ( 'NONE',  ( 112.8867838855770884, 116.2918912595785201, 27.43033850328792056 ) ) ;
#1327 = DIRECTION ( 'NONE',  ( 1.000000000000000000, 0.000000000000000000, 0.000000000000000000 ) ) ;
#1328 = ORIENTED_EDGE ( 'NONE', *, *, #2526, .F. ) ;
#1329 = CARTESIAN_POINT ( 'NONE',  ( 116.6717593091387926, 118.0076632134298933, 26.25239222955229224 ) ) ;
#1330 = DIRECTION ( 'NONE',  ( 1.000000000000000000, 0.000000000000000000, 0.000000000000000000 ) ) ;
#1331 = DIRECTION ( 'NONE',  ( 1.000000000000000000, 0.000000000000000000, 0.000000000000000000 ) ) ;
#1332 = EDGE_CURVE ( 'NONE', #2276, #944, #637, .T. ) ;
#1333 = EDGE_CURVE ( 'NONE', #1538, #579, #625, .T. ) ;
#1334 = CARTESIAN_POINT ( 'NONE',  ( 116.2165589347078338, 121.1179751852585866, 26.55231034556053871 ) ) ;
#1335 = CARTESIAN_POINT ( 'NONE',  ( 115.6103465737206335, 121.7121597679941374, -26.02309456612548288 ) ) ;
#1336 = B_SPLINE_CURVE_WITH_KNOTS ( 'NONE', 3,
 ( #2817, #1815, #1793, #1570, #1347, #2524, #1072, #1556, #2295, #312, #3078, #616, #1329, #2055, #856, #2344, #372, #81, #1360, #1122, #3046, #830 ),
 .UNSPECIFIED., .F., .F.,
 ( 4, 2, 2, 2, 2, 2, 2, 2, 2, 2, 4 ),
 ( 0.000000000000000000, 0.001455146538983088239, 0.002182719808474653609, 0.002910293077966218979, 0.003637866347457784783, 0.004001652982203569853, 0.004365439616949355790, 0.004729226251695141728, 0.005093012886440926798, 0.005456799521186712736, 0.005820586155932497806 ),
 .UNSPECIFIED. ) ;
#1337 = AXIS2_PLACEMENT_3D ( 'NONE', #813, #1045, #2531 ) ;
#1338 = CARTESIAN_POINT ( 'NONE',  ( 64.64306179440339406, 118.6459529999796985, -25.79723627133110853 ) ) ;
#1339 = ORIENTED_EDGE ( 'NONE', *, *, #2345, .T. ) ;
#1340 = EDGE_CURVE ( 'NONE', #2947, #901, #3193, .T. ) ;
#1341 = VECTOR ( 'NONE', #1443, 1000.000000000000000 ) ;
#1342 = CARTESIAN_POINT ( 'NONE',  ( 115.2332251880661147, 115.8900013478761082, 29.50000000000000711 ) ) ;
#1343 = CARTESIAN_POINT ( 'NONE',  ( 115.2332251880661147, 124.3754909716795822, -29.50000000000000711 ) ) ;
#1344 = CARTESIAN_POINT ( 'NONE',  ( 63.30524020089642079, 114.8383716815308020, -26.19678066549575490 ) ) ;
#1345 = VECTOR ( 'NONE', #1239, 1000.000000000000000 ) ;
#1346 = ORIENTED_EDGE ( 'NONE', *, *, #1537, .F. ) ;
#1347 = CARTESIAN_POINT ( 'NONE',  ( 117.5797653758036745, 116.2913534634440396, 27.43058153018586154 ) ) ;
#1348 = VECTOR ( 'NONE', #1892, 1000.000000000000000 ) ;
#1349 = CARTESIAN_POINT ( 'NONE',  ( 67.29973397013858971, 114.3900013478761224, 22.80000000000000071 ) ) ;
#1350 = DIRECTION ( 'NONE',  ( -0.000000000000000000, -0.000000000000000000, 1.000000000000000000 ) ) ;
#1351 = CARTESIAN_POINT ( 'NONE',  ( 115.5461524828456419, 121.5822784818906683, 26.31824401201508934 ) ) ;
#1352 = CARTESIAN_POINT ( 'NONE',  ( 116.5689880219905774, 120.9535091848884178, -26.80490302177279460 ) ) ;
#1353 = CARTESIAN_POINT ( 'NONE',  ( 67.29973397013858971, 114.3900013478761082, -27.80000000000000071 ) ) ;
#1354 = ADVANCED_FACE ( 'NONE', ( #2386, #1174 ), #412, .T. ) ;
#1355 = CARTESIAN_POINT ( 'NONE',  ( 64.99913398736778447, 118.5647759137861073, -25.81978502682778398 ) ) ;
#1356 = EDGE_LOOP ( 'NONE', ( #654, #500, #753, #1955, #1788, #2035 ) ) ;
#1357 = CARTESIAN_POINT ( 'NONE',  ( 113.0296674969640947, 116.9354214862794237, 27.10980083070799296 ) ) ;
#1358 = CARTESIAN_POINT ( 'NONE',  ( 114.8544335501458420, 121.7122080283399725, -26.02301048431405306 ) ) ;
#1359 = ORIENTED_EDGE ( 'NONE', *, *, #2721, .F. ) ;
#1360 = CARTESIAN_POINT ( 'NONE',  ( 115.7185369672463509, 118.3562701127150660, 25.84453780167964965 ) ) ;
#1361 = CARTESIAN_POINT ( 'NONE',  ( 64.66401578608976308, 115.8900013478761082, 28.30000000000000071 ) ) ;
#1362 = CARTESIAN_POINT ( 'NONE',  ( 62.66401578608976308, 120.5553194237731418, 28.30000000000000071 ) ) ;
#1363 = CARTESIAN_POINT ( 'NONE',  ( 117.0127966189831170, 120.9679027844551058, 27.35931151281948814 ) ) ;
#1364 = CARTESIAN_POINT ( 'NONE',  ( 116.7619222801520067, 121.2070656825934520, -26.99502742554315304 ) ) ;
#1365 = CARTESIAN_POINT ( 'NONE',  ( 62.72884371330271591, 121.2022163641608330, 27.78043363717029024 ) ) ;
#1366 = CARTESIAN_POINT ( 'NONE',  ( 62.16401578608976308, 120.5553194237731418, -28.29999999999999716 ) ) ;
#1367 = CARTESIAN_POINT ( 'NONE',  ( 115.2332251880661147, 124.3754909716795822, 27.09999999999999787 ) ) ;
#1368 = CARTESIAN_POINT ( 'NONE',  ( 67.03979539762353568, 116.0644172180925295, -27.51832131598843389 ) ) ;
#1369 = ORIENTED_EDGE ( 'NONE', *, *, #756, .T. ) ;
#1370 = CARTESIAN_POINT ( 'NONE',  ( 115.2332251880658021, 118.3900013478765061, 25.79999999999994387 ) ) ;
#1371 = CARTESIAN_POINT ( 'NONE',  ( 66.00916393178115982, 114.4349103504508776, -26.17296247241637985 ) ) ;
#1372 = ORIENTED_EDGE ( 'NONE', *, *, #265, .T. ) ;
#1373 = CARTESIAN_POINT ( 'NONE',  ( 62.20598319912546259, 117.3756674133589257, 30.56559058337159129 ) ) ;
#1374 = CARTESIAN_POINT ( 'NONE',  ( 112.7332251880661147, 114.3900013478761082, 22.80000000000000071 ) ) ;
#1375 = EDGE_CURVE ( 'NONE', #16, #1736, #1905, .T. ) ;
#1376 = CARTESIAN_POINT ( 'NONE',  ( 62.16401578608977729, 115.8149371844563547, 27.76818613882496933 ) ) ;
#1377 = APPROVAL ( #1182, 'UNSPECIFIED' ) ;
#1378 = CARTESIAN_POINT ( 'NONE',  ( 66.66401578608976308, 116.6764323940537054, -29.94576193639140271 ) ) ;
#1379 = CARTESIAN_POINT ( 'NONE',  ( 114.1280098146302890, 121.0716168734705320, -26.62714488114845679 ) ) ;
#1380 = CARTESIAN_POINT ( 'NONE',  ( 66.66401578608976308, 116.5568888430235859, 29.98848036115446192 ) ) ;
#1381 = CARTESIAN_POINT ( 'NONE',  ( 63.17434966907746485, 118.5753369562413440, -26.28918754674280933 ) ) ;
#1382 = ORIENTED_EDGE ( 'NONE', *, *, #1664, .T. ) ;
#1383 = CARTESIAN_POINT ( 'NONE',  ( 66.59308531000587550, 117.5436636257073957, 26.69855855865477068 ) ) ;
#1384 = CIRCLE ( 'NONE', #766, 2.000000000000008882 ) ;
#1385 = CARTESIAN_POINT ( 'NONE',  ( 113.2028967682726091, 121.1375945656231607, -27.10064769482649538 ) ) ;
#1386 = ORIENTED_EDGE ( 'NONE', *, *, #2144, .T. ) ;
#1387 = CIRCLE ( 'NONE', #2320, 2.500000000000002220 ) ;
#1388 = EDGE_CURVE ( 'NONE', #2537, #2523, #406, .T. ) ;
#1389 = EDGE_CURVE ( 'NONE', #750, #1990, #1415, .T. ) ;
#1390 = CARTESIAN_POINT ( 'NONE',  ( 62.16401578608977019, 118.8342289934438014, 29.99628225534092607 ) ) ;
#1391 = FACE_OUTER_BOUND ( 'NONE', #1888, .T. ) ;
#1392 = CIRCLE ( 'NONE', #2157, 18.00000000000000355 ) ;
#1393 = CIRCLE ( 'NONE', #570, 1.200000000000003064 ) ;
#1394 = CARTESIAN_POINT ( 'NONE',  ( 62.29933949146947469, 120.8671576034719379, -28.66666666666666785 ) ) ;
#1395 = CARTESIAN_POINT ( 'NONE',  ( 67.16474768147756436, 115.8364445087896542, -30.67906018849501848 ) ) ;
#1396 = LINE ( 'NONE', #693, #257 ) ;
#1397 = CARTESIAN_POINT ( 'NONE',  ( 62.67944937371467518, 121.4371676597475016, 27.95972107038793197 ) ) ;
#1398 = CARTESIAN_POINT ( 'NONE',  ( 65.83277088848132053, 114.4497755140229600, -27.98553855359205400 ) ) ;
#1399 = CARTESIAN_POINT ( 'NONE',  ( 117.7332251880661289, 115.4566680145427853, -30.72856999856987059 ) ) ;
#1400 = DIRECTION ( 'NONE',  ( 0.000000000000000000, -0.7617634545978780869, 0.6478552610260308597 ) ) ;
#1401 = ORIENTED_EDGE ( 'NONE', *, *, #2640, .F. ) ;
#1402 = CARTESIAN_POINT ( 'NONE',  ( 62.16802760143536943, 115.3691383867232645, 30.79690892194190610 ) ) ;
#1403 = ORIENTED_EDGE ( 'NONE', *, *, #420, .T. ) ;
#1404 = CARTESIAN_POINT ( 'NONE',  ( 62.16401578608977019, 122.3718668915051921, 27.11360520158217113 ) ) ;
#1405 = CARTESIAN_POINT ( 'NONE',  ( 62.36224998821523968, 121.4070934229770415, -28.14163042534490700 ) ) ;
#1406 = EDGE_CURVE ( 'NONE', #1990, #2540, #2603, .T. ) ;
#1407 = DIRECTION ( 'NONE',  ( -1.000000000000000000, 0.000000000000000000, 0.000000000000000000 ) ) ;
#1408 = CARTESIAN_POINT ( 'NONE',  ( 63.70804663588226902, 114.7516188657351535, -27.55805304015278168 ) ) ;
#1409 = CARTESIAN_POINT ( 'NONE',  ( 66.10665638020942936, 120.9102481963010689, 26.90858203271549698 ) ) ;
#1410 = DIRECTION ( 'NONE',  ( -1.000000000000000000, 0.000000000000000000, 0.000000000000000000 ) ) ;
#1411 = DIRECTION ( 'NONE',  ( 0.000000000000000000, 0.000000000000000000, -1.000000000000000000 ) ) ;
#1412 = DIRECTION ( 'NONE',  ( -0.000000000000000000, -0.000000000000000000, 1.000000000000000000 ) ) ;
#1413 = VERTEX_POINT ( 'NONE', #3098 ) ;
#1414 = CARTESIAN_POINT ( 'NONE',  ( 62.23937819221795564, 118.7750202338517909, 30.02166912501261109 ) ) ;
#1415 = B_SPLINE_CURVE_WITH_KNOTS ( 'NONE', 3,
 ( #2858, #1620, #2124, #2364, #652, #1608, #2616, #1127 ),
 .UNSPECIFIED., .F., .F.,
 ( 4, 2, 2, 4 ),
 ( 0.000000000000000000, 0.0002201467299467333501, 0.0004402934598934667002, 0.0008805869197868903576 ),
 .UNSPECIFIED. ) ;
#1416 = ORIENTED_EDGE ( 'NONE', *, *, #2769, .F. ) ;
#1417 = CARTESIAN_POINT ( 'NONE',  ( 62.16401578608978440, 123.8095352338453949, 23.07194936940845764 ) ) ;
#1418 = DIRECTION ( 'NONE',  ( -0.000000000000000000, 1.000000000000000000, -0.000000000000000000 ) ) ;
#1419 = CARTESIAN_POINT ( 'NONE',  ( 113.2332251880661147, 125.8900013478761224, 28.30000000000000071 ) ) ;
#1420 = CARTESIAN_POINT ( 'NONE',  ( 64.21142222994866700, 122.0160970654124100, 26.34526489204550614 ) ) ;
#1421 = CYLINDRICAL_SURFACE ( 'NONE', #451, 12.99999999999999822 ) ;
#1422 = CARTESIAN_POINT ( 'NONE',  ( 64.08449919319447474, 121.7352220467923445, 26.38005864058132133 ) ) ;
#1423 = CARTESIAN_POINT ( 'NONE',  ( 67.16759189499892102, 119.8296505815863071, -28.66666666666667851 ) ) ;
#1424 = CARTESIAN_POINT ( 'NONE',  ( 66.71073445538775104, 115.8736965924522480, 30.37675021892128058 ) ) ;
#1425 = CARTESIAN_POINT ( 'NONE',  ( 62.66339681218148172, 115.8900013478761082, -30.29041204137377719 ) ) ;
#1426 = ORIENTED_EDGE ( 'NONE', *, *, #717, .F. ) ;
#1427 = CARTESIAN_POINT ( 'NONE',  ( 113.1174544164975231, 115.8211973615086947, -30.49436738090536636 ) ) ;
#1428 = EDGE_CURVE ( 'NONE', #983, #1165, #153, .T. ) ;
#1429 = ORIENTED_EDGE ( 'NONE', *, *, #1428, .T. ) ;
#1430 = VECTOR ( 'NONE', #746, 1000.000000000000000 ) ;
#1431 = CARTESIAN_POINT ( 'NONE',  ( 113.2588636382574663, 119.9806012056065185, -27.90921908310990673 ) ) ;
#1432 = CALENDAR_DATE ( 2026, 11, 5 ) ;
#1433 = AXIS2_PLACEMENT_3D ( 'NONE', #1299, #1600, #1861 ) ;
#1434 = TOROIDAL_SURFACE ( 'NONE', #2268, 18.00000000000000355, 5.000000000000000000 ) ;
#1435 = DIRECTION ( 'NONE',  ( -1.000000000000000000, 0.000000000000000000, 0.000000000000000000 ) ) ;
#1436 = LINE ( 'NONE', #452, #2946 ) ;
#1437 = AXIS2_PLACEMENT_3D ( 'NONE', #1250, #550, #2980 ) ;
#1438 = CARTESIAN_POINT ( 'NONE',  ( 117.7332251880661289, 114.3900013478761082, -22.80000000000000071 ) ) ;
#1439 = CARTESIAN_POINT ( 'NONE',  ( 64.66401578609037415, 114.5840194975457536, -27.09999999999315534 ) ) ;
#1440 = LINE ( 'NONE', #2429, #716 ) ;
#1441 = CARTESIAN_POINT ( 'NONE',  ( 62.66401578608974887, 120.8067189732837932, 28.12895423004395212 ) ) ;
#1442 = ORGANIZATION ( 'UNSPECIFIED', 'UNSPECIFIED', '' ) ;
#1443 = DIRECTION ( 'NONE',  ( 0.000000000000000000, -1.000000000000000000, 0.000000000000000000 ) ) ;
#1444 = CARTESIAN_POINT ( 'NONE',  ( 112.9050089072318173, 120.7295708866602837, -27.68314273543242621 ) ) ;
#1445 = CARTESIAN_POINT ( 'NONE',  ( 113.2309067025489071, 115.8900013478761082, 30.20512808464049925 ) ) ;
#1446 = CARTESIAN_POINT ( 'NONE',  ( 67.16476290566579621, 115.8639936753560846, -30.67387493718142721 ) ) ;
#1447 = ORIENTED_EDGE ( 'NONE', *, *, #2025, .F. ) ;
#1448 = ORIENTED_EDGE ( 'NONE', *, *, #1340, .F. ) ;
#1449 = EDGE_CURVE ( 'NONE', #2517, #1990, #2470, .T. ) ;
#1450 = FACE_OUTER_BOUND ( 'NONE', #2170, .T. ) ;
#1451 = VERTEX_POINT ( 'NONE', #884 ) ;
#1452 = CARTESIAN_POINT ( 'NONE',  ( 117.2332251880661289, 119.4890208614689016, -28.30000000000000071 ) ) ;
#1453 = APPROVAL_DATE_TIME ( #903, #2593 ) ;
#1454 = ORIENTED_EDGE ( 'NONE', *, *, #914, .F. ) ;
#1455 = CARTESIAN_POINT ( 'NONE',  ( 66.66401578608977729, 119.8320992469834607, -28.66930803819790086 ) ) ;
#1456 = CARTESIAN_POINT ( 'NONE',  ( 64.66401578608974887, 114.5840194975463220, 27.09999999999999787 ) ) ;
#1457 = DIRECTION ( 'NONE',  ( -1.000000000000000000, -0.000000000000000000, -0.000000000000000000 ) ) ;
#1458 = DIRECTION ( 'NONE',  ( 0.000000000000000000, 0.000000000000000000, 1.000000000000000000 ) ) ;
#1459 = CARTESIAN_POINT ( 'NONE',  ( 65.39964243590260651, 114.4902214744172113, -29.26095672164240113 ) ) ;
#1460 = CARTESIAN_POINT ( 'NONE',  ( 66.66401578608976308, 119.4897347581820100, 28.30000000000000071 ) ) ;
#1461 = CARTESIAN_POINT ( 'NONE',  ( 62.16401578608977019, 123.8095352338452386, -23.07295968886133863 ) ) ;
#1462 = CARTESIAN_POINT ( 'NONE',  ( 65.73199156301230062, 121.7383085582944489, -26.21588905878721931 ) ) ;
#1463 = CARTESIAN_POINT ( 'NONE',  ( 113.3760467745000824, 120.3467464026051488, 27.54849380296912287 ) ) ;
#1464 = DIRECTION ( 'NONE',  ( -0.000000000000000000, -1.000000000000000000, -0.000000000000000000 ) ) ;
#1465 = CARTESIAN_POINT ( 'NONE',  ( 67.16571005648744119, 117.4277924909453645, -30.21240768623697193 ) ) ;
#1466 = EDGE_LOOP ( 'NONE', ( #1496, #986, #274, #3133, #2751, #349 ) ) ;
#1467 = CARTESIAN_POINT ( 'NONE',  ( 67.16546853195343658, 117.0558747628303848, 30.35418581993450360 ) ) ;
#1468 = ORIENTED_EDGE ( 'NONE', *, *, #2962, .F. ) ;
#1469 = B_SPLINE_CURVE_WITH_KNOTS ( 'NONE', 3,
 ( #1423, #959, #1703, #3159, #1207, #2676, #1944, #2938, #941, #2699, #477, #1462, #219, #1929, #2413, #201, #2184, #2167, #698, #1191, #1686, #663, #2880, #2131, #163, #904, #2379, #3122, #1405, #1646, #2643, #421 ),
 .UNSPECIFIED., .F., .F.,
 ( 4, 2, 2, 2, 2, 2, 2, 2, 2, 2, 2, 2, 2, 2, 2, 4 ),
 ( 0.000000000000000000, 0.001125178085693913452, 0.001687767128540870179, 0.002250356171387826905, 0.002812945214234783848, 0.003375534257081740357, 0.003938123299928697300, 0.004500712342775653810, 0.005063301385622610319, 0.005625890428469567696, 0.006188479471316524205, 0.006751068514163480715, 0.007313657557010438091, 0.007876246599857394601, 0.008438835642704357182, 0.009001424685551318028 ),
 .UNSPECIFIED. ) ;
#1470 = CARTESIAN_POINT ( 'NONE',  ( 66.66401578608976308, 117.2215030342717341, 29.74791360367807869 ) ) ;
#1471 = CARTESIAN_POINT ( 'NONE',  ( 66.39891589848151909, 121.4286775901703948, -26.67901344543540532 ) ) ;
#1472 = CARTESIAN_POINT ( 'NONE',  ( 117.2401413607372405, 115.8900013478761082, -30.23303437365925461 ) ) ;
#1473 = EDGE_CURVE ( 'NONE', #2156, #97, #1897, .T. ) ;
#1474 = CARTESIAN_POINT ( 'NONE',  ( 66.69843942804158132, 120.3415960800507492, 28.16541869943374365 ) ) ;
#1475 = CARTESIAN_POINT ( 'NONE',  ( 62.66401578610314260, 120.4230768464691010, -28.92314942031913105 ) ) ;
#1476 = DIRECTION ( 'NONE',  ( 0.000000000000000000, -0.000000000000000000, -1.000000000000000000 ) ) ;
#1477 = EDGE_CURVE ( 'NONE', #2143, #1637, #109, .T. ) ;
#1478 = FACE_OUTER_BOUND ( 'NONE', #839, .T. ) ;
#1479 = CARTESIAN_POINT ( 'NONE',  ( 112.9023755104021660, 120.7239328594316135, 27.69041965245449433 ) ) ;
#1480 = CARTESIAN_POINT ( 'NONE',  ( 117.2034615356470937, 120.0102165971062504, -27.88327271431202448 ) ) ;
#1481 = VERTEX_POINT ( 'NONE', #1399 ) ;
#1482 = DIRECTION ( 'NONE',  ( 0.000000000000000000, 0.7333520906002105599, -0.6798490356044499805 ) ) ;
#1483 = VERTEX_POINT ( 'NONE', #170 ) ;
#1484 = CARTESIAN_POINT ( 'NONE',  ( 67.16759189499892102, 119.8296505815863071, 28.66666666666667140 ) ) ;
#1485 = CARTESIAN_POINT ( 'NONE',  ( 66.52216956563300698, 120.3482739732724838, -27.55101382852757297 ) ) ;
#1486 = DIRECTION ( 'NONE',  ( -0.000000000000000000, -0.000000000000000000, 1.000000000000000000 ) ) ;
#1487 = CIRCLE ( 'NONE', #973, 18.00000000000000355 ) ;
#1488 = CARTESIAN_POINT ( 'NONE',  ( 64.42724755161481198, 118.6857340947891828, 25.80000000000109139 ) ) ;
#1489 = DIRECTION ( 'NONE',  ( 1.000000000000000000, -0.000000000000000000, -0.000000000000000000 ) ) ;
#1490 = CARTESIAN_POINT ( 'NONE',  ( 62.66401578608977729, 119.1863159930931033, -29.73865323415057560 ) ) ;
#1491 = AXIS2_PLACEMENT_3D ( 'NONE', #2821, #361, #2074 ) ;
#1492 = CARTESIAN_POINT ( 'NONE',  ( 112.7332251880661147, 119.4890208614689016, 28.29999999999999361 ) ) ;
#1493 = CARTESIAN_POINT ( 'NONE',  ( 62.16401578608978440, 120.2464044861762744, -29.19368152364793900 ) ) ;
#1494 = AXIS2_PLACEMENT_3D ( 'NONE', #1215, #161, #1152 ) ;
#1495 = CARTESIAN_POINT ( 'NONE',  ( 63.70720763615379667, 114.7517889906874586, 27.55907397664491043 ) ) ;
#1496 = ORIENTED_EDGE ( 'NONE', *, *, #183, .T. ) ;
#1497 = EDGE_LOOP ( 'NONE', ( #3131, #970, #141, #658, #1401 ) ) ;
#1498 = AXIS2_PLACEMENT_3D ( 'NONE', #632, #1615, #2611 ) ;
#1499 = DIRECTION ( 'NONE',  ( 0.000000000000000000, 0.000000000000000000, 1.000000000000000000 ) ) ;
#1500 = CARTESIAN_POINT ( 'NONE',  ( 65.51382656405512250, 115.4514029914384281, 30.73999347120031445 ) ) ;
#1501 = VERTEX_POINT ( 'NONE', #1353 ) ;
#1502 = CARTESIAN_POINT ( 'NONE',  ( 114.6158709820850987, 121.2131301459995854, 26.39125144779621834 ) ) ;
#1503 = ORIENTED_EDGE ( 'NONE', *, *, #2004, .T. ) ;
#1504 = CARTESIAN_POINT ( 'NONE',  ( 113.9831647241648795, 118.1187253880122654, -26.13214245822083015 ) ) ;
#1505 = CARTESIAN_POINT ( 'NONE',  ( 64.62183323568611115, 121.5947171593704894, -26.29493327950938664 ) ) ;
#1506 = CARTESIAN_POINT ( 'NONE',  ( 63.83959040462106316, 118.7144416233104067, 25.93673358614764979 ) ) ;
#1507 = CARTESIAN_POINT ( 'NONE',  ( 63.19597945647051063, 114.8636740774414875, 26.27139825355801506 ) ) ;
#1508 = DIRECTION ( 'NONE',  ( 1.000000000000000000, -0.000000000000000000, -0.000000000000000000 ) ) ;
#1509 =( BOUNDED_SURFACE ( )  B_SPLINE_SURFACE ( 3, 2, ( 
 ( #2181, #3184, #3169 ),
 ( #216, #955, #1961 ),
 ( #1715, #1653, #169 ),
 ( #910, #711, #474 ),
 ( #2660, #1699, #454 ),
 ( #1683, #730, #2399 ) ),
 .UNSPECIFIED., .F., .F., .F. ) 
 B_SPLINE_SURFACE_WITH_KNOTS ( ( 4, 2, 4 ),
 ( 3, 3 ),
 ( 0.003682006503147996178, 0.006211284026676096304, 0.008740561550204197297 ),
 ( 0.000000000000000000, 1.000000000000000000 ),
 .UNSPECIFIED. ) 
 GEOMETRIC_REPRESENTATION_ITEM ( )  RATIONAL_B_SPLINE_SURFACE ( (
 ( 1.000000000000000000, 0.7175161896935940975, 1.000000000000000000),
 ( 1.000000000000000000, 0.7285613776906195715, 1.000000000000000000),
 ( 1.000000000000000000, 0.7373090580133566663, 1.000000000000000000),
 ( 1.000000000000000000, 0.7492913568877307418, 1.000000000000000000),
 ( 1.000000000000000000, 0.7525220050324534782, 1.000000000000000000),
 ( 1.000000000000000000, 0.7527572451967079470, 1.000000000000000000) ) ) 
 REPRESENTATION_ITEM ( '' )  SURFACE ( )  );
#1510 = CARTESIAN_POINT ( 'NONE',  ( 62.16401578608977729, 120.4474556086281325, -22.79999999999997229 ) ) ;
#1511 = CARTESIAN_POINT ( 'NONE',  ( 62.64541328980052981, 121.0705247837813658, -28.34926514507231587 ) ) ;
#1512 = DIRECTION ( 'NONE',  ( 0.000000000000000000, -0.000000000000000000, -1.000000000000000000 ) ) ;
#1513 = CARTESIAN_POINT ( 'NONE',  ( 63.46411092590147263, 114.8034156681043072, 28.14160793316505860 ) ) ;
#1514 = EDGE_LOOP ( 'NONE', ( #1826, #32, #2129 ) ) ;
#1515 = CARTESIAN_POINT ( 'NONE',  ( 62.16401578608977019, 117.7314389616301469, -27.16046297487896766 ) ) ;
#1516 = B_SPLINE_CURVE_WITH_KNOTS ( 'NONE', 3,
 ( #2391, #3132, #1690, #2404, #1195, #188, #1874, #2113, #1178, #1383, #2907, #3163, #464, #945, #1149, #1934, #3105, #703, #2682, #399 ),
 .UNSPECIFIED., .F., .F.,
 ( 4, 2, 2, 2, 2, 2, 2, 2, 2, 4 ),
 ( 0.006426805913753208359, 0.006795144609693112327, 0.007163483305633016295, 0.007900160697512790403, 0.008636838089392563644, 0.009373515481272338620, 0.01011019287315211186, 0.01084687026503188684, 0.01158354765691166008, 0.01232022504879143505 ),
 .UNSPECIFIED. ) ;
#1517 = ORIENTED_EDGE ( 'NONE', *, *, #1528, .F. ) ;
#1518 = CARTESIAN_POINT ( 'NONE',  ( 67.16453227387478364, 115.4273642092353072, 30.73252771078207246 ) ) ;
#1519 = ORIENTED_EDGE ( 'NONE', *, *, #482, .F. ) ;
#1520 = CARTESIAN_POINT ( 'NONE',  ( 65.52909083867002948, 121.6402873003316643, -26.48762815802573201 ) ) ;
#1521 = CARTESIAN_POINT ( 'NONE',  ( 117.3915522967341190, 115.7851054629138048, -30.54484560403717452 ) ) ;
#1522 = DIRECTION ( 'NONE',  ( 0.000000000000000000, 0.000000000000000000, -1.000000000000000000 ) ) ;
#1523 = CARTESIAN_POINT ( 'NONE',  ( 62.66401578608976308, 115.8900013478761082, 30.27376381721757426 ) ) ;
#1524 = CARTESIAN_POINT ( 'NONE',  ( 63.62364649093413504, 121.8052605630566347, -26.58545880335100975 ) ) ;
#1525 = CARTESIAN_POINT ( 'NONE',  ( 113.1974720420069076, 120.0851187495453161, 28.42917913158507304 ) ) ;
#1526 = CARTESIAN_POINT ( 'NONE',  ( 63.61701868858718711, 114.7706522162946783, 28.90724355295027692 ) ) ;
#1527 = EDGE_CURVE ( 'NONE', #2947, #3014, #2887, .T. ) ;
#1528 = EDGE_CURVE ( 'NONE', #1742, #579, #682, .T. ) ;
#1529 = ORIENTED_EDGE ( 'NONE', *, *, #2646, .T. ) ;
#1530 = CARTESIAN_POINT ( 'NONE',  ( 67.16649465219539650, 118.5528830873366246, 29.68093582753162707 ) ) ;
#1531 = CARTESIAN_POINT ( 'NONE',  ( 63.82981628224033699, 115.4335901011058070, 30.76944606370074453 ) ) ;
#1532 = EDGE_CURVE ( 'NONE', #2666, #1276, #2544, .T. ) ;
#1533 = ORIENTED_EDGE ( 'NONE', *, *, #569, .F. ) ;
#1534 = CARTESIAN_POINT ( 'NONE',  ( 62.67084852555917962, 120.8311465480915530, 28.10329433682387190 ) ) ;
#1535 = LINE ( 'NONE', #2278, #2587 ) ;
#1536 = B_SPLINE_CURVE_WITH_KNOTS ( 'NONE', 3,
 ( #2269, #1996, #834, #576, #1800, #1573, #2553, #1319, #2300, #85 ),
 .UNSPECIFIED., .F., .F.,
 ( 4, 2, 2, 2, 4 ),
 ( 0.000000000000000000, 0.0008539357749937925585, 0.001707871549987585117, 0.002561807324981377892, 0.003415743099975170234 ),
 .UNSPECIFIED. ) ;
#1537 = EDGE_CURVE ( 'NONE', #701, #2115, #950, .T. ) ;
#1538 = VERTEX_POINT ( 'NONE', #2903 ) ;
#1539 = CARTESIAN_POINT ( 'NONE',  ( 62.66401578608976308, 116.7426742755953484, -30.15314340862088116 ) ) ;
#1540 = CARTESIAN_POINT ( 'NONE',  ( 64.17414591109205446, 121.7151274295402317, -26.35499875864676866 ) ) ;
#1541 = DIRECTION ( 'NONE',  ( -1.000000000000000000, 0.000000000000000000, 0.000000000000000000 ) ) ;
#1542 = PLANE ( 'NONE',  #1337 ) ;
#1543 = VECTOR ( 'NONE', #749, 1000.000000000000000 ) ;
#1544 = CARTESIAN_POINT ( 'NONE',  ( 62.72953460371190459, 121.2048960425139086, -27.77779919486280846 ) ) ;
#1545 = CARTESIAN_POINT ( 'NONE',  ( 113.5242615974456442, 121.0507293649017413, 27.23756346228971736 ) ) ;
#1546 = CARTESIAN_POINT ( 'NONE',  ( 64.06165292966208824, 114.6830411755159247, 27.25038314676835327 ) ) ;
#1547 = VECTOR ( 'NONE', #2853, 1000.000000000000000 ) ;
#1548 = VERTEX_POINT ( 'NONE', #3186 ) ;
#1549 = DIRECTION ( 'NONE',  ( -1.000000000000000000, 0.000000000000000000, 0.000000000000000000 ) ) ;
#1550 = VERTEX_POINT ( 'NONE', #994 ) ;
#1551 = CARTESIAN_POINT ( 'NONE',  ( 63.24022443439031349, 122.0363861416552282, 26.88588168029686187 ) ) ;
#1552 = CIRCLE ( 'NONE', #2270, 1.200000000000003064 ) ;
#1553 = ADVANCED_FACE ( 'NONE', ( #1701 ), #2412, .T. ) ;
#1554 = CYLINDRICAL_SURFACE ( 'NONE', #2638, 2.500000000000002220 ) ;
#1555 = EDGE_LOOP ( 'NONE', ( #2451, #1416, #190, #368, #1517 ) ) ;
#1556 = CARTESIAN_POINT ( 'NONE',  ( 117.2791927075526388, 117.3238320434712421, 26.85549331844254439 ) ) ;
#1557 = CARTESIAN_POINT ( 'NONE',  ( 66.31670431667376420, 120.6966440631867954, -27.16610971922717255 ) ) ;
#1558 = FACE_OUTER_BOUND ( 'NONE', #1001, .T. ) ;
#1559 = CARTESIAN_POINT ( 'NONE',  ( 115.1155224639164345, 118.3901805232189588, -25.79976110016375657 ) ) ;
#1560 = CARTESIAN_POINT ( 'NONE',  ( 62.66401578608976308, 116.3027978923961427, -30.23040604582039492 ) ) ;
#1561 = CARTESIAN_POINT ( 'NONE',  ( 62.99478630837618454, 121.6574759713850398, -27.18989904026846816 ) ) ;
#1562 = CARTESIAN_POINT ( 'NONE',  ( 116.2853771453713705, 121.4413964341369763, 26.59001233309729528 ) ) ;
#1563 = CARTESIAN_POINT ( 'NONE',  ( 113.9038957055457075, 120.9575512912767863, -26.79905749702104245 ) ) ;
#1564 = ORIENTED_EDGE ( 'NONE', *, *, #2476, .T. ) ;
#1565 = FACE_OUTER_BOUND ( 'NONE', #1225, .T. ) ;
#1566 = CARTESIAN_POINT ( 'NONE',  ( 67.11350552887294896, 114.3909647356664721, -27.80000000000000071 ) ) ;
#1567 = ORIENTED_EDGE ( 'NONE', *, *, #67, .F. ) ;
#1568 = CARTESIAN_POINT ( 'NONE',  ( 112.7332251880661147, 115.4566680145427853, -30.72856999856987059 ) ) ;
#1569 = ORIENTED_EDGE ( 'NONE', *, *, #1641, .F. ) ;
#1570 = CARTESIAN_POINT ( 'NONE',  ( 117.6089927079683264, 116.0625250278212803, 27.51827790873806379 ) ) ;
#1571 = EDGE_CURVE ( 'NONE', #1451, #2847, #1669, .T. ) ;
#1572 = DIRECTION ( 'NONE',  ( 0.000000000000000000, -0.000000000000000000, -1.000000000000000000 ) ) ;
#1573 = CARTESIAN_POINT ( 'NONE',  ( 66.01876391079409245, 114.4342463754067438, 26.17926432152095728 ) ) ;
#1574 = ADVANCED_FACE ( 'NONE', ( #940 ), #1928, .F. ) ;
#1575 = CARTESIAN_POINT ( 'NONE',  ( 114.1186475845605486, 121.0675668257422330, 26.63347844641549500 ) ) ;
#1576 = CARTESIAN_POINT ( 'NONE',  ( 115.3870250975518843, 121.2636174062448191, -26.30045364436793420 ) ) ;
#1577 = CARTESIAN_POINT ( 'NONE',  ( 62.21452604330657010, 115.3647993739923834, -27.79999999999999361 ) ) ;
#1578 = ORIENTED_EDGE ( 'NONE', *, *, #622, .T. ) ;
#1579 = CARTESIAN_POINT ( 'NONE',  ( 66.81849724277736868, 121.0347544167937457, 27.27328978968985140 ) ) ;
#1580 = FACE_OUTER_BOUND ( 'NONE', #2571, .T. ) ;
#1581 = CARTESIAN_POINT ( 'NONE',  ( 63.94427214340264953, 114.7049977902748310, -25.90164780973375613 ) ) ;
#1582 = ORIENTED_EDGE ( 'NONE', *, *, #878, .T. ) ;
#1583 = CARTESIAN_POINT ( 'NONE',  ( 67.16454770898286597, 115.4566297753488868, -30.72864771861497601 ) ) ;
#1584 = CARTESIAN_POINT ( 'NONE',  ( 67.29973397013858971, 132.3900013478761366, -27.80000000000000071 ) ) ;
#1585 = DIRECTION ( 'NONE',  ( 0.000000000000000000, -1.000000000000000000, -0.000000000000000000 ) ) ;
#1586 = CARTESIAN_POINT ( 'NONE',  ( 114.8561038024116243, 121.7121597679941374, 26.02309456612548288 ) ) ;
#1587 = CARTESIAN_POINT ( 'NONE',  ( 113.2904960279232967, 120.6735797630235538, -27.75587967910550091 ) ) ;
#1588 = DIRECTION ( 'NONE',  ( 0.000000000000000000, -1.000000000000000000, 0.000000000000000000 ) ) ;
#1589 = AXIS2_PLACEMENT_3D ( 'NONE', #1271, #2746, #527 ) ;
#1590 = CARTESIAN_POINT ( 'NONE',  ( 66.66401578608976308, 115.8900013478761082, 30.14858313917500254 ) ) ;
#1591 = AXIS2_PLACEMENT_3D ( 'NONE', #667, #1171, #2916 ) ;
#1592 = CARTESIAN_POINT ( 'NONE',  ( 115.8478508374512472, 121.2135371484723692, 26.39052888582972045 ) ) ;
#1593 = ORIENTED_EDGE ( 'NONE', *, *, #895, .T. ) ;
#1594 = AXIS2_PLACEMENT_3D ( 'NONE', #1002, #725, #1777 ) ;
#1595 = CARTESIAN_POINT ( 'NONE',  ( 114.6287486811348373, 118.3358332646357667, 25.87121334472555745 ) ) ;
#1596 = CARTESIAN_POINT ( 'NONE',  ( 62.66401578608976308, 115.8900013478761082, 30.26543587078575470 ) ) ;
#1597 = CARTESIAN_POINT ( 'NONE',  ( 64.08257215946773044, 114.6792764119661001, -25.86445615469531134 ) ) ;
#1598 = AXIS2_PLACEMENT_3D ( 'NONE', #2852, #337, #906 ) ;
#1599 = ORIENTED_EDGE ( 'NONE', *, *, #2142, .F. ) ;
#1600 = DIRECTION ( 'NONE',  ( 1.000000000000000000, -0.000000000000000000, -0.000000000000000000 ) ) ;
#1601 = LINE ( 'NONE', #3048, #1093 ) ;
#1602 = CARTESIAN_POINT ( 'NONE',  ( 112.7332251880661147, 114.3900013478761082, -22.80000000000000071 ) ) ;
#1603 = CARTESIAN_POINT ( 'NONE',  ( 67.29973397013858971, 119.3900013478761082, 33.00000000000000000 ) ) ;
#1604 = CARTESIAN_POINT ( 'NONE',  ( 115.8536626877242099, 121.5453874505319902, 26.39165693680021718 ) ) ;
#1605 = CARTESIAN_POINT ( 'NONE',  ( 116.1441422487977633, 121.6434380031213038, -26.17581614320901551 ) ) ;
#1606 = CARTESIAN_POINT ( 'NONE',  ( 62.75070554511800935, 121.6488852038001340, 27.68399135629948660 ) ) ;
#1607 = DIRECTION ( 'NONE',  ( 0.000000000000000000, 0.000000000000000000, 1.000000000000000000 ) ) ;
#1608 = CARTESIAN_POINT ( 'NONE',  ( 117.5274448429992731, 115.6628940947679638, 30.66762001544216076 ) ) ;
#1609 = CARTESIAN_POINT ( 'NONE',  ( 66.21952952196247111, 117.9722495879500315, -26.33160099747228600 ) ) ;
#1610 = ORIENTED_EDGE ( 'NONE', *, *, #628, .T. ) ;
#1611 = CARTESIAN_POINT ( 'NONE',  ( 65.72805811056304037, 121.7397188829219203, 26.21415037769773093 ) ) ;
#1612 = ADVANCED_FACE ( 'NONE', ( #1478 ), #546, .T. ) ;
#1613 = CARTESIAN_POINT ( 'NONE',  ( 114.4842926511944086, 121.6712898908166949, -26.11441464030522042 ) ) ;
#1614 = ORIENTED_EDGE ( 'NONE', *, *, #1532, .T. ) ;
#1615 = DIRECTION ( 'NONE',  ( 0.000000000000000000, -1.000000000000000000, 0.000000000000000000 ) ) ;
#1616 = CYLINDRICAL_SURFACE ( 'NONE', #2325, 0.5000000000000004441 ) ;
#1617 = CARTESIAN_POINT ( 'NONE',  ( 117.3582144490401618, 121.0389556579514903, -27.25227213642796187 ) ) ;
#1618 = CARTESIAN_POINT ( 'NONE',  ( 114.6127876884093553, 121.5453874505319902, -26.39165693680054048 ) ) ;
#1619 = CARTESIAN_POINT ( 'NONE',  ( 62.40214963910417367, 121.5499302613952750, 27.97391151521723884 ) ) ;
#1620 = CARTESIAN_POINT ( 'NONE',  ( 117.2522927762998961, 115.8900013478761366, 30.30678904711275479 ) ) ;
#1621 = EDGE_CURVE ( 'NONE', #1722, #3071, #2112, .T. ) ;
#1622 = CARTESIAN_POINT ( 'NONE',  ( 117.2332251880661289, 115.8900013478761082, -28.30000000000000071 ) ) ;
#1623 = ORIENTED_EDGE ( 'NONE', *, *, #1389, .T. ) ;
#1624 = EDGE_CURVE ( 'NONE', #2960, #2756, #2420, .T. ) ;
#1625 = CARTESIAN_POINT ( 'NONE',  ( 62.20631160019947004, 117.3517206379956406, 30.52790502591191668 ) ) ;
#1626 = DIRECTION ( 'NONE',  ( -1.000000000000000000, -0.000000000000000000, -0.000000000000000000 ) ) ;
#1627 = EDGE_LOOP ( 'NONE', ( #3107, #2047, #2419, #2441 ) ) ;
#1628 = CARTESIAN_POINT ( 'NONE',  ( 62.16401578608977729, 115.6871740464389973, 30.78696050824244423 ) ) ;
#1629 = DIRECTION ( 'NONE',  ( 0.000000000000000000, -0.000000000000000000, 1.000000000000000000 ) ) ;
#1630 = CC_DESIGN_PERSON_AND_ORGANIZATION_ASSIGNMENT ( #2642, #1954, ( #210 ) ) ;
#1631 = FACE_OUTER_BOUND ( 'NONE', #2681, .T. ) ;
#1632 = CARTESIAN_POINT ( 'NONE',  ( 67.16570282871946063, 117.4102218029507867, -30.21110784412970673 ) ) ;
#1633 = CARTESIAN_POINT ( 'NONE',  ( 112.7332251880661289, 119.8289554957084135, -28.66666666666666785 ) ) ;
#1634 = CARTESIAN_POINT ( 'NONE',  ( 67.29973397013858971, 114.3900013478761082, 27.79999999999999716 ) ) ;
#1635 = DIRECTION ( 'NONE',  ( -0.000000000000000000, 1.000000000000000000, -0.000000000000000000 ) ) ;
#1636 = CARTESIAN_POINT ( 'NONE',  ( 117.1057041307341251, 120.3081117727839171, 27.58833077471500062 ) ) ;
#1637 = VERTEX_POINT ( 'NONE', #3075 ) ;
#1638 = CARTESIAN_POINT ( 'NONE',  ( 62.66401578608976308, 117.2259374464091053, 30.04491096189084942 ) ) ;
#1639 = AXIS2_PLACEMENT_3D ( 'NONE', #1189, #181, #1173 ) ;
#1640 = ORIENTED_EDGE ( 'NONE', *, *, #3019, .T. ) ;
#1641 = EDGE_CURVE ( 'NONE', #1244, #1550, #1227, .T. ) ;
#1642 = CIRCLE ( 'NONE', #2365, 1.200000000000003064 ) ;
#1643 = CARTESIAN_POINT ( 'NONE',  ( 113.5203966493467647, 120.6058615801930500, -27.26009524395983874 ) ) ;
#1644 = CALENDAR_DATE ( 2026, 11, 5 ) ;
#1645 = TOROIDAL_SURFACE ( 'NONE', #3143, 18.00000000000000355, 5.000000000000000000 ) ;
#1646 = CARTESIAN_POINT ( 'NONE',  ( 62.31648410064894250, 121.1485119664716592, -28.41286159293345648 ) ) ;
#1647 = AXIS2_PLACEMENT_3D ( 'NONE', #2800, #879, #1863 ) ;
#1648 = CARTESIAN_POINT ( 'NONE',  ( 117.2332251880661289, 115.8900013478761082, -30.17675172636444714 ) ) ;
#1649 = B_SPLINE_CURVE_WITH_KNOTS ( 'NONE', 3,
 ( #787, #300, #1013, #1769 ),
 .UNSPECIFIED., .F., .F.,
 ( 4, 4 ),
 ( 0.000000000000000000, 8.630196182489038934E-05 ),
 .UNSPECIFIED. ) ;
#1650 = CARTESIAN_POINT ( 'NONE',  ( 117.2697966323482177, 121.1318474395735478, -27.10972477943281689 ) ) ;
#1651 = CARTESIAN_POINT ( 'NONE',  ( 62.66339681218148172, 115.8900013478761082, 30.29041204137377719 ) ) ;
#1652 = CARTESIAN_POINT ( 'NONE',  ( 64.51354940503600233, 121.9558668471548941, 26.29858358592715106 ) ) ;
#1653 = CARTESIAN_POINT ( 'NONE',  ( 63.82220357288826307, 115.8900013478761082, -30.72955108981874517 ) ) ;
#1654 = DIRECTION ( 'NONE',  ( -0.000000000000000000, -1.000000000000000000, -0.000000000000000000 ) ) ;
#1655 = FACE_BOUND ( 'NONE', #1066, .T. ) ;
#1656 = CARTESIAN_POINT ( 'NONE',  ( 117.7332251960269787, 120.1187286135764793, 28.39801961529869345 ) ) ;
#1657 = ORIENTED_EDGE ( 'NONE', *, *, #469, .T. ) ;
#1658 = ORIENTED_EDGE ( 'NONE', *, *, #2437, .F. ) ;
#1659 = CARTESIAN_POINT ( 'NONE',  ( 113.1870905125292097, 115.8736822727227604, -30.37543418330952960 ) ) ;
#1660 = VERTEX_POINT ( 'NONE', #614 ) ;
#1661 = CARTESIAN_POINT ( 'NONE',  ( 62.16401578608975598, 117.8176801327986567, 30.40028920757450237 ) ) ;
#1662 = DATE_AND_TIME ( #1432, #2953 ) ;
#1663 = ADVANCED_FACE ( 'NONE', ( #1120 ), #2093, .F. ) ;
#1664 = EDGE_CURVE ( 'NONE', #1736, #701, #775, .T. ) ;
#1665 = CARTESIAN_POINT ( 'NONE',  ( 65.71179254467067210, 114.4600783283775058, 27.69406818414677218 ) ) ;
#1666 = CARTESIAN_POINT ( 'NONE',  ( 117.6827149308493006, 114.3900013478761082, -27.80000000000000071 ) ) ;
#1667 = CARTESIAN_POINT ( 'NONE',  ( 64.96210523534084302, 121.8390524000026574, 26.31476180936648035 ) ) ;
#1668 = LINE ( 'NONE', #3157, #2837 ) ;
#1669 = LINE ( 'NONE', #511, #2741 ) ;
#1670 = EDGE_CURVE ( 'NONE', #2517, #3150, #3106, .T. ) ;
#1671 = DIRECTION ( 'NONE',  ( 0.000000000000000000, 0.000000000000000000, 1.000000000000000000 ) ) ;
#1672 = EDGE_CURVE ( 'NONE', #1413, #2976, #644, .T. ) ;
#1673 = CARTESIAN_POINT ( 'NONE',  ( 117.2688467399161567, 120.0841759018459101, 28.43005324103654274 ) ) ;
#1674 = EDGE_LOOP ( 'NONE', ( #1386, #3175, #1280 ) ) ;
#1675 = VERTEX_POINT ( 'NONE', #1287 ) ;
#1676 = CARTESIAN_POINT ( 'NONE',  ( 62.66401578608976308, 116.3664398804546209, 30.70533956077282056 ) ) ;
#1677 = ORIENTED_EDGE ( 'NONE', *, *, #1375, .T. ) ;
#1678 = CARTESIAN_POINT ( 'NONE',  ( 62.16401578608977019, 121.8781640809526010, 27.75573888841963210 ) ) ;
#1679 = DIRECTION ( 'NONE',  ( 0.000000000000000000, 0.000000000000000000, 1.000000000000000000 ) ) ;
#1680 = EDGE_CURVE ( 'NONE', #1022, #1451, #2584, .T. ) ;
#1681 = CARTESIAN_POINT ( 'NONE',  ( 115.2332251880661147, 114.3900013478761082, 28.30000000000000071 ) ) ;
#1682 = CARTESIAN_POINT ( 'NONE',  ( 64.58777159815710434, 121.6047553172661821, 26.29627104581896901 ) ) ;
#1683 = CARTESIAN_POINT ( 'NONE',  ( 67.19403018297779795, 115.8900013478761082, -30.23307857741621163 ) ) ;
#1684 = CARTESIAN_POINT ( 'NONE',  ( 117.2332251880661289, 114.3900013478761082, 22.80000000000000071 ) ) ;
#1685 = CARTESIAN_POINT ( 'NONE',  ( 67.16759189499892102, 119.8296505815863071, -28.66666666666667140 ) ) ;
#1686 = CARTESIAN_POINT ( 'NONE',  ( 63.45074291527523513, 122.2248783006074717, -26.42802269934403370 ) ) ;
#1687 = CARTESIAN_POINT ( 'NONE',  ( 66.95048709688374799, 114.3927581654783978, -27.24827022637373730 ) ) ;
#1688 = CARTESIAN_POINT ( 'NONE',  ( 66.82318469618337531, 115.7851188418719346, 30.54572060651000598 ) ) ;
#1689 = EDGE_LOOP ( 'NONE', ( #3024, #2467, #2417 ) ) ;
#1690 = CARTESIAN_POINT ( 'NONE',  ( 64.90694167618116239, 118.5886850224706848, 25.80895390825565272 ) ) ;
#1691 = VERTEX_POINT ( 'NONE', #3187 ) ;
#1692 = CARTESIAN_POINT ( 'NONE',  ( 117.2079645898432574, 119.9770112538923428, -27.91228301947344548 ) ) ;
#1693 = AXIS2_PLACEMENT_3D ( 'NONE', #1218, #1894, #1881 ) ;
#1694 = CIRCLE ( 'NONE', #202, 7.500000000000000000 ) ;
#1695 = CARTESIAN_POINT ( 'NONE',  ( 65.86417832374874592, 114.4473376656656711, 28.14256783616220048 ) ) ;
#1696 = CARTESIAN_POINT ( 'NONE',  ( 117.2401413607372405, 115.8900013478761082, 30.23303437365925461 ) ) ;
#1697 = CIRCLE ( 'NONE', #3100, 2.000000000000001776 ) ;
#1698 = CARTESIAN_POINT ( 'NONE',  ( 115.2332251880661147, 115.8900013478761082, 27.09999999999999787 ) ) ;
#1699 = CARTESIAN_POINT ( 'NONE',  ( 66.35329300950900233, 115.8900013478760940, -30.67136954477766864 ) ) ;
#1700 = LINE ( 'NONE', #956, #49 ) ;
#1701 = FACE_OUTER_BOUND ( 'NONE', #582, .T. ) ;
#1702 = APPROVAL_PERSON_ORGANIZATION ( #468, #2865, #2422 ) ;
#1703 = CARTESIAN_POINT ( 'NONE',  ( 67.13484064930186435, 120.3630635680760008, -28.13543904077296887 ) ) ;
#1704 = CARTESIAN_POINT ( 'NONE',  ( 113.1983230541782461, 120.3325300540120963, 28.16804347715302370 ) ) ;
#1705 = DIRECTION ( 'NONE',  ( 0.000000000000000000, -0.000000000000000000, -1.000000000000000000 ) ) ;
#1706 = ORIENTED_EDGE ( 'NONE', *, *, #189, .T. ) ;
#1707 = CARTESIAN_POINT ( 'NONE',  ( 62.16401578608978440, 120.4379986556832165, -23.13918033690509546 ) ) ;
#1708 = ORIENTED_EDGE ( 'NONE', *, *, #3036, .T. ) ;
#1709 = CARTESIAN_POINT ( 'NONE',  ( 66.66401578608976308, 115.3625647642142553, 30.23674472885819142 ) ) ;
#1710 = PERSON_AND_ORGANIZATION_ROLE ( 'classification_officer' ) ;
#1711 = EDGE_CURVE ( 'NONE', #26, #3162, #1392, .T. ) ;
#1712 = CARTESIAN_POINT ( 'NONE',  ( 66.35215361151372804, 120.6506343430414887, -27.22031476384859872 ) ) ;
#1713 = CARTESIAN_POINT ( 'NONE',  ( 62.16401578608977729, 120.4474556086281325, 22.80000000000000426 ) ) ;
#1714 = CARTESIAN_POINT ( 'NONE',  ( 65.89938950017729269, 121.4599586131596851, 26.71535664586703973 ) ) ;
#1715 = CARTESIAN_POINT ( 'NONE',  ( 63.82045347867433804, 115.8900013478761082, -30.27135568421077849 ) ) ;
#1716 = CARTESIAN_POINT ( 'NONE',  ( 62.16401578608977019, 115.6834071097105010, -30.78719581528773475 ) ) ;
#1717 = CARTESIAN_POINT ( 'NONE',  ( 114.4683129804964494, 121.6689066207293592, 26.11967231164208769 ) ) ;
#1718 = CARTESIAN_POINT ( 'NONE',  ( 63.92904058671233969, 114.7080555631898449, 27.33861315581669871 ) ) ;
#1719 = ORIENTED_EDGE ( 'NONE', *, *, #2873, .F. ) ;
#1720 = CARTESIAN_POINT ( 'NONE',  ( 62.16401578608978440, 116.8056324497633511, -27.55073107347993400 ) ) ;
#1721 = EDGE_CURVE ( 'NONE', #1810, #3058, #2501, .T. ) ;
#1722 = VERTEX_POINT ( 'NONE', #748 ) ;
#1723 = EDGE_CURVE ( 'NONE', #803, #1792, #24, .T. ) ;
#1724 = CARTESIAN_POINT ( 'NONE',  ( 67.16583175613428125, 117.6022742062382775, 30.12994238322553286 ) ) ;
#1725 = ORIENTED_EDGE ( 'NONE', *, *, #2674, .F. ) ;
#1726 = CARTESIAN_POINT ( 'NONE',  ( 64.66986498579571219, 121.9185690079197144, -26.29315128137599444 ) ) ;
#1727 = EDGE_CURVE ( 'NONE', #27, #2143, #1649, .T. ) ;
#1728 = CARTESIAN_POINT ( 'NONE',  ( 62.66976096759987769, 120.8106830755579608, -28.11864975224802166 ) ) ;
#1729 = CARTESIAN_POINT ( 'NONE',  ( 63.51091771345375747, 118.6790793339847170, 26.07861413143101004 ) ) ;
#1730 = CARTESIAN_POINT ( 'NONE',  ( 64.66401578608976308, 114.5840194975463078, 25.80000000000000071 ) ) ;
#1731 = CARTESIAN_POINT ( 'NONE',  ( 62.28697883575431149, 120.4843717578612399, -28.99677556950850743 ) ) ;
#1732 = CARTESIAN_POINT ( 'NONE',  ( 67.16648374251602149, 118.5393421407133161, -29.69013879423261670 ) ) ;
#1733 = CARTESIAN_POINT ( 'NONE',  ( 115.6120168259864300, 121.7122080283399725, 26.02301048431404595 ) ) ;
#1734 = CARTESIAN_POINT ( 'NONE',  ( 62.16401578608977729, 123.8095352338453523, -33.56635886837386806 ) ) ;
#1735 = ORIENTED_EDGE ( 'NONE', *, *, #1297, .T. ) ;
#1736 = VERTEX_POINT ( 'NONE', #769 ) ;
#1737 = FACE_OUTER_BOUND ( 'NONE', #1054, .T. ) ;
#1738 = ORIENTED_EDGE ( 'NONE', *, *, #1811, .T. ) ;
#1739 = CARTESIAN_POINT ( 'NONE',  ( 66.66401578608976308, 118.9179782533278029, 28.83004295078693602 ) ) ;
#1740 = APPROVAL_ROLE ( '' ) ;
#1741 = ADVANCED_FACE ( 'NONE', ( #2515 ), #2836, .T. ) ;
#1742 = VERTEX_POINT ( 'NONE', #1425 ) ;
#1743 = CARTESIAN_POINT ( 'NONE',  ( 66.99697848991543481, 120.7450978795866376, -27.66801843877442479 ) ) ;
#1744 = AXIS2_PLACEMENT_3D ( 'NONE', #1870, #1113, #3083 ) ;
#1745 = CARTESIAN_POINT ( 'NONE',  ( 65.34699840164778095, 121.3410694998476202, -26.41459608084803179 ) ) ;
#1746 = CARTESIAN_POINT ( 'NONE',  ( 62.43414903583519049, 117.6304089437323626, 27.16004312851753966 ) ) ;
#1747 = CARTESIAN_POINT ( 'NONE',  ( 0.000000000000000000, 115.4566680145427853, -30.72856999856987059 ) ) ;
#1748 = FACE_BOUND ( 'NONE', #964, .T. ) ;
#1749 = VECTOR ( 'NONE', #2949, 1000.000000000000000 ) ;
#1750 = CARTESIAN_POINT ( 'NONE',  ( 117.2355436735833365, 115.8900013478761082, 30.20512808464049925 ) ) ;
#1751 = CARTESIAN_POINT ( 'NONE',  ( 63.38200916135974694, 121.8016219354055352, -26.75776824067926185 ) ) ;
#1752 = CARTESIAN_POINT ( 'NONE',  ( 113.2332251880661289, 119.4890208614688873, 28.30000000000000426 ) ) ;
#1753 = CARTESIAN_POINT ( 'NONE',  ( 63.49619981263403190, 114.7963390292117083, 27.98242553212203276 ) ) ;
#1754 = ORIENTED_EDGE ( 'NONE', *, *, #804, .F. ) ;
#1755 = ORIENTED_EDGE ( 'NONE', *, *, #328, .T. ) ;
#1756 = AXIS2_PLACEMENT_3D ( 'NONE', #844, #2331, #1629 ) ;
#1757 = CARTESIAN_POINT ( 'NONE',  ( 62.16401578608978440, 120.0840406502334048, -24.60601848516016332 ) ) ;
#1758 = CARTESIAN_POINT ( 'NONE',  ( 65.50631812933308140, 115.8900013478760940, 30.68576440142204120 ) ) ;
#1759 = ORIENTED_EDGE ( 'NONE', *, *, #2456, .F. ) ;
#1760 = CARTESIAN_POINT ( 'NONE',  ( 66.66401578608976308, 119.4897347581820100, 28.30000000000000071 ) ) ;
#1761 = COORDINATED_UNIVERSAL_TIME_OFFSET ( 1, 0, .AHEAD. ) ;
#1762 = CARTESIAN_POINT ( 'NONE',  ( 66.67117146598710065, 115.8900013478761082, -30.23458793473915307 ) ) ;
#1763 = CARTESIAN_POINT ( 'NONE',  ( 117.3489959596347347, 115.8211973615086947, -30.49436738090536636 ) ) ;
#1764 = EDGE_CURVE ( 'NONE', #673, #2537, #807, .T. ) ;
#1765 = EDGE_CURVE ( 'NONE', #819, #1121, #1192, .T. ) ;
#1766 = CARTESIAN_POINT ( 'NONE',  ( 63.99935152025395979, 115.8900013478761082, -30.27262092677381844 ) ) ;
#1767 = FACE_BOUND ( 'NONE', #2926, .T. ) ;
#1768 = CARTESIAN_POINT ( 'NONE',  ( 62.36660824404817305, 121.4261362571794365, -28.12045622622882490 ) ) ;
#1769 = CARTESIAN_POINT ( 'NONE',  ( 66.66401578608976308, 115.8900013478761082, 30.14858313917500254 ) ) ;
#1770 = CARTESIAN_POINT ( 'NONE',  ( 115.2332251880661289, 115.8900013478761082, 28.30000000000000071 ) ) ;
#1771 = ADVANCED_FACE ( 'NONE', ( #155 ), #1434, .F. ) ;
#1772 = ORIENTED_EDGE ( 'NONE', *, *, #756, .F. ) ;
#1773 = CARTESIAN_POINT ( 'NONE',  ( 62.16401578608977019, 115.8142246729594547, -27.76842886775466113 ) ) ;
#1774 = CC_DESIGN_PERSON_AND_ORGANIZATION_ASSIGNMENT ( #948, #691, ( #767 ) ) ;
#1775 = EDGE_LOOP ( 'NONE', ( #1790, #2405 ) ) ;
#1776 = CARTESIAN_POINT ( 'NONE',  ( 62.94260037185433276, 121.8955590341411721, 27.26669433072133231 ) ) ;
#1777 = DIRECTION ( 'NONE',  ( 0.000000000000000000, 0.000000000000000000, 1.000000000000000000 ) ) ;
#1778 = ORIENTED_EDGE ( 'NONE', *, *, #899, .T. ) ;
#1779 = CARTESIAN_POINT ( 'NONE',  ( 113.5470390175524358, 117.8194663832246079, -26.44457819643501040 ) ) ;
#1780 = CARTESIAN_POINT ( 'NONE',  ( 66.66401578608974887, 117.2026069348583377, -29.76130670248108245 ) ) ;
#1781 = CARTESIAN_POINT ( 'NONE',  ( 62.58386041215954521, 118.0073913031200590, 26.90545311551017704 ) ) ;
#1782 = CARTESIAN_POINT ( 'NONE',  ( 117.6091445672950329, 116.0611575249106266, -27.51875147260310683 ) ) ;
#1783 = LINE ( 'NONE', #37, #405 ) ;
#1784 = CARTESIAN_POINT ( 'NONE',  ( 62.67089076495307864, 120.8321255587835452, -28.10257059970615856 ) ) ;
#1785 = EDGE_CURVE ( 'NONE', #1550, #1244, #2549, .T. ) ;
#1786 = CARTESIAN_POINT ( 'NONE',  ( 114.6000410336312427, 121.5433332143248748, 26.39570767756505987 ) ) ;
#1787 = CARTESIAN_POINT ( 'NONE',  ( 113.2332251880661147, 125.8900013478761224, 0.000000000000000000 ) ) ;
#1788 = ORIENTED_EDGE ( 'NONE', *, *, #717, .T. ) ;
#1789 = CYLINDRICAL_SURFACE ( 'NONE', #1598, 1.200000000000003064 ) ;
#1790 = ORIENTED_EDGE ( 'NONE', *, *, #3099, .F. ) ;
#1791 = CARTESIAN_POINT ( 'NONE',  ( 62.29933949146947469, 120.8671576034719379, 28.66666666666666785 ) ) ;
#1792 = VERTEX_POINT ( 'NONE', #136 ) ;
#1793 = CARTESIAN_POINT ( 'NONE',  ( 117.6715083362141172, 115.3618121543569828, 27.72884482334949396 ) ) ;
#1794 = CARTESIAN_POINT ( 'NONE',  ( 62.69768393077611535, 121.0503550734317884, -27.92121347937314368 ) ) ;
#1795 = DIRECTION ( 'NONE',  ( 0.000000000000000000, -0.000000000000000000, -1.000000000000000000 ) ) ;
#1796 = CARTESIAN_POINT ( 'NONE',  ( 63.31475302712166808, 114.8362020784212660, 26.19061309537406501 ) ) ;
#1797 = FACE_OUTER_BOUND ( 'NONE', #1555, .T. ) ;
#1798 = CARTESIAN_POINT ( 'NONE',  ( 62.38658233635692341, 115.6284619411058401, -30.75069491295288060 ) ) ;
#1799 = AXIS2_PLACEMENT_3D ( 'NONE', #1770, #2516, #1065 ) ;
#1800 = CARTESIAN_POINT ( 'NONE',  ( 66.46529815440051436, 114.4079620365602636, 26.54265992790903894 ) ) ;
#1801 = CARTESIAN_POINT ( 'NONE',  ( 113.9952519898629077, 121.5638191514201196, 26.34186618408435976 ) ) ;
#1802 = CARTESIAN_POINT ( 'NONE',  ( 114.5092256710147893, 121.6747548527304588, -26.10674411770722614 ) ) ;
#1803 = AXIS2_PLACEMENT_3D ( 'NONE', #1882, #1145, #1411 ) ;
#1804 = ORIENTED_EDGE ( 'NONE', *, *, #2923, .F. ) ;
#1805 = LINE ( 'NONE', #2557, #1348 ) ;
#1806 = VECTOR ( 'NONE', #1967, 1000.000000000000000 ) ;
#1807 = CARTESIAN_POINT ( 'NONE',  ( 0.000000000000000000, 115.8900013478761082, 0.000000000000000000 ) ) ;
#1808 = EDGE_CURVE ( 'NONE', #913, #1792, #885, .T. ) ;
#1809 = CARTESIAN_POINT ( 'NONE',  ( 62.39027292363217470, 117.4590829446900528, -27.25512916308679934 ) ) ;
#1810 = VERTEX_POINT ( 'NONE', #1622 ) ;
#1811 = EDGE_CURVE ( 'NONE', #3178, #2517, #396, .T. ) ;
#1812 = VECTOR ( 'NONE', #1486, 1000.000000000000000 ) ;
#1813 = CARTESIAN_POINT ( 'NONE',  ( 114.7462837750862121, 118.3560116767717290, 25.84487493086520260 ) ) ;
#1814 = ORIENTED_EDGE ( 'NONE', *, *, #962, .T. ) ;
#1815 = CARTESIAN_POINT ( 'NONE',  ( 117.6827149308493006, 114.8819913200987060, 27.80000000000001137 ) ) ;
#1816 = ADVANCED_FACE ( 'NONE', ( #3103 ), #398, .F. ) ;
#1817 = CARTESIAN_POINT ( 'NONE',  ( 62.16866566407695416, 115.4053931437163953, 30.79586247014115941 ) ) ;
#1818 = DIRECTION ( 'NONE',  ( 0.000000000000000000, 0.000000000000000000, 1.000000000000000000 ) ) ;
#1819 = CYLINDRICAL_SURFACE ( 'NONE', #2109, 8.000000000000000000 ) ;
#1820 = CARTESIAN_POINT ( 'NONE',  ( 116.6516235726641071, 121.2785474141583677, 26.87666484228563846 ) ) ;
#1821 = CARTESIAN_POINT ( 'NONE',  ( 113.2260249769973939, 121.1589680272799541, -27.06688765711847822 ) ) ;
#1822 = CARTESIAN_POINT ( 'NONE',  ( 115.5474588690971274, 121.2537293565516734, 26.31881302789501476 ) ) ;
#1823 = ORIENTED_EDGE ( 'NONE', *, *, #1764, .T. ) ;
#1824 = CARTESIAN_POINT ( 'NONE',  ( 62.34775767993082951, 121.4166843791922759, 28.14883721821423634 ) ) ;
#1825 = EDGE_CURVE ( 'NONE', #1742, #1228, #499, .T. ) ;
#1826 = ORIENTED_EDGE ( 'NONE', *, *, #714, .F. ) ;
#1827 = EDGE_CURVE ( 'NONE', #3145, #740, #648, .T. ) ;
#1828 = CARTESIAN_POINT ( 'NONE',  ( 62.66401578608976308, 119.8970870791968366, -28.85980538950421703 ) ) ;
#1829 = CARTESIAN_POINT ( 'NONE',  ( 66.66401578608979150, 119.7412043677349232, -28.11350145587130456 ) ) ;
#1830 = CARTESIAN_POINT ( 'NONE',  ( 64.66401578608976308, 123.8115352338453619, 28.30000000000000071 ) ) ;
#1831 = CARTESIAN_POINT ( 'NONE',  ( 113.7045280959814306, 121.2070656825921446, 26.99502742554289014 ) ) ;
#1832 = CARTESIAN_POINT ( 'NONE',  ( 116.6680051600265671, 120.8868908683571135, -26.90007148598304809 ) ) ;
#1833 = CARTESIAN_POINT ( 'NONE',  ( 112.7332251880661147, 115.4566680145427853, 30.72856999856987059 ) ) ;
#1834 = CARTESIAN_POINT ( 'NONE',  ( 64.51894524204438142, 121.6247821417577484, 26.29999999999997584 ) ) ;
#1835 = CARTESIAN_POINT ( 'NONE',  ( 116.9472262282741895, 120.6041915014119610, 27.26206331212505063 ) ) ;
#1836 = EDGE_LOOP ( 'NONE', ( #1708, #75, #1884, #1403 ) ) ;
#1837 =( BOUNDED_SURFACE ( )  B_SPLINE_SURFACE ( 3, 2, ( 
 ( #10, #2975, #1275 ),
 ( #1031, #1261, #1243 ),
 ( #1480, #1014, #559 ),
 ( #254, #1998, #321 ),
 ( #1306, #2288, #74 ),
 ( #2991, #770, #861 ),
 ( #1846, #2319, #2601 ),
 ( #1832, #1364, #2842 ),
 ( #1352, #624, #133 ),
 ( #105, #1142, #149 ),
 ( #2583, #3097, #377 ),
 ( #636, #2350, #1605 ),
 ( #3081, #2076, #2555 ),
 ( #1125, #2122, #1335 ),
 ( #1576, #336, #88 ),
 ( #1096, #882, #2103 ),
 ( #1321, #1868, #817 ),
 ( #2855, #1618, #1802 ),
 ( #3055, #2615, #2335 ),
 ( #3069, #392, #2798 ),
 ( #1379, #2363, #578 ),
 ( #1563, #836, #2302 ),
 ( #2061, #1078, #1111 ),
 ( #2824, #848, #1821 ),
 ( #2810, #364, #119 ),
 ( #591, #2569, #606 ),
 ( #347, #1587, #2088 ),
 ( #2932, #2444, #2883 ),
 ( #3167, #679, #1201 ),
 ( #2670, #2629, #1633 ) ),
 .UNSPECIFIED., .F., .F., .F. ) 
 B_SPLINE_SURFACE_WITH_KNOTS ( ( 4, 2, 2, 2, 2, 2, 2, 2, 2, 2, 2, 2, 2, 2, 4 ),
 ( 3, 3 ),
 ( 0.000000000000000000, 0.001101019994294202267, 0.001651529991441303292, 0.002202039988588404534, 0.002752549985735505342, 0.003303059982882606584, 0.003853569980029707825, 0.004404079977176809067, 0.004954589974323910309, 0.005505099971471010684, 0.006055609968618111925, 0.006606119965765213167, 0.007156629962912314409, 0.007707139960059415651, 0.008808159954353618135 ),
 ( 0.000000000000000000, 1.000000000000000000 ),
 .UNSPECIFIED. ) 
 GEOMETRIC_REPRESENTATION_ITEM ( )  RATIONAL_B_SPLINE_SURFACE ( (
 ( 1.000000000000000000, 0.7071067811865475727, 1.000000000000000000),
 ( 1.000000000000000000, 0.7333371297485793416, 1.000000000000000000),
 ( 1.000000000000000000, 0.7560358780679650170, 1.000000000000000000),
 ( 1.000000000000000000, 0.7841243147670314828, 1.000000000000000000),
 ( 1.000000000000000000, 0.7924495262943793694, 1.000000000000000000),
 ( 1.000000000000000000, 0.8065046828295385772, 1.000000000000000000),
 ( 1.000000000000000000, 0.8123523442381332949, 1.000000000000000000),
 ( 1.000000000000000000, 0.8218650161824405664, 1.000000000000000000),
 ( 1.000000000000000000, 0.8253945891809906232, 1.000000000000000000),
 ( 1.000000000000000000, 0.8307355805627283374, 1.000000000000000000),
 ( 1.000000000000000000, 0.8325566260115587758, 1.000000000000000000),
 ( 1.000000000000000000, 0.8350095073675346535, 1.000000000000000000),
 ( 1.000000000000000000, 0.8356803366741276662, 1.000000000000000000),
 ( 1.000000000000000000, 0.8365074618427519315, 1.000000000000000000),
 ( 1.000000000000000000, 0.8366555079274100581, 1.000000000000000000),
 ( 1.000000000000000000, 0.8366643648456133509, 1.000000000000000000),
 ( 1.000000000000000000, 0.8365203062156544300, 1.000000000000000000),
 ( 1.000000000000000000, 0.8357281796645340544, 1.000000000000000000),
 ( 1.000000000000000000, 0.8350742500118609746, 1.000000000000000000),
 ( 1.000000000000000000, 0.8326493662263411144, 1.000000000000000000),
 ( 1.000000000000000000, 0.8309050153135899563, 1.000000000000000000),
 ( 1.000000000000000000, 0.8256027033495210166, 1.000000000000000000),
 ( 1.000000000000000000, 0.8220194741101917169, 1.000000000000000000),
 ( 1.000000000000000000, 0.8126757379455423758, 1.000000000000000000),
 ( 1.000000000000000000, 0.8068121394442351324, 1.000000000000000000),
 ( 1.000000000000000000, 0.7927242852879923252, 1.000000000000000000),
 ( 1.000000000000000000, 0.7845492236278233111, 1.000000000000000000),
 ( 1.000000000000000000, 0.7564659934808208863, 1.000000000000000000),
 ( 1.000000000000000000, 0.7332764099742363761, 1.000000000000000000),
 ( 1.000000000000000000, 0.7071067811865457964, 1.000000000000000000) ) ) 
 REPRESENTATION_ITEM ( '' )  SURFACE ( )  );
#1838 = CARTESIAN_POINT ( 'NONE',  ( 62.70619666584535423, 122.0095341117363574, 27.25309246669520391 ) ) ;
#1839 = DIRECTION ( 'NONE',  ( 1.000000000000000000, 0.000000000000000000, 0.000000000000000000 ) ) ;
#1840 = CARTESIAN_POINT ( 'NONE',  ( 112.9634368480932949, 120.8394416898723023, -27.53669894853952371 ) ) ;
#1841 = EDGE_LOOP ( 'NONE', ( #487, #3176, #851, #1772, #1519, #1738, #801 ) ) ;
#1842 = CARTESIAN_POINT ( 'NONE',  ( 117.2332251880661289, 115.8900013478761082, 30.14846922834953347 ) ) ;
#1843 = CARTESIAN_POINT ( 'NONE',  ( 62.25109367218027501, 119.2285096156479085, 29.79892168402468755 ) ) ;
#1844 = CARTESIAN_POINT ( 'NONE',  ( 62.16866566407695416, 115.4053931437164096, -30.79586247014115941 ) ) ;
#1845 = CARTESIAN_POINT ( 'NONE',  ( 115.3851167739051249, 121.5914372535964674, 26.29950223943190224 ) ) ;
#1846 = CARTESIAN_POINT ( 'NONE',  ( 116.8438628004685427, 120.7308867775697507, -27.10658477728362570 ) ) ;
#1847 = PRODUCT_DEFINITION_SHAPE ( 'NONE', 'NONE',  #767 ) ;
#1848 = CARTESIAN_POINT ( 'NONE',  ( 63.21827386636701362, 122.2089404031345907, 26.61656431412005119 ) ) ;
#1849 = CARTESIAN_POINT ( 'NONE',  ( 113.2263090153950031, 115.8900013478761082, -30.23303437365925461 ) ) ;
#1850 = DIRECTION ( 'NONE',  ( 0.000000000000000000, 0.000000000000000000, -1.000000000000000000 ) ) ;
#1851 = VECTOR ( 'NONE', #2546, 1000.000000000000000 ) ;
#1852 = CARTESIAN_POINT ( 'NONE',  ( 63.00099086340463117, 118.4787936852912793, -26.43002139881849999 ) ) ;
#1853 = ORIENTED_EDGE ( 'NONE', *, *, #1883, .T. ) ;
#1854 = EDGE_CURVE ( 'NONE', #1637, #3086, #877, .T. ) ;
#1855 = AXIS2_PLACEMENT_3D ( 'NONE', #2447, #2253, #2673 ) ;
#1856 = CARTESIAN_POINT ( 'NONE',  ( 66.73587619998971832, 121.1310914660810454, 27.13202941636853538 ) ) ;
#1857 = LINE ( 'NONE', #2608, #619 ) ;
#1858 = CARTESIAN_POINT ( 'NONE',  ( 113.8173764405124473, 121.5045700143998459, -26.46071212251710847 ) ) ;
#1859 = CIRCLE ( 'NONE', #2371, 0.5000000000000004441 ) ;
#1860 = ORIENTED_EDGE ( 'NONE', *, *, #859, .T. ) ;
#1861 = DIRECTION ( 'NONE',  ( 0.000000000000000000, 0.000000000000000000, 1.000000000000000000 ) ) ;
#1862 = CARTESIAN_POINT ( 'NONE',  ( 62.29933949146947469, 120.8671576034719379, 28.66666666666666785 ) ) ;
#1863 = DIRECTION ( 'NONE',  ( 0.000000000000000000, 0.6798692684790436092, -0.7333333333333282855 ) ) ;
#1864 = CARTESIAN_POINT ( 'NONE',  ( 67.29973397013858971, 132.3900013478761366, 22.80000000000000071 ) ) ;
#1865 = ADVANCED_FACE ( 'NONE', ( #2332 ), #389, .T. ) ;
#1866 = EDGE_CURVE ( 'NONE', #1413, #2781, #458, .T. ) ;
#1867 = CARTESIAN_POINT ( 'NONE',  ( 66.66401578608977729, 117.4108819244616626, -30.21266796402819921 ) ) ;
#1868 = CARTESIAN_POINT ( 'NONE',  ( 114.9202978932852943, 121.5822784818906683, -26.31824401201476249 ) ) ;
#1869 = CARTESIAN_POINT ( 'NONE',  ( 62.29933949146947469, 120.8671576034719379, 28.66666666666667140 ) ) ;
#1870 = CARTESIAN_POINT ( 'NONE',  ( 117.7332251880661147, 114.3900013478761082, 22.80000000000000071 ) ) ;
#1871 = DIRECTION ( 'NONE',  ( -0.000000000000000000, -0.000000000000000000, 1.000000000000000000 ) ) ;
#1872 = CARTESIAN_POINT ( 'NONE',  ( 117.7332251880661147, 114.3900013478761082, -33.56635886837386806 ) ) ;
#1873 = VERTEX_POINT ( 'NONE', #2480 ) ;
#1874 = CARTESIAN_POINT ( 'NONE',  ( 65.80548160035438343, 118.2572337009825674, 26.06525061863363035 ) ) ;
#1875 = CARTESIAN_POINT ( 'NONE',  ( 63.54985078654235053, 114.7844891279368937, -26.05758188249079410 ) ) ;
#1876 = ORIENTED_EDGE ( 'NONE', *, *, #328, .F. ) ;
#1877 = DIRECTION ( 'NONE',  ( -0.000000000000000000, 1.000000000000000000, -0.000000000000000000 ) ) ;
#1878 = CARTESIAN_POINT ( 'NONE',  ( 62.16401578608977729, 115.1382072749679111, 30.80000000000007887 ) ) ;
#1879 = CARTESIAN_POINT ( 'NONE',  ( 62.27497508009620475, 120.0853753476938408, -29.28394714892478490 ) ) ;
#1880 = CARTESIAN_POINT ( 'NONE',  ( 116.1739763215374239, 121.6377590883919737, -26.18812990909496463 ) ) ;
#1881 = DIRECTION ( 'NONE',  ( 0.000000000000000000, 0.000000000000000000, -1.000000000000000000 ) ) ;
#1882 = CARTESIAN_POINT ( 'NONE',  ( 67.29973397013858971, 114.3900013478761224, -22.80000000000000071 ) ) ;
#1883 = EDGE_CURVE ( 'NONE', #808, #673, #2116, .T. ) ;
#1884 = ORIENTED_EDGE ( 'NONE', *, *, #2604, .T. ) ;
#1885 = CARTESIAN_POINT ( 'NONE',  ( 62.66401578608975598, 120.8007361908937867, 28.58856680741003586 ) ) ;
#1886 = B_SPLINE_CURVE_WITH_KNOTS ( 'NONE', 3,
 ( #2547, #295, #3016, #1521, #1763, #315, #810, #1300 ),
 .UNSPECIFIED., .F., .F.,
 ( 4, 2, 2, 4 ),
 ( -4.618815278029551583E-06, 0.0004398624547133085758, 0.0006621030897089659906, 0.0008843437247046234597 ),
 .UNSPECIFIED. ) ;
#1887 = DIRECTION ( 'NONE',  ( 1.000000000000000000, 0.000000000000000000, 0.000000000000000000 ) ) ;
#1888 = EDGE_LOOP ( 'NONE', ( #1569, #1263 ) ) ;
#1889 = CARTESIAN_POINT ( 'NONE',  ( 62.16401578608979861, 123.6798540631804428, 24.15740363390307266 ) ) ;
#1890 = DIRECTION ( 'NONE',  ( 0.000000000000000000, 0.000000000000000000, 1.000000000000000000 ) ) ;
#1891 = B_SPLINE_CURVE_WITH_KNOTS ( 'NONE', 3,
 ( #267, #1523, #2497, #280 ),
 .UNSPECIFIED., .F., .F.,
 ( 4, 4 ),
 ( 0.000000000000000000, 2.498383929545507979E-05 ),
 .UNSPECIFIED. ) ;
#1892 = DIRECTION ( 'NONE',  ( -0.000000000000000000, -1.000000000000000000, -0.000000000000000000 ) ) ;
#1893 = CARTESIAN_POINT ( 'NONE',  ( 66.66401578608976308, 118.2800600390065995, -29.25950512047344176 ) ) ;
#1894 = DIRECTION ( 'NONE',  ( -0.000000000000000000, -1.000000000000000000, -0.000000000000000000 ) ) ;
#1895 = CARTESIAN_POINT ( 'NONE',  ( 66.48296720569456397, 120.4643806526987788, 27.43628306953966600 ) ) ;
#1896 = CARTESIAN_POINT ( 'NONE',  ( 65.71182251451708112, 114.4600760590829651, -27.69421493043676108 ) ) ;
#1897 = LINE ( 'NONE', #395, #2888 ) ;
#1898 = PLANE ( 'NONE',  #1081 ) ;
#1899 = CARTESIAN_POINT ( 'NONE',  ( 117.2026797859777076, 120.0150167924896749, 27.87899095053717957 ) ) ;
#1900 = ORIENTED_EDGE ( 'NONE', *, *, #1670, .F. ) ;
#1901 = CARTESIAN_POINT ( 'NONE',  ( 62.66401578608976308, 117.3378395710871160, 30.49096485855486449 ) ) ;
#1902 = AXIS2_PLACEMENT_3D ( 'NONE', #2062, #1144, #837 ) ;
#1903 = EDGE_CURVE ( 'NONE', #1675, #1873, #1700, .T. ) ;
#1904 = ORIENTED_EDGE ( 'NONE', *, *, #2779, .F. ) ;
#1905 = CIRCLE ( 'NONE', #1803, 8.000000000000000000 ) ;
#1906 = CARTESIAN_POINT ( 'NONE',  ( 116.6143027283302587, 120.9246846251534606, -26.84640089821647990 ) ) ;
#1907 =( LENGTH_UNIT ( ) NAMED_UNIT ( * ) SI_UNIT ( .MILLI., .METRE. ) );
#1908 = CIRCLE ( 'NONE', #2368, 7.500000000000000000 ) ;
#1909 = EDGE_CURVE ( 'NONE', #901, #930, #1205, .T. ) ;
#1910 = AXIS2_PLACEMENT_3D ( 'NONE', #2048, #2613, #820 ) ;
#1911 = DIRECTION ( 'NONE',  ( 0.000000000000000000, 0.000000000000000000, 1.000000000000000000 ) ) ;
#1912 = FACE_OUTER_BOUND ( 'NONE', #631, .T. ) ;
#1913 = CARTESIAN_POINT ( 'NONE',  ( 64.66330602150866014, 121.9202238251147890, 26.29307777854925376 ) ) ;
#1914 = DIRECTION ( 'NONE',  ( 1.000000000000000000, 0.000000000000000000, 0.000000000000000000 ) ) ;
#1915 = CARTESIAN_POINT ( 'NONE',  ( 62.16401578608975598, 115.4095077870643422, -30.79999999999999716 ) ) ;
#1916 = CARTESIAN_POINT ( 'NONE',  ( 0.000000000000000000, 114.3900013478761082, 27.80000000000000071 ) ) ;
#1917 = ORIENTED_EDGE ( 'NONE', *, *, #3129, .F. ) ;
#1918 = VERTEX_POINT ( 'NONE', #2012 ) ;
#1919 = CARTESIAN_POINT ( 'NONE',  ( 62.66401578608976308, 115.8708921945383139, 30.77081146647491039 ) ) ;
#1920 = ORIENTED_EDGE ( 'NONE', *, *, #247, .F. ) ;
#1921 = CARTESIAN_POINT ( 'NONE',  ( 62.16401578608977019, 117.2967711787113103, 30.54795067211738768 ) ) ;
#1922 = APPROVAL_DATE_TIME ( #3135, #2865 ) ;
#1923 = ADVANCED_FACE ( 'NONE', ( #713, #217 ), #731, .F. ) ;
#1924 = DIRECTION ( 'NONE',  ( 0.000000000000000000, -1.000000000000000000, 0.000000000000000000 ) ) ;
#1925 = DIRECTION ( 'NONE',  ( -0.000000000000000000, 1.000000000000000000, -0.000000000000000000 ) ) ;
#1926 = CARTESIAN_POINT ( 'NONE',  ( 63.74726781837457423, 121.7931186102921117, 26.51643831306693855 ) ) ;
#1927 = FACE_OUTER_BOUND ( 'NONE', #238, .T. ) ;
#1928 = PLANE ( 'NONE',  #980 ) ;
#1929 = CARTESIAN_POINT ( 'NONE',  ( 65.22434304831045893, 121.9065582570174371, -26.04034651164727876 ) ) ;
#1930 = CARTESIAN_POINT ( 'NONE',  ( 64.66401578608976308, 115.8900013478761082, -28.30000000000000071 ) ) ;
#1931 = CARTESIAN_POINT ( 'NONE',  ( 67.16454770898286597, 115.4566297753488868, -30.72864771861497601 ) ) ;
#1932 = EDGE_LOOP ( 'NONE', ( #2489, #262, #2260 ) ) ;
#1933 = ORIENTED_EDGE ( 'NONE', *, *, #2009, .T. ) ;
#1934 = CARTESIAN_POINT ( 'NONE',  ( 67.08022530843778952, 115.6173036160996901, 27.65372768618815869 ) ) ;
#1935 = ORIENTED_EDGE ( 'NONE', *, *, #2822, .F. ) ;
#1936 = CARTESIAN_POINT ( 'NONE',  ( 115.9988955834035096, 121.1818386262460763, -26.44619735734310950 ) ) ;
#1937 = DATE_TIME_ROLE ( 'creation_date' ) ;
#1938 = DIRECTION ( 'NONE',  ( 0.000000000000000000, 0.000000000000000000, -1.000000000000000000 ) ) ;
#1939 = LINE ( 'NONE', #423, #308 ) ;
#1940 = CARTESIAN_POINT ( 'NONE',  ( 66.46809518559601315, 120.9885131597781793, 27.37031777107476316 ) ) ;
#1941 = CARTESIAN_POINT ( 'NONE',  ( 67.29973397013858971, 114.3900013478761082, -31.30512638148593396 ) ) ;
#1942 = CARTESIAN_POINT ( 'NONE',  ( 65.67247629890478322, 121.1920189685112348, 26.56653874677803984 ) ) ;
#1943 = DIRECTION ( 'NONE',  ( 0.000000000000000000, 0.000000000000000000, -1.000000000000000000 ) ) ;
#1944 = CARTESIAN_POINT ( 'NONE',  ( 66.73995745366465826, 121.1268091128269759, -27.13839579111238365 ) ) ;
#1945 = CARTESIAN_POINT ( 'NONE',  ( 115.9981373956358084, 121.6689066207292882, -26.11967231164208059 ) ) ;
#1946 = CARTESIAN_POINT ( 'NONE',  ( 113.2332251880661147, 115.8900013478761082, 28.30000000000000071 ) ) ;
#1947 = CARTESIAN_POINT ( 'NONE',  ( 117.2332251880661431, 119.7414265414577557, 28.11279687453019704 ) ) ;
#1948 = ORIENTED_EDGE ( 'NONE', *, *, #469, .F. ) ;
#1949 = ADVANCED_FACE ( 'NONE', ( #250 ), #765, .F. ) ;
#1950 = CARTESIAN_POINT ( 'NONE',  ( 62.16401578608977729, 115.1382072749679111, -31.30512638148593396 ) ) ;
#1951 = ORIENTED_EDGE ( 'NONE', *, *, #1106, .T. ) ;
#1952 = CIRCLE ( 'NONE', #917, 8.000000000000000000 ) ;
#1953 = CARTESIAN_POINT ( 'NONE',  ( 62.16401578608978440, 115.4120091139714361, 30.80000000000000782 ) ) ;
#1954 = PERSON_AND_ORGANIZATION_ROLE ( 'design_supplier' ) ;
#1955 = ORIENTED_EDGE ( 'NONE', *, *, #1723, .F. ) ;
#1956 = CARTESIAN_POINT ( 'NONE',  ( 64.96655468235719866, 121.8377104826764281, -26.31550685706238113 ) ) ;
#1957 = AXIS2_PLACEMENT_3D ( 'NONE', #116, #2360, #2713 ) ;
#1958 = CARTESIAN_POINT ( 'NONE',  ( 117.2332251880661289, 115.8900013478761082, -30.14846922834953347 ) ) ;
#1959 = VECTOR ( 'NONE', #90, 1000.000000000000000 ) ;
#1960 = CARTESIAN_POINT ( 'NONE',  ( 66.66401578608977729, 119.8320992469834607, 28.66930803819791151 ) ) ;
#1961 = CARTESIAN_POINT ( 'NONE',  ( 62.98581170621377368, 115.4206729761086763, -30.78804580245480693 ) ) ;
#1962 = CARTESIAN_POINT ( 'NONE',  ( 66.95911020404001590, 115.6628826961166396, -30.66806176974543163 ) ) ;
#1963 = EDGE_CURVE ( 'NONE', #3045, #1810, #2182, .T. ) ;
#1964 = CARTESIAN_POINT ( 'NONE',  ( 62.16401578608977729, 123.6810576564912338, -24.15146123107881948 ) ) ;
#1965 = CC_DESIGN_APPROVAL ( #2593, ( #210 ) ) ;
#1966 = EDGE_CURVE ( 'NONE', #1637, #2666, #2814, .T. ) ;
#1967 = DIRECTION ( 'NONE',  ( 0.000000000000000000, 0.000000000000000000, -1.000000000000000000 ) ) ;
#1968 = CARTESIAN_POINT ( 'NONE',  ( 62.16802760143536943, 115.3691383867232787, -30.79690892194190610 ) ) ;
#1969 = CARTESIAN_POINT ( 'NONE',  ( 47.73081601831552945, 114.3900013478761082, -27.80000000000000071 ) ) ;
#1970 = CARTESIAN_POINT ( 'NONE',  ( 62.16401578608979150, 118.5774251683209712, -26.60161509675726421 ) ) ;
#1971 = ORIENTED_EDGE ( 'NONE', *, *, #1156, .T. ) ;
#1972 = B_SPLINE_CURVE_WITH_KNOTS ( 'NONE', 3,
 ( #357, #587, #1373, #1123, #1843, #343, #99, #1862 ),
 .UNSPECIFIED., .F., .F.,
 ( 4, 2, 2, 4 ),
 ( 1.430489624538199204E-17, 0.002965101498864552466, 0.004447652248296819592, 0.005930202997729087586 ),
 .UNSPECIFIED. ) ;
#1973 = CARTESIAN_POINT ( 'NONE',  ( 113.5185967986888613, 120.6033061390952525, 27.26310934910363670 ) ) ;
#1974 = ORIENTED_EDGE ( 'NONE', *, *, #1711, .F. ) ;
#1975 = CARTESIAN_POINT ( 'NONE',  ( 66.27994382285854158, 120.7406304251884990, -27.11407963650525232 ) ) ;
#1976 = CARTESIAN_POINT ( 'NONE',  ( 67.29973397013858971, 119.3900013478761082, -22.79999999999999716 ) ) ;
#1977 = CARTESIAN_POINT ( 'NONE',  ( 62.24286625464358735, 116.3076112951789014, 27.67356028018402370 ) ) ;
#1978 = CARTESIAN_POINT ( 'NONE',  ( 117.4946142291398132, 116.7237020710049791, -27.22845078761809745 ) ) ;
#1979 = CARTESIAN_POINT ( 'NONE',  ( 115.2332251880661147, 114.3900013478761082, 25.80000000000000071 ) ) ;
#1980 = B_SPLINE_CURVE_WITH_KNOTS ( 'NONE', 3,
 ( #3013, #289, #501, #1502, #741, #3196, #1279, #2706, #754, #2737, #1973, #47, #2021, #2522, #31, #2508 ),
 .UNSPECIFIED., .F., .F.,
 ( 4, 2, 2, 2, 2, 2, 2, 4 ),
 ( 0.003747998238889272294, 0.004218189340700792891, 0.004688380442512313923, 0.005158571544323834086, 0.005628762646135355117, 0.006098953747946875281, 0.006569144849758396312, 0.007509527053381457457 ),
 .UNSPECIFIED. ) ;
#1981 = CARTESIAN_POINT ( 'NONE',  ( 66.11926352222263858, 120.8998448465769542, 26.92146327334883793 ) ) ;
#1982 = DIRECTION ( 'NONE',  ( 1.000000000000000000, -0.000000000000000000, -0.000000000000000000 ) ) ;
#1983 = CARTESIAN_POINT ( 'NONE',  ( 64.35149407463252658, 114.6324830357924327, 29.46911255051194445 ) ) ;
#1984 = EDGE_LOOP ( 'NONE', ( #2982, #2487, #341, #2372, #2635 ) ) ;
#1985 = ORIENTED_EDGE ( 'NONE', *, *, #2387, .F. ) ;
#1986 = EDGE_CURVE ( 'NONE', #750, #946, #185, .T. ) ;
#1987 = DIRECTION ( 'NONE',  ( 0.000000000000000000, 0.000000000000000000, -1.000000000000000000 ) ) ;
#1988 = ORIENTED_EDGE ( 'NONE', *, *, #1966, .F. ) ;
#1989 = CARTESIAN_POINT ( 'NONE',  ( 66.66401578608976308, 116.6764323940537054, 29.94576193639140271 ) ) ;
#1990 = VERTEX_POINT ( 'NONE', #2747 ) ;
#1991 = CARTESIAN_POINT ( 'NONE',  ( 112.9726586707752460, 116.7270216038962332, -27.22669726911405164 ) ) ;
#1992 = DIRECTION ( 'NONE',  ( -1.000000000000000000, 0.000000000000000000, 0.000000000000000000 ) ) ;
#1993 = CYLINDRICAL_SURFACE ( 'NONE', #2528, 1.200000000000003064 ) ;
#1994 = DIRECTION ( 'NONE',  ( -1.000000000000000000, 0.000000000000000000, 0.000000000000000000 ) ) ;
#1995 = CARTESIAN_POINT ( 'NONE',  ( 117.2332251880661289, 115.8900013478761082, 30.14846922834953347 ) ) ;
#1996 = CARTESIAN_POINT ( 'NONE',  ( 67.05575817105098224, 114.3915622232246108, 27.51709687868465792 ) ) ;
#1997 = CARTESIAN_POINT ( 'NONE',  ( 116.9274223641469916, 121.3781811572896316, 26.69656817031740914 ) ) ;
#1998 = CARTESIAN_POINT ( 'NONE',  ( 117.1778427363326927, 120.6683712623678844, -27.76243945658684353 ) ) ;
#1999 = ORIENTED_EDGE ( 'NONE', *, *, #738, .T. ) ;
#2000 = ORIENTED_EDGE ( 'NONE', *, *, #307, .T. ) ;
#2001 = CARTESIAN_POINT ( 'NONE',  ( 62.16401578608977729, 119.2931048329541994, -25.89264919879029492 ) ) ;
#2002 = VERTEX_POINT ( 'NONE', #1510 ) ;
#2003 = FACE_OUTER_BOUND ( 'NONE', #1497, .T. ) ;
#2004 = EDGE_CURVE ( 'NONE', #946, #819, #1908, .T. ) ;
#2005 = CARTESIAN_POINT ( 'NONE',  ( 112.7837354452829288, 114.6358851763634448, -27.80000000000000426 ) ) ;
#2006 = AXIS2_PLACEMENT_3D ( 'NONE', #2902, #681, #2165 ) ;
#2007 = CARTESIAN_POINT ( 'NONE',  ( 62.71996380889589773, 121.1653251114068723, -27.81602830485672939 ) ) ;
#2008 = AXIS2_PLACEMENT_3D ( 'NONE', #409, #2648, #214 ) ;
#2009 = EDGE_CURVE ( 'NONE', #819, #1036, #1440, .T. ) ;
#2010 = CARTESIAN_POINT ( 'NONE',  ( 116.1804121029551169, 118.2460627882850446, -25.98352191596022109 ) ) ;
#2011 = DIRECTION ( 'NONE',  ( -1.000000000000000000, 0.000000000000000000, 0.000000000000000000 ) ) ;
#2012 = CARTESIAN_POINT ( 'NONE',  ( 117.7332251880661289, 122.3900013478761082, 22.80000000000000071 ) ) ;
#2013 = CARTESIAN_POINT ( 'NONE',  ( 64.00310735422959851, 122.1809927747685123, -26.13298829158457082 ) ) ;
#2014 = CIRCLE ( 'NONE', #831, 0.4999999999999976685 ) ;
#2015 = CARTESIAN_POINT ( 'NONE',  ( 116.4964325690367701, 121.5564387473653056, 26.35689683603908762 ) ) ;
#2016 = CARTESIAN_POINT ( 'NONE',  ( 63.46392108121067110, 114.8034570741828446, 28.45694718748981344 ) ) ;
#2017 = ORIENTED_EDGE ( 'NONE', *, *, #1047, .T. ) ;
#2018 = CARTESIAN_POINT ( 'NONE',  ( 62.16401578608977729, 120.4474556086280757, -22.96897220129364214 ) ) ;
#2019 = ORIENTED_EDGE ( 'NONE', *, *, #1963, .T. ) ;
#2020 = CARTESIAN_POINT ( 'NONE',  ( 62.85706038485899683, 121.5052054282128182, 27.43197529067932194 ) ) ;
#2021 = CARTESIAN_POINT ( 'NONE',  ( 113.3596682865282048, 120.3052435840636178, 27.59125493471643153 ) ) ;
#2022 = EDGE_LOOP ( 'NONE', ( #789, #870, #1369 ) ) ;
#2023 = CARTESIAN_POINT ( 'NONE',  ( 65.42950004100940475, 121.3065361849440080, -26.44693689685886895 ) ) ;
#2024 = CARTESIAN_POINT ( 'NONE',  ( 62.96388697177010840, 121.6312479883181652, -27.23787682179426994 ) ) ;
#2025 = EDGE_CURVE ( 'NONE', #615, #1918, #1857, .T. ) ;
#2026 = CARTESIAN_POINT ( 'NONE',  ( 62.23163884541258994, 116.0704274107381195, 27.72156822608423354 ) ) ;
#2027 = CARTESIAN_POINT ( 'NONE',  ( 117.1810263143486424, 117.4987975638280915, -26.72161565984416853 ) ) ;
#2028 = CARTESIAN_POINT ( 'NONE',  ( 67.16454770898286597, 115.4566297753488868, 30.72864771861497601 ) ) ;
#2029 = B_SPLINE_CURVE_WITH_KNOTS ( 'NONE', 3,
 ( #2709, #3181, #1231, #1762 ),
 .UNSPECIFIED., .F., .F.,
 ( 4, 4 ),
 ( 0.000000000000000000, 8.630196182489151420E-05 ),
 .UNSPECIFIED. ) ;
#2030 = CARTESIAN_POINT ( 'NONE',  ( 63.75465150035152107, 121.7922033733300822, -26.51273486334349272 ) ) ;
#2031 = DIRECTION ( 'NONE',  ( -1.000000000000000000, 0.000000000000000000, 0.000000000000000000 ) ) ;
#2032 = CARTESIAN_POINT ( 'NONE',  ( 64.50789956590658392, 114.6071284933782124, 29.49999999999980105 ) ) ;
#2033 = ORIENTED_EDGE ( 'NONE', *, *, #94, .T. ) ;
#2034 = CARTESIAN_POINT ( 'NONE',  ( 64.66401578608977729, 121.5805655565566212, 26.30000000000000071 ) ) ;
#2035 = ORIENTED_EDGE ( 'NONE', *, *, #7, .F. ) ;
#2036 = CARTESIAN_POINT ( 'NONE',  ( 62.66401578608976308, 120.6966782554629845, 28.20382309928902842 ) ) ;
#2037 = CARTESIAN_POINT ( 'NONE',  ( 63.94168534808002136, 122.1898713252006985, 26.15615135901625976 ) ) ;
#2038 = EDGE_LOOP ( 'NONE', ( #2864, #2206, #2054, #2925 ) ) ;
#2039 = CARTESIAN_POINT ( 'NONE',  ( 64.34922018878972949, 114.6328688246354517, -29.46837215705847157 ) ) ;
#2040 = MANIFOLD_SOLID_BREP ( 'Cut-Extrude24', #3092 ) ;
#2041 = CARTESIAN_POINT ( 'NONE',  ( 66.15505837745300255, 120.8679465734205962, -26.96064249033511118 ) ) ;
#2042 = CARTESIAN_POINT ( 'NONE',  ( 116.9879022713893306, 117.7361264871480557, -26.51676840498506493 ) ) ;
#2043 = CARTESIAN_POINT ( 'NONE',  ( 115.2332251880661147, 115.8900013478761082, 28.30000000000000071 ) ) ;
#2044 = CARTESIAN_POINT ( 'NONE',  ( 62.29933949146947469, 120.8671576034719379, -28.66666666666667140 ) ) ;
#2045 = CARTESIAN_POINT ( 'NONE',  ( 116.4623923728877344, 121.5665067763649887, 26.33641379156338402 ) ) ;
#2046 = LINE ( 'NONE', #2750, #1543 ) ;
#2047 = ORIENTED_EDGE ( 'NONE', *, *, #2286, .F. ) ;
#2048 = CARTESIAN_POINT ( 'NONE',  ( 67.29973397013858971, 132.3900013478761366, -27.80000000000000071 ) ) ;
#2049 = CARTESIAN_POINT ( 'NONE',  ( 63.82220357288876755, 115.8900013478761082, 30.72955108981872030 ) ) ;
#2050 = CARTESIAN_POINT ( 'NONE',  ( 66.36924081819151411, 117.8289414957532841, -26.46269125865558536 ) ) ;
#2051 = ORIENTED_EDGE ( 'NONE', *, *, #2193, .F. ) ;
#2052 = ADVANCED_FACE ( 'NONE', ( #1092 ), #374, .T. ) ;
#2053 = CARTESIAN_POINT ( 'NONE',  ( 114.2877569906285515, 118.2466428587254654, 25.98281751394224059 ) ) ;
#2054 = ORIENTED_EDGE ( 'NONE', *, *, #1909, .T. ) ;
#2055 = CARTESIAN_POINT ( 'NONE',  ( 116.4865317873203878, 118.1170028636330187, 26.13405896494066738 ) ) ;
#2056 = CARTESIAN_POINT ( 'NONE',  ( 66.66401578608976308, 115.8900013478761082, -30.14858313917500254 ) ) ;
#2057 = CARTESIAN_POINT ( 'NONE',  ( 62.66401578608642353, 117.8132844534496968, -30.34379904587071763 ) ) ;
#2058 = CIRCLE ( 'NONE', #1589, 5.000000000000000888 ) ;
#2059 = FACE_OUTER_BOUND ( 'NONE', #2289, .T. ) ;
#2060 = CARTESIAN_POINT ( 'NONE',  ( 112.9737138047728422, 120.8566923779752358, 27.51315909308109653 ) ) ;
#2061 = CARTESIAN_POINT ( 'NONE',  ( 113.8024592213143364, 120.8897214095548804, -26.89608522131918633 ) ) ;
#2062 = CARTESIAN_POINT ( 'NONE',  ( 117.7332251880661147, 114.3900013478761082, -33.56635886837386806 ) ) ;
#2063 = EDGE_CURVE ( 'NONE', #3071, #2928, #3195, .T. ) ;
#2064 = CARTESIAN_POINT ( 'NONE',  ( 62.28708051009859759, 120.4875204289585753, -28.99406020183809929 ) ) ;
#2065 = CIRCLE ( 'NONE', #924, 12.99999999999999822 ) ;
#2066 = EDGE_CURVE ( 'NONE', #1918, #462, #633, .T. ) ;
#2067 = CARTESIAN_POINT ( 'NONE',  ( 63.57433225407664423, 118.7007846416825743, -26.03738803937325486 ) ) ;
#2068 = ORIENTED_EDGE ( 'NONE', *, *, #482, .T. ) ;
#2069 = AXIS2_PLACEMENT_3D ( 'NONE', #422, #1407, #2395 ) ;
#2070 = CARTESIAN_POINT ( 'NONE',  ( 63.15635991928249382, 122.1997614247963782, 26.67473517415417561 ) ) ;
#2071 = ORIENTED_EDGE ( 'NONE', *, *, #569, .T. ) ;
#2072 = CARTESIAN_POINT ( 'NONE',  ( 66.33173397309980146, 115.4561586555822004, -30.72960502216098533 ) ) ;
#2073 = CARTESIAN_POINT ( 'NONE',  ( 117.2332251880661289, 119.4890208614689016, -28.30000000000000071 ) ) ;
#2074 = DIRECTION ( 'NONE',  ( 0.000000000000000000, 0.000000000000000000, -1.000000000000000000 ) ) ;
#2075 = CARTESIAN_POINT ( 'NONE',  ( 114.5044915394388738, 121.1900982142254293, 26.43186210810739567 ) ) ;
#2076 = CARTESIAN_POINT ( 'NONE',  ( 115.8664093425010009, 121.5433332143248606, -26.39570767756537961 ) ) ;
#2077 = CARTESIAN_POINT ( 'NONE',  ( 62.60455531753143532, 118.0472362910594057, -26.87442701441613480 ) ) ;
#2078 = ORIENTED_EDGE ( 'NONE', *, *, #804, .T. ) ;
#2079 = CARTESIAN_POINT ( 'NONE',  ( 64.48402332386442026, 122.0937488791677197, 26.01138236015858141 ) ) ;
#2080 = CARTESIAN_POINT ( 'NONE',  ( 62.66401578608976308, 116.7426742755953626, 30.15314340862088116 ) ) ;
#2081 = CARTESIAN_POINT ( 'NONE',  ( 62.27253458472601011, 115.1061671900885557, -27.51581734559863435 ) ) ;
#2082 = ORIENTED_EDGE ( 'NONE', *, *, #1727, .T. ) ;
#2083 = CARTESIAN_POINT ( 'NONE',  ( 62.66401578608974887, 119.1708611306552825, -29.30503830085705275 ) ) ;
#2084 = DIRECTION ( 'NONE',  ( -1.000000000000000000, -1.836970198721029688E-16, -0.000000000000000000 ) ) ;
#2085 = DIRECTION ( 'NONE',  ( 1.000000000000000000, 0.000000000000000000, 0.000000000000000000 ) ) ;
#2086 = CYLINDRICAL_SURFACE ( 'NONE', #2633, 0.5000000000000004441 ) ;
#2087 = CARTESIAN_POINT ( 'NONE',  ( 114.0413725384080976, 121.3899199192689906, 26.68411002355309236 ) ) ;
#2088 = CARTESIAN_POINT ( 'NONE',  ( 112.9145039422379995, 120.7494877892447960, -27.65732334400003722 ) ) ;
#2089 = CARTESIAN_POINT ( 'NONE',  ( 67.29973397013858971, 132.3900013478761366, -31.30512638148593396 ) ) ;
#2090 = CARTESIAN_POINT ( 'NONE',  ( 65.95653391301650004, 118.1588542082960203, -26.15746615068137615 ) ) ;
#2091 = VERTEX_POINT ( 'NONE', #1878 ) ;
#2092 = CARTESIAN_POINT ( 'NONE',  ( 63.60510730740705299, 122.2209832651866321, 26.32558714458773252 ) ) ;
#2093 = PLANE ( 'NONE',  #3146 ) ;
#2094 = EDGE_LOOP ( 'NONE', ( #2610, #2227, #724, #751, #2241, #1567, #640 ) ) ;
#2095 = CARTESIAN_POINT ( 'NONE',  ( 62.66401578608976308, 115.8900013478761082, -30.26543587078575470 ) ) ;
#2096 = ADVANCED_FACE ( 'NONE', ( #1558 ), #2843, .T. ) ;
#2097 = ADVANCED_FACE ( 'NONE', ( #602 ), #3160, .T. ) ;
#2098 = CARTESIAN_POINT ( 'NONE',  ( 117.2332251880661289, 115.8900013478761082, 30.23303437365925461 ) ) ;
#2099 = DIRECTION ( 'NONE',  ( -1.000000000000000000, 0.000000000000000000, 0.000000000000000000 ) ) ;
#2100 = LINE ( 'NONE', #2348, #977 ) ;
#2101 = ADVANCED_FACE ( 'NONE', ( #3010, #2519 ), #44, .F. ) ;
#2102 = CARTESIAN_POINT ( 'NONE',  ( 116.9349266950071211, 121.3739243524611311, -26.70416706201145729 ) ) ;
#2103 = CARTESIAN_POINT ( 'NONE',  ( 115.0560173404011550, 121.7223759094909354, -25.99941927644986350 ) ) ;
#2104 = CARTESIAN_POINT ( 'NONE',  ( 62.36611428434795812, 121.4240062900041721, 28.12283219904023568 ) ) ;
#2105 = DIRECTION ( 'NONE',  ( 0.000000000000000000, -1.000000000000000000, -0.000000000000000000 ) ) ;
#2106 = AXIS2_PLACEMENT_3D ( 'NONE', #545, #1049, #2763 ) ;
#2107 = CC_DESIGN_PERSON_AND_ORGANIZATION_ASSIGNMENT ( #227, #3180, ( #210 ) ) ;
#2108 = CARTESIAN_POINT ( 'NONE',  ( 0.000000000000000000, 115.4566680145427853, 30.72856999856987059 ) ) ;
#2109 = AXIS2_PLACEMENT_3D ( 'NONE', #2808, #1331, #1094 ) ;
#2110 = CARTESIAN_POINT ( 'NONE',  ( 62.28223036834636872, 116.7942373411447221, -27.53723503474305190 ) ) ;
#2111 = ORIENTED_EDGE ( 'NONE', *, *, #2565, .F. ) ;
#2112 = B_SPLINE_CURVE_WITH_KNOTS ( 'NONE', 3,
 ( #2362, #907, #391, #2882, #666, #1617, #1650, #2614, #2102, #3112, #148, #1880, #1945, #960, #630, #220, #1358, #1613, #2342, #2939, #1858, #2432, #1208, #1385, #370, #1840, #1444, #1150, #2609, #3172, #2849, #1103 ),
 .UNSPECIFIED., .F., .F.,
 ( 4, 2, 2, 2, 2, 2, 2, 2, 2, 2, 2, 2, 2, 2, 2, 4 ),
 ( 3.469446951953614189E-18, 0.001144403896054286759, 0.001716605844081429272, 0.002288807792108571784, 0.002861009740135714297, 0.003433211688162856809, 0.004005413636190000189, 0.004577615584217142701, 0.005149817532244285213, 0.005722019480271427726, 0.006294221428298570238, 0.006866423376325712750, 0.007438625324352856130, 0.008010827272379998643, 0.008583029220407141155, 0.009155231168434283667 ),
 .UNSPECIFIED. ) ;
#2113 = CARTESIAN_POINT ( 'NONE',  ( 66.17331476040200755, 118.0115247550488533, 26.29523926395387790 ) ) ;
#2114 = DIRECTION ( 'NONE',  ( 1.000000000000000000, 0.000000000000000000, 0.000000000000000000 ) ) ;
#2115 = VERTEX_POINT ( 'NONE', #2275 ) ;
#2116 = B_SPLINE_CURVE_WITH_KNOTS ( 'NONE', 3,
 ( #1272, #268, #2697, #492, #2936, #1962, #978, #3170 ),
 .UNSPECIFIED., .F., .F.,
 ( 4, 2, 2, 4 ),
 ( 0.000000000000000000, 0.0002199415435572768800, 0.0004398830871145537600, 0.0008797661742291075200 ),
 .UNSPECIFIED. ) ;
#2117 = CIRCLE ( 'NONE', #2424, 5.000000000000004441 ) ;
#2118 = DIRECTION ( 'NONE',  ( 0.000000000000000000, 0.000000000000000000, -1.000000000000000000 ) ) ;
#2119 = ADVANCED_FACE ( 'NONE', ( #91 ), #811, .F. ) ;
#2120 = DIRECTION ( 'NONE',  ( 0.000000000000000000, 0.000000000000000000, 1.000000000000000000 ) ) ;
#2121 = CARTESIAN_POINT ( 'NONE',  ( 67.16453227387478364, 115.4273642092353072, -30.73252771078207246 ) ) ;
#2122 = CARTESIAN_POINT ( 'NONE',  ( 115.5565546688831375, 121.5815173816388040, -26.31979309631749331 ) ) ;
#2123 = CARTESIAN_POINT ( 'NONE',  ( 62.66018608281657265, 121.3186423152411066, 28.09449314117324192 ) ) ;
#2124 = CARTESIAN_POINT ( 'NONE',  ( 117.2793625505629080, 115.8736806458898769, 30.37544098895507716 ) ) ;
#2125 = CARTESIAN_POINT ( 'NONE',  ( 117.2076825865688505, 119.9797183960021982, 27.90997450171919070 ) ) ;
#2126 = ORIENTED_EDGE ( 'NONE', *, *, #2640, .T. ) ;
#2127 = CARTESIAN_POINT ( 'NONE',  ( 62.66401578608976308, 120.1914268263491437, 28.60947892113132696 ) ) ;
#2128 = CARTESIAN_POINT ( 'NONE',  ( 65.34942005383970809, 114.4954503345547607, -25.89148404891027866 ) ) ;
#2129 = ORIENTED_EDGE ( 'NONE', *, *, #2543, .F. ) ;
#2130 = CARTESIAN_POINT ( 'NONE',  ( 62.16401578608979861, 120.2527815423784716, 29.20387742580028956 ) ) ;
#2131 = CARTESIAN_POINT ( 'NONE',  ( 62.80392515038339951, 122.0772120238180491, -27.09696234954206417 ) ) ;
#2132 = CARTESIAN_POINT ( 'NONE',  ( 66.66401578608977729, 115.4274312146939536, -30.73304037205701178 ) ) ;
#2133 = LINE ( 'NONE', #1419, #823 ) ;
#2134 = CARTESIAN_POINT ( 'NONE',  ( 66.66401578608976308, 119.4897347581820100, 28.30000000000000782 ) ) ;
#2135 = FACE_OUTER_BOUND ( 'NONE', #1627, .T. ) ;
#2136 = ADVANCED_FACE ( 'NONE', ( #1025 ), #554, .T. ) ;
#2137 = CARTESIAN_POINT ( 'NONE',  ( 66.66401578608974887, 118.9852611388741792, 28.76766881552571320 ) ) ;
#2138 = CARTESIAN_POINT ( 'NONE',  ( 67.06167868624289952, 115.5621301972620216, 30.71457296777395740 ) ) ;
#2139 = CARTESIAN_POINT ( 'NONE',  ( 117.0882021866385969, 120.3520198876054366, 27.54299250795688536 ) ) ;
#2140 = ORIENTED_EDGE ( 'NONE', *, *, #2911, .T. ) ;
#2141 = CARTESIAN_POINT ( 'NONE',  ( 62.66401578608976308, 119.8063034341804638, 28.88327736341612706 ) ) ;
#2142 = EDGE_CURVE ( 'NONE', #2520, #2977, #1087, .T. ) ;
#2143 = VERTEX_POINT ( 'NONE', #3032 ) ;
#2144 = EDGE_CURVE ( 'NONE', #2520, #551, #426, .T. ) ;
#2145 = CARTESIAN_POINT ( 'NONE',  ( 113.4056969223258164, 120.4126430450810830, -27.47821904219759759 ) ) ;
#2146 = FACE_OUTER_BOUND ( 'NONE', #3000, .T. ) ;
#2147 = CARTESIAN_POINT ( 'NONE',  ( 66.67117146598710065, 115.8900013478761082, -30.23458793473915307 ) ) ;
#2148 = CARTESIAN_POINT ( 'NONE',  ( 66.36105654800797993, 120.6619033013582936, 27.20955237341519961 ) ) ;
#2149 = PLANE ( 'NONE',  #1639 ) ;
#2150 = DIRECTION ( 'NONE',  ( 1.000000000000000000, 0.000000000000000000, 0.000000000000000000 ) ) ;
#2151 = DIRECTION ( 'NONE',  ( 1.000000000000000000, 0.000000000000000000, 0.000000000000000000 ) ) ;
#2152 = CIRCLE ( 'NONE', #3189, 1.200000000000003064 ) ;
#2153 = ORIENTED_EDGE ( 'NONE', *, *, #503, .T. ) ;
#2154 = CARTESIAN_POINT ( 'NONE',  ( 62.29933949146947469, 120.8671576034719379, 28.66666666666667140 ) ) ;
#2155 = AXIS2_PLACEMENT_3D ( 'NONE', #2089, #1871, #2150 ) ;
#2156 = VERTEX_POINT ( 'NONE', #19 ) ;
#2157 = AXIS2_PLACEMENT_3D ( 'NONE', #2974, #1512, #2031 ) ;
#2158 = CARTESIAN_POINT ( 'NONE',  ( 62.16401578608977019, 116.4989652290832680, 30.69788673251640176 ) ) ;
#2159 = CIRCLE ( 'NONE', #984, 8.000000000000000000 ) ;
#2160 = LOCAL_TIME ( 14, 19, 12.00000000000000000, #436 ) ;
#2161 =( BOUNDED_SURFACE ( )  B_SPLINE_SURFACE ( 3, 2, ( 
 ( #883, #2856, #1869 ),
 ( #2036, #411, #3012 ),
 ( #1534, #393, #1143 ),
 ( #2292, #2123, #2104 ),
 ( #1365, #1397, #1619 ),
 ( #2384, #1606, #1037 ),
 ( #2020, #805, #3082 ),
 ( #792, #1776, #2521 ),
 ( #306, #2784, #2277 ),
 ( #78, #1551, #2541 ),
 ( #1112, #862, #1848 ),
 ( #2844, #2602, #2711 ),
 ( #1926, #2445, #2934 ),
 ( #729, #180, #490 ),
 ( #925, #1420, #440 ),
 ( #669, #1652, #2917 ),
 ( #1682, #1913, #2884 ),
 ( #168, #1667, #232 ),
 ( #909, #2649, #1219 ),
 ( #3168, #215, #954 ),
 ( #1172, #2398, #1202 ),
 ( #2196, #975, #2410 ),
 ( #2427, #1714, #453 ),
 ( #424, #3183, #938 ),
 ( #1409, #2901, #197 ),
 ( #2148, #1940, #3139 ),
 ( #1895, #680, #2180 ),
 ( #2659, #1474, #1160 ),
 ( #710, #1188, #694 ),
 ( #2134, #1960, #2955 ) ),
 .UNSPECIFIED., .F., .F., .F. ) 
 B_SPLINE_SURFACE_WITH_KNOTS ( ( 4, 2, 2, 2, 2, 2, 2, 2, 2, 2, 2, 2, 2, 2, 4 ),
 ( 3, 3 ),
 ( 2.168404344971008868E-19, 0.0005510072594494655517, 0.001102014518898930887, 0.001653021778348396113, 0.002204029037797861339, 0.002755036297247326349, 0.003306043556696791792, 0.003857050816146257236, 0.004408058075595722679, 0.004959065335045188122, 0.005510072594494652698, 0.006061079853944118141, 0.006612087113393583584, 0.007714101632292514471, 0.008816116151191445358 ),
 ( 0.000000000000000000, 1.000000000000000000 ),
 .UNSPECIFIED. ) 
 GEOMETRIC_REPRESENTATION_ITEM ( )  RATIONAL_B_SPLINE_SURFACE ( (
 ( 1.000000000000000000, 0.7970719574666422780, 1.000000000000000000),
 ( 1.000000000000000000, 0.8111420372052817740, 1.000000000000000000),
 ( 1.000000000000000000, 0.8242094775163848475, 1.000000000000000000),
 ( 1.000000000000000000, 0.8477518711641289784, 1.000000000000000000),
 ( 1.000000000000000000, 0.8583151043578727268, 1.000000000000000000),
 ( 1.000000000000000000, 0.8755931493108681796, 1.000000000000000000),
 ( 1.000000000000000000, 0.8821852236925032953, 1.000000000000000000),
 ( 1.000000000000000000, 0.8906486746842824376, 1.000000000000000000),
 ( 1.000000000000000000, 0.8923275661399636682, 1.000000000000000000),
 ( 1.000000000000000000, 0.8911042250119953767, 1.000000000000000000),
 ( 1.000000000000000000, 0.8881558636142975471, 1.000000000000000000),
 ( 1.000000000000000000, 0.8795514099801849950, 1.000000000000000000),
 ( 1.000000000000000000, 0.8738356672790322799, 1.000000000000000000),
 ( 1.000000000000000000, 0.8619409687385878316, 1.000000000000000000),
 ( 1.000000000000000000, 0.8556666750022497991, 1.000000000000000000),
 ( 1.000000000000000000, 0.8441591010071912704, 1.000000000000000000),
 ( 1.000000000000000000, 0.8389482419589788798, 1.000000000000000000),
 ( 1.000000000000000000, 0.8300931399471431771, 1.000000000000000000),
 ( 1.000000000000000000, 0.8265336747643716730, 1.000000000000000000),
 ( 1.000000000000000000, 0.8209447225640646995, 1.000000000000000000),
 ( 1.000000000000000000, 0.8188637407739963736, 1.000000000000000000),
 ( 1.000000000000000000, 0.8152936521916583912, 1.000000000000000000),
 ( 1.000000000000000000, 0.8137834173363256429, 1.000000000000000000),
 ( 1.000000000000000000, 0.8099291399695740523, 1.000000000000000000),
 ( 1.000000000000000000, 0.8075573066644075038, 1.000000000000000000),
 ( 1.000000000000000000, 0.7975403230901459972, 1.000000000000000000),
 ( 1.000000000000000000, 0.7864168123167810664, 1.000000000000000000),
 ( 1.000000000000000000, 0.7529832413966538462, 1.000000000000000000),
 ( 1.000000000000000000, 0.7306271201178156094, 1.000000000000000000),
 ( 1.000000000000000000, 0.7045735526478826838, 1.000000000000000000) ) ) 
 REPRESENTATION_ITEM ( '' )  SURFACE ( )  );
#2162 = CARTESIAN_POINT ( 'NONE',  ( 62.16401578608978440, 118.7008125576981286, 26.48884614998089759 ) ) ;
#2163 = CARTESIAN_POINT ( 'NONE',  ( 63.46420197229979721, 114.8033958104350489, -28.13925022336679049 ) ) ;
#2164 = FACE_OUTER_BOUND ( 'NONE', #3116, .T. ) ;
#2165 = DIRECTION ( 'NONE',  ( 0.000000000000000000, 0.000000000000000000, -1.000000000000000000 ) ) ;
#2166 = CARTESIAN_POINT ( 'NONE',  ( 62.16401578608977729, 122.5400527650274967, -26.89499315012025349 ) ) ;
#2167 = CARTESIAN_POINT ( 'NONE',  ( 64.12824844474661745, 122.1613294519329571, -26.08949700844595654 ) ) ;
#2168 = CARTESIAN_POINT ( 'NONE',  ( 63.00129450983602197, 115.4208950270134864, 30.78763776766867366 ) ) ;
#2169 = CARTESIAN_POINT ( 'NONE',  ( 67.16498807588097009, 116.2628192667351499, -30.58848014589661446 ) ) ;
#2170 = EDGE_LOOP ( 'NONE', ( #1920, #1582, #1020, #2719 ) ) ;
#2171 = CARTESIAN_POINT ( 'NONE',  ( 62.17693040427012363, 115.8758929605546939, 30.78334608627874047 ) ) ;
#2172 = EDGE_LOOP ( 'NONE', ( #2685, #417, #2019, #156 ) ) ;
#2173 = B_SPLINE_CURVE_WITH_KNOTS ( 'NONE', 3,
 ( #1730, #2460, #20, #2251, #1044, #540, #317, #1796, #1507, #1060, #1009, #1236, #55, #2745, #508, #991 ),
 .UNSPECIFIED., .F., .F.,
 ( 4, 2, 2, 2, 2, 2, 2, 4 ),
 ( 0.003415743099975170234, 0.003847633802211233682, 0.004279524504447297130, 0.004711415206683359710, 0.005143305908919423158, 0.005575196611155486606, 0.006007087313391550054, 0.006870868717863695165 ),
 .UNSPECIFIED. ) ;
#2174 = B_SPLINE_CURVE_WITH_KNOTS ( 'NONE', 3,
 ( #2242, #2718, #1530, #224, #1467, #2978, #286, #774 ),
 .UNSPECIFIED., .F., .F.,
 ( 4, 2, 2, 4 ),
 ( 0.000000000000000000, 0.002435466244833372606, 0.003653199367250040911, 0.004870932489666708783 ),
 .UNSPECIFIED. ) ;
#2175 = CARTESIAN_POINT ( 'NONE',  ( 62.16401578608979150, 123.7280721824891572, 23.89049326888962810 ) ) ;
#2176 = PLANE ( 'NONE',  #723 ) ;
#2177 = CYLINDRICAL_SURFACE ( 'NONE', #928, 2.000000000000008882 ) ;
#2178 = EDGE_CURVE ( 'NONE', #1276, #1325, #2314, .T. ) ;
#2179 = CYLINDRICAL_SURFACE ( 'NONE', #617, 1.200000000000003064 ) ;
#2180 = CARTESIAN_POINT ( 'NONE',  ( 66.94980142829604119, 120.8688318031265396, 27.51504409271663931 ) ) ;
#2181 = CARTESIAN_POINT ( 'NONE',  ( 62.13402127415231746, 115.8900013478761082, -30.29639584757948967 ) ) ;
#2182 = LINE ( 'NONE', #1257, #1345 ) ;
#2183 = CARTESIAN_POINT ( 'NONE',  ( 62.16401578608977019, 123.4926002713423827, -24.94071856751667582 ) ) ;
#2184 = CARTESIAN_POINT ( 'NONE',  ( 64.49370249451047243, 122.0916907205428146, -26.01005638941295217 ) ) ;
#2185 = DIRECTION ( 'NONE',  ( -0.000000000000000000, -0.000000000000000000, 1.000000000000000000 ) ) ;
#2186 = FACE_OUTER_BOUND ( 'NONE', #1246, .T. ) ;
#2187 = EDGE_LOOP ( 'NONE', ( #2051, #1448 ) ) ;
#2188 = DIRECTION ( 'NONE',  ( -0.000000000000000000, -1.000000000000000000, -0.000000000000000000 ) ) ;
#2189 = ORIENTED_EDGE ( 'NONE', *, *, #1106, .F. ) ;
#2190 = CARTESIAN_POINT ( 'NONE',  ( 62.16401578608976308, 119.3221912960567153, 29.75618858920112331 ) ) ;
#2191 = PERSON_AND_ORGANIZATION ( #1, #1442 ) ;
#2192 = CARTESIAN_POINT ( 'NONE',  ( 65.53114747168692134, 121.8094378935346782, -26.13040936759052713 ) ) ;
#2193 = EDGE_CURVE ( 'NONE', #901, #2947, #1241, .T. ) ;
#2194 = ADVANCED_FACE ( 'NONE', ( #1580 ), #1645, .F. ) ;
#2195 = CARTESIAN_POINT ( 'NONE',  ( 65.26470280773196464, 114.5048196572325168, 29.35045581900804379 ) ) ;
#2196 = CARTESIAN_POINT ( 'NONE',  ( 65.67701612892666674, 121.1893553302078175, 26.56984714262502223 ) ) ;
#2197 = CARTESIAN_POINT ( 'NONE',  ( 65.26610779948259733, 114.5046516277871831, -27.25018390323460693 ) ) ;
#2198 = B_SPLINE_CURVE_WITH_KNOTS ( 'NONE', 3,
 ( #719, #2889, #1445, #672 ),
 .UNSPECIFIED., .F., .F.,
 ( 4, 4 ),
 ( 0.000000000000000000, 8.484749404473181057E-05 ),
 .UNSPECIFIED. ) ;
#2199 = DIRECTION ( 'NONE',  ( 0.000000000000000000, 5.551115123125782702E-15, -1.000000000000000000 ) ) ;
#2200 = CARTESIAN_POINT ( 'NONE',  ( 63.54003916102102067, 121.8088331006145353, 26.63883888788506482 ) ) ;
#2201 = DIRECTION ( 'NONE',  ( 1.000000000000000000, -0.000000000000000000, -0.000000000000000000 ) ) ;
#2202 = CARTESIAN_POINT ( 'NONE',  ( 62.16401578608976308, 120.5553194237731418, 28.30000000000000071 ) ) ;
#2203 = EDGE_CURVE ( 'NONE', #2781, #2307, #1694, .T. ) ;
#2204 = ORIENTED_EDGE ( 'NONE', *, *, #1854, .F. ) ;
#2205 = CARTESIAN_POINT ( 'NONE',  ( 62.16401578608977729, 120.3458225213885697, -23.80438237754083630 ) ) ;
#2206 = ORIENTED_EDGE ( 'NONE', *, *, #1340, .T. ) ;
#2207 = AXIS2_PLACEMENT_3D ( 'NONE', #1787, #495, #301 ) ;
#2208 = CARTESIAN_POINT ( 'NONE',  ( 67.16703244547352369, 119.2197828740998489, 29.23204580651317031 ) ) ;
#2209 = VECTOR ( 'NONE', #379, 1000.000000000000000 ) ;
#2210 = ORIENTED_EDGE ( 'NONE', *, *, #1765, .T. ) ;
#2211 = CARTESIAN_POINT ( 'NONE',  ( 66.66401578608976308, 119.4897347581820100, -28.30000000000000071 ) ) ;
#2212 = AXIS2_PLACEMENT_3D ( 'NONE', #1807, #2305, #1293 ) ;
#2213 = DIRECTION ( 'NONE',  ( 0.000000000000000000, 0.000000000000000000, -1.000000000000000000 ) ) ;
#2214 = CARTESIAN_POINT ( 'NONE',  ( 63.40563262847760484, 118.6558723505967805, 26.13671271049116385 ) ) ;
#2215 = AXIS2_PLACEMENT_3D ( 'NONE', #1051, #2120, #390 ) ;
#2216 = EDGE_CURVE ( 'NONE', #522, #829, #352, .T. ) ;
#2217 = CARTESIAN_POINT ( 'NONE',  ( 116.6743386339093860, 118.0059231973829981, -26.25421633460119608 ) ) ;
#2218 = CARTESIAN_POINT ( 'NONE',  ( 115.2332251880661147, 124.3754909716795822, -27.09999999999999787 ) ) ;
#2219 = CARTESIAN_POINT ( 'NONE',  ( 66.66401578608976308, 119.7485767497451548, 28.10803384284991324 ) ) ;
#2220 = CARTESIAN_POINT ( 'NONE',  ( 62.16401578608977729, 123.7287932759416549, -23.88537954934740526 ) ) ;
#2221 = CC_DESIGN_APPROVAL ( #1377, ( #572 ) ) ;
#2222 = CARTESIAN_POINT ( 'NONE',  ( 117.5030135280389771, 120.8394416898723023, 27.53669894853953437 ) ) ;
#2223 = FACE_OUTER_BOUND ( 'NONE', #842, .T. ) ;
#2224 = VERTEX_POINT ( 'NONE', #2327 ) ;
#2225 = EDGE_LOOP ( 'NONE', ( #585, #1129, #1599, #720, #322, #1974, #2979 ) ) ;
#2226 = CARTESIAN_POINT ( 'NONE',  ( 115.2332251880661147, 114.3900013478761082, -28.30000000000000071 ) ) ;
#2227 = ORIENTED_EDGE ( 'NONE', *, *, #3064, .T. ) ;
#2228 = CARTESIAN_POINT ( 'NONE',  ( 66.66401578608977729, 115.4274312146939536, 30.73304037205701178 ) ) ;
#2229 = CARTESIAN_POINT ( 'NONE',  ( 66.93800094919438948, 120.8588009016757212, -27.51763174789671851 ) ) ;
#2230 = CARTESIAN_POINT ( 'NONE',  ( 62.16401578608977729, 120.4474556086281325, 22.80000000000000426 ) ) ;
#2231 = CARTESIAN_POINT ( 'NONE',  ( 63.12203595057100358, 118.5499679947342315, 26.32919399168355312 ) ) ;
#2232 = PLANE ( 'NONE',  #1289 ) ;
#2233 = CARTESIAN_POINT ( 'NONE',  ( 62.25097394256304284, 119.2239691791699414, -29.80127905221010920 ) ) ;
#2234 = CARTESIAN_POINT ( 'NONE',  ( 64.66401578608977729, 121.5805655565566212, 26.30000000000000071 ) ) ;
#2235 = CARTESIAN_POINT ( 'NONE',  ( 63.19540240096458206, 121.7642154799440561, 26.93473859069597154 ) ) ;
#2236 = CARTESIAN_POINT ( 'NONE',  ( 117.2332251880661289, 115.8900013478761082, 0.000000000000000000 ) ) ;
#2237 = DIRECTION ( 'NONE',  ( -0.000000000000000000, -1.000000000000000000, -0.000000000000000000 ) ) ;
#2238 = LINE ( 'NONE', #1969, #195 ) ;
#2239 = EDGE_CURVE ( 'NONE', #2224, #339, #1086, .T. ) ;
#2240 = EDGE_CURVE ( 'NONE', #2537, #160, #1469, .T. ) ;
#2241 = ORIENTED_EDGE ( 'NONE', *, *, #600, .F. ) ;
#2242 = CARTESIAN_POINT ( 'NONE',  ( 67.16759189499892102, 119.8296505815863071, 28.66666666666667496 ) ) ;
#2243 = EDGE_LOOP ( 'NONE', ( #1853, #737, #175, #1005 ) ) ;
#2244 = CARTESIAN_POINT ( 'NONE',  ( 66.66401578608976308, 116.2382097400632830, 30.59550662367201923 ) ) ;
#2245 = EDGE_CURVE ( 'NONE', #2091, #1691, #3056, .T. ) ;
#2246 = ORIENTED_EDGE ( 'NONE', *, *, #1388, .T. ) ;
#2247 = CARTESIAN_POINT ( 'NONE',  ( 113.7030555372874545, 117.9539505199259537, -26.31062553065866183 ) ) ;
#2248 = PRODUCT_RELATED_PRODUCT_CATEGORY ( 'detail', '', ( #2340 ) ) ;
#2249 = CARTESIAN_POINT ( 'NONE',  ( 62.83561030611196685, 121.4709075952920614, -27.47812590273876765 ) ) ;
#2250 = CARTESIAN_POINT ( 'NONE',  ( 62.21452604330659142, 115.3606695810613161, 27.80000000000000782 ) ) ;
#2251 = CARTESIAN_POINT ( 'NONE',  ( 64.09836500934028436, 114.6764073895284923, 25.86069380190632572 ) ) ;
#2252 = CARTESIAN_POINT ( 'NONE',  ( 47.73081601831552945, 114.3900013478761082, -30.80000000000000071 ) ) ;
#2253 = DIRECTION ( 'NONE',  ( -0.000000000000000000, -1.000000000000000000, -0.000000000000000000 ) ) ;
#2254 = CARTESIAN_POINT ( 'NONE',  ( 63.24766833591451842, 122.0384465539927703, -26.87817942426715945 ) ) ;
#2255 = CARTESIAN_POINT ( 'NONE',  ( 115.0333815595986238, 121.7218256015644897, 26.00068018413775306 ) ) ;
#2256 = CYLINDRICAL_SURFACE ( 'NONE', #2106, 5.000000000000000888 ) ;
#2257 = ORIENTED_EDGE ( 'NONE', *, *, #53, .F. ) ;
#2258 = CARTESIAN_POINT ( 'NONE',  ( 62.16401578608977729, 117.4308159413284045, -27.30911482882491370 ) ) ;
#2259 = CARTESIAN_POINT ( 'NONE',  ( 62.13852744155718000, 115.4048308303485157, 30.79615557075145560 ) ) ;
#2260 = ORIENTED_EDGE ( 'NONE', *, *, #738, .F. ) ;
#2261 = CARTESIAN_POINT ( 'NONE',  ( 66.66401578608977729, 117.4108819244616626, 30.21266796402819921 ) ) ;
#2262 = ORIENTED_EDGE ( 'NONE', *, *, #1721, .T. ) ;
#2263 = CARTESIAN_POINT ( 'NONE',  ( 66.63424623630629640, 120.0101128562321122, -27.88400121756916761 ) ) ;
#2264 = CIRCLE ( 'NONE', #510, 0.5000000000000022204 ) ;
#2265 = CARTESIAN_POINT ( 'NONE',  ( 66.66401578608976308, 118.9852611388741934, -28.76766881552572031 ) ) ;
#2266 = CARTESIAN_POINT ( 'NONE',  ( 117.2801985193604679, 117.3218155775859799, -26.85694430257182219 ) ) ;
#2267 = CARTESIAN_POINT ( 'NONE',  ( 64.66401578608976308, 115.8900013478761082, 29.50000000000000711 ) ) ;
#2268 = AXIS2_PLACEMENT_3D ( 'NONE', #2306, #609, #92 ) ;
#2269 = CARTESIAN_POINT ( 'NONE',  ( 67.11350552887294896, 114.3909647356664578, 27.80000000000000071 ) ) ;
#2270 = AXIS2_PLACEMENT_3D ( 'NONE', #2752, #13, #1499 ) ;
#2271 = CARTESIAN_POINT ( 'NONE',  ( 112.7332251807523704, 120.1198800779161076, 28.39695209909196549 ) ) ;
#2272 = LINE ( 'NONE', #1734, #145 ) ;
#2273 = EDGE_LOOP ( 'NONE', ( #1706, #12 ) ) ;
#2274 = CARTESIAN_POINT ( 'NONE',  ( 0.000000000000000000, 115.3900013478761082, 30.23303437365925461 ) ) ;
#2275 = CARTESIAN_POINT ( 'NONE',  ( 62.16401578608977729, 115.1382072749679111, -30.80000000000003979 ) ) ;
#2276 = VERTEX_POINT ( 'NONE', #3179 ) ;
#2277 = CARTESIAN_POINT ( 'NONE',  ( 62.84414274197086314, 122.0994742997666123, 27.03899631347446331 ) ) ;
#2278 = CARTESIAN_POINT ( 'NONE',  ( 113.2332251880661147, 115.8900013478761082, 0.000000000000000000 ) ) ;
#2279 = ORIENTED_EDGE ( 'NONE', *, *, #7, .T. ) ;
#2280 = CARTESIAN_POINT ( 'NONE',  ( 66.66401578608976308, 115.8900013478761082, -30.14858313917500254 ) ) ;
#2281 = CARTESIAN_POINT ( 'NONE',  ( 62.66401578608976308, 120.5553194237731418, -28.30000000000000071 ) ) ;
#2282 = CARTESIAN_POINT ( 'NONE',  ( 115.7229744871664110, 118.3555912258482863, -25.84542396333416292 ) ) ;
#2283 = FACE_OUTER_BOUND ( 'NONE', #916, .T. ) ;
#2284 = CARTESIAN_POINT ( 'NONE',  ( 62.66339681218148172, 115.8900013478761082, -30.29041204137377719 ) ) ;
#2285 = CARTESIAN_POINT ( 'NONE',  ( 63.51950626486188867, 122.2244184386846086, -26.38061173708898011 ) ) ;
#2286 = EDGE_CURVE ( 'NONE', #2895, #2002, #2065, .T. ) ;
#2287 = CARTESIAN_POINT ( 'NONE',  ( 115.0794252785803593, 121.2636174062448191, 26.30045364436793420 ) ) ;
#2288 = CARTESIAN_POINT ( 'NONE',  ( 117.1337442216685218, 120.7734972980124155, -27.62665009812171490 ) ) ;
#2289 = EDGE_LOOP ( 'NONE', ( #563, #2996, #1593, #1447, #2575, #1900, #515, #997 ) ) ;
#2290 = CARTESIAN_POINT ( 'NONE',  ( 112.7332251880661147, 119.4890208614688873, -28.30000000000000426 ) ) ;
#2291 = ORIENTED_EDGE ( 'NONE', *, *, #2009, .F. ) ;
#2292 = CARTESIAN_POINT ( 'NONE',  ( 62.70313686683662269, 121.0834146555040576, 27.89212414829360753 ) ) ;
#2293 = CARTESIAN_POINT ( 'NONE',  ( 62.48976199202680704, 121.7477771537626552, 27.70690089391126421 ) ) ;
#2294 = ORIENTED_EDGE ( 'NONE', *, *, #1333, .F. ) ;
#2295 = CARTESIAN_POINT ( 'NONE',  ( 117.1797574376424507, 117.5008250506970313, 26.72001081941511202 ) ) ;
#2296 = CARTESIAN_POINT ( 'NONE',  ( 62.66401578608976308, 120.6852109882863999, -28.21162512937591060 ) ) ;
#2297 = CARTESIAN_POINT ( 'NONE',  ( 115.3608665330870195, 118.3898147643025425, -25.80024877746447842 ) ) ;
#2298 = CARTESIAN_POINT ( 'NONE',  ( 62.17693040427014495, 115.8758929605545376, -30.78334608627874402 ) ) ;
#2299 = EDGE_CURVE ( 'NONE', #1451, #3045, #1008, .T. ) ;
#2300 = CARTESIAN_POINT ( 'NONE',  ( 64.94843835891003891, 114.5419180423478593, 25.80000000000000426 ) ) ;
#2301 = CARTESIAN_POINT ( 'NONE',  ( 113.8974623541416804, 120.9535091848884178, 26.80490302177279460 ) ) ;
#2302 = CARTESIAN_POINT ( 'NONE',  ( 113.5715633343734794, 121.3953879567556413, -26.66540999664743694 ) ) ;
#2303 = CARTESIAN_POINT ( 'NONE',  ( 66.67117146598710065, 115.8900013478761082, 30.23458793473915307 ) ) ;
#2304 = CARTESIAN_POINT ( 'NONE',  ( 117.7332251880661289, 114.3900013478761082, 22.80000000000000071 ) ) ;
#2305 = DIRECTION ( 'NONE',  ( 0.000000000000000000, -1.000000000000000000, 0.000000000000000000 ) ) ;
#2306 = CARTESIAN_POINT ( 'NONE',  ( 67.29973397013858971, 132.3900013478761366, 22.80000000000000071 ) ) ;
#2307 = VERTEX_POINT ( 'NONE', #226 ) ;
#2308 = CARTESIAN_POINT ( 'NONE',  ( 62.55024291193583963, 121.8449547056910802, 27.55689848675640263 ) ) ;
#2309 = DIRECTION ( 'NONE',  ( -0.000000000000000000, -1.000000000000000000, -0.000000000000000000 ) ) ;
#2310 = VERTEX_POINT ( 'NONE', #1181 ) ;
#2311 = CARTESIAN_POINT ( 'NONE',  ( 63.00129450983602197, 115.4208950270134721, -30.78763776766866656 ) ) ;
#2312 = FACE_OUTER_BOUND ( 'NONE', #999, .T. ) ;
#2313 = CIRCLE ( 'NONE', #2631, 7.500000000000000000 ) ;
#2314 = B_SPLINE_CURVE_WITH_KNOTS ( 'NONE', 3,
 ( #613, #111, #3061, #96, #2831, #2080, #596, #1596 ),
 .UNSPECIFIED., .F., .F.,
 ( 4, 2, 2, 4 ),
 ( 0.000000000000000000, 0.002555264488081162959, 0.003832896732121723622, 0.005110528976162284284 ),
 .UNSPECIFIED. ) ;
#2315 = VECTOR ( 'NONE', #1508, 1000.000000000000000 ) ;
#2316 = FACE_OUTER_BOUND ( 'NONE', #855, .T. ) ;
#2317 = EDGE_CURVE ( 'NONE', #2847, #1810, #2891, .T. ) ;
#2318 = CARTESIAN_POINT ( 'NONE',  ( 115.9572247051174685, 121.6747548527304588, 26.10674411770722614 ) ) ;
#2319 = CARTESIAN_POINT ( 'NONE',  ( 116.9421887786852352, 121.0507293649004481, -27.23756346228932301 ) ) ;
#2320 = AXIS2_PLACEMENT_3D ( 'NONE', #1681, #1925, #196 ) ;
#2321 = CARTESIAN_POINT ( 'NONE',  ( 67.29973397013858971, 114.3900013478761082, -30.80000000000000071 ) ) ;
#2322 = VECTOR ( 'NONE', #138, 1000.000000000000000 ) ;
#2323 = CARTESIAN_POINT ( 'NONE',  ( 116.6112159306582470, 120.9269001300163353, 26.84328681685610718 ) ) ;
#2324 = ORIENTED_EDGE ( 'NONE', *, *, #2674, .T. ) ;
#2325 = AXIS2_PLACEMENT_3D ( 'NONE', #2274, #1067, #1139 ) ;
#2326 = CARTESIAN_POINT ( 'NONE',  ( 66.03436640813531255, 121.6114215526700093, 26.39271887648144244 ) ) ;
#2327 = CARTESIAN_POINT ( 'NONE',  ( 115.2332251880658021, 118.3900013478765061, 25.79999999999994387 ) ) ;
#2328 = CARTESIAN_POINT ( 'NONE',  ( 62.86726436515694161, 114.9440179833220554, -26.55597961931817608 ) ) ;
#2329 = ORIENTED_EDGE ( 'NONE', *, *, #1004, .F. ) ;
#2330 = DIRECTION ( 'NONE',  ( 0.000000000000000000, 0.000000000000000000, 1.000000000000000000 ) ) ;
#2331 = DIRECTION ( 'NONE',  ( -0.000000000000000000, 1.000000000000000000, 0.000000000000000000 ) ) ;
#2332 = FACE_OUTER_BOUND ( 'NONE', #258, .T. ) ;
#2333 = DIRECTION ( 'NONE',  ( 0.000000000000000000, 0.000000000000000000, -1.000000000000000000 ) ) ;
#2334 = CARTESIAN_POINT ( 'NONE',  ( 113.4397502237578124, 121.3200168338132272, 26.80009531366961184 ) ) ;
#2335 = CARTESIAN_POINT ( 'NONE',  ( 114.3347371730917672, 121.6458837087161839, -26.17055245263148322 ) ) ;
#2336 = PLANE ( 'NONE',  #1902 ) ;
#2337 = DIRECTION ( 'NONE',  ( 4.717400328732945455E-15, 0.7333520906002073403, 0.6798490356044533112 ) ) ;
#2338 = CARTESIAN_POINT ( 'NONE',  ( 65.22998698211996782, 118.4955722819019286, -25.86208139445970389 ) ) ;
#2339 = ORIENTED_EDGE ( 'NONE', *, *, #1473, .F. ) ;
#2340 = PRODUCT ( 'Top_Panel', 'Top_Panel', '', ( #1198 ) ) ;
#2341 = CARTESIAN_POINT ( 'NONE',  ( 113.5450201321104657, 117.8174704825510446, 26.44645102375544710 ) ) ;
#2342 = CARTESIAN_POINT ( 'NONE',  ( 114.3048322037901983, 121.6402731554489804, -26.18273540486642759 ) ) ;
#2343 = ORIENTED_EDGE ( 'NONE', *, *, #2063, .T. ) ;
#2344 = CARTESIAN_POINT ( 'NONE',  ( 116.1767821821656383, 118.2472878046808660, 25.98203440621083615 ) ) ;
#2345 = EDGE_CURVE ( 'NONE', #2523, #2276, #1266, .T. ) ;
#2346 = DIRECTION ( 'NONE',  ( -0.000000000000000000, 1.000000000000000000, -0.000000000000000000 ) ) ;
#2347 = EDGE_CURVE ( 'NONE', #1121, #2781, #1980, .T. ) ;
#2348 = CARTESIAN_POINT ( 'NONE',  ( 62.16401578608977729, 120.4474556086281325, 33.00000000000000000 ) ) ;
#2349 = CARTESIAN_POINT ( 'NONE',  ( 113.3327061544650292, 120.7734972980111792, 27.62665009812099370 ) ) ;
#2350 = CARTESIAN_POINT ( 'NONE',  ( 116.0137713037932343, 121.5151408568414553, -26.45117048110678226 ) ) ;
#2351 = DIRECTION ( 'NONE',  ( -1.000000000000000000, 0.000000000000000000, 0.000000000000000000 ) ) ;
#2352 = DIRECTION ( 'NONE',  ( -1.000000000000000000, 0.000000000000000000, 0.000000000000000000 ) ) ;
#2353 = CARTESIAN_POINT ( 'NONE',  ( 67.11350552887294896, 114.8811703193984499, -27.80000000000001492 ) ) ;
#2354 = ORIENTED_EDGE ( 'NONE', *, *, #2216, .T. ) ;
#2355 = CARTESIAN_POINT ( 'NONE',  ( 112.8579026206550395, 116.0664406104901900, 27.51690110262522282 ) ) ;
#2356 = CARTESIAN_POINT ( 'NONE',  ( 62.59773903487088376, 115.0148149476264336, -26.88547440850193837 ) ) ;
#2357 = VERTEX_POINT ( 'NONE', #2490 ) ;
#2358 = ADVANCED_FACE ( 'NONE', ( #2003 ), #2376, .T. ) ;
#2359 = CARTESIAN_POINT ( 'NONE',  ( 62.16401578608977729, 115.1382072749679111, -31.30512638148593396 ) ) ;
#2360 = DIRECTION ( 'NONE',  ( -1.000000000000000000, 0.000000000000000000, 0.000000000000000000 ) ) ;
#2361 = DIRECTION ( 'NONE',  ( -1.000000000000000000, -0.000000000000000000, -0.000000000000000000 ) ) ;
#2362 = CARTESIAN_POINT ( 'NONE',  ( 117.7332251880661289, 119.8289554957084135, -28.66666666666666075 ) ) ;
#2363 = CARTESIAN_POINT ( 'NONE',  ( 114.0512951114927347, 121.3940353138839470, -26.67676545528015097 ) ) ;
#2364 = CARTESIAN_POINT ( 'NONE',  ( 117.3490036512158383, 115.8211911659481643, 30.49437830069431854 ) ) ;
#2365 = AXIS2_PLACEMENT_3D ( 'NONE', #604, #1585, #1109 ) ;
#2366 = CARTESIAN_POINT ( 'NONE',  ( 65.66371483404262221, 118.3218830814732598, -26.00593303565887737 ) ) ;
#2367 = ORIENTED_EDGE ( 'NONE', *, *, #1680, .F. ) ;
#2368 = AXIS2_PLACEMENT_3D ( 'NONE', #1684, #456, #2199 ) ;
#2369 = CARTESIAN_POINT ( 'NONE',  ( 117.7332251880661147, 114.3900013478761082, 30.80000000000000071 ) ) ;
#2370 = CARTESIAN_POINT ( 'NONE',  ( 67.05542526598654263, 114.3915656676529125, -27.51546598360314988 ) ) ;
#2371 = AXIS2_PLACEMENT_3D ( 'NONE', #2290, #1155, #3025 ) ;
#2372 = ORIENTED_EDGE ( 'NONE', *, *, #3036, .F. ) ;
#2373 = CARTESIAN_POINT ( 'NONE',  ( 113.7594283099720371, 120.8568749824911492, -26.94136982487897214 ) ) ;
#2374 = APPROVAL_PERSON_ORGANIZATION ( #177, #1377, #1740 ) ;
#2375 = PLANE ( 'NONE',  #1756 ) ;
#2376 =( BOUNDED_SURFACE ( )  B_SPLINE_SURFACE ( 3, 2, ( 
 ( #1760, #2998, #1484 ),
 ( #1739, #485, #2208 ),
 ( #521, #275, #1053 ),
 ( #241, #15, #1724 ),
 ( #1470, #2261, #1021 ),
 ( #1229, #987, #778 ),
 ( #1989, #63, #2770 ),
 ( #1039, #2244, #2755 ),
 ( #536, #2454, #2469 ),
 ( #1709, #2228, #1518 ) ),
 .UNSPECIFIED., .F., .F., .F. ) 
 B_SPLINE_SURFACE_WITH_KNOTS ( ( 4, 2, 2, 2, 4 ),
 ( 3, 3 ),
 ( 0.000000000000000000, 0.002306281367262417829, 0.002882851709078022504, 0.003459422050893626744, 0.004612562734524835659 ),
 ( 0.000000000000000000, 1.000000000000000000 ),
 .UNSPECIFIED. ) 
 GEOMETRIC_REPRESENTATION_ITEM ( )  RATIONAL_B_SPLINE_SURFACE ( (
 ( 1.000000000000000000, 0.7045735526478826838, 1.000000000000000000),
 ( 1.000000000000000000, 0.7049713016199780080, 1.000000000000000000),
 ( 1.000000000000000000, 0.7053596105029353858, 1.000000000000000000),
 ( 1.000000000000000000, 0.7058215344486606924, 1.000000000000000000),
 ( 1.000000000000000000, 0.7059128595148687069, 1.000000000000000000),
 ( 1.000000000000000000, 0.7060901406213735410, 1.000000000000000000),
 ( 1.000000000000000000, 0.7061765103489006101, 1.000000000000000000),
 ( 1.000000000000000000, 0.7064291924017080948, 1.000000000000000000),
 ( 1.000000000000000000, 0.7065890778795115290, 1.000000000000000000),
 ( 1.000000000000000000, 0.7067414748088491905, 1.000000000000000000) ) ) 
 REPRESENTATION_ITEM ( '' )  SURFACE ( )  );
#2377 = ADVANCED_FACE ( 'NONE', ( #260 ), #358, .T. ) ;
#2378 = ADVANCED_FACE ( 'NONE', ( #309 ), #1296, .F. ) ;
#2379 = CARTESIAN_POINT ( 'NONE',  ( 62.49081899900417625, 121.7496886602976502, -27.70409618447933298 ) ) ;
#2380 = CARTESIAN_POINT ( 'NONE',  ( 62.16401578608978440, 118.1612538313174099, 26.89542461404954921 ) ) ;
#2381 = CARTESIAN_POINT ( 'NONE',  ( 67.16583175613428125, 117.6022742062382775, -30.12994238322553286 ) ) ;
#2382 = FACE_OUTER_BOUND ( 'NONE', #3119, .T. ) ;
#2383 = B_SPLINE_CURVE_WITH_KNOTS ( 'NONE', 3,
 ( #2825, #849, #151, #592, #1079, #378, #607, #1833 ),
 .UNSPECIFIED., .F., .F.,
 ( 4, 2, 2, 4 ),
 ( 0.000000000000000000, 0.0002201467299467205294, 0.0004402934598934410589, 0.0008805869197868903576 ),
 .UNSPECIFIED. ) ;
#2384 = CARTESIAN_POINT ( 'NONE',  ( 62.80620948040225926, 121.4139057074653181, 27.54940297947114303 ) ) ;
#2385 = CARTESIAN_POINT ( 'NONE',  ( 62.29933949146947469, 120.8671576034719379, -28.66666666666666785 ) ) ;
#2386 = FACE_BOUND ( 'NONE', #1307, .T. ) ;
#2387 = EDGE_CURVE ( 'NONE', #2847, #1022, #1535, .T. ) ;
#2388 = CARTESIAN_POINT ( 'NONE',  ( 64.66401578608976308, 125.8900013478761224, 28.30000000000000071 ) ) ;
#2389 = CARTESIAN_POINT ( 'NONE',  ( 117.2678416446368885, 120.3372338349870319, 28.16290263413143080 ) ) ;
#2390 = ORIENTED_EDGE ( 'NONE', *, *, #129, .F. ) ;
#2391 = CARTESIAN_POINT ( 'NONE',  ( 64.66401578607802492, 118.6403471829811878, 25.80000000000000071 ) ) ;
#2392 = ORIENTED_EDGE ( 'NONE', *, *, #1664, .F. ) ;
#2393 = CARTESIAN_POINT ( 'NONE',  ( 114.2059324239993003, 121.1025925788439253, -26.57730376034416508 ) ) ;
#2394 = DATE_TIME_ROLE ( 'classification_date' ) ;
#2395 = DIRECTION ( 'NONE',  ( 0.000000000000000000, 0.000000000000000000, 1.000000000000000000 ) ) ;
#2396 = EDGE_CURVE ( 'NONE', #2224, #2357, #2829, .T. ) ;
#2397 = CARTESIAN_POINT ( 'NONE',  ( 63.46383122376254704, 114.8034766725361067, -28.45795788932588621 ) ) ;
#2398 = CARTESIAN_POINT ( 'NONE',  ( 65.52562743394885558, 121.6417022179761460, 26.48605254678066245 ) ) ;
#2399 = CARTESIAN_POINT ( 'NONE',  ( 67.19444456340069394, 115.4566448180722347, -30.72861714924395926 ) ) ;
#2400 = CARTESIAN_POINT ( 'NONE',  ( 62.66380934214311793, 115.8900013478761082, -30.28209431868051738 ) ) ;
#2401 = DIRECTION ( 'NONE',  ( 0.000000000000000000, 0.000000000000000000, -1.000000000000000000 ) ) ;
#2402 = ORIENTED_EDGE ( 'NONE', *, *, #245, .F. ) ;
#2403 = ORIENTED_EDGE ( 'NONE', *, *, #1785, .T. ) ;
#2404 = CARTESIAN_POINT ( 'NONE',  ( 65.14379076062270713, 118.5230876500554018, 25.84355142673749484 ) ) ;
#2405 = ORIENTED_EDGE ( 'NONE', *, *, #2920, .F. ) ;
#2406 = CARTESIAN_POINT ( 'NONE',  ( 62.16401578608977729, 123.8095352338453523, 22.79999999999999361 ) ) ;
#2407 = APPLICATION_PROTOCOL_DEFINITION ( 'international standard', 'config_control_design', 1994, #762 ) ;
#2408 = CARTESIAN_POINT ( 'NONE',  ( 64.66401578608856937, 114.5840194975458530, 29.50000000000933653 ) ) ;
#2409 = DIRECTION ( 'NONE',  ( 0.000000000000000000, 0.000000000000000000, 1.000000000000000000 ) ) ;
#2410 = CARTESIAN_POINT ( 'NONE',  ( 65.98456195100592936, 121.6339082078684584, 26.35979618947623493 ) ) ;
#2411 = DIRECTION ( 'NONE',  ( 0.000000000000000000, 0.000000000000000000, -1.000000000000000000 ) ) ;
#2412 = CYLINDRICAL_SURFACE ( 'NONE', #2532, 2.500000000000002220 ) ;
#2413 = CARTESIAN_POINT ( 'NONE',  ( 65.04084204027157057, 121.9583077682980843, -26.00899377751470354 ) ) ;
#2414 = CARTESIAN_POINT ( 'NONE',  ( 62.66401578608976308, 115.8900013478761082, -30.26543587078575470 ) ) ;
#2415 = AXIS2_PLACEMENT_3D ( 'NONE', #556, #2011, #2987 ) ;
#2416 = VERTEX_POINT ( 'NONE', #1342 ) ;
#2417 = ORIENTED_EDGE ( 'NONE', *, *, #1332, .F. ) ;
#2418 = CARTESIAN_POINT ( 'NONE',  ( 62.66401578608975598, 119.1863159930965850, 29.73865323414880280 ) ) ;
#2419 = ORIENTED_EDGE ( 'NONE', *, *, #1245, .T. ) ;
#2420 = CIRCLE ( 'NONE', #566, 12.99999999999999822 ) ;
#2421 = CARTESIAN_POINT ( 'NONE',  ( 113.8578566080572756, 120.9286601983108653, -26.84078143738832978 ) ) ;
#2422 = APPROVAL_ROLE ( '' ) ;
#2423 = AXIS2_PLACEMENT_3D ( 'NONE', #2954, #1924, #2459 ) ;
#2424 = AXIS2_PLACEMENT_3D ( 'NONE', #1349, #2084, #1153 ) ;
#2425 = CARTESIAN_POINT ( 'NONE',  ( 64.97813557259463835, 114.5397561745470369, 27.13139550114311760 ) ) ;
#2426 = DIRECTION ( 'NONE',  ( -0.000000000000000000, 0.000000000000000000, 1.000000000000000000 ) ) ;
#2427 = CARTESIAN_POINT ( 'NONE',  ( 65.79361337365345719, 121.1262816913119877, 26.64387912656751922 ) ) ;
#2428 = DIRECTION ( 'NONE',  ( -1.000000000000000000, 0.000000000000000000, 0.000000000000000000 ) ) ;
#2429 = CARTESIAN_POINT ( 'NONE',  ( 117.2332251880661289, 125.8900013478761224, 28.30000000000000071 ) ) ;
#2430 = CARTESIAN_POINT ( 'NONE',  ( 62.16401578608977729, 115.1382072749679111, -30.80000000000003979 ) ) ;
#2431 = CARTESIAN_POINT ( 'NONE',  ( 115.2332251880661147, 123.8115352338453619, 25.80000000000000071 ) ) ;
#2432 = CARTESIAN_POINT ( 'NONE',  ( 113.5390280119852520, 121.3781811572895890, -26.69656817031740204 ) ) ;
#2433 = CARTESIAN_POINT ( 'NONE',  ( 67.16454770898286597, 115.4566297753488868, 30.72864771861497601 ) ) ;
#2434 = CARTESIAN_POINT ( 'NONE',  ( 67.16703945576269064, 119.2075315454630839, -29.20046477496808279 ) ) ;
#2435 = ORIENTED_EDGE ( 'NONE', *, *, #2620, .T. ) ;
#2436 = CYLINDRICAL_SURFACE ( 'NONE', #2894, 1.200000000000003064 ) ;
#2437 = EDGE_CURVE ( 'NONE', #483, #2310, #359, .T. ) ;
#2438 = VERTEX_POINT ( 'NONE', #384 ) ;
#2439 = ADVANCED_FACE ( 'NONE', ( #3060 ), #1554, .T. ) ;
#2440 = CARTESIAN_POINT ( 'NONE',  ( 116.8800944850517567, 120.6905425394474634, -27.15720068964025202 ) ) ;
#2441 = ORIENTED_EDGE ( 'NONE', *, *, #1624, .F. ) ;
#2442 = CARTESIAN_POINT ( 'NONE',  ( 112.8033463220280908, 115.3606062053399484, -27.71091985574464189 ) ) ;
#2443 = CARTESIAN_POINT ( 'NONE',  ( 62.16401578608977729, 119.8733784321211147, 25.06322057613304821 ) ) ;
#2444 = CARTESIAN_POINT ( 'NONE',  ( 113.1986087314981120, 120.3372338349873871, -28.16290263412900075 ) ) ;
#2445 = CARTESIAN_POINT ( 'NONE',  ( 63.76854610103918475, 122.0704685049232836, 26.50473767279365234 ) ) ;
#2446 = CARTESIAN_POINT ( 'NONE',  ( 65.62329338941516710, 114.4678834610280234, -27.56178529401810451 ) ) ;
#2447 = CARTESIAN_POINT ( 'NONE',  ( 115.2332251880661147, 124.3754909716795822, 28.30000000000000071 ) ) ;
#2448 = CARTESIAN_POINT ( 'NONE',  ( 63.30347021816432118, 121.7908186510550053, 26.82633265229143404 ) ) ;
#2449 = CARTESIAN_POINT ( 'NONE',  ( 117.7241511832554863, 120.1071138640854201, 28.39921347132884577 ) ) ;
#2450 = DIRECTION ( 'NONE',  ( 0.000000000000000000, 0.000000000000000000, -1.000000000000000000 ) ) ;
#2451 = ORIENTED_EDGE ( 'NONE', *, *, #1825, .T. ) ;
#2452 = CARTESIAN_POINT ( 'NONE',  ( 62.66339681218148172, 115.8900013478761082, 30.29041204137377719 ) ) ;
#2453 = ORIENTED_EDGE ( 'NONE', *, *, #307, .F. ) ;
#2454 = CARTESIAN_POINT ( 'NONE',  ( 66.66401578608976308, 115.8366541552543652, 30.67977194133957042 ) ) ;
#2455 = PERSON_AND_ORGANIZATION_ROLE ( 'design_owner' ) ;
#2456 = EDGE_CURVE ( 'NONE', #2928, #97, #1097, .T. ) ;
#2457 = ORIENTED_EDGE ( 'NONE', *, *, #189, .F. ) ;
#2458 = CARTESIAN_POINT ( 'NONE',  ( 113.2869495934899930, 117.5014826417595657, -26.71954905778980205 ) ) ;
#2459 = DIRECTION ( 'NONE',  ( 0.000000000000000000, -0.000000000000000000, -1.000000000000000000 ) ) ;
#2460 = CARTESIAN_POINT ( 'NONE',  ( 64.52016484518264861, 114.6053129338717156, 25.80000000000000071 ) ) ;
#2461 = PLANE ( 'NONE',  #2995 ) ;
#2462 = CARTESIAN_POINT ( 'NONE',  ( 62.16401578608979150, 120.6846362952525880, -28.86967128728122134 ) ) ;
#2463 = CARTESIAN_POINT ( 'NONE',  ( 113.9605309828813944, 121.5534436264968150, 26.36293576520546367 ) ) ;
#2464 = DIRECTION ( 'NONE',  ( 0.000000000000000000, 0.000000000000000000, -1.000000000000000000 ) ) ;
#2465 = ORIENTED_EDGE ( 'NONE', *, *, #67, .T. ) ;
#2466 = DIRECTION ( 'NONE',  ( 0.000000000000000000, 0.6798490356044494254, 0.7333520906002110040 ) ) ;
#2467 = ORIENTED_EDGE ( 'NONE', *, *, #2962, .T. ) ;
#2468 = CIRCLE ( 'NONE', #1131, 2.000000000000001776 ) ;
#2469 = CARTESIAN_POINT ( 'NONE',  ( 67.16474768147756436, 115.8364445087896542, 30.67906018849501848 ) ) ;
#2470 = CIRCLE ( 'NONE', #2579, 8.000000000000000000 ) ;
#2471 = CARTESIAN_POINT ( 'NONE',  ( 112.7872159490802062, 114.8791669209511781, -27.78195992165710493 ) ) ;
#2472 = AXIS2_PLACEMENT_3D ( 'NONE', #2566, #2085, #588 ) ;
#2473 = CARTESIAN_POINT ( 'NONE',  ( 66.66401578608976308, 119.4897347581820100, -28.30000000000000071 ) ) ;
#2474 = CARTESIAN_POINT ( 'NONE',  ( 66.66401578608976308, 125.8900013478761224, 0.000000000000000000 ) ) ;
#2475 = ADVANCED_FACE ( 'NONE', ( #174 ), #292, .T. ) ;
#2476 = EDGE_CURVE ( 'NONE', #551, #3162, #1516, .T. ) ;
#2477 = TOROIDAL_SURFACE ( 'NONE', #876, 7.500000000000000000, 0.5000000000000000000 ) ;
#2478 = LINE ( 'NONE', #1747, #2683 ) ;
#2479 = CARTESIAN_POINT ( 'NONE',  ( 62.27477171456721550, 120.0786194918678262, -29.28882918769044608 ) ) ;
#2480 = CARTESIAN_POINT ( 'NONE',  ( 117.7332251880661147, 119.3900013478761082, -22.80000000000000071 ) ) ;
#2481 = DIRECTION ( 'NONE',  ( -0.000000000000000000, -1.000000000000000000, -0.000000000000000000 ) ) ;
#2482 = LOCAL_TIME ( 14, 19, 12.00000000000000000, #1761 ) ;
#2483 = CARTESIAN_POINT ( 'NONE',  ( 114.2924740545948623, 121.6377590883920021, 26.18812990909496108 ) ) ;
#2484 = CARTESIAN_POINT ( 'NONE',  ( 67.16454770898286597, 115.4566297753488868, -30.72864771861497601 ) ) ;
#2485 = ORIENTED_EDGE ( 'NONE', *, *, #191, .T. ) ;
#2486 = ADVANCED_FACE ( 'NONE', ( #1450 ), #2436, .F. ) ;
#2487 = ORIENTED_EDGE ( 'NONE', *, *, #2178, .F. ) ;
#2488 = CARTESIAN_POINT ( 'NONE',  ( 66.66401578608976308, 119.4897347581820100, -28.30000000000000071 ) ) ;
#2489 = ORIENTED_EDGE ( 'NONE', *, *, #2646, .F. ) ;
#2490 = CARTESIAN_POINT ( 'NONE',  ( 112.7837354452829288, 114.3900013478761082, 27.80000000000000071 ) ) ;
#2491 = B_SPLINE_CURVE_WITH_KNOTS ( 'NONE', 3,
 ( #2900, #2869, #1186, #2658, #167, #1408, #439, #1159, #2163, #2397, #3155, #937, #3063, #127, #843, #2039, #552, #65 ),
 .UNSPECIFIED., .F., .F.,
 ( 4, 2, 2, 2, 2, 2, 2, 2, 4 ),
 ( 0.003765154592502296081, 0.004237717410316236069, 0.004710280228130176057, 0.005182843045944116045, 0.005655405863758055166, 0.006127968681571996021, 0.006600531499385935141, 0.007073094317199875129, 0.007545657135013815117 ),
 .UNSPECIFIED. ) ;
#2492 = ORIENTED_EDGE ( 'NONE', *, *, #1406, .F. ) ;
#2493 = CARTESIAN_POINT ( 'NONE',  ( 113.0302575318257254, 116.9373332710567013, -27.10867814087836791 ) ) ;
#2494 = DIRECTION ( 'NONE',  ( 0.000000000000000000, 0.000000000000000000, -1.000000000000000000 ) ) ;
#2495 = CARTESIAN_POINT ( 'NONE',  ( 62.21752185387082790, 115.5975981365867398, 27.78453095318018384 ) ) ;
#2496 = CARTESIAN_POINT ( 'NONE',  ( 116.7592863991999366, 117.9450291024518975, -26.31718547326573798 ) ) ;
#2497 = CARTESIAN_POINT ( 'NONE',  ( 62.66380934214311793, 115.8900013478761082, 30.28209431868051738 ) ) ;
#2498 = DIRECTION ( 'NONE',  ( 0.000000000000000000, 0.6798692684790436092, 0.7333333333333282855 ) ) ;
#2499 = CARTESIAN_POINT ( 'NONE',  ( 63.07631921287878640, 121.7122287964854337, -27.07497511501009058 ) ) ;
#2500 = EDGE_CURVE ( 'NONE', #740, #27, #89, .T. ) ;
#2501 = LINE ( 'NONE', #2236, #1806 ) ;
#2502 = CARTESIAN_POINT ( 'NONE',  ( 63.93024042652154293, 114.7078182498772350, 29.26260983489980916 ) ) ;
#2503 = ORIENTED_EDGE ( 'NONE', *, *, #1986, .F. ) ;
#2504 = DIRECTION ( 'NONE',  ( -0.000000000000000000, -1.000000000000000000, -0.000000000000000000 ) ) ;
#2505 =( BOUNDED_SURFACE ( )  B_SPLINE_SURFACE ( 3, 2, ( 
 ( #2211, #1455, #228 ),
 ( #1281, #263, #1023 ),
 ( #2263, #1216, #2 ),
 ( #1485, #1252, #1743 ),
 ( #3001, #989, #2229 ),
 ( #1712, #780, #2757 ),
 ( #1975, #505, #17 ),
 ( #2983, #1006, #1471 ),
 ( #758, #538, #2740 ),
 ( #2023, #1520, #523 ),
 ( #2509, #2952, #2192 ),
 ( #294, #50, #1041 ),
 ( #971, #1956, #743 ),
 ( #727, #1726, #1273 ),
 ( #3005, #333, #557 ),
 ( #3052, #2796, #58 ),
 ( #299, #2748, #2013 ),
 ( #2030, #589, #1046 ),
 ( #1524, #2989, #2285 ),
 ( #1751, #3020, #3035 ),
 ( #542, #2254, #1029 ),
 ( #2499, #23, #2514 ),
 ( #1561, #768, #529 ),
 ( #2567, #815, #72 ),
 ( #345, #786, #39 ),
 ( #1544, #1063, #1286 ),
 ( #1012, #798, #1768 ),
 ( #1784, #1511, #282 ),
 ( #2776, #2533, #2761 ),
 ( #319, #1304, #2044 ) ),
 .UNSPECIFIED., .F., .F., .F. ) 
 B_SPLINE_SURFACE_WITH_KNOTS ( ( 4, 2, 2, 2, 2, 2, 2, 2, 2, 2, 2, 2, 2, 2, 4 ),
 ( 3, 3 ),
 ( -2.168404344971008868E-19, 0.001099368397323081427, 0.001649052595984622357, 0.002198736794646163287, 0.003298105191969245148, 0.003847789390630785861, 0.004397473589292326575, 0.004947157787953867722, 0.005496841986615408002, 0.006046526185276949149, 0.006596210383938490296, 0.007145894582600030576, 0.007695578781261571723, 0.008245262979923112870, 0.008794947178584653150 ),
 ( 0.000000000000000000, 1.000000000000000000 ),
 .UNSPECIFIED. ) 
 GEOMETRIC_REPRESENTATION_ITEM ( )  RATIONAL_B_SPLINE_SURFACE ( (
 ( 1.000000000000000000, 0.7045735526478826838, 1.000000000000000000),
 ( 1.000000000000000000, 0.7306752430290089917, 1.000000000000000000),
 ( 1.000000000000000000, 0.7525163324500102613, 1.000000000000000000),
 ( 1.000000000000000000, 0.7777851298767237687, 1.000000000000000000),
 ( 1.000000000000000000, 0.7849124230684587644, 1.000000000000000000),
 ( 1.000000000000000000, 0.7963260474623743423, 1.000000000000000000),
 ( 1.000000000000000000, 0.8006988664040644021, 1.000000000000000000),
 ( 1.000000000000000000, 0.8109000029183086600, 1.000000000000000000),
 ( 1.000000000000000000, 0.8134433772147938724, 1.000000000000000000),
 ( 1.000000000000000000, 0.8188125823774384804, 1.000000000000000000),
 ( 1.000000000000000000, 0.8208422524950576005, 1.000000000000000000),
 ( 1.000000000000000000, 0.8263944157795597434, 1.000000000000000000),
 ( 1.000000000000000000, 0.8299793246983412365, 1.000000000000000000),
 ( 1.000000000000000000, 0.8387356382818939027, 1.000000000000000000),
 ( 1.000000000000000000, 0.8439085353424954361, 1.000000000000000000),
 ( 1.000000000000000000, 0.8554150781361976597, 1.000000000000000000),
 ( 1.000000000000000000, 0.8616670880515767683, 1.000000000000000000),
 ( 1.000000000000000000, 0.8735124161838704326, 1.000000000000000000),
 ( 1.000000000000000000, 0.8792450792881025823, 1.000000000000000000),
 ( 1.000000000000000000, 0.8879939246242183337, 1.000000000000000000),
 ( 1.000000000000000000, 0.8909843930858268868, 1.000000000000000000),
 ( 1.000000000000000000, 0.8923805888261554520, 1.000000000000000000),
 ( 1.000000000000000000, 0.8907616964070620424, 1.000000000000000000),
 ( 1.000000000000000000, 0.8824249749714522251, 1.000000000000000000),
 ( 1.000000000000000000, 0.8757860693849817135, 1.000000000000000000),
 ( 1.000000000000000000, 0.8585478572412026388, 1.000000000000000000),
 ( 1.000000000000000000, 0.8479355691118884986, 1.000000000000000000),
 ( 1.000000000000000000, 0.8243049547491125839, 1.000000000000000000),
 ( 1.000000000000000000, 0.8111888389949868383, 1.000000000000000000),
 ( 1.000000000000000000, 0.7970719574666422780, 1.000000000000000000) ) ) 
 REPRESENTATION_ITEM ( '' )  SURFACE ( )  );
#2506 = CARTESIAN_POINT ( 'NONE',  ( 66.35329300950941445, 115.8900013478761224, 30.67136954477766153 ) ) ;
#2507 = ORIENTED_EDGE ( 'NONE', *, *, #1058, .T. ) ;
#2508 = CARTESIAN_POINT ( 'NONE',  ( 113.2332251880661147, 119.4890208614689016, 28.30000000000000071 ) ) ;
#2509 = CARTESIAN_POINT ( 'NONE',  ( 65.29777920246840495, 121.3609713751231993, -26.39780702612518226 ) ) ;
#2510 = CARTESIAN_POINT ( 'NONE',  ( 117.6827149308493006, 114.3900013478761082, 27.80000000000000071 ) ) ;
#2511 = DIRECTION ( 'NONE',  ( 0.000000000000000000, -1.000000000000000000, 0.000000000000000000 ) ) ;
#2512 = CARTESIAN_POINT ( 'NONE',  ( 113.2332251880661573, 115.8900013478761082, -30.17675172636445069 ) ) ;
#2513 = CARTESIAN_POINT ( 'NONE',  ( 64.66401578608976308, 115.8900013478761082, 28.30000000000000071 ) ) ;
#2514 = CARTESIAN_POINT ( 'NONE',  ( 62.84800252080285787, 122.1017074776661957, -27.03330015147245646 ) ) ;
#2515 = FACE_OUTER_BOUND ( 'NONE', #2639, .T. ) ;
#2516 = DIRECTION ( 'NONE',  ( 0.000000000000000000, -1.000000000000000000, 0.000000000000000000 ) ) ;
#2517 = VERTEX_POINT ( 'NONE', #2369 ) ;
#2518 = FACE_OUTER_BOUND ( 'NONE', #2812, .T. ) ;
#2519 = FACE_BOUND ( 'NONE', #2187, .T. ) ;
#2520 = VERTEX_POINT ( 'NONE', #28 ) ;
#2521 = CARTESIAN_POINT ( 'NONE',  ( 62.74177819527634625, 122.0373319588872363, 27.19332247715968265 ) ) ;
#2522 = CARTESIAN_POINT ( 'NONE',  ( 113.2585723217021894, 119.9778615452330683, 27.91155929564182969 ) ) ;
#2523 = VERTEX_POINT ( 'NONE', #2488 ) ;
#2524 = CARTESIAN_POINT ( 'NONE',  ( 117.4941832046364283, 116.7254821252808483, 27.22752241252891281 ) ) ;
#2525 = CIRCLE ( 'NONE', #612, 1.200000000000003064 ) ;
#2526 = EDGE_CURVE ( 'NONE', #829, #276, #1393, .T. ) ;
#2527 = CARTESIAN_POINT ( 'NONE',  ( 66.66401578608976308, 116.5568888430235859, -29.98848036115446547 ) ) ;
#2528 = AXIS2_PLACEMENT_3D ( 'NONE', #36, #796, #1522 ) ;
#2529 = CARTESIAN_POINT ( 'NONE',  ( 62.95704987573720501, 118.4475358395955595, 26.47023348034323220 ) ) ;
#2530 = DIRECTION ( 'NONE',  ( 0.000000000000000000, 0.000000000000000000, -1.000000000000000000 ) ) ;
#2531 = DIRECTION ( 'NONE',  ( 0.000000000000000000, -0.000000000000000000, 1.000000000000000000 ) ) ;
#2532 = AXIS2_PLACEMENT_3D ( 'NONE', #1190, #476, #683 ) ;
#2533 = CARTESIAN_POINT ( 'NONE',  ( 62.65033505684631621, 120.9372499260905158, -28.47243505245070949 ) ) ;
#2534 = CIRCLE ( 'NONE', #1187, 8.000000000000000000 ) ;
#2535 = CARTESIAN_POINT ( 'NONE',  ( 114.3223081273344945, 121.6434380031213038, 26.17581614320901551 ) ) ;
#2536 = CARTESIAN_POINT ( 'NONE',  ( 62.66401578608976308, 120.5553194237731418, -28.30000000000000071 ) ) ;
#2537 = VERTEX_POINT ( 'NONE', #2765 ) ;
#2538 = AXIS2_PLACEMENT_3D ( 'NONE', #2598, #1572, #373 ) ;
#2539 = CARTESIAN_POINT ( 'NONE',  ( 112.7332251880661147, 114.3900013478761082, 22.80000000000000071 ) ) ;
#2540 = VERTEX_POINT ( 'NONE', #752 ) ;
#2541 = CARTESIAN_POINT ( 'NONE',  ( 63.08145214146051671, 122.1851939449352926, 26.75130386911909497 ) ) ;
#2542 = CARTESIAN_POINT ( 'NONE',  ( 63.44475774203608864, 122.2248028733745855, 26.43235453380408728 ) ) ;
#2543 = EDGE_CURVE ( 'NONE', #447, #2307, #1264, .T. ) ;
#2544 = B_SPLINE_CURVE_WITH_KNOTS ( 'NONE', 3,
 ( #2651, #1834, #2586, #1422, #2661, #218, #2200, #2448, #2235, #927, #1206, #235, #1222, #251, #1441, #442 ),
 .UNSPECIFIED., .F., .F.,
 ( 4, 2, 2, 2, 2, 2, 2, 4 ),
 ( 0.003854641430772802642, 0.004309756895097795887, 0.004764872359422788264, 0.005219987823747781509, 0.005675103288072774754, 0.006130218752397767132, 0.006585334216722760377, 0.007495565145372753806 ),
 .UNSPECIFIED. ) ;
#2545 = ORIENTED_EDGE ( 'NONE', *, *, #2822, .T. ) ;
#2546 = DIRECTION ( 'NONE',  ( -0.000000000000000000, -0.000000000000000000, 1.000000000000000000 ) ) ;
#2547 = CARTESIAN_POINT ( 'NONE',  ( 117.7332251880661289, 115.4566680145427853, -30.72856999856987059 ) ) ;
#2548 = CARTESIAN_POINT ( 'NONE',  ( 67.19439582773037500, 115.8900013478761082, 30.67033639286075086 ) ) ;
#2549 = B_SPLINE_CURVE_WITH_KNOTS ( 'NONE', 3,
 ( #593, #1577, #850, #2617, #2827, #2110, #348, #1809, #1115, #2077, #581, #2588, #1852, #1381, #2570, #2067, #3057, #3042, #2846, #1128, #1338, #824, #1355, #2338, #122, #3101, #2366, #626, #2090, #1609, #2050, #3085, #864, #639, #2605, #381, #1368, #2801, #2353, #1566 ),
 .UNSPECIFIED., .F., .F.,
 ( 4, 2, 2, 2, 2, 2, 2, 2, 2, 2, 2, 2, 2, 2, 2, 2, 2, 2, 2, 4 ),
 ( 0.0007315209616921058760, 0.001455814967135789142, 0.002180108972579472733, 0.002904402978023155890, 0.003628696983466839481, 0.004352990988910536083, 0.004715137991632373758, 0.005077284994354209699, 0.005801578999797922347, 0.006163726002519779104, 0.006525873005241635862, 0.006888020007963490884, 0.007250167010685347642, 0.007612314013407202665, 0.007974461016129060290, 0.008698755021572780743, 0.009423049027016501197, 0.01014734303246022339, 0.01087163703790394557, 0.01232022504879143332 ),
 .UNSPECIFIED. ) ;
#2550 = CARTESIAN_POINT ( 'NONE',  ( 114.7506828477687293, 118.3566819867299955, -25.84399976234631424 ) ) ;
#2551 = CARTESIAN_POINT ( 'NONE',  ( 62.18633370354469037, 116.3736046350400244, -30.72576644898090947 ) ) ;
#2552 = CARTESIAN_POINT ( 'NONE',  ( 62.16866566407695416, 115.4053931437163953, 30.79586247014115941 ) ) ;
#2553 = CARTESIAN_POINT ( 'NONE',  ( 65.76951961822244641, 114.4531082458572655, 26.03947252210263130 ) ) ;
#2554 = CARTESIAN_POINT ( 'NONE',  ( 116.4151552646383294, 121.3940353138826396, 26.67676545527957899 ) ) ;
#2555 = CARTESIAN_POINT ( 'NONE',  ( 115.9721095385661016, 121.6726261670132772, -26.11145258990375240 ) ) ;
#2556 = ORIENTED_EDGE ( 'NONE', *, *, #899, .F. ) ;
#2557 = CARTESIAN_POINT ( 'NONE',  ( 62.66401578608976308, 125.8900013478761224, -28.30000000000000071 ) ) ;
#2558 = CARTESIAN_POINT ( 'NONE',  ( 116.2644069339873454, 121.1011250567022586, 26.57966272756982562 ) ) ;
#2559 = ORIENTED_EDGE ( 'NONE', *, *, #1527, .T. ) ;
#2560 = CARTESIAN_POINT ( 'NONE',  ( 114.0788666714206983, 118.1647874845622965, 26.07948177194897355 ) ) ;
#2561 = DIRECTION ( 'NONE',  ( 0.000000000000000000, 0.000000000000000000, -1.000000000000000000 ) ) ;
#2562 = ORIENTED_EDGE ( 'NONE', *, *, #1098, .T. ) ;
#2563 = DIRECTION ( 'NONE',  ( -1.000000000000000000, 0.000000000000000000, 0.000000000000000000 ) ) ;
#2564 = CARTESIAN_POINT ( 'NONE',  ( 117.7332251880661147, 114.3900013478761082, 27.79999999999999716 ) ) ;
#2565 = EDGE_CURVE ( 'NONE', #276, #829, #1552, .T. ) ;
#2566 = CARTESIAN_POINT ( 'NONE',  ( 62.66401578608976308, 125.8900013478761224, 0.000000000000000000 ) ) ;
#2567 = CARTESIAN_POINT ( 'NONE',  ( 62.85937846834141141, 121.5087483618201247, -27.42711092259391137 ) ) ;
#2568 = CARTESIAN_POINT ( 'NONE',  ( 116.1317132030404906, 121.6458837087161839, 26.17055245263148322 ) ) ;
#2569 = CARTESIAN_POINT ( 'NONE',  ( 113.3343187997922570, 120.7769975270514777, -27.62206603913632819 ) ) ;
#2570 = CARTESIAN_POINT ( 'NONE',  ( 63.26836329400692449, 118.6135457984193664, -26.22241488924732522 ) ) ;
#2571 = EDGE_LOOP ( 'NONE', ( #2403, #77, #1251, #496, #2435, #432 ) ) ;
#2572 = CARTESIAN_POINT ( 'NONE',  ( 113.2856797868502383, 117.4994517838876931, 26.72115642684450165 ) ) ;
#2573 = CARTESIAN_POINT ( 'NONE',  ( 67.29973397013858971, 132.3900013478761366, -22.80000000000000071 ) ) ;
#2574 = CARTESIAN_POINT ( 'NONE',  ( 67.11350552887294896, 114.3909647356664721, -27.80000000000000071 ) ) ;
#2575 = ORIENTED_EDGE ( 'NONE', *, *, #48, .F. ) ;
#2576 = CARTESIAN_POINT ( 'NONE',  ( 115.2332251880661289, 125.8900013478761224, -28.30000000000000071 ) ) ;
#2577 = DIRECTION ( 'NONE',  ( -0.000000000000000000, -0.000000000000000000, 1.000000000000000000 ) ) ;
#2578 = CIRCLE ( 'NONE', #3047, 0.5000000000000022204 ) ;
#2579 = AXIS2_PLACEMENT_3D ( 'NONE', #608, #2352, #911 ) ;
#2580 = DIRECTION ( 'NONE',  ( 0.000000000000000000, -1.000000000000000000, 0.000000000000000000 ) ) ;
#2581 = EDGE_CURVE ( 'NONE', #326, #3102, #2944, .T. ) ;
#2582 = CARTESIAN_POINT ( 'NONE',  ( 113.4503803535136939, 120.9635337525666330, 27.36554499849414057 ) ) ;
#2583 = CARTESIAN_POINT ( 'NONE',  ( 116.2236037465867469, 121.1154555366416758, -26.55639963736263454 ) ) ;
#2584 = CIRCLE ( 'NONE', #2948, 7.500000000000000000 ) ;
#2585 = DIRECTION ( 'NONE',  ( 0.000000000000000000, 0.000000000000000000, -1.000000000000000000 ) ) ;
#2586 = CARTESIAN_POINT ( 'NONE',  ( 64.37414979957374328, 121.6651309382763486, 26.31556254447049525 ) ) ;
#2587 = VECTOR ( 'NONE', #3087, 1000.000000000000000 ) ;
#2588 = CARTESIAN_POINT ( 'NONE',  ( 62.92097001613609564, 118.4195471536555146, -26.50495450426966926 ) ) ;
#2589 = ORIENTED_EDGE ( 'NONE', *, *, #3023, .T. ) ;
#2590 = ADVANCED_FACE ( 'NONE', ( #1737 ), #966, .F. ) ;
#2591 = AXIS2_PLACEMENT_3D ( 'NONE', #1584, #162, #1330 ) ;
#2592 = CARTESIAN_POINT ( 'NONE',  ( 66.54188782239610589, 121.3086195664895683, 26.86309008144507260 ) ) ;
#2593 = APPROVAL ( #2930, 'UNSPECIFIED' ) ;
#2594 = DIRECTION ( 'NONE',  ( -0.000000000000000000, 1.000000000000000000, -0.000000000000000000 ) ) ;
#2595 = CARTESIAN_POINT ( 'NONE',  ( 63.18739626106194152, 114.8656928116357960, -26.27769915323712979 ) ) ;
#2596 = ORIENTED_EDGE ( 'NONE', *, *, #2347, .F. ) ;
#2597 = CARTESIAN_POINT ( 'NONE',  ( 62.66401578608976308, 120.5553194237731418, -28.30000000000000071 ) ) ;
#2598 = CARTESIAN_POINT ( 'NONE',  ( 67.29973397013858971, 132.3900013478761366, 30.80000000000000071 ) ) ;
#2599 = DIRECTION ( 'NONE',  ( -1.000000000000000000, 0.000000000000000000, 0.000000000000000000 ) ) ;
#2600 = CARTESIAN_POINT ( 'NONE',  ( 116.9145183339010998, 120.6482532081499244, 27.20940009635787149 ) ) ;
#2601 = CARTESIAN_POINT ( 'NONE',  ( 117.2465222042113737, 121.1536124754586297, -27.07544637068596671 ) ) ;
#2602 = CARTESIAN_POINT ( 'NONE',  ( 63.62528903102888478, 122.0763684551896517, 26.58322170091680192 ) ) ;
#2603 = LINE ( 'NONE', #2108, #2209 ) ;
#2604 = EDGE_CURVE ( 'NONE', #2310, #211, #2174, .T. ) ;
#2605 = CARTESIAN_POINT ( 'NONE',  ( 66.92649085127193587, 116.7233433679840147, -27.23084820371222392 ) ) ;
#2606 = ORIENTED_EDGE ( 'NONE', *, *, #1389, .F. ) ;
#2607 = CARTESIAN_POINT ( 'NONE',  ( 67.16759189499892102, 119.8296505815863071, 28.66666666666667496 ) ) ;
#2608 = CARTESIAN_POINT ( 'NONE',  ( 0.000000000000000000, 122.3900013478761082, 22.80000000000000071 ) ) ;
#2609 = CARTESIAN_POINT ( 'NONE',  ( 112.7827967535822609, 120.3681091583476785, -28.11966108195687752 ) ) ;
#2610 = ORIENTED_EDGE ( 'NONE', *, *, #532, .T. ) ;
#2611 = DIRECTION ( 'NONE',  ( 0.000000000000000000, 0.000000000000000000, -1.000000000000000000 ) ) ;
#2612 = CARTESIAN_POINT ( 'NONE',  ( 62.52808055587287583, 115.7683523223677469, 30.62495237258903202 ) ) ;
#2613 = DIRECTION ( 'NONE',  ( 0.000000000000000000, 0.000000000000000000, 1.000000000000000000 ) ) ;
#2614 = CARTESIAN_POINT ( 'NONE',  ( 117.0564872369739646, 121.3007069716149005, -26.83340602724521062 ) ) ;
#2615 = CARTESIAN_POINT ( 'NONE',  ( 114.4633056985397559, 121.5174936690158773, -26.44663058150900525 ) ) ;
#2616 = CARTESIAN_POINT ( 'NONE',  ( 117.6311342613965394, 115.5611655615750948, 30.71451146718427339 ) ) ;
#2617 = CARTESIAN_POINT ( 'NONE',  ( 62.23228506569819274, 116.0868579101536398, -27.71879245655226498 ) ) ;
#2618 = ORIENTED_EDGE ( 'NONE', *, *, #3148, .F. ) ;
#2619 = DIRECTION ( 'NONE',  ( 0.000000000000000000, 0.000000000000000000, -1.000000000000000000 ) ) ;
#2620 = EDGE_CURVE ( 'NONE', #2002, #519, #868, .T. ) ;
#2621 = CARTESIAN_POINT ( 'NONE',  ( 112.7332251880661431, 120.1121586260279486, 28.40411061433765028 ) ) ;
#2622 = ORIENTED_EDGE ( 'NONE', *, *, #1903, .T. ) ;
#2623 = CARTESIAN_POINT ( 'NONE',  ( 67.29973397013858971, 132.3900013478761366, -22.79999999999997939 ) ) ;
#2624 = DIRECTION ( 'NONE',  ( 0.000000000000000000, -1.000000000000000000, 0.000000000000000000 ) ) ;
#2625 = EDGE_CURVE ( 'NONE', #2977, #2091, #3177, .T. ) ;
#2626 = CARTESIAN_POINT ( 'NONE',  ( 62.38659291884221147, 115.6284725799228426, 30.75068848665621957 ) ) ;
#2627 = FACE_OUTER_BOUND ( 'NONE', #3089, .T. ) ;
#2628 = CARTESIAN_POINT ( 'NONE',  ( 66.66401578608976308, 116.8593241308642519, -29.88469058014338131 ) ) ;
#2629 = CARTESIAN_POINT ( 'NONE',  ( 113.2332251880661431, 119.8289554957084277, -28.66666666666666430 ) ) ;
#2630 = FACE_OUTER_BOUND ( 'NONE', #516, .T. ) ;
#2631 = AXIS2_PLACEMENT_3D ( 'NONE', #443, #3173, #2678 ) ;
#2632 = CARTESIAN_POINT ( 'NONE',  ( 66.66401578608977729, 116.2270082540352405, 30.07982088196949633 ) ) ;
#2633 = AXIS2_PLACEMENT_3D ( 'NONE', #102, #2599, #3094 ) ;
#2634 = CARTESIAN_POINT ( 'NONE',  ( 0.000000000000000000, 122.3900013478761082, 33.00000000000000000 ) ) ;
#2635 = ORIENTED_EDGE ( 'NONE', *, *, #1827, .T. ) ;
#2636 = AXIS2_PLACEMENT_3D ( 'NONE', #2743, #1795, #1992 ) ;
#2637 = CARTESIAN_POINT ( 'NONE',  ( 62.66401578608976308, 116.3027978923961143, 30.23040604582121205 ) ) ;
#2638 = AXIS2_PLACEMENT_3D ( 'NONE', #340, #325, #1310 ) ;
#2639 = EDGE_LOOP ( 'NONE', ( #1311, #2596, #2805, #3039, #113 ) ) ;
#2640 = EDGE_CURVE ( 'NONE', #1637, #2310, #2014, .T. ) ;
#2641 = CARTESIAN_POINT ( 'NONE',  ( 113.5913700827095170, 120.6962305598702443, -27.15010217686790739 ) ) ;
#2642 = PERSON_AND_ORGANIZATION ( #1, #1442 ) ;
#2643 = CARTESIAN_POINT ( 'NONE',  ( 62.30399182132651958, 121.0112313489485416, -28.54241958017562908 ) ) ;
#2644 = CARTESIAN_POINT ( 'NONE',  ( 62.63690497850039662, 115.8709486617640891, 30.44459681508255144 ) ) ;
#2645 = CARTESIAN_POINT ( 'NONE',  ( 62.16401578608978440, 119.6980275069816599, 25.35804745493583212 ) ) ;
#2646 = EDGE_CURVE ( 'NONE', #1276, #533, #256, .T. ) ;
#2647 = CARTESIAN_POINT ( 'NONE',  ( 66.66401578608976308, 115.7460791546767922, -30.18661892593815210 ) ) ;
#2648 = DIRECTION ( 'NONE',  ( -1.000000000000000000, 0.000000000000000000, 0.000000000000000000 ) ) ;
#2649 = CARTESIAN_POINT ( 'NONE',  ( 65.10814798958516292, 121.7941094509952933, 26.34235981282994388 ) ) ;
#2650 = CARTESIAN_POINT ( 'NONE',  ( 64.97621708802759599, 114.5399975786380224, -29.46925589329584128 ) ) ;
#2651 = CARTESIAN_POINT ( 'NONE',  ( 64.66401578608977729, 121.5805655565566212, 26.30000000000000071 ) ) ;
#2652 = CARTESIAN_POINT ( 'NONE',  ( 117.7332251880661289, 119.4890208614688873, 28.30000000000000426 ) ) ;
#2653 = ORIENTED_EDGE ( 'NONE', *, *, #3064, .F. ) ;
#2654 = ORIENTED_EDGE ( 'NONE', *, *, #1721, .F. ) ;
#2655 = CARTESIAN_POINT ( 'NONE',  ( 62.16401578608977729, 123.3069103559260498, 25.45306563855808690 ) ) ;
#2656 =( NAMED_UNIT ( * ) PLANE_ANGLE_UNIT ( ) SI_UNIT ( $, .RADIAN. ) );
#2657 = CARTESIAN_POINT ( 'NONE',  ( 62.16401578608977729, 119.2996792709689799, 25.89766153232634949 ) ) ;
#2658 = CARTESIAN_POINT ( 'NONE',  ( 64.06325426379396504, 114.6827569455629003, -27.24963398299481909 ) ) ;
#2659 = CARTESIAN_POINT ( 'NONE',  ( 66.63307458841248376, 120.0157804251467297, 27.87881282564448782 ) ) ;
#2660 = CARTESIAN_POINT ( 'NONE',  ( 66.35027669936120276, 115.8900013478761082, -30.23378414297305739 ) ) ;
#2661 = CARTESIAN_POINT ( 'NONE',  ( 63.94294745495371046, 121.7641190978786199, 26.42843829225391161 ) ) ;
#2662 = CARTESIAN_POINT ( 'NONE',  ( 66.78057390635648005, 115.8212171501270120, 30.49539562296561357 ) ) ;
#2663 = CARTESIAN_POINT ( 'NONE',  ( 117.2332251880661289, 119.4890208614689016, 28.29999999999999716 ) ) ;
#2664 = ORIENTED_EDGE ( 'NONE', *, *, #1537, .T. ) ;
#2665 = CARTESIAN_POINT ( 'NONE',  ( 62.27477171456726524, 120.0786194918646856, 29.28882918769229349 ) ) ;
#2666 = VERTEX_POINT ( 'NONE', #2034 ) ;
#2667 = CARTESIAN_POINT ( 'NONE',  ( 115.5526780118572958, 121.2533449532678702, -26.31952683787372393 ) ) ;
#2668 = APPLICATION_PROTOCOL_DEFINITION ( 'international standard', 'config_control_design', 1994, #657 ) ;
#2669 = CARTESIAN_POINT ( 'NONE',  ( 117.2355436735833365, 115.8900013478761082, -30.20512808464049925 ) ) ;
#2670 = CARTESIAN_POINT ( 'NONE',  ( 113.2332251880661289, 119.4890208614689016, -28.29999999999999716 ) ) ;
#2671 = DIRECTION ( 'NONE',  ( 0.000000000000000000, 0.000000000000000000, -1.000000000000000000 ) ) ;
#2672 = CARTESIAN_POINT ( 'NONE',  ( 65.71174960137089727, 114.4600833565475995, -28.90567508242043004 ) ) ;
#2673 = DIRECTION ( 'NONE',  ( 0.000000000000000000, 0.000000000000000000, -1.000000000000000000 ) ) ;
#2674 = EDGE_CURVE ( 'NONE', #3045, #1722, #360, .T. ) ;
#2675 = CARTESIAN_POINT ( 'NONE',  ( 66.66401578608977729, 119.8320992469834607, -28.66930803819790086 ) ) ;
#2676 = CARTESIAN_POINT ( 'NONE',  ( 66.82125608548037121, 121.0311220398496630, -27.27846003782191175 ) ) ;
#2677 = CARTESIAN_POINT ( 'NONE',  ( 62.96819945610643288, 114.9185812607570796, -26.45763388234771796 ) ) ;
#2678 = DIRECTION ( 'NONE',  ( 0.000000000000000000, 0.000000000000000000, 1.000000000000000000 ) ) ;
#2679 = VECTOR ( 'NONE', #1994, 1000.000000000000000 ) ;
#2680 = ORIENTED_EDGE ( 'NONE', *, *, #781, .T. ) ;
#2681 = EDGE_LOOP ( 'NONE', ( #1346, #2392, #1278, #772 ) ) ;
#2682 = CARTESIAN_POINT ( 'NONE',  ( 67.11350552887297738, 114.6402580945748753, 27.80000000000001492 ) ) ;
#2683 = VECTOR ( 'NONE', #1489, 1000.000000000000000 ) ;
#2684 = EDGE_CURVE ( 'NONE', #676, #1538, #1805, .T. ) ;
#2685 = ORIENTED_EDGE ( 'NONE', *, *, #1571, .F. ) ;
#2686 = AXIS2_PLACEMENT_3D ( 'NONE', #1057, #2511, #1043 ) ;
#2687 = CC_DESIGN_DATE_AND_TIME_ASSIGNMENT ( #1662, #1937, ( #767 ) ) ;
#2688 = CARTESIAN_POINT ( 'NONE',  ( 117.2332251880661147, 119.7411573224556491, -28.11299654768584944 ) ) ;
#2689 = CALENDAR_DATE ( 2026, 11, 5 ) ;
#2690 = CIRCLE ( 'NONE', #1138, 1.200000000000003064 ) ;
#2691 = ORIENTED_EDGE ( 'NONE', *, *, #1532, .F. ) ;
#2692 =( GEOMETRIC_REPRESENTATION_CONTEXT ( 3 ) GLOBAL_UNCERTAINTY_ASSIGNED_CONTEXT ( ( #3095 ) ) GLOBAL_UNIT_ASSIGNED_CONTEXT ( ( #1907, #2656, #2898 ) ) REPRESENTATION_CONTEXT ( 'NONE', 'WORKASPACE' ) );
#2693 = CARTESIAN_POINT ( 'NONE',  ( 115.2332251880661147, 114.3900013478761082, 28.30000000000000071 ) ) ;
#2694 = DIRECTION ( 'NONE',  ( -0.000000000000000000, -1.000000000000000000, -0.000000000000000000 ) ) ;
#2695 = DIRECTION ( 'NONE',  ( -0.000000000000000000, -1.000000000000000000, -0.000000000000000000 ) ) ;
#2696 = CARTESIAN_POINT ( 'NONE',  ( 65.26640553047057836, 114.5046179100040433, -29.34964546052630752 ) ) ;
#2697 = CARTESIAN_POINT ( 'NONE',  ( 66.71073715813389526, 115.8736949660185900, -30.37675701354185520 ) ) ;
#2698 = CARTESIAN_POINT ( 'NONE',  ( 62.16401578608977729, 121.8729567267647127, -27.76237288652756519 ) ) ;
#2699 = CARTESIAN_POINT ( 'NONE',  ( 66.18101572844791747, 121.5392373436414175, -26.50323569027862902 ) ) ;
#2700 = CARTESIAN_POINT ( 'NONE',  ( 112.7704297457221543, 120.3848976143712122, 28.11103028343680776 ) ) ;
#2701 = DIRECTION ( 'NONE',  ( -1.000000000000000000, -0.000000000000000000, -0.000000000000000000 ) ) ;
#2702 = ORIENTED_EDGE ( 'NONE', *, *, #532, .F. ) ;
#2703 = ADVANCED_FACE ( 'NONE', ( #1565 ), #1789, .F. ) ;
#2704 = CARTESIAN_POINT ( 'NONE',  ( 64.66401578608976308, 124.3754909716795822, 28.30000000000000071 ) ) ;
#2705 = ORIENTED_EDGE ( 'NONE', *, *, #3129, .T. ) ;
#2706 = CARTESIAN_POINT ( 'NONE',  ( 113.8546890593527081, 120.9264047153814516, 26.84395723346149865 ) ) ;
#2707 = COORDINATED_UNIVERSAL_TIME_OFFSET ( 1, 0, .AHEAD. ) ;
#2708 = ORIENTED_EDGE ( 'NONE', *, *, #1333, .T. ) ;
#2709 = CARTESIAN_POINT ( 'NONE',  ( 66.66401578608976308, 115.8900013478761082, -30.14858313917500254 ) ) ;
#2710 = CARTESIAN_POINT ( 'NONE',  ( 115.2332251880661289, 125.8900013478761224, 28.30000000000000071 ) ) ;
#2711 = CARTESIAN_POINT ( 'NONE',  ( 63.51039273841794852, 122.2245202353335287, 26.38680473363216095 ) ) ;
#2712 = CARTESIAN_POINT ( 'NONE',  ( 65.83220227685509940, 114.4498228576707817, -28.61611513083365921 ) ) ;
#2713 = DIRECTION ( 'NONE',  ( 0.000000000000000000, 0.000000000000000000, 1.000000000000000000 ) ) ;
#2714 =( BOUNDED_SURFACE ( )  B_SPLINE_SURFACE ( 3, 2, ( 
 ( #1302, #70, #764 ),
 ( #491, #1475, #1731 ),
 ( #509, #249, #2479 ),
 ( #1256, #1490, #2233 ),
 ( #1237, #21, #1010 ),
 ( #574, #2057, #833 ),
 ( #84, #1074, #2793 ),
 ( #1560, #331, #2551 ),
 ( #1317, #3050, #2298 ),
 ( #982, #2922, #1968 ) ),
 .UNSPECIFIED., .F., .F., .F. ) 
 B_SPLINE_SURFACE_WITH_KNOTS ( ( 4, 2, 2, 2, 4 ),
 ( 3, 3 ),
 ( -2.602085213965210642E-18, 0.001412706954248937365, 0.002825413908497877331, 0.004238120862746817298, 0.005650827816995757265 ),
 ( 0.000000000000000000, 1.000000000000000000 ),
 .UNSPECIFIED. ) 
 GEOMETRIC_REPRESENTATION_ITEM ( )  RATIONAL_B_SPLINE_SURFACE ( (
 ( 1.000000000000000000, 0.7970719574666422780, 1.000000000000000000),
 ( 1.000000000000000000, 0.7893152714133662151, 1.000000000000000000),
 ( 1.000000000000000000, 0.7815465655843993886, 1.000000000000000000),
 ( 1.000000000000000000, 0.7661705177035882386, 1.000000000000000000),
 ( 1.000000000000000000, 0.7585634115264258126, 1.000000000000000000),
 ( 1.000000000000000000, 0.7435910032360529831, 1.000000000000000000),
 ( 1.000000000000000000, 0.7364391867289538096, 1.000000000000000000),
 ( 1.000000000000000000, 0.7227480744302011706, 1.000000000000000000),
 ( 1.000000000000000000, 0.7162081432335221098, 1.000000000000000000),
 ( 1.000000000000000000, 0.7099378954145248999, 1.000000000000000000) ) ) 
 REPRESENTATION_ITEM ( '' )  SURFACE ( )  );
#2715 = CARTESIAN_POINT ( 'NONE',  ( 113.2332251880661147, 114.3900013478761082, -22.80000000000000071 ) ) ;
#2716 = FACE_OUTER_BOUND ( 'NONE', #2992, .T. ) ;
#2717 = ORIENTED_EDGE ( 'NONE', *, *, #420, .F. ) ;
#2718 = CARTESIAN_POINT ( 'NONE',  ( 67.16703790091821702, 119.2257299863608040, 29.22653252359413401 ) ) ;
#2719 = ORIENTED_EDGE ( 'NONE', *, *, #1428, .F. ) ;
#2720 = CARTESIAN_POINT ( 'NONE',  ( 66.66401578608976308, 125.8900013478761224, -28.30000000000000071 ) ) ;
#2721 = EDGE_CURVE ( 'NONE', #2540, #1413, #2159, .T. ) ;
#2722 = ORIENTED_EDGE ( 'NONE', *, *, #2625, .T. ) ;
#2723 = CARTESIAN_POINT ( 'NONE',  ( 115.2332251880941101, 121.2638648903098613, 26.29999999999999361 ) ) ;
#2724 = CARTESIAN_POINT ( 'NONE',  ( 62.78928702022354713, 121.3763572719798418, -27.59362988018684248 ) ) ;
#2725 = CARTESIAN_POINT ( 'NONE',  ( 63.72735732598484759, 118.7081204515869075, 25.97903871826590461 ) ) ;
#2726 = EDGE_CURVE ( 'NONE', #1990, #2976, #2534, .T. ) ;
#2727 = FACE_OUTER_BOUND ( 'NONE', #1689, .T. ) ;
#2728 = FACE_OUTER_BOUND ( 'NONE', #1356, .T. ) ;
#2729 = CARTESIAN_POINT ( 'NONE',  ( 66.66401578608976308, 118.5409717012083632, -29.69211342699377099 ) ) ;
#2730 = DIRECTION ( 'NONE',  ( 0.000000000000000000, 5.551115123125782702E-15, 1.000000000000000000 ) ) ;
#2731 = DIRECTION ( 'NONE',  ( -0.000000000000000000, -0.000000000000000000, 1.000000000000000000 ) ) ;
#2732 = EDGE_LOOP ( 'NONE', ( #1104, #386, #2828, #401 ) ) ;
#2733 = ORIENTED_EDGE ( 'NONE', *, *, #1883, .F. ) ;
#2734 = CARTESIAN_POINT ( 'NONE',  ( 62.16401578608977729, 120.4474556086281325, -22.79999999999997229 ) ) ;
#2735 = CIRCLE ( 'NONE', #867, 0.5000000000000004441 ) ;
#2736 = ORIENTED_EDGE ( 'NONE', *, *, #2216, .F. ) ;
#2737 = CARTESIAN_POINT ( 'NONE',  ( 113.5878035000898336, 120.6922625381064194, 27.15507587979397641 ) ) ;
#2738 = CIRCLE ( 'NONE', #920, 8.000000000000000000 ) ;
#2739 = ORIENTED_EDGE ( 'NONE', *, *, #1963, .F. ) ;
#2740 = CARTESIAN_POINT ( 'NONE',  ( 66.14053321333994973, 121.5702054637672234, -26.44685585925872218 ) ) ;
#2741 = VECTOR ( 'NONE', #2481, 1000.000000000000000 ) ;
#2742 = DIRECTION ( 'NONE',  ( 0.000000000000000000, 0.000000000000000000, 1.000000000000000000 ) ) ;
#2743 = CARTESIAN_POINT ( 'NONE',  ( 67.29973397013858971, 132.3900013478761366, 27.80000000000000071 ) ) ;
#2744 = AXIS2_PLACEMENT_3D ( 'NONE', #450, #1435, #1911 ) ;
#2745 = CARTESIAN_POINT ( 'NONE',  ( 62.37751600080429881, 115.0753936531464205, 27.24908260966340379 ) ) ;
#2746 = DIRECTION ( 'NONE',  ( 1.000000000000000000, -0.000000000000000000, -0.000000000000000000 ) ) ;
#2747 = CARTESIAN_POINT ( 'NONE',  ( 117.7332251880661289, 115.4566680145427853, 30.72856999856987059 ) ) ;
#2748 = CARTESIAN_POINT ( 'NONE',  ( 64.06663024174136467, 122.0395322203787885, -26.38433133156661370 ) ) ;
#2749 = CARTESIAN_POINT ( 'NONE',  ( 113.2332251880661147, 119.8289554957083851, 28.66666666666667851 ) ) ;
#2750 = CARTESIAN_POINT ( 'NONE',  ( 115.2332251880661289, 125.8900013478761224, 26.29999999999999361 ) ) ;
#2751 = ORIENTED_EDGE ( 'NONE', *, *, #2803, .F. ) ;
#2752 = CARTESIAN_POINT ( 'NONE',  ( 115.2332251880661147, 114.3900013478761082, -28.30000000000000071 ) ) ;
#2753 = CARTESIAN_POINT ( 'NONE',  ( 62.97255678987504979, 115.8900013478761082, 30.75907955645914171 ) ) ;
#2754 = ORIENTED_EDGE ( 'NONE', *, *, #402, .F. ) ;
#2755 = CARTESIAN_POINT ( 'NONE',  ( 67.16497361058841875, 116.2379059742521150, 30.59459563989240749 ) ) ;
#2756 = VERTEX_POINT ( 'NONE', #2881 ) ;
#2757 = CARTESIAN_POINT ( 'NONE',  ( 66.79275575196447789, 121.0668389199198742, -27.22708635158015866 ) ) ;
#2758 = CARTESIAN_POINT ( 'NONE',  ( 65.85151411580136482, 121.0920818326591473, -26.68487200444129570 ) ) ;
#2759 = CARTESIAN_POINT ( 'NONE',  ( 65.33510861299754424, 115.8900013478761082, -30.24115087468291563 ) ) ;
#2760 = LINE ( 'NONE', #2252, #2315 ) ;
#2761 = CARTESIAN_POINT ( 'NONE',  ( 62.30415742793634593, 121.0163600314821934, -28.53799668146937663 ) ) ;
#2762 = CARTESIAN_POINT ( 'NONE',  ( 112.7332251880661289, 119.8289554957083993, 28.66666666666667496 ) ) ;
#2763 = DIRECTION ( 'NONE',  ( 0.000000000000000000, 0.000000000000000000, -1.000000000000000000 ) ) ;
#2764 = ORIENTED_EDGE ( 'NONE', *, *, #2317, .T. ) ;
#2765 = CARTESIAN_POINT ( 'NONE',  ( 67.16759189499892102, 119.8296505815863071, -28.66666666666667851 ) ) ;
#2766 = B_SPLINE_CURVE_WITH_KNOTS ( 'NONE', 3,
 ( #2986, #763, #1026, #1782, #297, #1978, #3033, #2266, #2027, #2042, #2774, #2496, #2217, #2970, #4, #2010, #555, #1301, #2282, #69, #2297, #1559, #83, #2550, #330, #1316, #794, #1268, #1504, #2247, #1779, #2458, #488, #2493, #1991, #277, #2967, #33, #2442, #2471, #2005, #3015 ),
 .UNSPECIFIED., .F., .F.,
 ( 4, 2, 2, 2, 2, 2, 2, 2, 2, 2, 2, 2, 2, 2, 2, 2, 2, 2, 2, 2, 4 ),
 ( 0.000000000000000000, 0.001453919685825284282, 0.002180879528737926856, 0.002907839371650569431, 0.003634799214563212005, 0.003998279136019508573, 0.004361759057475806875, 0.004725238978932103442, 0.005088718900388400877, 0.005452198821844697445, 0.005815678743300994880, 0.006179158664757293182, 0.006542638586213590617, 0.006906118507669888051, 0.007269598429126186354, 0.007996558272038835000, 0.008723518114951483646, 0.009450477957864132292, 0.01017743780077678094, 0.01090439764368942958, 0.01163135748660207823 ),
 .UNSPECIFIED. ) ;
#2767 = B_SPLINE_CURVE_WITH_KNOTS ( 'NONE', 3,
 ( #1394, #2064, #1879, #3093, #634, #323, #147, #1308, #647, #665 ),
 .UNSPECIFIED., .F., .F.,
 ( 4, 2, 2, 2, 4 ),
 ( 0.000000000000000000, 0.001482390299392997469, 0.002964780598785994939, 0.004447170898178992408, 0.005929561197571989878 ),
 .UNSPECIFIED. ) ;
#2768 = VERTEX_POINT ( 'NONE', #1291 ) ;
#2769 = EDGE_CURVE ( 'NONE', #160, #1228, #2767, .T. ) ;
#2770 = CARTESIAN_POINT ( 'NONE',  ( 67.16533052941596793, 116.8288163922436809, 30.42214606555851475 ) ) ;
#2771 = ORIENTED_EDGE ( 'NONE', *, *, #1332, .T. ) ;
#2772 = CARTESIAN_POINT ( 'NONE',  ( 112.7332251880661147, 114.3900013478761082, -22.80000000000000071 ) ) ;
#2773 = CARTESIAN_POINT ( 'NONE',  ( 62.88156333419471622, 118.3858970102503889, 26.54430196812960219 ) ) ;
#2774 = CARTESIAN_POINT ( 'NONE',  ( 116.9158318509501981, 117.8104729250962208, -26.44817628118286024 ) ) ;
#2775 = CARTESIAN_POINT ( 'NONE',  ( 0.000000000000000000, 122.3900013478761082, -22.80000000000000071 ) ) ;
#2776 = CARTESIAN_POINT ( 'NONE',  ( 62.66401578608976308, 120.6971497575529924, -28.20350230150189219 ) ) ;
#2777 = CARTESIAN_POINT ( 'NONE',  ( 114.9098957072491203, 121.5815173816387897, 26.31979309631781305 ) ) ;
#2778 = CARTESIAN_POINT ( 'NONE',  ( 62.16401578608977729, 123.8095352338453523, -22.80000000000000426 ) ) ;
#2779 = EDGE_CURVE ( 'NONE', #1451, #3071, #1859, .T. ) ;
#2780 = ADVANCED_FACE ( 'NONE', ( #2518 ), #463, .T. ) ;
#2781 = VERTEX_POINT ( 'NONE', #580 ) ;
#2782 = CARTESIAN_POINT ( 'NONE',  ( 112.7837354452829146, 114.3900013478761082, -27.80000000000000071 ) ) ;
#2783 = ORIENTED_EDGE ( 'NONE', *, *, #1764, .F. ) ;
#2784 = CARTESIAN_POINT ( 'NONE',  ( 63.03123534855613741, 121.9546804709886629, 27.13196593172954252 ) ) ;
#2785 = CARTESIAN_POINT ( 'NONE',  ( 65.03492677083774254, 121.9599493031026753, 26.00812416964100393 ) ) ;
#2786 = ORIENTED_EDGE ( 'NONE', *, *, #2526, .T. ) ;
#2787 = DIRECTION ( 'NONE',  ( -0.000000000000000000, -1.000000000000000000, -0.000000000000000000 ) ) ;
#2788 = CIRCLE ( 'NONE', #1799, 2.000000000000008882 ) ;
#2789 = ADVANCED_FACE ( 'NONE', ( #2627 ), #1616, .T. ) ;
#2790 = CARTESIAN_POINT ( 'NONE',  ( 66.66401578608977729, 118.4292408012154851, -29.15646656423382055 ) ) ;
#2791 = VECTOR ( 'NONE', #3115, 1000.000000000000000 ) ;
#2792 = FACE_OUTER_BOUND ( 'NONE', #2038, .T. ) ;
#2793 = CARTESIAN_POINT ( 'NONE',  ( 62.20631160019942030, 117.3517206379954985, -30.52790502591194866 ) ) ;
#2794 = VECTOR ( 'NONE', #1626, 1000.000000000000000 ) ;
#2795 = CARTESIAN_POINT ( 'NONE',  ( 62.27712184097897108, 115.5167985851137189, -30.79142209802156316 ) ) ;
#2796 = CARTESIAN_POINT ( 'NONE',  ( 64.21766954908817127, 122.0150199365962322, -26.34379756884434443 ) ) ;
#2797 = CARTESIAN_POINT ( 'NONE',  ( 113.5485941740034406, 120.6438597478055499, 27.21467971807110686 ) ) ;
#2798 = CARTESIAN_POINT ( 'NONE',  ( 114.0040580032445234, 121.5665067763649887, -26.33641379156338402 ) ) ;
#2799 = VERTEX_POINT ( 'NONE', #2782 ) ;
#2800 = CARTESIAN_POINT ( 'NONE',  ( 117.7332251880661289, 119.4890208614689016, -28.29999999999999716 ) ) ;
#2801 = CARTESIAN_POINT ( 'NONE',  ( 67.10225249606328646, 115.3634563567351421, -27.72868305065602001 ) ) ;
#2802 = ORIENTED_EDGE ( 'NONE', *, *, #2240, .F. ) ;
#2803 = EDGE_CURVE ( 'NONE', #519, #1550, #261, .T. ) ;
#2804 = CARTESIAN_POINT ( 'NONE',  ( 113.7006043957212427, 117.9520709962253733, 26.31254278875613650 ) ) ;
#2805 = ORIENTED_EDGE ( 'NONE', *, *, #1765, .F. ) ;
#2806 = CARTESIAN_POINT ( 'NONE',  ( 62.16866566407695416, 115.4053931437164096, -30.79586247014115941 ) ) ;
#2807 = FACE_OUTER_BOUND ( 'NONE', #1841, .T. ) ;
#2808 = CARTESIAN_POINT ( 'NONE',  ( 0.000000000000000000, 114.3900013478761082, 22.80000000000000071 ) ) ;
#2809 = CARTESIAN_POINT ( 'NONE',  ( 117.0216826442865710, 121.3230360782790882, 26.79478029588304011 ) ) ;
#2810 = CARTESIAN_POINT ( 'NONE',  ( 113.5519320422311580, 120.6482532081499244, -27.20940009635787149 ) ) ;
#2811 = CARTESIAN_POINT ( 'NONE',  ( 115.2332251880941101, 121.2638648903098613, 26.29999999999999361 ) ) ;
#2812 = EDGE_LOOP ( 'NONE', ( #1623, #865, #1052, #547, #2503 ) ) ;
#2813 = CARTESIAN_POINT ( 'NONE',  ( 66.42902279434301249, 121.3910575465848609, 26.73351633544554318 ) ) ;
#2814 = B_SPLINE_CURVE_WITH_KNOTS ( 'NONE', 3,
 ( #1460, #2219, #38, #6, #993, #1981, #696, #2972, #1942, #234, #1221, #2234 ),
 .UNSPECIFIED., .F., .F.,
 ( 4, 2, 2, 2, 2, 4 ),
 ( 0.000000000000000000, 0.0009636603576931984921, 0.001927320715386396984, 0.002409150894232993303, 0.002890981073079588754, 0.003854641430772802642 ),
 .UNSPECIFIED. ) ;
#2815 = CARTESIAN_POINT ( 'NONE',  ( 113.2332251880661147, 114.3900013478761082, 22.80000000000000071 ) ) ;
#2816 = ORIENTED_EDGE ( 'NONE', *, *, #2565, .T. ) ;
#2817 = CARTESIAN_POINT ( 'NONE',  ( 117.6827149308493006, 114.3900013478761082, 27.80000000000000071 ) ) ;
#2818 = ADVANCED_FACE ( 'NONE', ( #303, #1631 ), #1090, .T. ) ;
#2819 = CARTESIAN_POINT ( 'NONE',  ( 66.66401578608976308, 115.8900013478761082, 28.30000000000000071 ) ) ;
#2820 = DIRECTION ( 'NONE',  ( 0.000000000000000000, 0.000000000000000000, -1.000000000000000000 ) ) ;
#2821 = CARTESIAN_POINT ( 'NONE',  ( 64.66401578608976308, 115.8900013478761082, 28.30000000000000071 ) ) ;
#2822 = EDGE_CURVE ( 'NONE', #2977, #2960, #2915, .T. ) ;
#2823 = CARTESIAN_POINT ( 'NONE',  ( 114.1735769739004382, 121.4388269095818487, 26.59473960553178884 ) ) ;
#2824 = CARTESIAN_POINT ( 'NONE',  ( 113.6274650209865769, 120.7359076078912210, -27.10016574343195117 ) ) ;
#2825 = CARTESIAN_POINT ( 'NONE',  ( 113.2263090153950031, 115.8900013478761082, 30.23303437365925461 ) ) ;
#2826 = CARTESIAN_POINT ( 'NONE',  ( 66.66401578608976308, 115.8900013478761082, 0.000000000000000000 ) ) ;
#2827 = CARTESIAN_POINT ( 'NONE',  ( 62.24396255519785370, 116.3279961793985109, -27.66908437327317216 ) ) ;
#2828 = ORIENTED_EDGE ( 'NONE', *, *, #1245, .F. ) ;
#2829 = B_SPLINE_CURVE_WITH_KNOTS ( 'NONE', 3,
 ( #1370, #1085, #629, #1813, #1595, #866, #2053, #2560, #565, #2804, #2341, #2572, #852, #1357, #3073, #1326, #2355, #139, #79, #595, #1117, #841 ),
 .UNSPECIFIED., .F., .F.,
 ( 4, 2, 2, 2, 2, 2, 2, 2, 2, 2, 4 ),
 ( 0.005820586155932497806, 0.006183759364099357912, 0.006546932572266218886, 0.006910105780433078992, 0.007273278988599939099, 0.007999625404933629821, 0.008725971821267320544, 0.009452318237601009532, 0.01017866465393469852, 0.01090501107026838924, 0.01163135748660207823 ),
 .UNSPECIFIED. ) ;
#2830 = CARTESIAN_POINT ( 'NONE',  ( 64.11992934312922898, 122.1626901166884238, 26.09212283635405072 ) ) ;
#2831 = CARTESIAN_POINT ( 'NONE',  ( 62.66401578608976308, 117.5727158323752661, 29.94424289563109554 ) ) ;
#2832 = CARTESIAN_POINT ( 'NONE',  ( 65.21124583377967099, 114.5110137682180778, -25.85648857985630400 ) ) ;
#2833 = EDGE_LOOP ( 'NONE', ( #689, #1814, #1823, #742 ) ) ;
#2834 = CARTESIAN_POINT ( 'NONE',  ( 117.7332251880661147, 114.3900013478761082, -30.80000000000000071 ) ) ;
#2835 = CARTESIAN_POINT ( 'NONE',  ( 66.66401578608976308, 119.4897347581820100, -28.30000000000000071 ) ) ;
#2836 =( BOUNDED_SURFACE ( )  B_SPLINE_SURFACE ( 3, 2, ( 
 ( #1752, #2749, #2762 ),
 ( #544, #1525, #2271 ),
 ( #59, #1704, #2700 ),
 ( #1463, #733, #236 ),
 ( #132, #2349, #2060 ),
 ( #2797, #2582, #860 ),
 ( #335, #1545, #577 ),
 ( #346, #1831, #2334 ),
 ( #2301, #3021, #799 ),
 ( #1575, #2087, #363 ),
 ( #376, #2823, #1801 ),
 ( #2075, #1077, #2535 ),
 ( #605, #1786, #1320 ),
 ( #816, #2777, #1586 ),
 ( #2287, #1095, #3054 ),
 ( #320, #1845, #558 ),
 ( #3068, #1351, #1305 ),
 ( #87, #1604, #2318 ),
 ( #73, #1064, #2568 ),
 ( #1334, #1562, #2045 ),
 ( #3037, #2554, #835 ),
 ( #118, #1820, #1110 ),
 ( #2841, #104, #2809 ),
 ( #590, #847, #623 ),
 ( #2600, #1363, #653 ),
 ( #2905, #461, #685 ),
 ( #2139, #943, #1164 ),
 ( #1899, #2389, #222 ),
 ( #205, #1673, #1656 ),
 ( #2663, #431, #444 ) ),
 .UNSPECIFIED., .F., .F., .F. ) 
 B_SPLINE_SURFACE_WITH_KNOTS ( ( 4, 2, 2, 2, 2, 2, 2, 2, 2, 2, 2, 2, 2, 2, 4 ),
 ( 3, 3 ),
 ( 0.000000000000000000, 0.001101019994294202267, 0.001651529991441303292, 0.002202039988588404534, 0.002752549985735505342, 0.003303059982882606584, 0.003853569980029707825, 0.004404079977176809067, 0.004954589974323910309, 0.005505099971471010684, 0.006055609968618111925, 0.006606119965765213167, 0.007156629962912314409, 0.007707139960059415651, 0.008808159954353618135 ),
 ( 0.000000000000000000, 1.000000000000000000 ),
 .UNSPECIFIED. ) 
 GEOMETRIC_REPRESENTATION_ITEM ( )  RATIONAL_B_SPLINE_SURFACE ( (
 ( 1.000000000000000000, 0.7071067811865475727, 1.000000000000000000),
 ( 1.000000000000000000, 0.7333371297485821172, 1.000000000000000000),
 ( 1.000000000000000000, 0.7560358780679650170, 1.000000000000000000),
 ( 1.000000000000000000, 0.7841243147670314828, 1.000000000000000000),
 ( 1.000000000000000000, 0.7924495262948809682, 1.000000000000000000),
 ( 1.000000000000000000, 0.8065046828290369785, 1.000000000000000000),
 ( 1.000000000000000000, 0.8123523442377250658, 1.000000000000000000),
 ( 1.000000000000000000, 0.8218650161828403578, 1.000000000000000000),
 ( 1.000000000000000000, 0.8253945891803983193, 1.000000000000000000),
 ( 1.000000000000000000, 0.8307355805633206414, 1.000000000000000000),
 ( 1.000000000000000000, 0.8325566260115566664, 1.000000000000000000),
 ( 1.000000000000000000, 0.8350095073675325441, 1.000000000000000000),
 ( 1.000000000000000000, 0.8356803366741184513, 1.000000000000000000),
 ( 1.000000000000000000, 0.8365074618427633668, 1.000000000000000000),
 ( 1.000000000000000000, 0.8366555079274100581, 1.000000000000000000),
 ( 1.000000000000000000, 0.8366643648456133509, 1.000000000000000000),
 ( 1.000000000000000000, 0.8365203062156544300, 1.000000000000000000),
 ( 1.000000000000000000, 0.8357281796645340544, 1.000000000000000000),
 ( 1.000000000000000000, 0.8350742500118506495, 1.000000000000000000),
 ( 1.000000000000000000, 0.8326493662263514395, 1.000000000000000000),
 ( 1.000000000000000000, 0.8309050153141769313, 1.000000000000000000),
 ( 1.000000000000000000, 0.8256027033489340416, 1.000000000000000000),
 ( 1.000000000000000000, 0.8220194741109815295, 1.000000000000000000),
 ( 1.000000000000000000, 0.8126757379447525631, 1.000000000000000000),
 ( 1.000000000000000000, 0.8068121394447504979, 1.000000000000000000),
 ( 1.000000000000000000, 0.7927242852874769596, 1.000000000000000000),
 ( 1.000000000000000000, 0.7845492236284419274, 1.000000000000000000),
 ( 1.000000000000000000, 0.7564659934795837648, 1.000000000000000000),
 ( 1.000000000000000000, 0.7332764099751569731, 1.000000000000000000),
 ( 1.000000000000000000, 0.7071067811865457964, 1.000000000000000000) ) ) 
 REPRESENTATION_ITEM ( '' )  SURFACE ( )  );
#2837 = VECTOR ( 'NONE', #939, 1000.000000000000000 ) ;
#2838 = EDGE_CURVE ( 'NONE', #339, #2357, #620, .T. ) ;
#2839 = AXIS2_PLACEMENT_3D ( 'NONE', #923, #2426, #231 ) ;
#2840 = CYLINDRICAL_SURFACE ( 'NONE', #712, 2.500000000000002220 ) ;
#2841 = CARTESIAN_POINT ( 'NONE',  ( 116.6639911548179214, 120.8897214095548804, 26.89608522131918633 ) ) ;
#2842 = CARTESIAN_POINT ( 'NONE',  ( 117.0267001523744455, 121.3200168338132272, -26.80009531366961184 ) ) ;
#2843 = TOROIDAL_SURFACE ( 'NONE', #874, 7.500000000000000000, 0.5000000000000000000 ) ;
#2844 = CARTESIAN_POINT ( 'NONE',  ( 63.61614542386733007, 121.8056678467300173, 26.59010355174074292 ) ) ;
#2845 = CARTESIAN_POINT ( 'NONE',  ( 64.66401578608976308, 115.8900013478761082, -28.30000000000000071 ) ) ;
#2846 = CARTESIAN_POINT ( 'NONE',  ( 64.27963626574741340, 118.6984384881061345, -25.82674990280042948 ) ) ;
#2847 = VERTEX_POINT ( 'NONE', #471 ) ;
#2848 = CARTESIAN_POINT ( 'NONE',  ( 67.15934580908555063, 120.1029299242895405, 28.40418205667401708 ) ) ;
#2849 = CARTESIAN_POINT ( 'NONE',  ( 112.7332251880661289, 119.9709086639029891, -28.53506267127749396 ) ) ;
#2850 = ORIENTED_EDGE ( 'NONE', *, *, #1854, .T. ) ;
#2851 = CARTESIAN_POINT ( 'NONE',  ( 66.63877704945667801, 119.9765121186485857, -27.91333576197256150 ) ) ;
#2852 = CARTESIAN_POINT ( 'NONE',  ( 115.2332251880661147, 124.3754909716795822, -28.30000000000000071 ) ) ;
#2853 = DIRECTION ( 'NONE',  ( -0.000000000000000000, 0.000000000000000000, 1.000000000000000000 ) ) ;
#2854 = CARTESIAN_POINT ( 'NONE',  ( 66.66401578608976308, 117.2215030342717341, -29.74791360367807869 ) ) ;
#2855 = CARTESIAN_POINT ( 'NONE',  ( 114.6540255746690207, 121.2194577575614716, -26.38005808897024451 ) ) ;
#2856 = CARTESIAN_POINT ( 'NONE',  ( 62.66401578608975598, 120.8007361908937867, 28.58856680741003586 ) ) ;
#2857 = DIRECTION ( 'NONE',  ( 0.000000000000000000, 0.000000000000000000, 1.000000000000000000 ) ) ;
#2858 = CARTESIAN_POINT ( 'NONE',  ( 117.2401413607372405, 115.8900013478761082, 30.23303437365925461 ) ) ;
#2859 = DIRECTION ( 'NONE',  ( -0.000000000000000000, -0.000000000000000000, 1.000000000000000000 ) ) ;
#2860 = EDGE_LOOP ( 'NONE', ( #354, #243, #2082, #1533, #271, #2562, #1999 ) ) ;
#2861 = CARTESIAN_POINT ( 'NONE',  ( 112.9390249864422060, 115.6629124462690328, -30.66760721313729121 ) ) ;
#2862 = ADVANCED_FACE ( 'NONE', ( #2146 ), #2177, .F. ) ;
#2863 = CARTESIAN_POINT ( 'NONE',  ( 66.45943294300718662, 114.4082117279987472, -26.53642708961251984 ) ) ;
#2864 = ORIENTED_EDGE ( 'NONE', *, *, #1527, .F. ) ;
#2865 = APPROVAL ( #935, 'UNSPECIFIED' ) ;
#2866 = CARTESIAN_POINT ( 'NONE',  ( 64.66401578608856937, 114.5840194975458530, 29.50000000000933653 ) ) ;
#2867 = DIRECTION ( 'NONE',  ( 0.000000000000000000, 0.000000000000000000, 1.000000000000000000 ) ) ;
#2868 = CARTESIAN_POINT ( 'NONE',  ( 66.66401578608976308, 117.6030273215737907, -30.13160223061318632 ) ) ;
#2869 = CARTESIAN_POINT ( 'NONE',  ( 64.50789769919730077, 114.6071287696965157, -27.09999999999985221 ) ) ;
#2870 = CARTESIAN_POINT ( 'NONE',  ( 66.66401578608976308, 119.4897347581820100, 28.30000000000000071 ) ) ;
#2871 = EDGE_CURVE ( 'NONE', #3102, #2906, #313, .T. ) ;
#2872 = ORIENTED_EDGE ( 'NONE', *, *, #755, .F. ) ;
#2873 = EDGE_CURVE ( 'NONE', #3058, #2156, #846, .T. ) ;
#2874 = B_SPLINE_CURVE_WITH_KNOTS ( 'NONE', 3,
 ( #531, #1288, #3038, #1546, #1718, #1495, #788, #1753, #1513, #2016, #41, #1526, #513, #2502, #25, #1983, #2032, #800 ),
 .UNSPECIFIED., .F., .F.,
 ( 4, 2, 2, 2, 2, 2, 2, 2, 4 ),
 ( 1.430489624538199204E-17, 0.0004726018558466329946, 0.0009452037116932516777, 0.001417805567539870415, 0.001890407423386489044, 0.002363009279233107673, 0.002835611135079726518, 0.003308212990926344930, 0.003780814846772963776 ),
 .UNSPECIFIED. ) ;
#2875 = ADVANCED_FACE ( 'NONE', ( #1170 ), #437, .T. ) ;
#2876 = CARTESIAN_POINT ( 'NONE',  ( 62.28697883575452465, 120.4843717578632578, 28.99677556950671331 ) ) ;
#2877 = ORIENTED_EDGE ( 'NONE', *, *, #1621, .F. ) ;
#2878 = CARTESIAN_POINT ( 'NONE',  ( 113.2332251880661147, 119.4890208614688873, -28.30000000000000071 ) ) ;
#2879 = PERSON_AND_ORGANIZATION ( #1, #1442 ) ;
#2880 = CARTESIAN_POINT ( 'NONE',  ( 63.03021728942339053, 122.1718658913956830, -26.80726425202809793 ) ) ;
#2881 = CARTESIAN_POINT ( 'NONE',  ( 67.29973397013858971, 119.3900013478761224, 22.80000000000000426 ) ) ;
#2882 = CARTESIAN_POINT ( 'NONE',  ( 117.5640748657301629, 120.7239328594315708, -27.69041965245450143 ) ) ;
#2883 = CARTESIAN_POINT ( 'NONE',  ( 112.7714069359020215, 120.3900178241490835, -28.10532126726793933 ) ) ;
#2884 = CARTESIAN_POINT ( 'NONE',  ( 64.68124377868433328, 122.0491864298982279, 25.99502806004760558 ) ) ;
#2885 = FACE_OUTER_BOUND ( 'NONE', #1514, .T. ) ;
#2886 = AXIS2_PLACEMENT_3D ( 'NONE', #1126, #2105, #2857 ) ;
#2887 = LINE ( 'NONE', #670, #1183 ) ;
#2888 = VECTOR ( 'NONE', #3128, 1000.000000000000000 ) ;
#2889 = CARTESIAN_POINT ( 'NONE',  ( 113.2332251880661147, 115.8900013478761082, 30.17675172636444714 ) ) ;
#2890 = ORIENTED_EDGE ( 'NONE', *, *, #895, .F. ) ;
#2891 = CIRCLE ( 'NONE', #1494, 2.000000000000008882 ) ;
#2892 = CARTESIAN_POINT ( 'NONE',  ( 62.66401578610314260, 120.4230768464708206, 28.92314942031678981 ) ) ;
#2893 = B_SPLINE_CURVE_WITH_KNOTS ( 'NONE', 3,
 ( #2281, #2296, #1728, #1794, #2007, #2724, #2249, #2024, #571, #278, #264, #18, #2984, #3002, #1540, #66, #1505, #1056, #759, #1745, #524, #782, #2758, #539, #2041, #1557, #115, #144, #873, #2851, #1829, #2835 ),
 .UNSPECIFIED., .F., .F.,
 ( 4, 2, 2, 2, 2, 2, 2, 2, 2, 2, 2, 2, 2, 2, 2, 4 ),
 ( 0.000000000000000000, 0.0004676587220151304366, 0.0009353174440302608732, 0.001402976166045391201, 0.001870634888060521746, 0.002338293610075652292, 0.002805952332090782403, 0.003273611054105912514, 0.003741269776121043493, 0.004208928498136173604, 0.004676587220151304583, 0.005144245942166434694, 0.005611904664181564806, 0.006079563386196695784, 0.006547222108211825028, 0.007482539552242116476 ),
 .UNSPECIFIED. ) ;
#2894 = AXIS2_PLACEMENT_3D ( 'NONE', #1130, #641, #2619 ) ;
#2895 = VERTEX_POINT ( 'NONE', #1976 ) ;
#2896 = ADVANCED_FACE ( 'NONE', ( #2968 ), #2914, .F. ) ;
#2897 = CARTESIAN_POINT ( 'NONE',  ( 62.16401578608977019, 122.5262550589835513, 26.89159283739322603 ) ) ;
#2898 =( NAMED_UNIT ( * ) SI_UNIT ( $, .STERADIAN. ) SOLID_ANGLE_UNIT ( ) );
#2899 = FACE_OUTER_BOUND ( 'NONE', #1167, .T. ) ;
#2900 = CARTESIAN_POINT ( 'NONE',  ( 64.66401578609037415, 114.5840194975457536, -27.09999999999315534 ) ) ;
#2901 = CARTESIAN_POINT ( 'NONE',  ( 66.21526057350384065, 121.2408224957611509, 27.02021266107433917 ) ) ;
#2902 = CARTESIAN_POINT ( 'NONE',  ( 115.2332251880661147, 115.8900013478761082, 28.30000000000000071 ) ) ;
#2903 = CARTESIAN_POINT ( 'NONE',  ( 62.66401578608976308, 115.8900013478761082, -28.30000000000000071 ) ) ;
#2904 = CARTESIAN_POINT ( 'NONE',  ( 66.66401578608976308, 115.8900013478761082, -0.000000000000000000 ) ) ;
#2905 = CARTESIAN_POINT ( 'NONE',  ( 117.0390517971583222, 120.4560649458338304, 27.43100917729212185 ) ) ;
#2906 = VERTEX_POINT ( 'NONE', #178 ) ;
#2907 = CARTESIAN_POINT ( 'NONE',  ( 66.69543431568347103, 117.3639663714256329, 26.83487948542566315 ) ) ;
#2908 = EDGE_LOOP ( 'NONE', ( #2071, #61, #2850 ) ) ;
#2909 = CARTESIAN_POINT ( 'NONE',  ( 114.4775225994756909, 121.1842487015579763, -26.44206395297735313 ) ) ;
#2910 = DIRECTION ( 'NONE',  ( 1.000000000000000000, 0.000000000000000000, 0.000000000000000000 ) ) ;
#2911 = EDGE_CURVE ( 'NONE', #462, #1722, #3149, .T. ) ;
#2912 = ADVANCED_FACE ( 'NONE', ( #2899 ), #213, .F. ) ;
#2913 = B_SPLINE_CURVE_WITH_KNOTS ( 'NONE', 3,
 ( #279, #3017, #2512, #812 ),
 .UNSPECIFIED., .F., .F.,
 ( 4, 4 ),
 ( 0.000000000000000000, 8.484749404473174281E-05 ),
 .UNSPECIFIED. ) ;
#2914 = PLANE ( 'NONE',  #2069 ) ;
#2915 = B_SPLINE_CURVE_WITH_KNOTS ( 'NONE', 3,
 ( #1322, #407, #1376, #802, #561, #3109, #892, #2380, #165, #990, #2162, #678, #2657, #2645, #2443, #728, #922, #2931, #692, #229, #1217, #1713 ),
 .UNSPECIFIED., .F., .F.,
 ( 4, 2, 2, 2, 2, 2, 2, 2, 2, 2, 4 ),
 ( 0.03182705483118496159, 0.03283278591172545530, 0.03383851699226594206, 0.03484424807280643577, 0.03534711361307665833, 0.03584997915334688784, 0.03685571023388733297, 0.03786144131442778504, 0.03886717239496823018, 0.03937003793523845968, 0.03987290347550868919 ),
 .UNSPECIFIED. ) ;
#2916 = DIRECTION ( 'NONE',  ( 0.000000000000000000, 0.000000000000000000, -1.000000000000000000 ) ) ;
#2917 = CARTESIAN_POINT ( 'NONE',  ( 64.50936319975700428, 122.0880539666935505, 26.00905502536593517 ) ) ;
#2918 = CYLINDRICAL_SURFACE ( 'NONE', #661, 8.000000000000000000 ) ;
#2919 = CARTESIAN_POINT ( 'NONE',  ( 62.16401578608976308, 119.3228290336580102, -29.76959482231435317 ) ) ;
#2920 = EDGE_CURVE ( 'NONE', #2993, #522, #2690, .T. ) ;
#2921 = DIRECTION ( 'NONE',  ( -0.000000000000000000, -0.000000000000000000, -1.000000000000000000 ) ) ;
#2922 = CARTESIAN_POINT ( 'NONE',  ( 62.66401578608976308, 115.3690324708796737, -30.79293057746742690 ) ) ;
#2923 = EDGE_CURVE ( 'NONE', #2666, #2768, #34, .T. ) ;
#2924 = CARTESIAN_POINT ( 'NONE',  ( 67.16546104238692294, 117.0438727491211353, -30.35816415041579575 ) ) ;
#2925 = ORIENTED_EDGE ( 'NONE', *, *, #152, .T. ) ;
#2926 = EDGE_LOOP ( 'NONE', ( #2786, #2816 ) ) ;
#2927 = CARTESIAN_POINT ( 'NONE',  ( 62.66401578608976308, 115.3690324708796879, 30.79293057746742690 ) ) ;
#2928 = VERTEX_POINT ( 'NONE', #329 ) ;
#2929 = CARTESIAN_POINT ( 'NONE',  ( 114.0823396251983439, 121.0520040850552732, -26.65792205863160547 ) ) ;
#2930 = APPROVAL_STATUS ( 'not_yet_approved' ) ;
#2931 = CARTESIAN_POINT ( 'NONE',  ( 62.16401578608976308, 120.3729900266239810, 23.64131843700862845 ) ) ;
#2932 = CARTESIAN_POINT ( 'NONE',  ( 113.2637705901545502, 120.0150167924896749, -27.87899095053717957 ) ) ;
#2933 = EDGE_CURVE ( 'NONE', #1481, #2156, #1886, .T. ) ;
#2934 = CARTESIAN_POINT ( 'NONE',  ( 63.66939051822734541, 122.2169565282544568, 26.28858442019518549 ) ) ;
#2935 = CARTESIAN_POINT ( 'NONE',  ( 64.82142062252836467, 114.5607197551818643, -29.50000000000000355 ) ) ;
#2936 = CARTESIAN_POINT ( 'NONE',  ( 66.82319523442446041, 115.7851098013076836, -30.54573246768286765 ) ) ;
#2937 = CARTESIAN_POINT ( 'NONE',  ( 66.66401578605193379, 119.2219147500657357, -29.23420744679322070 ) ) ;
#2938 = CARTESIAN_POINT ( 'NONE',  ( 66.54535131582630925, 121.3059765806003867, -26.86721039993742721 ) ) ;
#2939 = CARTESIAN_POINT ( 'NONE',  ( 113.9700178070954735, 121.5564387473653198, -26.35689683603908762 ) ) ;
#2940 = CARTESIAN_POINT ( 'NONE',  ( 64.66401578607802492, 118.6403471829811878, 25.80000000000000071 ) ) ;
#2941 = CIRCLE ( 'NONE', #1744, 5.000000000000000888 ) ;
#2942 = EDGE_LOOP ( 'NONE', ( #779, #371, #2485, #2705, #2680, #2033, #2068 ) ) ;
#2943 = VERTEX_POINT ( 'NONE', #2510 ) ;
#2944 = LINE ( 'NONE', #1226, #671 ) ;
#2945 = B_SPLINE_CURVE_WITH_KNOTS ( 'NONE', 3,
 ( #2433, #171, #479, #2959, #2168, #1193 ),
 .UNSPECIFIED., .F., .F.,
 ( 4, 2, 4 ),
 ( 0.000000000000000000, 0.002498301525950064397, 0.004996603051900128795 ),
 .UNSPECIFIED. ) ;
#2946 = VECTOR ( 'NONE', #2409, 1000.000000000000000 ) ;
#2947 = VERTEX_POINT ( 'NONE', #1253 ) ;
#2948 = AXIS2_PLACEMENT_3D ( 'NONE', #2715, #1982, #2730 ) ;
#2949 = DIRECTION ( 'NONE',  ( -0.000000000000000000, -1.000000000000000000, -0.000000000000000000 ) ) ;
#2950 = SECURITY_CLASSIFICATION_LEVEL ( 'unclassified' ) ;
#2951 = VECTOR ( 'NONE', #388, 1000.000000000000000 ) ;
#2952 = CARTESIAN_POINT ( 'NONE',  ( 65.39492991315590587, 121.6935912690185120, -26.42977517012103661 ) ) ;
#2953 = LOCAL_TIME ( 14, 19, 12.00000000000000000, #3121 ) ;
#2954 = CARTESIAN_POINT ( 'NONE',  ( 0.000000000000000000, 119.3900013478761082, 33.00000000000000000 ) ) ;
#2955 = CARTESIAN_POINT ( 'NONE',  ( 67.16759189499892102, 119.8296505815863071, 28.66666666666667851 ) ) ;
#2956 = CARTESIAN_POINT ( 'NONE',  ( 65.62185138356346670, 114.4680266413202787, -29.03968598539970714 ) ) ;
#2957 = CARTESIAN_POINT ( 'NONE',  ( 62.16401578608977729, 123.7930469540763170, -23.34701572007557502 ) ) ;
#2958 = CARTESIAN_POINT ( 'NONE',  ( 116.1616181723420169, 121.6402731554489520, 26.18273540486642048 ) ) ;
#2959 = CARTESIAN_POINT ( 'NONE',  ( 63.83380014519207890, 115.4336154889831221, 30.76939009140712145 ) ) ;
#2960 = VERTEX_POINT ( 'NONE', #2230 ) ;
#2961 = EDGE_CURVE ( 'NONE', #26, #3150, #795, .T. ) ;
#2962 = EDGE_CURVE ( 'NONE', #2523, #944, #888, .T. ) ;
#2963 = ORIENTED_EDGE ( 'NONE', *, *, #252, .F. ) ;
#2964 = CARTESIAN_POINT ( 'NONE',  ( 62.16401578608977729, 119.0671056316275838, -26.14315331934298570 ) ) ;
#2965 = ORIENTED_EDGE ( 'NONE', *, *, #152, .F. ) ;
#2966 = ADVANCED_FACE ( 'NONE', ( #1073 ), #2477, .T. ) ;
#2967 = CARTESIAN_POINT ( 'NONE',  ( 112.8580542295498219, 116.0677941676825213, -27.51642990568583613 ) ) ;
#2968 = FACE_OUTER_BOUND ( 'NONE', #537, .T. ) ;
#2969 = CARTESIAN_POINT ( 'NONE',  ( 62.27945471897610474, 116.7667484707140773, 27.54616958578804642 ) ) ;
#2970 = CARTESIAN_POINT ( 'NONE',  ( 116.4895699042660624, 118.1154204015095246, -26.13582885993752569 ) ) ;
#2971 = LINE ( 'NONE', #2775, #2679 ) ;
#2972 = CARTESIAN_POINT ( 'NONE',  ( 65.79506192547248133, 121.1258082821812678, 26.64436365819206287 ) ) ;
#2973 = CARTESIAN_POINT ( 'NONE',  ( 67.16703244547352369, 119.2197828740998489, -29.23204580651317031 ) ) ;
#2974 = CARTESIAN_POINT ( 'NONE',  ( 67.29973397013858971, 132.3900013478761366, 27.80000000000000071 ) ) ;
#2975 = CARTESIAN_POINT ( 'NONE',  ( 117.2332251880661289, 119.8289554957083851, -28.66666666666667851 ) ) ;
#2976 = VERTEX_POINT ( 'NONE', #1269 ) ;
#2977 = VERTEX_POINT ( 'NONE', #1042 ) ;
#2978 = CARTESIAN_POINT ( 'NONE',  ( 67.16499000647323214, 116.2663664950177065, 30.58786477269244131 ) ) ;
#2979 = ORIENTED_EDGE ( 'NONE', *, *, #2961, .T. ) ;
#2980 = DIRECTION ( 'NONE',  ( 0.000000000000000000, 0.000000000000000000, -1.000000000000000000 ) ) ;
#2981 = APPROVAL_DATE_TIME ( #1003, #1377 ) ;
#2982 = ORIENTED_EDGE ( 'NONE', *, *, #290, .F. ) ;
#2983 = CARTESIAN_POINT ( 'NONE',  ( 66.02350709265714102, 120.9923046782989218, -26.80926008249753778 ) ) ;
#2984 = CARTESIAN_POINT ( 'NONE',  ( 63.74370560763585303, 121.7937989570060182, -26.51772839085595379 ) ) ;
#2985 = CARTESIAN_POINT ( 'NONE',  ( 62.68353245583341504, 118.1792745824104287, 26.76177535187548884 ) ) ;
#2986 = CARTESIAN_POINT ( 'NONE',  ( 117.6827149308493006, 114.3900013478761082, -27.80000000000000071 ) ) ;
#2987 = DIRECTION ( 'NONE',  ( 0.000000000000000000, 0.000000000000000000, 1.000000000000000000 ) ) ;
#2988 = DIRECTION ( 'NONE',  ( 0.000000000000000000, 0.000000000000000000, -1.000000000000000000 ) ) ;
#2989 = CARTESIAN_POINT ( 'NONE',  ( 63.63349237603026154, 122.0763444625666239, -26.57819982472684117 ) ) ;
#2990 = CARTESIAN_POINT ( 'NONE',  ( 117.7332251880661289, 119.8289554957083993, 28.66666666666667496 ) ) ;
#2991 = CARTESIAN_POINT ( 'NONE',  ( 116.9178562021288172, 120.6438597478055499, -27.21467971807110686 ) ) ;
#2992 = EDGE_LOOP ( 'NONE', ( #108, #288, #1015 ) ) ;
#2993 = VERTEX_POINT ( 'NONE', #1007 ) ;
#2994 = CARTESIAN_POINT ( 'NONE',  ( 113.2332251880661147, 115.8900013478761082, 28.30000000000000071 ) ) ;
#2995 = AXIS2_PLACEMENT_3D ( 'NONE', #1061, #992, #3018 ) ;
#2996 = ORIENTED_EDGE ( 'NONE', *, *, #1672, .T. ) ;
#2997 = CIRCLE ( 'NONE', #1591, 2.500000000000002220 ) ;
#2998 = CARTESIAN_POINT ( 'NONE',  ( 66.66401578608977729, 119.8320992469834607, 28.66930803819790086 ) ) ;
#2999 = VECTOR ( 'NONE', #3185, 1000.000000000000000 ) ;
#3000 = EDGE_LOOP ( 'NONE', ( #1177, #897, #549, #2465 ) ) ;
#3001 = CARTESIAN_POINT ( 'NONE',  ( 66.47312366746329815, 120.4550268173610874, -27.43822381075905525 ) ) ;
#3002 = CARTESIAN_POINT ( 'NONE',  ( 64.02584860176050086, 121.7481851790417551, -26.39836765956928133 ) ) ;
#3003 = AXIS2_PLACEMENT_3D ( 'NONE', #599, #2624, #404 ) ;
#3004 = FACE_OUTER_BOUND ( 'NONE', #2860, .T. ) ;
#3005 = CARTESIAN_POINT ( 'NONE',  ( 64.45108473613825595, 121.6440856896442284, -26.30605140998504510 ) ) ;
#3006 = CARTESIAN_POINT ( 'NONE',  ( 116.6490739356198247, 121.5045700143998317, 26.46071212251710847 ) ) ;
#3007 = CYLINDRICAL_SURFACE ( 'NONE', #1233, 1.200000000000003064 ) ;
#3008 = EDGE_LOOP ( 'NONE', ( #2339, #560, #1083, #3190 ) ) ;
#3009 = CARTESIAN_POINT ( 'NONE',  ( 62.16401578608977729, 118.3077097490666461, -26.80505748769545704 ) ) ;
#3010 = FACE_OUTER_BOUND ( 'NONE', #93, .T. ) ;
#3011 = ORIENTED_EDGE ( 'NONE', *, *, #2245, .F. ) ;
#3012 = CARTESIAN_POINT ( 'NONE',  ( 62.30414140177619231, 121.0158637289996193, 28.53842468542061539 ) ) ;
#3013 = CARTESIAN_POINT ( 'NONE',  ( 115.2332251880941101, 121.2638648903098613, 26.29999999999999361 ) ) ;
#3014 = VERTEX_POINT ( 'NONE', #1024 ) ;
#3015 = CARTESIAN_POINT ( 'NONE',  ( 112.7837354452829146, 114.3900013478761082, -27.80000000000000071 ) ) ;
#3016 = CARTESIAN_POINT ( 'NONE',  ( 117.5274253896900234, 115.6629124462690328, -30.66760721313729121 ) ) ;
#3017 = CARTESIAN_POINT ( 'NONE',  ( 113.2309067025489071, 115.8900013478761082, -30.20512808464049925 ) ) ;
#3018 = DIRECTION ( 'NONE',  ( 0.000000000000000000, -0.000000000000000000, -1.000000000000000000 ) ) ;
#3019 = EDGE_CURVE ( 'NONE', #676, #2523, #2893, .T. ) ;
#3020 = CARTESIAN_POINT ( 'NONE',  ( 63.36924023307024356, 122.0604636961621878, -26.76710927096657500 ) ) ;
#3021 = CARTESIAN_POINT ( 'NONE',  ( 113.8080912627292207, 121.2744681693570357, 26.88348664962986945 ) ) ;
#3022 = CARTESIAN_POINT ( 'NONE',  ( 67.29973397013858971, 122.3900013478761082, 22.80000000000000071 ) ) ;
#3023 = EDGE_CURVE ( 'NONE', #2115, #519, #891, .T. ) ;
#3024 = ORIENTED_EDGE ( 'NONE', *, *, #2345, .F. ) ;
#3025 = DIRECTION ( 'NONE',  ( 0.000000000000000000, -0.6798692684790436092, 0.7333333333333282855 ) ) ;
#3026 = CARTESIAN_POINT ( 'NONE',  ( 66.35400704630956170, 115.4562745136514934, 30.72936974298051283 ) ) ;
#3027 = EDGE_LOOP ( 'NONE', ( #206, #1640, #1339, #123 ) ) ;
#3028 = CARTESIAN_POINT ( 'NONE',  ( 62.30862288551716688, 121.1546465374659363, 28.41874042355407326 ) ) ;
#3029 = ORIENTED_EDGE ( 'NONE', *, *, #334, .T. ) ;
#3030 = CARTESIAN_POINT ( 'NONE',  ( 62.66401578608979150, 116.3202199743242033, -30.22586168748875579 ) ) ;
#3031 = DIRECTION ( 'NONE',  ( -0.000000000000000000, 1.000000000000000000, -0.000000000000000000 ) ) ;
#3032 = CARTESIAN_POINT ( 'NONE',  ( 66.66401578608976308, 115.8900013478761082, 30.14858313917500254 ) ) ;
#3033 = CARTESIAN_POINT ( 'NONE',  ( 117.4380888860701475, 116.9316641774170336, -27.11210874313591646 ) ) ;
#3034 = DIRECTION ( 'NONE',  ( -0.000000000000000000, -1.000000000000000000, -0.000000000000000000 ) ) ;
#3035 = CARTESIAN_POINT ( 'NONE',  ( 63.22499037076523365, 122.2098556343534455, -26.61035765495138605 ) ) ;
#3036 = EDGE_CURVE ( 'NONE', #3145, #483, #1972, .T. ) ;
#3037 = CARTESIAN_POINT ( 'NONE',  ( 116.3384405615019688, 121.0716168734705320, 26.62714488114845679 ) ) ;
#3038 = CARTESIAN_POINT ( 'NONE',  ( 64.35126828315411274, 114.6325196158591382, 27.13092962196493119 ) ) ;
#3039 = ORIENTED_EDGE ( 'NONE', *, *, #525, .F. ) ;
#3040 = CARTESIAN_POINT ( 'NONE',  ( 117.7332251880661289, 114.3900013478761082, 22.80000000000000071 ) ) ;
#3041 = CARTESIAN_POINT ( 'NONE',  ( 62.98581170621336867, 115.4206729761086763, 30.78804580245481048 ) ) ;
#3042 = CARTESIAN_POINT ( 'NONE',  ( 64.15992868067947086, 118.7087062220058726, -25.84827492923489700 ) ) ;
#3043 = ORIENTED_EDGE ( 'NONE', *, *, #3153, .F. ) ;
#3044 = CARTESIAN_POINT ( 'NONE',  ( 65.21587031040091631, 121.9090421765983905, 26.03854448048382508 ) ) ;
#3045 = VERTEX_POINT ( 'NONE', #2073 ) ;
#3046 = CARTESIAN_POINT ( 'NONE',  ( 115.3560330578199000, 118.3900013478761366, 25.79999999999998650 ) ) ;
#3047 = AXIS2_PLACEMENT_3D ( 'NONE', #1366, #134, #3114 ) ;
#3048 = CARTESIAN_POINT ( 'NONE',  ( 64.66401578608976308, 123.8115352338453619, 25.80000000000000071 ) ) ;
#3049 = CARTESIAN_POINT ( 'NONE',  ( 66.35027669936160066, 115.8900013478761082, 30.23378414297305739 ) ) ;
#3050 = CARTESIAN_POINT ( 'NONE',  ( 62.66401578608977019, 115.8708921945380013, -30.77081146647192611 ) ) ;
#3051 = AXIS2_PLACEMENT_3D ( 'NONE', #853, #2594, #2561 ) ;
#3052 = CARTESIAN_POINT ( 'NONE',  ( 64.16473224285607557, 121.7171760292639533, -26.35786546420900933 ) ) ;
#3053 = ADVANCED_BREP_SHAPE_REPRESENTATION ( 'Top_Panel', ( #2040, #316 ), #2692 ) ;
#3054 = CARTESIAN_POINT ( 'NONE',  ( 115.0409753012078369, 121.7218584768197758, 26.00060485831865975 ) ) ;
#3055 = CARTESIAN_POINT ( 'NONE',  ( 114.5144347748710061, 121.1923910629895573, -26.42791433758550212 ) ) ;
#3056 = B_SPLINE_CURVE_WITH_KNOTS ( 'NONE', 3,
 ( #1154, #1953, #1628, #3120, #2158, #1921, #1661, #1168, #1390, #2190, #418, #2130, #435, #902, #1678, #1404, #2897, #968, #467, #2655, #212, #1889, #2175, #403, #1417, #2406 ),
 .UNSPECIFIED., .F., .F.,
 ( 4, 2, 2, 2, 2, 2, 2, 2, 2, 2, 2, 2, 4 ),
 ( 0.05079934449519949574, 0.05161046490871099707, 0.05242158532222249839, 0.05404382614924550798, 0.05485494656275698849, 0.05566606697626846900, 0.05728830780329140920, 0.05891054863031434247, 0.05972166904382580910, 0.06053278945733726879, 0.06215503028436018124, 0.06296615069787163399, 0.06377727111138307980 ),
 .UNSPECIFIED. ) ;
#3057 = CARTESIAN_POINT ( 'NONE',  ( 63.80338758021667189, 118.7199539982342316, -25.94000897859925203 ) ) ;
#3058 = VERTEX_POINT ( 'NONE', #3079 ) ;
#3059 = ADVANCED_FACE ( 'NONE', ( #1391 ), #1091, .T. ) ;
#3060 = FACE_OUTER_BOUND ( 'NONE', #2022, .T. ) ;
#3061 = CARTESIAN_POINT ( 'NONE',  ( 62.66401578608976308, 119.1708611306552967, 29.30503830085705985 ) ) ;
#3062 = ORIENTED_EDGE ( 'NONE', *, *, #1119, .T. ) ;
#3063 = CARTESIAN_POINT ( 'NONE',  ( 63.70673240495097644, 114.7518865768650045, -29.04029889451637914 ) ) ;
#3064 = EDGE_CURVE ( 'NONE', #1483, #750, #1107, .T. ) ;
#3065 = DIRECTION ( 'NONE',  ( 0.000000000000000000, 0.000000000000000000, -1.000000000000000000 ) ) ;
#3066 = CARTESIAN_POINT ( 'NONE',  ( 117.7332251880661289, 122.3900013478761082, 33.00000000000000000 ) ) ;
#3067 = DIRECTION ( 'NONE',  ( -1.000000000000000000, 0.000000000000000000, 0.000000000000000000 ) ) ;
#3068 = CARTESIAN_POINT ( 'NONE',  ( 115.5252162403517531, 121.2552603168390704, 26.31596613958503994 ) ) ;
#3069 = CARTESIAN_POINT ( 'NONE',  ( 114.2498914414244240, 121.1179751852585866, -26.55231034556053871 ) ) ;
#3070 = CARTESIAN_POINT ( 'NONE',  ( 67.29973397013858971, 114.3900013478761082, 22.80000000000000071 ) ) ;
#3071 = VERTEX_POINT ( 'NONE', #1135 ) ;
#3072 = B_SPLINE_CURVE_WITH_KNOTS ( 'NONE', 3,
 ( #1270, #2759, #1766, #1284 ),
 .UNSPECIFIED., .F., .F.,
 ( 4, 4 ),
 ( -7.155615119832298852E-06, 0.004000996119937138933 ),
 .UNSPECIFIED. ) ;
#3073 = CARTESIAN_POINT ( 'NONE',  ( 112.9722259318398159, 116.7252367208142232, 27.22762867054640523 ) ) ;
#3074 = DIRECTION ( 'NONE',  ( 0.000000000000000000, 0.000000000000000000, 1.000000000000000000 ) ) ;
#3075 = CARTESIAN_POINT ( 'NONE',  ( 66.66401578608976308, 119.4897347581820100, 28.30000000000000071 ) ) ;
#3076 = ORIENTED_EDGE ( 'NONE', *, *, #2920, .T. ) ;
#3077 = EDGE_CURVE ( 'NONE', #3086, #2768, #1697, .T. ) ;
#3078 = CARTESIAN_POINT ( 'NONE',  ( 116.9138411234002604, 117.8124068717472142, 26.44636107627721699 ) ) ;
#3079 = CARTESIAN_POINT ( 'NONE',  ( 117.2332251880661289, 115.8900013478761082, -30.14846922834953347 ) ) ;
#3080 = CARTESIAN_POINT ( 'NONE',  ( 62.57077301052610352, 115.8096689646277753, 30.57244388440438954 ) ) ;
#3081 = CARTESIAN_POINT ( 'NONE',  ( 115.8243326678986591, 121.2174621146980087, -26.38358944450546062 ) ) ;
#3082 = CARTESIAN_POINT ( 'NONE',  ( 62.57119232275742604, 121.8739909161956803, 27.50930038453200766 ) ) ;
#3083 = DIRECTION ( 'NONE',  ( 0.000000000000000000, 0.000000000000000000, 1.000000000000000000 ) ) ;
#3084 = CARTESIAN_POINT ( 'NONE',  ( 66.66401578608976308, 117.2026069348583661, 29.76130670248109311 ) ) ;
#3085 = CARTESIAN_POINT ( 'NONE',  ( 66.61863588713815432, 117.5021705390329601, -26.73061920436607863 ) ) ;
#3086 = VERTEX_POINT ( 'NONE', #2819 ) ;
#3087 = DIRECTION ( 'NONE',  ( 0.000000000000000000, 0.000000000000000000, -1.000000000000000000 ) ) ;
#3088 = DIRECTION ( 'NONE',  ( 0.000000000000000000, 0.000000000000000000, -1.000000000000000000 ) ) ;
#3089 = EDGE_LOOP ( 'NONE', ( #1212, #2492, #2606, #2653 ) ) ;
#3090 = LINE ( 'NONE', #98, #1032 ) ;
#3091 = FACE_OUTER_BOUND ( 'NONE', #2094, .T. ) ;
#3092 = CLOSED_SHELL ( 'NONE', ( #484, #840, #998, #2486, #1553, #662, #818, #2136, #383, #3104, #1574, #1235, #3059, #2590, #1100, #204, #1199, #1175, #2818, #584, #2194, #438, #1816, #86, #2875, #164, #380, #1771, #3110, #2439, #1949, #2703, #1059, #2896, #2378, #2101, #949, #1865, #638, #1923, #2862, #182, #1663, #3191, #230, #2912, #2052, #2119, #2358, #2097, #974, #2475, #1612, #142, #1146, #387, #2096, #2789, #1741, #2780, #2966, #1259, #702, #2377, #543, #1354 ) ) ;
#3093 = CARTESIAN_POINT ( 'NONE',  ( 62.25137110757524539, 119.2387664379492236, -29.79321691854637066 ) ) ;
#3094 = DIRECTION ( 'NONE',  ( 0.000000000000000000, 0.000000000000000000, 1.000000000000000000 ) ) ;
#3095 = UNCERTAINTY_MEASURE_WITH_UNIT (LENGTH_MEASURE( 1.000000000000000082E-05 ), #1907, 'distance_accuracy_value', 'NONE');
#3096 = CARTESIAN_POINT ( 'NONE',  ( 67.16545250726321115, 117.0238998524566085, -30.35700328527984482 ) ) ;
#3097 = CARTESIAN_POINT ( 'NONE',  ( 116.2928734022317911, 121.4388269095818487, -26.59473960553210858 ) ) ;
#3098 = CARTESIAN_POINT ( 'NONE',  ( 112.7332251880661147, 119.8289554957084135, 28.66666666666666430 ) ) ;
#3099 = EDGE_CURVE ( 'NONE', #522, #2993, #314, .T. ) ;
#3100 = AXIS2_PLACEMENT_3D ( 'NONE', #1361, #2346, #2118 ) ;
#3101 = CARTESIAN_POINT ( 'NONE',  ( 65.56011932255307784, 118.3694524872868925, -25.96333630288857108 ) ) ;
#3102 = VERTEX_POINT ( 'NONE', #2866 ) ;
#3103 = FACE_OUTER_BOUND ( 'NONE', #64, .T. ) ;
#3104 = ADVANCED_FACE ( 'NONE', ( #646, #2807 ), #2375, .F. ) ;
#3105 = CARTESIAN_POINT ( 'NONE',  ( 67.09324419105423942, 115.3764675904772616, 27.70817567669679704 ) ) ;
#3106 = LINE ( 'NONE', #642, #2794 ) ;
#3107 = ORIENTED_EDGE ( 'NONE', *, *, #1314, .F. ) ;
#3108 = CARTESIAN_POINT ( 'NONE',  ( 115.2332251880661147, 115.8900013478761082, -28.30000000000000071 ) ) ;
#3109 = CARTESIAN_POINT ( 'NONE',  ( 62.16401578608979150, 117.4322185220399462, 27.30878380358969792 ) ) ;
#3110 = ADVANCED_FACE ( 'NONE', ( #2312 ), #618, .T. ) ;
#3111 = EDGE_CURVE ( 'NONE', #1244, #1501, #362, .T. ) ;
#3112 = CARTESIAN_POINT ( 'NONE',  ( 116.6611361828948645, 121.4998838316404743, -26.46977820162577899 ) ) ;
#3113 = DIRECTION ( 'NONE',  ( 1.000000000000000000, 0.000000000000000000, 0.000000000000000000 ) ) ;
#3114 = DIRECTION ( 'NONE',  ( 0.000000000000000000, 0.6478552610260339684, -0.7617634545978755334 ) ) ;
#3115 = DIRECTION ( 'NONE',  ( 0.000000000000000000, 0.000000000000000000, -1.000000000000000000 ) ) ;
#3116 = EDGE_LOOP ( 'NONE', ( #1016, #3029, #1328, #2736 ) ) ;
#3117 = CARTESIAN_POINT ( 'NONE',  ( 62.66401578608976308, 117.6797302218645740, 29.91338510741850243 ) ) ;
#3118 = CARTESIAN_POINT ( 'NONE',  ( 64.78720277040362419, 114.5656346781236294, -25.79895372564748612 ) ) ;
#3119 = EDGE_LOOP ( 'NONE', ( #2210, #1578, #480, #2291 ) ) ;
#3120 = CARTESIAN_POINT ( 'NONE',  ( 62.16401578608978440, 116.2302714980182543, 30.73586108519391757 ) ) ;
#3121 = COORDINATED_UNIVERSAL_TIME_OFFSET ( 1, 0, .AHEAD. ) ;
#3122 = CARTESIAN_POINT ( 'NONE',  ( 62.39579048616132440, 121.5292189979701476, -27.99887677874102820 ) ) ;
#3123 = DIRECTION ( 'NONE',  ( 1.000000000000000000, 0.000000000000000000, 0.000000000000000000 ) ) ;
#3124 = CARTESIAN_POINT ( 'NONE',  ( 66.66401578608976308, 115.3625647642142553, -30.23674472885819142 ) ) ;
#3125 = CARTESIAN_POINT ( 'NONE',  ( 64.66401578608976308, 124.3754909716795822, 28.30000000000000071 ) ) ;
#3126 = CYLINDRICAL_SURFACE ( 'NONE', #46, 1.200000000000003064 ) ;
#3127 = CARTESIAN_POINT ( 'NONE',  ( 67.29973397013858971, 132.3900013478761366, 33.00000000000000000 ) ) ;
#3128 = DIRECTION ( 'NONE',  ( -1.000000000000000000, -0.000000000000000000, 0.000000000000000000 ) ) ;
#3129 = EDGE_CURVE ( 'NONE', #26, #2756, #2117, .T. ) ;
#3130 = DIRECTION ( 'NONE',  ( 0.000000000000000000, -0.6798692684790436092, -0.7333333333333282855 ) ) ;
#3131 = ORIENTED_EDGE ( 'NONE', *, *, #1477, .F. ) ;
#3132 = CARTESIAN_POINT ( 'NONE',  ( 64.78651838737896185, 118.6168642407948823, 25.79999999999941451 ) ) ;
#3133 = ORIENTED_EDGE ( 'NONE', *, *, #1641, .T. ) ;
#3134 = CARTESIAN_POINT ( 'NONE',  ( 113.2332251880661715, 119.7418821438777883, -28.11245896534764910 ) ) ;
#3135 = DATE_AND_TIME ( #1644, #1140 ) ;
#3136 = CARTESIAN_POINT ( 'NONE',  ( 65.40023025076156671, 114.4901592212595602, 27.33948140300494245 ) ) ;
#3137 = VECTOR ( 'NONE', #1671, 1000.000000000000000 ) ;
#3138 = LINE ( 'NONE', #179, #826 ) ;
#3139 = CARTESIAN_POINT ( 'NONE',  ( 66.80331840024292944, 121.0791104580289783, 27.21273649790701654 ) ) ;
#3140 = CARTESIAN_POINT ( 'NONE',  ( 67.29973397013858971, 132.3900013478761366, -30.80000000000000071 ) ) ;
#3141 = VECTOR ( 'NONE', #863, 1000.000000000000000 ) ;
#3142 = CARTESIAN_POINT ( 'NONE',  ( 62.66401578608976308, 115.8900013478761082, -30.26543587078575470 ) ) ;
#3143 = AXIS2_PLACEMENT_3D ( 'NONE', #2573, #3074, #1839 ) ;
#3144 = LINE ( 'NONE', #2904, #3137 ) ;
#3145 = VERTEX_POINT ( 'NONE', #1817 ) ;
#3146 = AXIS2_PLACEMENT_3D ( 'NONE', #1132, #1887, #3088 ) ;
#3147 = CARTESIAN_POINT ( 'NONE',  ( 113.2141582034766998, 115.8900013478761224, -30.30678538321129167 ) ) ;
#3148 = EDGE_CURVE ( 'NONE', #551, #1196, #1601, .T. ) ;
#3149 = CIRCLE ( 'NONE', #2744, 8.000000000000000000 ) ;
#3150 = VERTEX_POINT ( 'NONE', #857 ) ;
#3151 = CARTESIAN_POINT ( 'NONE',  ( 116.2687480779678282, 121.0994904068972744, -26.58228997304338037 ) ) ;
#3152 = FACE_BOUND ( 'NONE', #2273, .T. ) ;
#3153 = EDGE_CURVE ( 'NONE', #3150, #2091, #54, .T. ) ;
#3154 = CARTESIAN_POINT ( 'NONE',  ( 65.71093270066059233, 114.4601544176890116, 28.90725380672126477 ) ) ;
#3155 = CARTESIAN_POINT ( 'NONE',  ( 63.49541366434363709, 114.7965078744667551, -28.61526979035361862 ) ) ;
#3156 = CARTESIAN_POINT ( 'NONE',  ( 115.2332251880661147, 124.3754909716795822, -28.30000000000000071 ) ) ;
#3157 = CARTESIAN_POINT ( 'NONE',  ( 0.000000000000000000, 114.3900013478761082, 27.80000000000000071 ) ) ;
#3158 = CARTESIAN_POINT ( 'NONE',  ( 62.16401578608977729, 117.8275006426560765, -30.39687991534307798 ) ) ;
#3159 = CARTESIAN_POINT ( 'NONE',  ( 67.01100359539188389, 120.7132836075993367, -27.70854983517710934 ) ) ;
#3160 =( BOUNDED_SURFACE ( )  B_SPLINE_SURFACE ( 3, 2, ( 
 ( #1137, #2548, #1315 ),
 ( #3049, #2506, #3026 ),
 ( #29, #1758, #1500 ),
 ( #1018, #2049, #1531 ),
 ( #1323, #2753, #3041 ),
 ( #821, #287, #2259 ) ),
 .UNSPECIFIED., .F., .F., .F. ) 
 B_SPLINE_SURFACE_WITH_KNOTS ( ( 4, 2, 4 ),
 ( 3, 3 ),
 ( 0.01246425998526520980, 0.01499362255615423536, 0.01752298512704325920 ),
 ( 0.000000000000000000, 1.000000000000000000 ),
 .UNSPECIFIED. ) 
 GEOMETRIC_REPRESENTATION_ITEM ( )  RATIONAL_B_SPLINE_SURFACE ( (
 ( 1.000000000000000000, 0.7527572451967079470, 1.000000000000000000),
 ( 1.000000000000000000, 0.7525220050324571419, 1.000000000000000000),
 ( 1.000000000000000000, 0.7492913568877269670, 1.000000000000000000),
 ( 1.000000000000000000, 0.7373090580133604410, 1.000000000000000000),
 ( 1.000000000000000000, 0.7285613776906172401, 1.000000000000000000),
 ( 1.000000000000000000, 0.7175161896935940975, 1.000000000000000000) ) ) 
 REPRESENTATION_ITEM ( '' )  SURFACE ( )  );
#3161 = CARTESIAN_POINT ( 'NONE',  ( 62.29933949146947469, 120.8671576034719379, 28.66666666666666785 ) ) ;
#3162 = VERTEX_POINT ( 'NONE', #128 ) ;
#3163 = CARTESIAN_POINT ( 'NONE',  ( 66.85840131691773536, 116.9705699799102092, 27.09255993660307738 ) ) ;
#3164 = ORIENTED_EDGE ( 'NONE', *, *, #1723, .T. ) ;
#3165 = CARTESIAN_POINT ( 'NONE',  ( 115.0839225083667117, 121.2641459557088126, -26.29948480155576362 ) ) ;
#3166 = CARTESIAN_POINT ( 'NONE',  ( 64.66401578608976308, 125.8900013478761224, 28.30000000000000071 ) ) ;
#3167 = CARTESIAN_POINT ( 'NONE',  ( 113.2332251880661289, 119.7607408813531862, -28.09847189907552689 ) ) ;
#3168 = CARTESIAN_POINT ( 'NONE',  ( 65.29185671801597834, 121.3633414565030364, 26.39585057662345946 ) ) ;
#3169 = CARTESIAN_POINT ( 'NONE',  ( 62.13852744155718000, 115.4048308303485157, -30.79615557075145560 ) ) ;
#3170 = CARTESIAN_POINT ( 'NONE',  ( 67.16454770898286597, 115.4566297753488868, -30.72864771861497601 ) ) ;
#3171 = CARTESIAN_POINT ( 'NONE',  ( 62.16401578608978440, 117.2979060185017204, -30.54784344919691108 ) ) ;
#3172 = CARTESIAN_POINT ( 'NONE',  ( 112.7422991928767715, 120.1071138640854201, -28.39921347132885288 ) ) ;
#3173 = DIRECTION ( 'NONE',  ( -1.000000000000000000, 0.000000000000000000, 0.000000000000000000 ) ) ;
#3174 = CARTESIAN_POINT ( 'NONE',  ( 67.16759189499892102, 119.8296505815863071, -28.66666666666667851 ) ) ;
#3175 = ORIENTED_EDGE ( 'NONE', *, *, #3148, .T. ) ;
#3176 = ORIENTED_EDGE ( 'NONE', *, *, #191, .F. ) ;
#3177 = LINE ( 'NONE', #1950, #1038 ) ;
#3178 = VERTEX_POINT ( 'NONE', #2564 ) ;
#3179 = CARTESIAN_POINT ( 'NONE',  ( 66.66401578608976308, 115.8900013478761082, -28.30000000000000071 ) ) ;
#3180 = PERSON_AND_ORGANIZATION_ROLE ( 'creator' ) ;
#3181 = CARTESIAN_POINT ( 'NONE',  ( 66.66401578608976308, 115.8900013478761082, -30.17735045978330533 ) ) ;
#3182 = CARTESIAN_POINT ( 'NONE',  ( 65.62097632990465002, 114.4681090171596907, 29.04076584200123889 ) ) ;
#3183 = CARTESIAN_POINT ( 'NONE',  ( 66.11673344748815850, 121.3187349823031127, 26.91010114755041016 ) ) ;
#3184 = CARTESIAN_POINT ( 'NONE',  ( 62.13839764298731438, 115.8900013478761082, -30.78176016740430043 ) ) ;
#3185 = DIRECTION ( 'NONE',  ( -0.000000000000000000, -1.000000000000000000, -0.000000000000000000 ) ) ;
#3186 = CARTESIAN_POINT ( 'NONE',  ( 115.2332251880661147, 114.3900013478761082, 29.50000000000000711 ) ) ;
#3187 = CARTESIAN_POINT ( 'NONE',  ( 62.16401578608977729, 123.8095352338453523, 22.79999999999999361 ) ) ;
#3188 = DIRECTION ( 'NONE',  ( 0.000000000000000000, -0.6478552610260339684, -0.7617634545978755334 ) ) ;
#3189 = AXIS2_PLACEMENT_3D ( 'NONE', #2043, #541, #784 ) ;
#3190 = ORIENTED_EDGE ( 'NONE', *, *, #2456, .T. ) ;
#3191 = ADVANCED_FACE ( 'NONE', ( #3091, #3152 ), #2176, .F. ) ;
#3192 = CARTESIAN_POINT ( 'NONE',  ( 62.16401578608977019, 120.2554075884350482, -24.12782966666960149 ) ) ;
#3193 = CIRCLE ( 'NONE', #356, 1.200000000000003064 ) ;
#3194 = ORIENTED_EDGE ( 'NONE', *, *, #2144, .F. ) ;
#3195 = CIRCLE ( 'NONE', #1035, 8.000000000000000000 ) ;
#3196 = CARTESIAN_POINT ( 'NONE',  ( 114.2016592408685369, 121.1009872392605189, 26.57988559491708713 ) ) ;
ENDSEC;
END-ISO-10303-21;
